org,topic,base_score,topic_share,company_focus,hybrid_score
AMD,80,286.7053,0.1335,0.3698,286.7053
AMD,0,232.8975,0.0125,0.3004,232.8975
AMD,46,197.4207,0.0334,0.2546,197.4207
AMD,10,179.4467,0.0155,0.2314,179.4467
AMD,11,164.9009,0.0271,0.2127,164.9009
AMD,77,147.7148,0.0213,0.1905,147.7148
AMD,57,145.9314,0.0241,0.1882,145.9314
AMD,66,130.4813,0.0325,0.1683,130.4813
AMD,27,129.8719,0.0138,0.1675,129.8719
AMD,49,119.6384,0.0648,0.1543,119.6384
AMD,9,113.9514,0.0152,0.1470,113.9514
AMD,20,110.4344,0.0157,0.1424,110.4344
AMD,98,102.8133,0.0191,0.1326,102.8133
AMD,36,101.4854,0.0078,0.1309,101.4854
AMD,14,100.2059,0.0110,0.1292,100.2059
AMD,21,99.2112,0.0201,0.1280,99.2112
AMD,62,97.1545,0.0242,0.1253,97.1545
AMD,17,97.1184,0.0204,0.1253,97.1184
AMD,5,92.8020,0.0193,0.1197,92.8020
AMD,54,92.7279,0.0181,0.1196,92.7279
AMD,56,88.5337,0.0080,0.1142,88.5337
AMD,30,87.7124,0.0230,0.1131,87.7124
AMD,28,87.0468,0.0192,0.1123,87.0468
AMD,59,82.9122,0.0202,0.1069,82.9122
AMD,6,81.5108,0.0223,0.1051,81.5108
AMD,18,81.0012,0.0664,0.1045,81.0012
AMD,93,79.1460,0.0226,0.1021,79.1460
AMD,92,78.5807,0.0418,0.1013,78.5807
AMD,61,76.2762,0.0147,0.0984,76.2762
AMD,103,75.3892,0.0161,0.0972,75.3892
AMD,37,74.2612,0.0145,0.0958,74.2612
AMD,88,71.7647,0.0077,0.0926,71.7647
AMD,52,71.5875,0.0199,0.0923,71.5875
AMD,41,70.2687,0.0249,0.0906,70.2687
AMD,71,64.5485,0.0179,0.0832,64.5485
AMD,8,63.7908,0.0078,0.0823,63.7908
AMD,89,63.7908,0.0078,0.0823,63.7908
AMD,65,63.0666,0.0093,0.0813,63.0666
AMD,73,63.0659,0.0088,0.0813,63.0659
AMD,23,62.5498,0.0164,0.0807,62.5498
AMD,87,61.4024,0.0075,0.0792,61.4024
AMD,35,55.5284,0.0254,0.0716,55.5284
AMD,100,54.2716,0.0107,0.0700,54.2716
AMD,16,50.4517,0.0089,0.0651,50.4517
AMD,42,50.3152,0.0328,0.0649,50.3152
AMD,38,48.2775,0.0116,0.0623,48.2775
AMD,13,47.1182,0.0073,0.0608,47.1182
AMD,25,46.0413,0.0121,0.0594,46.0413
AMD,102,45.6161,0.0093,0.0588,45.6161
AMD,76,45.2901,0.0056,0.0584,45.2901
AMD,101,44.3842,0.0121,0.0572,44.3842
AMD,53,44.1205,0.0176,0.0569,44.1205
AMD,78,44.0202,0.0106,0.0568,44.0202
AMD,2,43.3106,0.0180,0.0559,43.3106
AMD,33,42.2112,0.0076,0.0544,42.2112
AMD,64,41.2252,0.0168,0.0532,41.2252
AMD,12,39.9499,0.0137,0.0515,39.9499
AMD,3,35.1469,0.0090,0.0453,35.1469
AMD,29,34.7950,0.0075,0.0449,34.7950
AMD,22,32.7041,0.0078,0.0422,32.7041
AMD,63,32.6731,0.0104,0.0421,32.6731
AMD,7,31.9254,0.0116,0.0412,31.9254
AMD,55,31.7103,0.0217,0.0409,31.7103
AMD,84,31.1388,0.0085,0.0402,31.1388
AMD,48,30.8491,0.0160,0.0398,30.8491
AMD,69,30.6403,0.0132,0.0395,30.6403
AMD,86,29.1644,0.0084,0.0376,29.1644
AMD,34,28.9958,0.0059,0.0374,28.9958
AMD,81,28.5449,0.0173,0.0368,28.5449
AMD,74,27.1493,0.0095,0.0350,27.1493
AMD,99,26.8616,0.0583,0.0346,26.8616
AMD,95,26.6897,0.0112,0.0344,26.6897
AMD,47,25.7715,0.0103,0.0332,25.7715
AMD,68,24.2199,0.0171,0.0312,24.2199
AMD,45,23.9408,0.0065,0.0309,23.9408
AMD,97,23.9298,0.0072,0.0309,23.9298
AMD,43,22.9304,0.0481,0.0296,22.9304
AMD,75,22.7952,0.0072,0.0294,22.7952
AMD,26,21.5162,0.0071,0.0277,21.5162
AMD,70,20.9393,0.0072,0.0270,20.9393
AMD,85,19.8949,0.0173,0.0257,19.8949
AMD,32,18.9960,0.0104,0.0245,18.9960
AMD,96,18.8440,0.0040,0.0243,18.8440
AMD,40,17.5672,0.0047,0.0227,17.5672
AMD,94,17.2083,0.0068,0.0222,17.2083
AMD,24,16.7467,0.0215,0.0216,16.7467
AMD,51,15.8356,0.0073,0.0204,15.8356
AMD,72,15.8356,0.0107,0.0204,15.8356
AMD,90,15.5807,0.0040,0.0201,15.5807
AMD,91,15.1716,0.0072,0.0196,15.1716
AMD,19,13.9699,0.0051,0.0180,13.9699
AMD,31,13.2269,0.0103,0.0171,13.2269
AMD,1,12.8857,0.0032,0.0166,12.8857
AMD,58,10.1907,0.0105,0.0131,10.1907
AMD,44,9.9802,0.0140,0.0129,9.9802
AMD,67,9.9581,0.0082,0.0128,9.9581
AMD,83,9.0935,0.0124,0.0117,9.0935
AMD,50,7.7867,0.0033,0.0100,7.7867
AMD,4,6.5555,0.0034,0.0085,6.5555
AMD,15,4.9790,0.0053,0.0064,4.9790
AMD,82,4.2144,0.0089,0.0054,4.2144
AMD,60,4.0972,0.0113,0.0053,4.0972
AMD,79,3.8572,0.0061,0.0050,3.8572
AMD,39,1.8889,0.0019,0.0024,1.8889
ASUS,0,79.0188,0.0043,0.3409,79.0188
ASUS,18,68.4653,0.0561,0.2954,68.4653
ASUS,22,62.2935,0.0149,0.2687,62.2935
ASUS,36,58.7166,0.0045,0.2533,58.7166
ASUS,6,48.6074,0.0133,0.2097,48.6074
ASUS,65,47.1100,0.0070,0.2032,47.1100
ASUS,88,44.2186,0.0047,0.1908,44.2186
ASUS,27,39.7995,0.0042,0.1717,39.7995
ASUS,56,39.2690,0.0035,0.1694,39.2690
ASUS,73,39.1444,0.0055,0.1689,39.1444
ASUS,89,39.1444,0.0048,0.1689,39.1444
ASUS,76,37.9852,0.0047,0.1639,37.9852
ASUS,10,37.0065,0.0032,0.1596,37.0065
ASUS,34,36.9697,0.0075,0.1595,36.9697
ASUS,103,36.2448,0.0077,0.1564,36.2448
ASUS,8,33.3452,0.0041,0.1439,33.3452
ASUS,14,32.9034,0.0036,0.1419,32.9034
ASUS,87,32.8431,0.0040,0.1417,32.8431
ASUS,100,32.4122,0.0064,0.1398,32.4122
ASUS,75,29.6337,0.0094,0.1278,29.6337
ASUS,13,26.8211,0.0041,0.1157,26.8211
ASUS,63,25.8345,0.0082,0.1115,25.8345
ASUS,49,25.4027,0.0138,0.1096,25.4027
ASUS,42,25.1576,0.0164,0.1085,25.1576
ASUS,38,24.9174,0.0060,0.1075,24.9174
ASUS,80,24.4970,0.0114,0.1057,24.4970
ASUS,20,23.2123,0.0033,0.1001,23.2123
ASUS,77,23.2123,0.0033,0.1001,23.2123
ASUS,16,22.2581,0.0039,0.0960,22.2581
ASUS,86,20.1908,0.0058,0.0871,20.1908
ASUS,5,18.7043,0.0039,0.0807,18.7043
ASUS,33,18.0905,0.0032,0.0780,18.0905
ASUS,98,17.8495,0.0033,0.0770,17.8495
ASUS,64,17.6679,0.0072,0.0762,17.6679
ASUS,9,17.5851,0.0023,0.0759,17.5851
ASUS,62,17.5316,0.0044,0.0756,17.5316
ASUS,57,16.7577,0.0028,0.0723,16.7577
ASUS,90,16.3226,0.0041,0.0704,16.3226
ASUS,21,16.2990,0.0033,0.0703,16.2990
ASUS,30,15.9477,0.0042,0.0688,15.9477
ASUS,79,15.4288,0.0244,0.0666,15.4288
ASUS,17,13.6685,0.0029,0.0590,13.6685
ASUS,25,13.6685,0.0036,0.0590,13.6685
ASUS,102,13.4605,0.0027,0.0581,13.4605
ASUS,59,12.7557,0.0031,0.0550,12.7557
ASUS,29,12.3232,0.0027,0.0532,12.3232
ASUS,32,12.1574,0.0067,0.0524,12.1574
ASUS,97,11.9649,0.0036,0.0516,11.9649
ASUS,66,11.5983,0.0029,0.0500,11.5983
ASUS,45,11.5843,0.0031,0.0500,11.5843
ASUS,48,11.4582,0.0059,0.0494,11.4582
ASUS,12,11.3066,0.0039,0.0488,11.3066
ASUS,85,11.2450,0.0098,0.0485,11.2450
ASUS,26,10.3871,0.0034,0.0448,10.3871
ASUS,41,9.5821,0.0034,0.0413,9.5821
ASUS,55,9.4274,0.0065,0.0407,9.4274
ASUS,43,8.7354,0.0183,0.0377,8.7354
ASUS,3,7.4781,0.0019,0.0323,7.4781
ASUS,44,7.2584,0.0102,0.0313,7.2584
ASUS,70,7.2482,0.0025,0.0313,7.2482
ASUS,54,6.7303,0.0013,0.0290,6.7303
ASUS,11,6.6255,0.0011,0.0286,6.6255
ASUS,1,5.6375,0.0014,0.0243,5.6375
ASUS,40,5.5896,0.0015,0.0241,5.5896
ASUS,52,5.1134,0.0014,0.0221,5.1134
ASUS,58,5.0954,0.0052,0.0220,5.0954
ASUS,28,5.0358,0.0011,0.0217,5.0358
ASUS,31,4.9601,0.0038,0.0214,4.9601
ASUS,4,4.9166,0.0025,0.0212,4.9166
ASUS,47,4.8322,0.0019,0.0208,4.8322
ASUS,96,4.7110,0.0010,0.0203,4.7110
ASUS,50,4.6720,0.0020,0.0202,4.6720
ASUS,46,4.4868,0.0008,0.0194,4.4868
ASUS,61,4.4868,0.0009,0.0194,4.4868
ASUS,99,4.4769,0.0097,0.0193,4.4769
ASUS,35,4.4070,0.0020,0.0190,4.4070
ASUS,83,4.1334,0.0056,0.0178,4.1334
ASUS,23,4.0617,0.0011,0.0175,4.0617
ASUS,51,3.9589,0.0018,0.0171,3.9589
ASUS,7,3.8933,0.0014,0.0168,3.8933
ASUS,101,3.8933,0.0011,0.0168,3.8933
ASUS,68,3.4600,0.0024,0.0149,3.4600
ASUS,60,3.2778,0.0090,0.0141,3.2778
ASUS,72,3.1671,0.0021,0.0137,3.1671
ASUS,67,3.0640,0.0025,0.0132,3.0640
ASUS,69,3.0640,0.0013,0.0132,3.0640
ASUS,93,3.0151,0.0009,0.0130,3.0151
ASUS,71,2.9677,0.0008,0.0128,2.9677
ASUS,81,2.5950,0.0016,0.0112,2.5950
ASUS,84,2.4583,0.0007,0.0106,2.4583
ASUS,91,2.3955,0.0011,0.0103,2.3955
ASUS,78,2.3169,0.0006,0.0100,2.3169
ASUS,15,1.9916,0.0021,0.0086,1.9916
ASUS,2,1.6985,0.0007,0.0073,1.6985
ASUS,95,1.6681,0.0007,0.0072,1.6681
ASUS,53,1.4956,0.0006,0.0065,1.4956
ASUS,39,0.9445,0.0010,0.0041,0.9445
ASUS,24,0.8814,0.0011,0.0038,0.8814
ASUS,37,0.7985,0.0002,0.0034,0.7985
ASUS,74,0.7985,0.0003,0.0034,0.7985
AUO,0,49.2134,0.0027,0.3558,49.2134
AUO,36,46.3933,0.0036,0.3354,46.3933
AUO,88,33.3452,0.0036,0.2411,33.3452
AUO,89,32.6203,0.0040,0.2358,32.6203
AUO,10,30.7224,0.0026,0.2221,30.7224
AUO,76,30.6804,0.0038,0.2218,30.6804
AUO,8,30.4456,0.0037,0.2201,30.4456
AUO,56,29.2732,0.0026,0.2116,29.2732
AUO,73,27.5460,0.0038,0.1991,27.5460
AUO,27,27.2312,0.0029,0.1969,27.2312
AUO,87,24.2754,0.0030,0.1755,24.2754
AUO,65,22.0353,0.0033,0.1593,22.0353
AUO,14,21.6864,0.0024,0.1568,21.6864
AUO,13,20.2971,0.0031,0.1467,20.2971
AUO,20,19.6953,0.0028,0.1424,19.6953
AUO,77,18.9919,0.0027,0.1373,18.9919
AUO,97,18.6951,0.0056,0.1352,18.6951
AUO,5,16.5461,0.0034,0.1196,16.5461
AUO,91,15.9702,0.0076,0.1155,15.9702
AUO,103,15.2228,0.0033,0.1101,15.2228
AUO,29,14.4979,0.0031,0.1048,14.4979
AUO,33,14.3217,0.0026,0.1035,14.3217
AUO,100,14.3217,0.0028,0.1035,14.3217
AUO,16,12.6129,0.0022,0.0912,12.6129
AUO,26,12.6129,0.0042,0.0912,12.6129
AUO,28,12.2297,0.0027,0.0884,12.2297
AUO,98,11.4237,0.0021,0.0826,11.4237
AUO,62,10.2268,0.0025,0.0739,10.2268
AUO,22,10.1227,0.0024,0.0732,10.1227
AUO,25,10.0715,0.0026,0.0728,10.0715
AUO,1,9.6643,0.0024,0.0699,9.6643
AUO,17,9.3521,0.0020,0.0676,9.3521
AUO,38,9.3440,0.0022,0.0676,9.3440
AUO,57,9.0771,0.0015,0.0656,9.0771
AUO,6,8.9737,0.0025,0.0649,8.9737
AUO,54,8.9737,0.0018,0.0649,8.9737
AUO,34,8.6988,0.0018,0.0629,8.6988
AUO,96,8.6368,0.0018,0.0624,8.6368
AUO,9,8.4408,0.0011,0.0610,8.4408
AUO,3,8.2259,0.0021,0.0595,8.2259
AUO,61,8.2259,0.0016,0.0595,8.2259
AUO,30,7.9739,0.0021,0.0576,7.9739
AUO,51,7.1260,0.0033,0.0515,7.1260
AUO,72,7.1260,0.0048,0.0515,7.1260
AUO,21,7.0865,0.0014,0.0512,7.0865
AUO,63,6.8385,0.0022,0.0494,6.8385
AUO,64,6.6255,0.0027,0.0479,6.6255
AUO,52,6.5744,0.0018,0.0475,6.5744
AUO,59,6.3779,0.0016,0.0461,6.3779
AUO,78,6.1783,0.0015,0.0447,6.1783
AUO,53,5.9824,0.0024,0.0433,5.9824
AUO,86,5.9824,0.0017,0.0433,5.9824
AUO,90,5.9355,0.0015,0.0429,5.9355
AUO,66,5.7992,0.0014,0.0419,5.7992
AUO,40,5.5896,0.0015,0.0404,5.5896
AUO,35,5.2884,0.0024,0.0382,5.2884
AUO,93,5.2764,0.0015,0.0381,5.2764
AUO,46,5.2346,0.0009,0.0378,5.2346
AUO,11,5.1532,0.0008,0.0373,5.1532
AUO,84,4.9166,0.0013,0.0355,4.9166
AUO,41,4.7910,0.0017,0.0346,4.7910
AUO,39,4.7223,0.0048,0.0341,4.7223
AUO,101,4.6720,0.0013,0.0338,4.6720
AUO,37,3.9925,0.0008,0.0289,3.9925
AUO,50,3.8933,0.0017,0.0281,3.8933
AUO,32,3.7992,0.0021,0.0275,3.7992
AUO,12,3.7689,0.0013,0.0272,3.7689
AUO,68,3.4600,0.0024,0.0250,3.4600
AUO,4,3.2778,0.0017,0.0237,3.2778
AUO,23,3.2493,0.0009,0.0235,3.2493
AUO,70,3.2214,0.0011,0.0233,3.2214
AUO,7,3.1147,0.0011,0.0225,3.1147
AUO,45,3.0891,0.0008,0.0223,3.0891
AUO,67,3.0640,0.0025,0.0222,3.0640
AUO,71,2.9677,0.0008,0.0215,2.9677
AUO,2,2.5477,0.0011,0.0184,2.5477
AUO,94,2.4583,0.0010,0.0178,2.4583
AUO,47,2.4161,0.0010,0.0175,2.4161
AUO,75,2.2795,0.0007,0.0165,2.2795
AUO,102,2.2434,0.0005,0.0162,2.2434
AUO,99,2.2385,0.0049,0.0162,2.2385
AUO,43,2.1838,0.0046,0.0158,2.1838
AUO,19,1.7462,0.0006,0.0126,1.7462
AUO,81,1.7300,0.0010,0.0125,1.7300
AUO,58,1.6985,0.0017,0.0123,1.6985
AUO,49,1.6389,0.0009,0.0118,1.6389
AUO,69,1.5320,0.0007,0.0111,1.5320
AUO,82,1.0536,0.0022,0.0076,1.0536
AUO,18,0.9643,0.0008,0.0070,0.9643
AUO,44,0.9073,0.0013,0.0066,0.9073
AUO,42,0.8985,0.0006,0.0065,0.8985
AUO,24,0.8814,0.0011,0.0064,0.8814
AUO,92,0.8731,0.0005,0.0063,0.8731
AUO,83,0.8267,0.0011,0.0060,0.8267
AUO,60,0.8194,0.0023,0.0059,0.8194
AUO,74,0.7985,0.0003,0.0058,0.7985
Acer,0,59.6107,0.0032,0.3613,59.6107
Acer,22,52.1708,0.0125,0.3162,52.1708
Acer,36,40.5942,0.0031,0.2461,40.5942
Acer,34,38.4195,0.0078,0.2329,38.4195
Acer,56,32.8431,0.0030,0.1991,32.8431
Acer,87,31.4152,0.0038,0.1904,31.4152
Acer,73,31.1705,0.0044,0.1889,31.1705
Acer,10,30.7224,0.0026,0.1862,30.7224
Acer,65,30.3935,0.0045,0.1842,30.3935
Acer,75,29.6337,0.0094,0.1796,29.6337
Acer,27,29.3259,0.0031,0.1778,29.3259
Acer,88,28.2709,0.0030,0.1714,28.2709
Acer,6,27.6688,0.0076,0.1677,27.6688
Acer,18,26.0361,0.0213,0.1578,26.0361
Acer,63,23.5550,0.0075,0.1428,23.5550
Acer,76,23.3755,0.0029,0.1417,23.3755
Acer,103,23.1967,0.0050,0.1406,23.1967
Acer,14,21.6864,0.0024,0.1314,21.6864
Acer,100,21.1056,0.0042,0.1279,21.1056
Acer,13,21.0220,0.0032,0.1274,21.0220
Acer,89,21.0220,0.0026,0.1274,21.0220
Acer,86,20.1908,0.0058,0.1224,20.1908
Acer,77,19.6953,0.0028,0.1194,19.6953
Acer,8,18.8473,0.0023,0.1142,18.8473
Acer,38,17.9094,0.0043,0.1086,17.9094
Acer,42,16.1727,0.0105,0.0980,16.1727
Acer,16,15.5807,0.0028,0.0944,15.5807
Acer,21,14.8817,0.0030,0.0902,14.8817
Acer,9,14.7715,0.0020,0.0895,14.7715
Acer,20,13.3647,0.0019,0.0810,13.3647
Acer,62,13.1487,0.0033,0.0797,13.1487
Acer,33,12.8141,0.0023,0.0777,12.8141
Acer,29,12.3232,0.0027,0.0747,12.3232
Acer,97,11.9649,0.0036,0.0725,11.9649
Acer,17,11.5103,0.0024,0.0698,11.5103
Acer,25,11.5103,0.0030,0.0698,11.5103
Acer,49,11.4722,0.0062,0.0695,11.4722
Acer,48,11.4582,0.0059,0.0695,11.4582
Acer,102,11.2171,0.0023,0.0680,11.2171
Acer,26,11.1291,0.0037,0.0675,11.1291
Acer,90,11.1291,0.0028,0.0675,11.1291
Acer,80,10.8875,0.0051,0.0660,10.8875
Acer,30,10.8734,0.0029,0.0659,10.8734
Acer,45,10.8120,0.0029,0.0655,10.8120
Acer,57,10.4735,0.0017,0.0635,10.4735
Acer,66,10.1485,0.0025,0.0615,10.1485
Acer,98,9.9957,0.0019,0.0606,9.9957
Acer,64,9.5701,0.0039,0.0580,9.5701
Acer,85,9.5150,0.0083,0.0577,9.5150
Acer,5,9.3521,0.0019,0.0567,9.3521
Acer,59,9.2125,0.0022,0.0558,9.2125
Acer,44,7.2584,0.0102,0.0440,7.2584
Acer,12,5.2764,0.0018,0.0320,5.2764
Acer,54,5.2346,0.0010,0.0317,5.2346
Acer,4,4.9166,0.0025,0.0298,4.9166
Acer,52,4.3829,0.0012,0.0266,4.3829
Acer,31,4.1334,0.0032,0.0251,4.1334
Acer,41,3.9925,0.0014,0.0242,3.9925
Acer,51,3.9589,0.0018,0.0240,3.9589
Acer,50,3.8933,0.0017,0.0236,3.8933
Acer,61,3.7390,0.0007,0.0227,3.7390
Acer,28,3.5970,0.0008,0.0218,3.5970
Acer,72,3.1671,0.0021,0.0192,3.1671
Acer,96,3.1407,0.0007,0.0190,3.1407
Acer,7,3.1147,0.0011,0.0189,3.1147
Acer,69,3.0640,0.0013,0.0186,3.0640
Acer,3,2.9912,0.0008,0.0181,2.9912
Acer,46,2.9912,0.0005,0.0181,2.9912
Acer,68,2.5950,0.0018,0.0157,2.5950
Acer,58,2.5477,0.0026,0.0154,2.5477
Acer,32,2.2795,0.0012,0.0138,2.2795
Acer,11,2.2085,0.0004,0.0134,2.2085
Acer,60,1.6389,0.0045,0.0099,1.6389
Acer,1,1.6107,0.0004,0.0098,1.6107
Acer,47,1.6107,0.0006,0.0098,1.6107
Acer,78,1.5446,0.0004,0.0094,1.5446
Acer,67,1.5320,0.0013,0.0093,1.5320
Acer,93,1.5075,0.0004,0.0091,1.5075
Acer,53,1.4956,0.0006,0.0091,1.4956
Acer,71,1.4839,0.0004,0.0090,1.4839
Acer,79,0.9643,0.0015,0.0058,0.9643
Acer,39,0.9445,0.0010,0.0057,0.9445
Acer,24,0.8814,0.0011,0.0053,0.8814
Acer,55,0.8570,0.0006,0.0052,0.8570
Acer,74,0.7985,0.0003,0.0048,0.7985
Acer,101,0.7787,0.0002,0.0047,0.7787
BMW,7,125.3658,0.0455,0.3707,125.3658
BMW,0,85.2571,0.0046,0.2521,85.2571
BMW,9,75.9676,0.0101,0.2246,75.9676
BMW,102,75.5284,0.0153,0.2233,75.5284
BMW,10,75.4095,0.0065,0.2230,75.4095
BMW,34,66.6904,0.0135,0.1972,66.6904
BMW,56,63.5443,0.0057,0.1879,63.5443
BMW,36,59.4415,0.0046,0.1758,59.4415
BMW,77,59.0859,0.0085,0.1747,59.0859
BMW,27,57.9536,0.0062,0.1714,57.9536
BMW,86,57.5810,0.0165,0.1703,57.5810
BMW,20,56.2723,0.0080,0.1664,56.2723
BMW,52,52.5949,0.0147,0.1555,52.5949
BMW,64,52.2677,0.0213,0.1545,52.2677
BMW,87,51.4067,0.0063,0.1520,51.4067
BMW,75,50.1493,0.0159,0.1483,50.1493
BMW,88,47.1182,0.0050,0.1393,47.1182
BMW,28,46.0413,0.0101,0.1361,46.0413
BMW,13,42.7689,0.0066,0.1265,42.7689
BMW,8,40.5942,0.0050,0.1200,40.5942
BMW,3,40.3815,0.0103,0.1194,40.3815
BMW,62,39.4462,0.0098,0.1166,39.4462
BMW,29,39.1444,0.0085,0.1157,39.1444
BMW,89,38.4195,0.0047,0.1136,38.4195
BMW,25,38.1280,0.0100,0.1127,38.1280
BMW,73,37.6946,0.0053,0.1115,37.6946
BMW,12,32.4122,0.0111,0.0958,32.4122
BMW,57,30.7224,0.0051,0.0908,30.7224
BMW,93,29.3971,0.0084,0.0869,29.3971
BMW,41,28.7463,0.0102,0.0850,28.7463
BMW,103,28.2709,0.0060,0.0836,28.2709
BMW,98,27.1313,0.0051,0.0802,27.1313
BMW,33,24.8745,0.0045,0.0735,24.8745
BMW,76,24.8365,0.0031,0.0734,24.8365
BMW,21,24.8028,0.0050,0.0733,24.8028
BMW,46,24.6776,0.0042,0.0730,24.6776
BMW,14,23.9298,0.0026,0.0708,23.9298
BMW,65,23.5550,0.0035,0.0696,23.5550
BMW,40,23.1567,0.0063,0.0685,23.1567
BMW,96,22.7698,0.0048,0.0673,22.7698
BMW,16,22.2581,0.0039,0.0658,22.2581
BMW,90,22.2581,0.0057,0.0658,22.2581
BMW,61,21.6864,0.0042,0.0641,21.6864
BMW,97,20.9386,0.0063,0.0619,20.9386
BMW,17,20.8625,0.0044,0.0617,20.8625
BMW,55,19.7118,0.0135,0.0583,19.7118
BMW,54,19.4429,0.0038,0.0575,19.4429
BMW,48,19.3909,0.0100,0.0573,19.3909
BMW,47,19.3286,0.0077,0.0571,19.3286
BMW,99,19.0269,0.0413,0.0563,19.0269
BMW,91,18.3657,0.0088,0.0543,18.3657
BMW,53,17.9473,0.0072,0.0531,17.9473
BMW,22,17.9094,0.0043,0.0530,17.9094
BMW,59,17.0076,0.0041,0.0503,17.0076
BMW,11,16.9318,0.0028,0.0501,16.9318
BMW,71,16.3226,0.0045,0.0483,16.3226
BMW,63,15.9566,0.0051,0.0472,15.9566
BMW,100,15.8292,0.0031,0.0468,15.8292
BMW,31,15.7069,0.0122,0.0464,15.7069
BMW,23,15.4344,0.0041,0.0456,15.4344
BMW,30,15.2228,0.0040,0.0450,15.2228
BMW,32,15.1968,0.0083,0.0449,15.1968
BMW,37,15.1716,0.0030,0.0449,15.1716
BMW,5,15.1073,0.0031,0.0447,15.1073
BMW,6,14.9561,0.0041,0.0442,14.9561
BMW,26,14.8387,0.0049,0.0439,14.8387
BMW,84,14.7499,0.0040,0.0436,14.7499
BMW,79,14.4645,0.0229,0.0428,14.4645
BMW,50,14.0160,0.0060,0.0414,14.0160
BMW,101,14.0160,0.0038,0.0414,14.0160
BMW,45,13.9011,0.0038,0.0411,13.9011
BMW,69,13.7882,0.0059,0.0408,13.7882
BMW,74,13.5746,0.0047,0.0401,13.5746
BMW,70,12.8857,0.0044,0.0381,12.8857
BMW,66,12.3232,0.0031,0.0364,12.3232
BMW,1,12.0804,0.0030,0.0357,12.0804
BMW,4,11.4722,0.0059,0.0339,11.4722
BMW,51,11.0849,0.0051,0.0328,11.0849
BMW,2,10.1907,0.0042,0.0301,10.1907
BMW,81,9.5150,0.0058,0.0281,9.5150
BMW,38,9.3440,0.0022,0.0276,9.3440
BMW,92,8.7312,0.0046,0.0258,8.7312
BMW,60,8.1944,0.0226,0.0242,8.1944
BMW,94,8.1944,0.0032,0.0242,8.1944
BMW,80,8.1657,0.0038,0.0241,8.1657
BMW,78,7.7228,0.0019,0.0228,7.7228
BMW,67,6.8941,0.0057,0.0204,6.8941
BMW,35,6.1698,0.0028,0.0182,6.1698
BMW,19,6.1118,0.0023,0.0181,6.1118
BMW,68,6.0550,0.0043,0.0179,6.0550
BMW,83,5.7868,0.0079,0.0171,5.7868
BMW,58,5.0954,0.0052,0.0151,5.0954
BMW,95,5.0043,0.0021,0.0148,5.0043
BMW,15,4.9790,0.0053,0.0147,4.9790
BMW,24,4.4070,0.0057,0.0130,4.4070
BMW,44,3.6292,0.0051,0.0107,3.6292
BMW,42,3.5939,0.0023,0.0106,3.5939
BMW,85,3.4600,0.0030,0.0102,3.4600
BMW,43,3.2758,0.0069,0.0097,3.2758
BMW,72,3.1671,0.0021,0.0094,3.1671
BMW,82,3.1608,0.0067,0.0093,3.1608
BMW,49,2.4583,0.0013,0.0073,2.4583
BMW,18,1.9286,0.0016,0.0057,1.9286
BMW,39,1.8889,0.0019,0.0056,1.8889
BOE,36,933.6659,0.0722,0.3703,933.6659
BOE,0,916.3406,0.0494,0.3634,916.3406
BOE,56,674.7123,0.0608,0.2676,674.7123
BOE,14,623.6699,0.0685,0.2474,623.6699
BOE,76,609.2244,0.0754,0.2416,609.2244
BOE,65,556.9617,0.0823,0.2209,556.9617
BOE,89,547.2964,0.0669,0.2171,547.2964
BOE,88,532.0736,0.0568,0.2110,532.0736
BOE,73,434.9375,0.0607,0.1725,434.9375
BOE,87,434.8146,0.0530,0.1725,434.8146
BOE,10,411.2612,0.0355,0.1631,411.2612
BOE,13,393.6185,0.0607,0.1561,393.6185
BOE,100,373.1170,0.0738,0.1480,373.1170
BOE,33,365.5793,0.0657,0.1450,365.5793
BOE,27,363.0829,0.0387,0.1440,363.0829
BOE,8,342.8758,0.0419,0.1360,342.8758
BOE,16,315.3234,0.0558,0.1251,315.3234
BOE,38,285.7717,0.0687,0.1133,285.7717
BOE,22,277.9850,0.0666,0.1103,277.9850
BOE,37,246.7389,0.0483,0.0979,246.7389
BOE,78,244.0419,0.0586,0.0968,244.0419
BOE,46,237.8022,0.0402,0.0943,237.8022
BOE,90,232.2264,0.0590,0.0921,232.2264
BOE,29,230.5169,0.0499,0.0914,230.5169
BOE,61,184.7080,0.0355,0.0733,184.7080
BOE,6,183.9602,0.0504,0.0730,183.9602
BOE,20,182.1816,0.0259,0.0723,182.1816
BOE,34,181.9489,0.0369,0.0722,181.9489
BOE,93,174.1213,0.0498,0.0691,174.1213
BOE,28,174.0937,0.0384,0.0691,174.0937
BOE,40,174.0747,0.0471,0.0690,174.0747
BOE,11,172.9987,0.0284,0.0686,172.9987
BOE,84,168.8048,0.0460,0.0670,168.8048
BOE,23,168.1535,0.0442,0.0667,168.1535
BOE,9,168.1135,0.0224,0.0667,168.1135
BOE,97,164.5172,0.0492,0.0653,164.5172
BOE,101,163.5206,0.0446,0.0649,163.5206
BOE,71,159.5165,0.0442,0.0633,159.5165
BOE,50,154.9552,0.0665,0.0615,154.9552
BOE,77,151.2318,0.0218,0.0600,151.2318
BOE,26,150.6133,0.0498,0.0597,150.6133
BOE,63,140.5701,0.0448,0.0558,140.5701
BOE,57,137.5525,0.0227,0.0546,137.5525
BOE,96,131.1227,0.0277,0.0520,131.1227
BOE,75,118.5348,0.0375,0.0470,118.5348
BOE,54,115.9099,0.0227,0.0460,115.9099
BOE,53,115.1621,0.0459,0.0457,115.1621
BOE,45,109.6644,0.0297,0.0435,109.6644
BOE,103,105.8348,0.0226,0.0420,105.8348
BOE,86,103.9450,0.0298,0.0412,103.9450
BOE,1,103.8913,0.0257,0.0412,103.8913
BOE,59,100.6285,0.0245,0.0399,100.6285
BOE,4,95.8746,0.0490,0.0380,95.8746
BOE,70,87.7841,0.0301,0.0348,87.7841
BOE,5,87.0468,0.0181,0.0345,87.0468
BOE,69,83.4949,0.0358,0.0331,83.4949
BOE,62,80.3533,0.0200,0.0319,80.3533
BOE,98,78.5379,0.0146,0.0312,78.5379
BOE,35,78.4449,0.0359,0.0311,78.4449
BOE,12,78.3923,0.0269,0.0311,78.3923
BOE,47,78.1198,0.0313,0.0310,78.1198
BOE,17,74.8171,0.0157,0.0297,74.8171
BOE,102,74.7806,0.0152,0.0297,74.7806
BOE,94,73.7497,0.0290,0.0293,73.7497
BOE,74,69.4702,0.0242,0.0276,69.4702
BOE,25,68.3426,0.0180,0.0271,68.3426
BOE,21,63.0700,0.0128,0.0250,63.0700
BOE,30,60.1664,0.0158,0.0239,60.1664
BOE,66,53.6423,0.0134,0.0213,53.6423
BOE,52,50.4035,0.0140,0.0200,50.4035
BOE,91,47.9105,0.0229,0.0190,47.9105
BOE,44,47.1793,0.0661,0.0187,47.1793
BOE,2,45.8582,0.0191,0.0182,45.8582
BOE,64,44.9060,0.0183,0.0178,44.9060
BOE,3,44.8683,0.0115,0.0178,44.8683
BOE,49,44.2498,0.0240,0.0176,44.2498
BOE,95,40.0345,0.0168,0.0159,40.0345
BOE,7,39.7121,0.0144,0.0158,39.7121
BOE,92,37.5441,0.0200,0.0149,37.5441
BOE,41,37.5299,0.0133,0.0149,37.5299
BOE,32,37.2321,0.0204,0.0148,37.2321
BOE,72,37.2136,0.0252,0.0148,37.2136
BOE,18,29.8933,0.0245,0.0119,29.8933
BOE,81,29.4099,0.0178,0.0117,29.4099
BOE,67,27.5763,0.0226,0.0109,27.5763
BOE,82,23.1789,0.0489,0.0092,23.1789
BOE,19,22.7011,0.0084,0.0090,22.7011
BOE,55,21.4259,0.0147,0.0085,21.4259
BOE,51,21.3780,0.0098,0.0085,21.3780
BOE,68,20.7599,0.0147,0.0082,20.7599
BOE,85,19.8949,0.0173,0.0079,19.8949
BOE,58,16.1353,0.0166,0.0064,16.1353
BOE,24,14.9839,0.0192,0.0059,14.9839
BOE,48,14.1025,0.0073,0.0056,14.1025
BOE,39,13.2225,0.0135,0.0052,13.2225
BOE,80,11.7948,0.0055,0.0047,11.7948
BOE,83,10.7468,0.0146,0.0043,10.7468
BOE,79,10.6073,0.0168,0.0042,10.6073
BOE,31,5.7868,0.0045,0.0023,5.7868
BOE,42,4.4924,0.0029,0.0018,4.4924
BOE,43,4.3677,0.0092,0.0017,4.3677
BOE,60,4.0972,0.0113,0.0016,4.0972
BOE,99,2.2385,0.0049,0.0009,2.2385
BOE,15,1.9916,0.0021,0.0008,1.9916
BYD,0,118.5282,0.0064,0.3492,118.5282
BYD,56,107.8112,0.0097,0.3176,107.8112
BYD,36,102.9352,0.0080,0.3032,102.9352
BYD,90,89.7744,0.0228,0.2645,89.7744
BYD,9,75.9676,0.0101,0.2238,75.9676
BYD,87,69.2562,0.0084,0.2040,69.2562
BYD,10,67.7289,0.0058,0.1995,67.7289
BYD,7,66.9656,0.0243,0.1973,66.9656
BYD,88,60.1664,0.0064,0.1772,60.1664
BYD,27,51.6695,0.0055,0.1522,51.6695
BYD,20,51.3485,0.0073,0.1513,51.3485
BYD,8,48.5680,0.0059,0.1431,48.5680
BYD,77,43.6110,0.0063,0.1285,43.6110
BYD,102,42.6249,0.0087,0.1256,42.6249
BYD,28,40.2861,0.0089,0.1187,40.2861
BYD,73,39.8693,0.0056,0.1174,39.8693
BYD,89,38.4195,0.0047,0.1132,38.4195
BYD,29,37.6946,0.0082,0.1110,37.6946
BYD,17,35.9698,0.0076,0.1060,35.9698
BYD,46,35.8947,0.0061,0.1057,35.8947
BYD,61,35.1469,0.0068,0.1035,35.1469
BYD,65,33.4329,0.0049,0.0985,33.4329
BYD,16,33.3872,0.0059,0.0984,33.3872
BYD,13,33.3452,0.0051,0.0982,33.3452
BYD,34,33.3452,0.0068,0.0982,33.3452
BYD,76,32.1413,0.0040,0.0947,32.1413
BYD,62,30.6804,0.0076,0.0904,30.6804
BYD,86,30.6600,0.0088,0.0903,30.6600
BYD,98,29.9872,0.0056,0.0883,29.9872
BYD,64,29.4466,0.0120,0.0867,29.4466
BYD,57,29.3259,0.0048,0.0864,29.3259
BYD,52,29.2194,0.0081,0.0861,29.2194
BYD,3,28.4166,0.0073,0.0837,28.4166
BYD,14,28.4166,0.0031,0.0837,28.4166
BYD,37,27.9478,0.0055,0.0823,27.9478
BYD,54,26.9210,0.0053,0.0793,26.9210
BYD,21,23.3855,0.0047,0.0689,23.3855
BYD,12,23.3669,0.0080,0.0688,23.3669
BYD,69,22.2142,0.0095,0.0654,22.2142
BYD,84,22.1249,0.0060,0.0652,22.1249
BYD,74,21.5597,0.0075,0.0635,21.5597
BYD,71,21.5162,0.0060,0.0634,21.5162
BYD,11,21.3488,0.0035,0.0629,21.3488
BYD,75,21.2755,0.0067,0.0627,21.2755
BYD,41,20.7612,0.0073,0.0612,20.7612
BYD,33,20.3518,0.0037,0.0600,20.3518
BYD,100,20.3518,0.0040,0.0600,20.3518
BYD,45,20.0794,0.0054,0.0592,20.0794
BYD,103,19.5722,0.0042,0.0577,19.5722
BYD,59,19.1336,0.0047,0.0564,19.1336
BYD,23,18.6837,0.0049,0.0550,18.6837
BYD,26,17.8065,0.0059,0.0525,17.8065
BYD,66,17.3975,0.0043,0.0512,17.3975
BYD,101,17.1307,0.0047,0.0505,17.1307
BYD,30,16.6726,0.0044,0.0491,16.6726
BYD,5,16.5461,0.0034,0.0487,16.5461
BYD,22,16.3521,0.0039,0.0482,16.3521
BYD,25,15.8267,0.0042,0.0466,15.8267
BYD,97,15.7039,0.0047,0.0463,15.7039
BYD,38,15.5734,0.0037,0.0459,15.5734
BYD,40,15.1716,0.0041,0.0447,15.1716
BYD,93,15.0754,0.0043,0.0444,15.0754
BYD,55,14.5696,0.0100,0.0429,14.5696
BYD,63,14.4369,0.0046,0.0425,14.4369
BYD,96,14.1330,0.0030,0.0416,14.1330
BYD,78,13.9011,0.0033,0.0410,13.9011
BYD,32,13.6771,0.0075,0.0403,13.6771
BYD,6,13.4605,0.0037,0.0397,13.4605
BYD,35,12.3396,0.0056,0.0364,12.3396
BYD,53,11.2171,0.0045,0.0330,11.2171
BYD,82,10.5359,0.0222,0.0310,10.5359
BYD,67,9.9581,0.0082,0.0293,9.9581
BYD,95,9.1746,0.0039,0.0270,9.1746
BYD,44,9.0730,0.0127,0.0267,9.0730
BYD,1,8.8590,0.0022,0.0261,8.8590
BYD,70,8.0536,0.0028,0.0237,8.0536
BYD,51,7.9178,0.0036,0.0233,7.9178
BYD,2,7.6430,0.0032,0.0225,7.6430
BYD,58,7.6430,0.0078,0.0225,7.6430
BYD,94,7.3750,0.0029,0.0217,7.3750
BYD,80,7.2584,0.0034,0.0214,7.2584
BYD,91,7.1866,0.0034,0.0212,7.1866
BYD,99,6.7154,0.0146,0.0198,6.7154
BYD,31,6.6134,0.0051,0.0195,6.6134
BYD,72,6.3342,0.0043,0.0187,6.3342
BYD,50,6.2294,0.0027,0.0184,6.2294
BYD,48,6.1698,0.0032,0.0182,6.1698
BYD,19,6.1118,0.0023,0.0180,6.1118
BYD,15,5.9748,0.0063,0.0176,5.9748
BYD,42,5.3909,0.0035,0.0159,5.3909
BYD,92,5.2387,0.0028,0.0154,5.2387
BYD,81,4.3250,0.0026,0.0127,4.3250
BYD,49,4.0972,0.0022,0.0121,4.0972
BYD,79,3.8572,0.0061,0.0114,3.8572
BYD,85,3.4600,0.0030,0.0102,3.4600
BYD,83,3.3067,0.0045,0.0097,3.3067
BYD,4,3.2778,0.0017,0.0097,3.2778
BYD,47,3.2214,0.0013,0.0095,3.2214
BYD,60,2.4583,0.0068,0.0072,2.4583
BYD,18,1.9286,0.0016,0.0057,1.9286
BYD,39,1.8889,0.0019,0.0056,1.8889
BYD,24,1.7628,0.0023,0.0052,1.7628
Bosch,44,7.2584,0.0102,0.6619,7.2584
Bosch,8,2.8996,0.0004,0.2644,2.8996
Bosch,98,2.8559,0.0005,0.2604,2.8559
Bosch,5,2.1582,0.0004,0.1968,2.1582
Bosch,17,2.1582,0.0005,0.1968,2.1582
Bosch,21,2.1260,0.0004,0.1939,2.1260
Bosch,1,1.6107,0.0004,0.1469,1.6107
Bosch,91,1.5970,0.0008,0.1456,1.5970
Bosch,62,1.4610,0.0004,0.1332,1.4610
Bosch,30,1.4498,0.0004,0.1322,1.4498
Bosch,66,1.4498,0.0004,0.1322,1.4498
Bosch,103,1.4498,0.0003,0.1322,1.4498
Bosch,59,1.4173,0.0003,0.1292,1.4173
Bosch,77,1.4068,0.0002,0.1283,1.4068
Bosch,57,1.3965,0.0002,0.1273,1.3965
Bosch,0,1.3863,0.0001,0.1264,1.3863
Bosch,18,0.9643,0.0008,0.0879,0.9643
Bosch,42,0.8985,0.0006,0.0819,0.8985
Bosch,55,0.8570,0.0006,0.0782,0.8570
Bosch,84,0.8194,0.0002,0.0747,0.8194
Bosch,40,0.7985,0.0002,0.0728,0.7985
Bosch,96,0.7852,0.0002,0.0716,0.7852
Bosch,101,0.7787,0.0002,0.0710,0.7787
Bosch,67,0.7660,0.0006,0.0699,0.7660
Bosch,32,0.7598,0.0004,0.0693,0.7598
Bosch,12,0.7538,0.0003,0.0687,0.7538
Bosch,3,0.7478,0.0002,0.0682,0.7478
Bosch,6,0.7478,0.0002,0.0682,0.7478
Bosch,54,0.7478,0.0001,0.0682,0.7478
Bosch,61,0.7478,0.0001,0.0682,0.7478
Bosch,86,0.7478,0.0002,0.0682,0.7478
Bosch,11,0.7362,0.0001,0.0671,0.7362
Bosch,64,0.7362,0.0003,0.0671,0.7362
Bosch,52,0.7305,0.0002,0.0666,0.7305
Bosch,34,0.7249,0.0001,0.0661,0.7249
Bosch,88,0.7249,0.0001,0.0661,0.7249
Bosch,89,0.7249,0.0001,0.0661,0.7249
Bosch,25,0.7194,0.0002,0.0656,0.7194
Bosch,87,0.7140,0.0001,0.0651,0.7140
Bosch,9,0.7034,0.0001,0.0641,0.7034
Bosch,20,0.7034,0.0001,0.0641,0.7034
Bosch,10,0.6982,0.0001,0.0637,0.6982
Bosch,27,0.6982,0.0001,0.0637,0.6982
CES,25,234.5229,0.0616,0.3515,234.5229
CES,47,208.5880,0.0836,0.3126,208.5880
CES,0,205.1716,0.0111,0.3075,205.1716
CES,10,154.3102,0.0133,0.2312,154.3102
CES,56,124.2327,0.0112,0.1862,124.2327
CES,36,123.9572,0.0096,0.1858,123.9572
CES,27,122.1913,0.0130,0.1831,122.1913
CES,76,121.2605,0.0150,0.1817,121.2605
CES,14,121.1445,0.0133,0.1815,121.1445
CES,8,121.0576,0.0148,0.1814,121.0576
CES,20,111.1378,0.0158,0.1665,111.1378
CES,98,105.6692,0.0197,0.1584,105.6692
CES,89,101.4854,0.0124,0.1521,101.4854
CES,102,96.4669,0.0196,0.1446,96.4669
CES,88,96.4112,0.0103,0.1445,96.4112
CES,96,90.2941,0.0191,0.1353,90.2941
CES,73,88.4373,0.0124,0.1325,88.4373
CES,87,84.2498,0.0103,0.1263,84.2498
CES,21,82.9122,0.0168,0.1243,82.9122
CES,13,79.0137,0.0122,0.1184,79.0137
CES,33,78.3923,0.0141,0.1175,78.3923
CES,5,74.8171,0.0155,0.1121,74.8171
CES,1,73.2877,0.0181,0.1098,73.2877
CES,30,69.5900,0.0183,0.1043,69.5900
CES,97,65.8069,0.0197,0.0986,65.8069
CES,77,65.4165,0.0094,0.0980,65.4165
CES,9,62.6029,0.0084,0.0938,62.6029
CES,34,56.5419,0.0115,0.0847,56.5419
CES,29,54.3672,0.0118,0.0815,54.3672
CES,31,53.7341,0.0417,0.0805,53.7341
CES,57,53.0660,0.0088,0.0795,53.0660
CES,16,52.6776,0.0093,0.0789,52.6776
CES,17,51.0771,0.0107,0.0765,51.0771
CES,3,50.8508,0.0130,0.0762,50.8508
CES,90,48.9679,0.0124,0.0734,48.9679
CES,78,47.8816,0.0115,0.0718,47.8816
CES,26,46.7421,0.0155,0.0700,46.7421
CES,66,44.9435,0.0112,0.0674,44.9435
CES,28,44.6025,0.0098,0.0668,44.6025
CES,65,43.3108,0.0064,0.0649,43.3108
CES,41,43.1194,0.0153,0.0646,43.1194
CES,103,41.3191,0.0088,0.0619,41.3191
CES,22,39.7121,0.0095,0.0595,39.7121
CES,59,39.6845,0.0097,0.0595,39.6845
CES,6,38.8859,0.0107,0.0583,38.8859
CES,86,38.8859,0.0112,0.0583,38.8859
CES,52,38.7157,0.0108,0.0580,38.7157
CES,100,37.6886,0.0075,0.0565,37.6886
CES,12,36.9348,0.0127,0.0553,36.9348
CES,11,36.8082,0.0060,0.0552,36.8082
CES,54,36.6425,0.0072,0.0549,36.6425
CES,75,36.4723,0.0116,0.0547,36.4723
CES,91,35.1343,0.0168,0.0527,35.1343
CES,85,34.5999,0.0301,0.0519,34.5999
CES,7,31.9254,0.0116,0.0478,31.9254
CES,61,28.4166,0.0055,0.0426,28.4166
CES,62,27.7584,0.0069,0.0416,27.7584
CES,46,27.6688,0.0047,0.0415,27.6688
CES,32,26.5943,0.0146,0.0399,26.5943
CES,93,25.6282,0.0073,0.0384,25.6282
CES,64,25.0296,0.0102,0.0375,25.0296
CES,45,24.7131,0.0067,0.0370,24.7131
CES,95,22.5194,0.0095,0.0337,22.5194
CES,72,22.1698,0.0150,0.0332,22.1698
CES,44,21.7751,0.0305,0.0326,21.7751
CES,68,19.8949,0.0141,0.0298,19.8949
CES,101,19.4667,0.0053,0.0292,19.4667
CES,19,19.2086,0.0071,0.0288,19.2086
CES,67,19.1502,0.0157,0.0287,19.1502
CES,71,18.5484,0.0051,0.0278,18.5484
CES,37,18.3657,0.0036,0.0275,18.3657
CES,40,18.3657,0.0050,0.0275,18.3657
CES,70,17.7179,0.0061,0.0266,17.7179
CES,84,17.2083,0.0047,0.0258,17.2083
CES,53,17.1995,0.0069,0.0258,17.1995
CES,58,16.9845,0.0174,0.0255,16.9845
CES,51,16.6273,0.0077,0.0249,16.6273
CES,94,16.3888,0.0064,0.0246,16.3888
CES,42,16.1727,0.0105,0.0242,16.1727
CES,69,16.0862,0.0069,0.0241,16.0862
CES,63,15.9566,0.0051,0.0239,15.9566
CES,48,15.8653,0.0082,0.0238,15.8653
CES,38,15.5734,0.0037,0.0233,15.5734
CES,23,14.6220,0.0038,0.0219,14.6220
CES,2,14.4369,0.0060,0.0216,14.4369
CES,74,14.3731,0.0050,0.0215,14.3731
CES,50,14.0160,0.0060,0.0210,14.0160
CES,39,13.2225,0.0135,0.0198,13.2225
CES,15,12.9454,0.0137,0.0194,12.9454
CES,43,12.0112,0.0252,0.0180,12.0112
CES,92,10.4774,0.0056,0.0157,10.4774
CES,49,9.8333,0.0053,0.0147,9.8333
CES,80,9.0730,0.0042,0.0136,9.0730
CES,18,8.6787,0.0071,0.0130,8.6787
CES,55,7.7133,0.0053,0.0116,7.7133
CES,83,7.4401,0.0101,0.0111,7.4401
CES,24,6.1698,0.0079,0.0092,6.1698
CES,81,6.0550,0.0037,0.0091,6.0550
CES,79,5.7858,0.0091,0.0087,5.7858
CES,35,5.2884,0.0024,0.0079,5.2884
CES,82,4.2144,0.0089,0.0063,4.2144
CES,60,3.2778,0.0090,0.0049,3.2778
CES,4,2.4583,0.0013,0.0037,2.4583
CES,99,1.1192,0.0024,0.0017,1.1192
CSOT,36,579.1918,0.0448,0.3802,579.1918
CSOT,0,537.8822,0.0290,0.3530,537.8822
CSOT,56,434.1006,0.0391,0.2849,434.1006
CSOT,76,411.2630,0.0509,0.2699,411.2630
CSOT,14,372.4072,0.0409,0.2444,372.4072
CSOT,88,364.6226,0.0389,0.2393,364.6226
CSOT,89,357.3737,0.0437,0.2346,357.3737
CSOT,65,316.8527,0.0468,0.2080,316.8527
CSOT,73,277.6351,0.0388,0.1822,277.6351
CSOT,87,254.8913,0.0310,0.1673,254.8913
CSOT,8,248.6393,0.0304,0.1632,248.6393
CSOT,13,238.4907,0.0368,0.1565,238.4907
CSOT,33,227.6391,0.0409,0.1494,227.6391
CSOT,100,227.6391,0.0451,0.1494,227.6391
CSOT,10,214.3585,0.0185,0.1407,214.3585
CSOT,27,212.2638,0.0226,0.1393,212.2638
CSOT,22,178.3153,0.0427,0.1170,178.3153
CSOT,16,170.6456,0.0302,0.1120,170.6456
CSOT,38,166.6352,0.0400,0.1094,166.6352
CSOT,78,144.4172,0.0346,0.0948,144.4172
CSOT,29,129.0315,0.0280,0.0847,129.0315
CSOT,6,124.8835,0.0342,0.0820,124.8835
CSOT,90,117.9680,0.0300,0.0774,117.9680
CSOT,34,102.2103,0.0207,0.0671,102.2103
CSOT,40,100.6120,0.0272,0.0660,100.6120
CSOT,97,99.4581,0.0297,0.0653,99.4581
CSOT,63,96.4995,0.0308,0.0633,96.4995
CSOT,28,94.9602,0.0209,0.0623,94.9602
CSOT,9,90.7391,0.0121,0.0596,90.7391
CSOT,96,90.2941,0.0191,0.0593,90.2941
CSOT,26,89.0325,0.0294,0.0584,89.0325
CSOT,20,88.6289,0.0126,0.0582,88.6289
CSOT,77,87.9255,0.0127,0.0577,87.9255
CSOT,71,86.8067,0.0240,0.0570,86.8067
CSOT,37,86.2388,0.0169,0.0566,86.2388
CSOT,84,83.5830,0.0228,0.0549,83.5830
CSOT,50,83.3176,0.0358,0.0547,83.3176
CSOT,11,83.1866,0.0137,0.0546,83.1866
CSOT,61,80.7630,0.0155,0.0530,80.7630
CSOT,46,77.7718,0.0131,0.0510,77.7718
CSOT,101,77.0883,0.0210,0.0506,77.0883
CSOT,1,76.5091,0.0189,0.0502,76.5091
CSOT,75,73.7043,0.0233,0.0484,73.7043
CSOT,93,65.5781,0.0187,0.0430,65.5781
CSOT,103,65.2406,0.0139,0.0428,65.2406
CSOT,86,64.3113,0.0185,0.0422,64.3113
CSOT,70,63.6234,0.0218,0.0418,63.6234
CSOT,53,62.0679,0.0248,0.0407,62.0679
CSOT,45,60.2382,0.0163,0.0395,60.2382
CSOT,69,56.6846,0.0243,0.0372,56.6846
CSOT,4,55.7220,0.0285,0.0366,55.7220
CSOT,94,54.9025,0.0216,0.0360,54.9025
CSOT,23,54.4265,0.0143,0.0357,54.4265
CSOT,59,53.1489,0.0129,0.0349,53.1489
CSOT,57,50.9712,0.0084,0.0335,50.9712
CSOT,54,48.6074,0.0095,0.0319,48.6074
CSOT,47,48.3216,0.0194,0.0317,48.3216
CSOT,5,46.7607,0.0097,0.0307,46.7607
CSOT,98,46.4088,0.0086,0.0305,46.4088
CSOT,12,45.2263,0.0155,0.0297,45.2263
CSOT,18,44.3578,0.0363,0.0291,44.3578
CSOT,102,41.8771,0.0085,0.0275,41.8771
CSOT,25,41.7249,0.0110,0.0274,41.7249
CSOT,62,41.6376,0.0104,0.0273,41.6376
CSOT,91,31.1418,0.0149,0.0204,31.1418
CSOT,17,30.2146,0.0063,0.0198,30.2146
CSOT,30,29.7207,0.0078,0.0195,29.7207
CSOT,52,29.2194,0.0081,0.0192,29.2194
CSOT,35,29.0863,0.0133,0.0191,29.0863
CSOT,21,28.3461,0.0058,0.0186,28.3461
CSOT,32,26.5943,0.0146,0.0175,26.5943
CSOT,3,26.1732,0.0067,0.0172,26.1732
CSOT,41,24.7537,0.0088,0.0162,24.7537
CSOT,74,24.7537,0.0086,0.0162,24.7537
CSOT,44,24.4970,0.0343,0.0161,24.4970
CSOT,64,21.3488,0.0087,0.0140,21.3488
CSOT,7,21.0241,0.0076,0.0138,21.0241
CSOT,72,20.5862,0.0139,0.0135,20.5862
CSOT,2,20.3814,0.0085,0.0134,20.3814
CSOT,66,19.5722,0.0049,0.0128,19.5722
CSOT,49,18.8471,0.0102,0.0124,18.8471
CSOT,80,18.1459,0.0084,0.0119,18.1459
CSOT,58,15.2861,0.0157,0.0100,15.2861
CSOT,95,15.0129,0.0063,0.0099,15.0129
CSOT,19,14.8430,0.0055,0.0097,14.8430
CSOT,92,14.8430,0.0079,0.0097,14.8430
CSOT,68,14.7050,0.0104,0.0097,14.7050
CSOT,81,14.7050,0.0089,0.0097,14.7050
CSOT,85,14.7050,0.0128,0.0097,14.7050
CSOT,24,10.5768,0.0136,0.0069,10.5768
CSOT,82,10.5359,0.0222,0.0069,10.5359
CSOT,67,9.9581,0.0082,0.0065,9.9581
CSOT,55,8.5704,0.0059,0.0056,8.5704
CSOT,39,8.5002,0.0087,0.0056,8.5002
CSOT,42,8.0864,0.0053,0.0053,8.0864
CSOT,79,7.7144,0.0122,0.0051,7.7144
CSOT,51,7.1260,0.0033,0.0047,7.1260
CSOT,31,5.7868,0.0045,0.0038,5.7868
CSOT,83,4.9601,0.0067,0.0033,4.9601
CSOT,99,3.3577,0.0073,0.0022,3.3577
CSOT,48,2.6442,0.0014,0.0017,2.6442
CSOT,60,1.6389,0.0045,0.0011,1.6389
Corning,10,6.9824,0.0006,0.4166,6.9824
Corning,0,6.9315,0.0004,0.4136,6.9315
Corning,36,4.3494,0.0003,0.2595,4.3494
Corning,56,3.5699,0.0003,0.2130,3.5699
Corning,65,3.0394,0.0004,0.1813,3.0394
Corning,9,2.8136,0.0004,0.1679,2.8136
Corning,77,2.8136,0.0004,0.1679,2.8136
Corning,27,2.7929,0.0003,0.1666,2.7929
Corning,94,2.4583,0.0010,0.1467,2.4583
Corning,40,2.3955,0.0006,0.1429,2.3955
Corning,100,2.2613,0.0004,0.1349,2.2613
Corning,53,2.2434,0.0009,0.1339,2.2434
Corning,61,2.2434,0.0004,0.1339,2.2434
Corning,71,2.2258,0.0006,0.1328,2.2258
Corning,76,2.1915,0.0003,0.1308,2.1915
Corning,13,2.1747,0.0003,0.1298,2.1747
Corning,73,2.1747,0.0003,0.1298,2.1747
Corning,89,2.1747,0.0003,0.1298,2.1747
Corning,28,2.1582,0.0005,0.1288,2.1582
Corning,20,2.1102,0.0003,0.1259,2.1102
Corning,35,1.7628,0.0008,0.1052,1.7628
Corning,49,1.6389,0.0009,0.0978,1.6389
Corning,23,1.6247,0.0004,0.0969,1.6247
Corning,37,1.5970,0.0003,0.0953,1.5970
Corning,67,1.5320,0.0013,0.0914,1.5320
Corning,33,1.5075,0.0003,0.0899,1.5075
Corning,14,1.4956,0.0002,0.0892,1.4956
Corning,97,1.4956,0.0004,0.0892,1.4956
Corning,26,1.4839,0.0005,0.0885,1.4839
Corning,62,1.4610,0.0004,0.0872,1.4610
Corning,29,1.4498,0.0003,0.0865,1.4498
Corning,88,1.4498,0.0002,0.0865,1.4498
Corning,25,1.4388,0.0004,0.0858,1.4388
Corning,87,1.4280,0.0002,0.0852,1.4280
Corning,21,1.4173,0.0003,0.0846,1.4173
Corning,59,1.4173,0.0003,0.0846,1.4173
Corning,99,1.1192,0.0024,0.0668,1.1192
Corning,43,1.0919,0.0023,0.0651,1.0919
Corning,58,0.8492,0.0009,0.0507,0.8492
Corning,95,0.8341,0.0004,0.0498,0.8341
Corning,83,0.8267,0.0011,0.0493,0.8267
Corning,60,0.8194,0.0023,0.0489,0.8194
Corning,84,0.8194,0.0002,0.0489,0.8194
Corning,70,0.8054,0.0003,0.0481,0.8054
Corning,41,0.7985,0.0003,0.0476,0.7985
Corning,51,0.7918,0.0004,0.0472,0.7918
Corning,72,0.7918,0.0005,0.0472,0.7918
Corning,22,0.7787,0.0002,0.0465,0.7787
Corning,38,0.7787,0.0002,0.0465,0.7787
Corning,101,0.7787,0.0002,0.0465,0.7787
Corning,45,0.7723,0.0002,0.0461,0.7723
Corning,78,0.7723,0.0002,0.0461,0.7723
Corning,69,0.7660,0.0003,0.0457,0.7660
Corning,32,0.7598,0.0004,0.0453,0.7598
Corning,75,0.7598,0.0002,0.0453,0.7598
Corning,12,0.7538,0.0003,0.0450,0.7538
Corning,3,0.7478,0.0002,0.0446,0.7478
Corning,6,0.7478,0.0002,0.0446,0.7478
Corning,86,0.7478,0.0002,0.0446,0.7478
Corning,102,0.7478,0.0002,0.0446,0.7478
Corning,16,0.7419,0.0001,0.0443,0.7419
Corning,90,0.7419,0.0002,0.0443,0.7419
Corning,64,0.7362,0.0003,0.0439,0.7362
Corning,52,0.7305,0.0002,0.0436,0.7305
Corning,8,0.7249,0.0001,0.0433,0.7249
Corning,30,0.7249,0.0002,0.0433,0.7249
Corning,34,0.7249,0.0001,0.0433,0.7249
Corning,66,0.7249,0.0002,0.0433,0.7249
Corning,103,0.7249,0.0002,0.0433,0.7249
Corning,5,0.7194,0.0001,0.0429,0.7194
Corning,17,0.7194,0.0002,0.0429,0.7194
Corning,98,0.7140,0.0001,0.0426,0.7140
Corning,57,0.6982,0.0001,0.0417,0.6982
Counterpoint,44,21.7751,0.0305,0.8038,21.7751
Counterpoint,0,6.9315,0.0004,0.2559,6.9315
Counterpoint,63,5.3189,0.0017,0.1963,5.3189
Counterpoint,37,3.9925,0.0008,0.1474,3.9925
Counterpoint,40,3.9925,0.0011,0.1474,3.9925
Counterpoint,8,3.6245,0.0004,0.1338,3.6245
Counterpoint,59,3.5433,0.0009,0.1308,3.5433
Counterpoint,70,3.2214,0.0011,0.1189,3.2214
Counterpoint,54,2.9912,0.0006,0.1104,2.9912
Counterpoint,98,2.8559,0.0005,0.1054,2.8559
Counterpoint,2,2.5477,0.0011,0.0940,2.5477
Counterpoint,94,2.4583,0.0010,0.0908,2.4583
Counterpoint,23,2.4370,0.0006,0.0900,2.4370
Counterpoint,30,2.1747,0.0006,0.0803,2.1747
Counterpoint,66,2.1747,0.0005,0.0803,2.1747
Counterpoint,88,2.1747,0.0002,0.0803,2.1747
Counterpoint,5,2.1582,0.0004,0.0797,2.1582
Counterpoint,17,2.1582,0.0005,0.0797,2.1582
Counterpoint,21,2.1260,0.0004,0.0785,2.1260
Counterpoint,77,2.1102,0.0003,0.0779,2.1102
Counterpoint,10,2.0947,0.0002,0.0773,2.0947
Counterpoint,57,2.0947,0.0003,0.0773,2.0947
Counterpoint,19,1.7462,0.0006,0.0645,1.7462
Counterpoint,68,1.7300,0.0012,0.0639,1.7300
Counterpoint,84,1.6389,0.0004,0.0605,1.6389
Counterpoint,1,1.6107,0.0004,0.0595,1.6107
Counterpoint,96,1.5703,0.0003,0.0580,1.5703
Counterpoint,61,1.4956,0.0003,0.0552,1.4956
Counterpoint,73,1.4498,0.0002,0.0535,1.4498
Counterpoint,89,1.4498,0.0002,0.0535,1.4498
Counterpoint,27,1.3965,0.0001,0.0516,1.3965
Counterpoint,39,0.9445,0.0010,0.0349,0.9445
Counterpoint,35,0.8814,0.0004,0.0325,0.8814
Counterpoint,81,0.8650,0.0005,0.0319,0.8650
Counterpoint,85,0.8650,0.0008,0.0319,0.8650
Counterpoint,55,0.8570,0.0006,0.0316,0.8570
Counterpoint,83,0.8267,0.0011,0.0305,0.8267
Counterpoint,41,0.7985,0.0003,0.0295,0.7985
Counterpoint,91,0.7985,0.0004,0.0295,0.7985
Counterpoint,7,0.7787,0.0003,0.0287,0.7787
Counterpoint,22,0.7787,0.0002,0.0287,0.7787
Counterpoint,101,0.7787,0.0002,0.0287,0.7787
Counterpoint,78,0.7723,0.0002,0.0285,0.7723
Counterpoint,32,0.7598,0.0004,0.0280,0.7598
Counterpoint,65,0.7598,0.0001,0.0280,0.7598
Counterpoint,33,0.7538,0.0001,0.0278,0.7538
Counterpoint,100,0.7538,0.0001,0.0278,0.7538
Counterpoint,6,0.7478,0.0002,0.0276,0.7478
Counterpoint,14,0.7478,0.0001,0.0276,0.7478
Counterpoint,16,0.7419,0.0001,0.0274,0.7419
Counterpoint,76,0.7305,0.0001,0.0270,0.7305
Counterpoint,13,0.7249,0.0001,0.0268,0.7249
Counterpoint,36,0.7249,0.0001,0.0268,0.7249
Counterpoint,103,0.7249,0.0002,0.0268,0.7249
Counterpoint,25,0.7194,0.0002,0.0266,0.7194
Counterpoint,56,0.7140,0.0001,0.0264,0.7140
Counterpoint,9,0.7034,0.0001,0.0260,0.7034
Counterpoint,20,0.7034,0.0001,0.0260,0.7034
Cybersecurity,57,1.3965,0.0002,0.3568,1.3965
Cybersecurity,0,1.3863,0.0001,0.3542,1.3863
Cybersecurity,31,0.8267,0.0006,0.2112,0.8267
Cybersecurity,4,0.8194,0.0004,0.2094,0.8194
Cybersecurity,60,0.8194,0.0023,0.2094,0.8194
Cybersecurity,96,0.7852,0.0002,0.2006,0.7852
Cybersecurity,63,0.7598,0.0002,0.1941,0.7598
Cybersecurity,12,0.7538,0.0003,0.1926,0.7538
Cybersecurity,64,0.7362,0.0003,0.1881,0.7362
Cybersecurity,30,0.7249,0.0002,0.1852,0.7249
Cybersecurity,66,0.7249,0.0002,0.1852,0.7249
Cybersecurity,89,0.7249,0.0001,0.1852,0.7249
Cybersecurity,5,0.7194,0.0001,0.1838,0.7194
Cybersecurity,17,0.7194,0.0002,0.1838,0.7194
Cybersecurity,25,0.7194,0.0002,0.1838,0.7194
Cybersecurity,56,0.7140,0.0001,0.1824,0.7140
Cybersecurity,98,0.7140,0.0001,0.1824,0.7140
Cybersecurity,21,0.7087,0.0001,0.1811,0.7087
Cybersecurity,59,0.7087,0.0002,0.1811,0.7087
Cybersecurity,20,0.7034,0.0001,0.1797,0.7034
Cybersecurity,77,0.7034,0.0001,0.1797,0.7034
Cybersecurity,10,0.6982,0.0001,0.1784,0.6982
Cybersecurity,27,0.6982,0.0001,0.1784,0.6982
DELL,17,6.4746,0.0014,0.3226,6.4746
DELL,28,6.4746,0.0014,0.3226,6.4746
DELL,77,5.6272,0.0008,0.2804,5.6272
DELL,10,5.5859,0.0005,0.2784,5.5859
DELL,0,4.8520,0.0003,0.2418,4.8520
DELL,9,4.2204,0.0006,0.2103,4.2204
DELL,20,4.2204,0.0006,0.2103,4.2204
DELL,27,4.1894,0.0004,0.2088,4.1894
DELL,57,4.1894,0.0007,0.2088,4.1894
DELL,30,3.6245,0.0010,0.1806,3.6245
DELL,66,3.6245,0.0009,0.1806,3.6245
DELL,5,3.5970,0.0007,0.1792,3.5970
DELL,98,3.5699,0.0007,0.1779,3.5699
DELL,21,3.5433,0.0007,0.1766,3.5433
DELL,59,3.5433,0.0009,0.1766,3.5433
DELL,46,2.9912,0.0005,0.1491,2.9912
DELL,87,2.8559,0.0003,0.1423,2.8559
DELL,49,2.4583,0.0013,0.1225,2.4583
DELL,32,2.2795,0.0012,0.1136,2.2795
DELL,12,2.2613,0.0008,0.1127,2.2613
DELL,102,2.2434,0.0005,0.1118,2.2434
DELL,11,2.2085,0.0004,0.1101,2.2085
DELL,92,1.7462,0.0009,0.0870,1.7462
DELL,72,1.5836,0.0011,0.0789,1.5836
DELL,45,1.5446,0.0004,0.0770,1.5446
DELL,63,1.5197,0.0005,0.0757,1.5197
DELL,53,1.4956,0.0006,0.0745,1.4956
DELL,90,1.4839,0.0004,0.0739,1.4839
DELL,8,1.4498,0.0002,0.0722,1.4498
DELL,29,1.4498,0.0003,0.0722,1.4498
DELL,88,1.4498,0.0002,0.0722,1.4498
DELL,89,1.4498,0.0002,0.0722,1.4498
DELL,103,1.4498,0.0003,0.0722,1.4498
DELL,56,1.4280,0.0001,0.0712,1.4280
DELL,42,0.8985,0.0006,0.0448,0.8985
DELL,48,0.8814,0.0005,0.0439,0.8814
DELL,85,0.8650,0.0008,0.0431,0.8650
DELL,58,0.8492,0.0009,0.0423,0.8492
DELL,31,0.8267,0.0006,0.0412,0.8267
DELL,83,0.8267,0.0011,0.0412,0.8267
DELL,60,0.8194,0.0023,0.0408,0.8194
DELL,1,0.8054,0.0002,0.0401,0.8054
DELL,41,0.7985,0.0003,0.0398,0.7985
DELL,7,0.7787,0.0003,0.0388,0.7787
DELL,75,0.7598,0.0002,0.0379,0.7598
DELL,93,0.7538,0.0002,0.0376,0.7538
DELL,61,0.7478,0.0001,0.0373,0.7478
DELL,86,0.7478,0.0002,0.0373,0.7478
DELL,16,0.7419,0.0001,0.0370,0.7419
DELL,71,0.7419,0.0002,0.0370,0.7419
DELL,64,0.7362,0.0003,0.0367,0.7362
DELL,52,0.7305,0.0002,0.0364,0.7305
DELL,76,0.7305,0.0001,0.0364,0.7305
DELL,13,0.7249,0.0001,0.0361,0.7249
DELL,34,0.7249,0.0001,0.0361,0.7249
DELL,73,0.7249,0.0001,0.0361,0.7249
DELL,25,0.7194,0.0002,0.0358,0.7194
DSCC,76,5.8439,0.0007,0.3700,5.8439
DSCC,14,5.2346,0.0006,0.3315,5.2346
DSCC,33,4.5226,0.0008,0.2864,4.5226
DSCC,36,4.3494,0.0003,0.2754,4.3494
DSCC,88,4.3494,0.0005,0.2754,4.3494
DSCC,0,4.1589,0.0002,0.2633,4.1589
DSCC,89,3.6245,0.0004,0.2295,3.6245
DSCC,56,3.5699,0.0003,0.2260,3.5699
DSCC,78,2.3169,0.0006,0.1467,2.3169
DSCC,86,2.2434,0.0006,0.1421,2.2434
DSCC,8,2.1747,0.0003,0.1377,2.1747
DSCC,73,2.1747,0.0003,0.1377,2.1747
DSCC,87,2.1419,0.0003,0.1356,2.1419
DSCC,9,2.1102,0.0003,0.1336,2.1102
DSCC,77,2.1102,0.0003,0.1336,2.1102
DSCC,10,2.0947,0.0002,0.1326,2.0947
DSCC,1,1.6107,0.0004,0.1020,1.6107
DSCC,38,1.5573,0.0004,0.0986,1.5573
DSCC,45,1.5446,0.0004,0.0978,1.5446
DSCC,65,1.5197,0.0002,0.0962,1.5197
DSCC,100,1.5075,0.0003,0.0955,1.5075
DSCC,46,1.4956,0.0003,0.0947,1.4956
DSCC,16,1.4839,0.0003,0.0940,1.4839
DSCC,11,1.4723,0.0002,0.0932,1.4723
DSCC,13,1.4498,0.0002,0.0918,1.4498
DSCC,34,1.4498,0.0003,0.0918,1.4498
DSCC,103,1.4498,0.0003,0.0918,1.4498
DSCC,28,1.4388,0.0003,0.0911,1.4388
DSCC,20,1.4068,0.0002,0.0891,1.4068
DSCC,27,1.3965,0.0001,0.0884,1.3965
DSCC,92,0.8731,0.0005,0.0553,0.8731
DSCC,83,0.8267,0.0011,0.0523,0.8267
DSCC,60,0.8194,0.0023,0.0519,0.8194
DSCC,47,0.8054,0.0003,0.0510,0.8054
DSCC,74,0.7985,0.0003,0.0506,0.7985
DSCC,72,0.7918,0.0005,0.0501,0.7918
DSCC,96,0.7852,0.0002,0.0497,0.7852
DSCC,22,0.7787,0.0002,0.0493,0.7787
DSCC,50,0.7787,0.0003,0.0493,0.7787
DSCC,101,0.7787,0.0002,0.0493,0.7787
DSCC,32,0.7598,0.0004,0.0481,0.7598
DSCC,75,0.7598,0.0002,0.0481,0.7598
DSCC,3,0.7478,0.0002,0.0474,0.7478
DSCC,6,0.7478,0.0002,0.0474,0.7478
DSCC,53,0.7478,0.0003,0.0474,0.7478
DSCC,97,0.7478,0.0002,0.0474,0.7478
DSCC,102,0.7478,0.0002,0.0474,0.7478
DSCC,26,0.7419,0.0002,0.0470,0.7419
DSCC,71,0.7419,0.0002,0.0470,0.7419
DSCC,90,0.7419,0.0002,0.0470,0.7419
DSCC,52,0.7305,0.0002,0.0463,0.7305
DSCC,62,0.7305,0.0002,0.0463,0.7305
DSCC,29,0.7249,0.0002,0.0459,0.7249
DSCC,30,0.7249,0.0002,0.0459,0.7249
DSCC,66,0.7249,0.0002,0.0459,0.7249
DSCC,5,0.7194,0.0001,0.0456,0.7194
DSCC,17,0.7194,0.0002,0.0456,0.7194
DSCC,98,0.7140,0.0001,0.0452,0.7140
DSCC,21,0.7087,0.0001,0.0449,0.7087
DSCC,59,0.7087,0.0002,0.0449,0.7087
DSCC,57,0.6982,0.0001,0.0442,0.6982
Dell,49,127.0133,0.0688,0.4268,127.0133
Dell,0,104.6652,0.0056,0.3517,104.6652
Dell,36,76.1141,0.0059,0.2557,76.1141
Dell,22,56.8429,0.0136,0.1910,56.8429
Dell,56,52.1206,0.0047,0.1751,52.1206
Dell,65,51.6690,0.0076,0.1736,51.6690
Dell,18,48.2150,0.0395,0.1620,48.2150
Dell,88,44.2186,0.0047,0.1486,44.2186
Dell,103,42.7689,0.0091,0.1437,42.7689
Dell,10,42.5924,0.0037,0.1431,42.5924
Dell,73,40.5942,0.0057,0.1364,40.5942
Dell,27,39.7995,0.0042,0.1337,39.7995
Dell,34,38.4195,0.0078,0.1291,38.4195
Dell,6,38.1381,0.0105,0.1281,38.1381
Dell,76,37.9852,0.0047,0.1276,37.9852
Dell,87,37.1270,0.0045,0.1247,37.1270
Dell,89,36.9697,0.0045,0.1242,36.9697
Dell,77,36.5770,0.0053,0.1229,36.5770
Dell,57,36.3083,0.0060,0.1220,36.3083
Dell,21,36.1412,0.0073,0.1214,36.1412
Dell,14,35.1469,0.0039,0.1181,35.1469
Dell,100,34.6735,0.0069,0.1165,34.6735
Dell,80,33.5699,0.0156,0.1128,33.5699
Dell,86,32.1556,0.0092,0.1080,32.1556
Dell,17,31.6534,0.0066,0.1064,31.6534
Dell,9,30.2464,0.0040,0.1016,30.2464
Dell,5,30.2146,0.0063,0.1015,30.2146
Dell,38,29.5894,0.0071,0.0994,29.5894
Dell,75,28.8739,0.0091,0.0970,28.8739
Dell,8,28.2709,0.0035,0.0950,28.2709
Dell,62,27.7584,0.0069,0.0933,27.7584
Dell,30,27.5460,0.0072,0.0926,27.5460
Dell,66,27.5460,0.0069,0.0926,27.5460
Dell,98,27.1313,0.0051,0.0912,27.1313
Dell,13,26.0963,0.0040,0.0877,26.0963
Dell,63,25.8345,0.0082,0.0868,25.8345
Dell,64,25.0296,0.0102,0.0841,25.0296
Dell,59,24.8028,0.0060,0.0833,24.8028
Dell,28,23.7400,0.0052,0.0798,23.7400
Dell,37,23.1567,0.0045,0.0778,23.1567
Dell,43,22.9304,0.0481,0.0770,22.9304
Dell,23,22.7454,0.0060,0.0764,22.7454
Dell,101,21.8027,0.0059,0.0733,21.8027
Dell,99,21.2654,0.0461,0.0714,21.2654
Dell,20,21.1021,0.0030,0.0709,21.1021
Dell,16,20.7742,0.0037,0.0698,20.7742
Dell,42,20.6652,0.0135,0.0694,20.6652
Dell,33,18.8443,0.0034,0.0633,18.8443
Dell,35,17.6281,0.0081,0.0592,17.6281
Dell,90,16.3226,0.0041,0.0548,16.3226
Dell,69,16.0862,0.0069,0.0540,16.0862
Dell,24,15.8653,0.0204,0.0533,15.8653
Dell,25,15.8267,0.0042,0.0532,15.8267
Dell,44,15.4240,0.0216,0.0518,15.4240
Dell,29,15.2228,0.0033,0.0511,15.2228
Dell,97,14.9561,0.0045,0.0503,14.9561
Dell,55,14.5696,0.0100,0.0490,14.5696
Dell,12,14.3217,0.0049,0.0481,14.3217
Dell,41,12.7761,0.0045,0.0429,12.7761
Dell,46,12.7127,0.0021,0.0427,12.7127
Dell,102,12.7127,0.0026,0.0427,12.7127
Dell,26,12.6129,0.0042,0.0424,12.6129
Dell,48,11.4582,0.0059,0.0385,11.4582
Dell,93,11.3066,0.0032,0.0380,11.3066
Dell,85,11.2450,0.0098,0.0378,11.2450
Dell,7,10.1227,0.0037,0.0340,10.1227
Dell,45,10.0397,0.0027,0.0337,10.0397
Dell,83,9.9201,0.0135,0.0333,9.9201
Dell,2,9.3415,0.0039,0.0314,9.3415
Dell,54,7.4781,0.0015,0.0251,7.4781
Dell,31,7.4401,0.0058,0.0250,7.4401
Dell,51,7.1260,0.0033,0.0239,7.1260
Dell,61,6.7303,0.0013,0.0226,6.7303
Dell,11,6.6255,0.0011,0.0223,6.6255
Dell,32,6.0787,0.0033,0.0204,6.0787
Dell,94,5.7361,0.0023,0.0193,5.7361
Dell,47,5.6375,0.0023,0.0189,5.6375
Dell,91,5.5896,0.0027,0.0188,5.5896
Dell,3,5.2346,0.0013,0.0176,5.2346
Dell,52,5.1134,0.0014,0.0172,5.1134
Dell,58,5.0954,0.0052,0.0171,5.0954
Dell,4,4.9166,0.0025,0.0165,4.9166
Dell,96,4.7110,0.0010,0.0158,4.7110
Dell,50,4.6720,0.0020,0.0157,4.6720
Dell,19,4.3656,0.0016,0.0147,4.3656
Dell,84,4.0972,0.0011,0.0138,4.0972
Dell,1,4.0268,0.0010,0.0135,4.0268
Dell,72,3.9589,0.0027,0.0133,3.9589
Dell,67,3.8300,0.0031,0.0129,3.8300
Dell,53,3.7390,0.0015,0.0126,3.7390
Dell,68,3.4600,0.0024,0.0116,3.4600
Dell,81,3.4600,0.0021,0.0116,3.4600
Dell,60,3.2778,0.0090,0.0110,3.2778
Dell,78,3.0891,0.0007,0.0104,3.0891
Dell,40,2.3955,0.0006,0.0080,2.3955
Dell,71,2.2258,0.0006,0.0075,2.2258
Dell,15,1.9916,0.0021,0.0067,1.9916
Dell,79,1.9286,0.0030,0.0065,1.9286
Dell,70,1.6107,0.0006,0.0054,1.6107
Dell,74,1.5970,0.0006,0.0054,1.5970
Dell,82,1.0536,0.0022,0.0035,1.0536
Dell,39,0.9445,0.0010,0.0032,0.9445
ETRI,10,51.6695,0.0045,0.3709,51.6695
ETRI,0,42.9751,0.0023,0.3085,42.9751
ETRI,20,42.9076,0.0061,0.3080,42.9076
ETRI,87,37.8410,0.0046,0.2716,37.8410
ETRI,27,33.5153,0.0036,0.2406,33.5153
ETRI,26,30.4194,0.0101,0.2183,30.4194
ETRI,56,26.4173,0.0024,0.1896,26.4173
ETRI,36,24.6465,0.0019,0.1769,24.6465
ETRI,77,23.9157,0.0034,0.1717,23.9157
ETRI,25,23.0207,0.0060,0.1652,23.0207
ETRI,9,21.1021,0.0028,0.1515,21.1021
ETRI,13,19.5722,0.0030,0.1405,19.5722
ETRI,48,18.5095,0.0096,0.1329,18.5095
ETRI,34,18.1224,0.0037,0.1301,18.1224
ETRI,73,18.1224,0.0025,0.1301,18.1224
ETRI,28,17.9849,0.0040,0.1291,17.9849
ETRI,67,16.8522,0.0138,0.1210,16.8522
ETRI,76,16.8012,0.0021,0.1206,16.8012
ETRI,14,14.9561,0.0016,0.1074,14.9561
ETRI,97,14.2083,0.0042,0.1020,14.2083
ETRI,29,13.7730,0.0030,0.0989,13.7730
ETRI,57,13.2665,0.0022,0.0952,13.2665
ETRI,89,13.0481,0.0016,0.0937,13.0481
ETRI,16,12.6129,0.0022,0.0905,12.6129
ETRI,31,12.4002,0.0096,0.0890,12.4002
ETRI,65,12.1574,0.0018,0.0873,12.1574
ETRI,100,12.0603,0.0024,0.0866,12.0603
ETRI,33,11.3066,0.0020,0.0812,11.3066
ETRI,62,10.9573,0.0027,0.0787,10.9573
ETRI,8,10.8734,0.0013,0.0780,10.8734
ETRI,5,10.7909,0.0022,0.0775,10.7909
ETRI,11,10.3063,0.0017,0.0740,10.3063
ETRI,64,10.3063,0.0042,0.0740,10.3063
ETRI,86,9.7215,0.0028,0.0698,9.7215
ETRI,74,9.5821,0.0033,0.0688,9.5821
ETRI,72,9.5013,0.0064,0.0682,9.5013
ETRI,22,9.3440,0.0022,0.0671,9.3440
ETRI,21,9.2125,0.0019,0.0661,9.2125
ETRI,6,8.9737,0.0025,0.0644,8.9737
ETRI,54,8.9737,0.0018,0.0644,8.9737
ETRI,71,8.9032,0.0025,0.0639,8.9032
ETRI,30,8.6988,0.0023,0.0624,8.6988
ETRI,88,8.6988,0.0009,0.0624,8.6988
ETRI,17,8.6327,0.0018,0.0620,8.6327
ETRI,66,7.9739,0.0020,0.0572,7.9739
ETRI,103,7.9739,0.0017,0.0572,7.9739
ETRI,98,7.8538,0.0015,0.0564,7.8538
ETRI,59,7.7952,0.0019,0.0560,7.7952
ETRI,32,7.5984,0.0042,0.0545,7.5984
ETRI,53,7.4781,0.0030,0.0537,7.4781
ETRI,44,7.2584,0.0102,0.0521,7.2584
ETRI,47,7.2482,0.0029,0.0520,7.2482
ETRI,96,7.0665,0.0015,0.0507,7.0665
ETRI,7,7.0080,0.0025,0.0503,7.0080
ETRI,45,6.9506,0.0019,0.0499,6.9506
ETRI,93,6.7839,0.0019,0.0487,6.7839
ETRI,90,6.6774,0.0017,0.0479,6.6774
ETRI,4,6.5555,0.0034,0.0471,6.5555
ETRI,1,6.4429,0.0016,0.0462,6.4429
ETRI,70,6.4429,0.0022,0.0462,6.4429
ETRI,91,6.3881,0.0030,0.0459,6.3881
ETRI,75,6.0787,0.0019,0.0436,6.0787
ETRI,46,5.9824,0.0010,0.0429,5.9824
ETRI,102,5.9824,0.0012,0.0429,5.9824
ETRI,94,5.7361,0.0023,0.0412,5.7361
ETRI,23,5.6863,0.0015,0.0408,5.6863
ETRI,37,5.5896,0.0011,0.0401,5.5896
ETRI,38,5.4507,0.0013,0.0391,5.4507
ETRI,80,4.5365,0.0021,0.0326,4.5365
ETRI,78,3.8614,0.0009,0.0277,3.8614
ETRI,61,3.7390,0.0007,0.0268,3.7390
ETRI,52,3.6524,0.0010,0.0262,3.6524
ETRI,81,3.4600,0.0021,0.0248,3.4600
ETRI,60,3.2778,0.0090,0.0235,3.2778
ETRI,19,2.6194,0.0010,0.0188,2.6194
ETRI,85,2.5950,0.0023,0.0186,2.5950
ETRI,83,2.4800,0.0034,0.0178,2.4800
ETRI,41,2.3955,0.0008,0.0172,2.3955
ETRI,51,2.3753,0.0011,0.0171,2.3753
ETRI,50,2.3360,0.0010,0.0168,2.3360
ETRI,12,2.2613,0.0008,0.0162,2.2613
ETRI,15,1.9916,0.0021,0.0143,1.9916
ETRI,79,1.9286,0.0030,0.0138,1.9286
ETRI,92,1.7462,0.0009,0.0125,1.7462
ETRI,68,1.7300,0.0012,0.0124,1.7300
ETRI,58,1.6985,0.0017,0.0122,1.6985
ETRI,95,1.6681,0.0007,0.0120,1.6681
ETRI,84,1.6389,0.0004,0.0118,1.6389
ETRI,101,1.5573,0.0004,0.0112,1.5573
ETRI,69,1.5320,0.0007,0.0110,1.5320
ETRI,63,1.5197,0.0005,0.0109,1.5197
ETRI,3,1.4956,0.0004,0.0107,1.4956
ETRI,42,0.8985,0.0006,0.0064,0.8985
ETRI,55,0.8570,0.0006,0.0062,0.8570
HMI,0,7.6246,0.0004,0.3258,7.6246
HMI,36,7.2490,0.0006,0.3098,7.2490
HMI,56,5.7119,0.0005,0.2441,5.7119
HMI,65,5.3189,0.0008,0.2273,5.3189
HMI,29,5.0743,0.0011,0.2169,5.0743
HMI,10,4.8877,0.0004,0.2089,4.8877
HMI,7,4.6720,0.0017,0.1997,4.6720
HMI,14,4.4868,0.0005,0.1917,4.4868
HMI,53,4.4868,0.0018,0.1917,4.4868
HMI,13,4.3494,0.0007,0.1859,4.3494
HMI,28,4.3164,0.0010,0.1845,4.3164
HMI,27,4.1894,0.0004,0.1790,4.1894
HMI,71,3.7097,0.0010,0.1585,3.7097
HMI,73,3.6245,0.0005,0.1549,3.6245
HMI,33,3.0151,0.0005,0.1289,3.0151
HMI,100,3.0151,0.0006,0.1289,3.0151
HMI,16,2.9677,0.0005,0.1268,2.9677
HMI,64,2.9447,0.0012,0.1258,2.9447
HMI,76,2.9219,0.0004,0.1249,2.9219
HMI,89,2.8996,0.0004,0.1239,2.8996
HMI,87,2.8559,0.0003,0.1221,2.8559
HMI,9,2.8136,0.0004,0.1202,2.8136
HMI,77,2.8136,0.0004,0.1202,2.8136
HMI,57,2.7929,0.0005,0.1194,2.7929
HMI,22,2.3360,0.0006,0.0998,2.3360
HMI,38,2.3360,0.0006,0.0998,2.3360
HMI,45,2.3169,0.0006,0.0990,2.3169
HMI,63,2.2795,0.0007,0.0974,2.2795
HMI,93,2.2613,0.0006,0.0966,2.2613
HMI,46,2.2434,0.0004,0.0959,2.2434
HMI,90,2.2258,0.0006,0.0951,2.2258
HMI,52,2.1915,0.0006,0.0937,2.1915
HMI,88,2.1747,0.0002,0.0929,2.1747
HMI,20,2.1102,0.0003,0.0902,2.1102
HMI,31,1.6534,0.0013,0.0707,1.6534
HMI,49,1.6389,0.0009,0.0700,1.6389
HMI,69,1.5320,0.0007,0.0655,1.5320
HMI,75,1.5197,0.0005,0.0649,1.5197
HMI,3,1.4956,0.0004,0.0639,1.4956
HMI,6,1.4956,0.0004,0.0639,1.4956
HMI,61,1.4956,0.0003,0.0639,1.4956
HMI,97,1.4956,0.0004,0.0639,1.4956
HMI,102,1.4956,0.0003,0.0639,1.4956
HMI,26,1.4839,0.0005,0.0634,1.4839
HMI,11,1.4723,0.0002,0.0629,1.4723
HMI,5,1.4388,0.0003,0.0615,1.4388
HMI,17,1.4388,0.0003,0.0615,1.4388
HMI,25,1.4388,0.0004,0.0615,1.4388
HMI,80,0.9073,0.0004,0.0388,0.9073
HMI,42,0.8985,0.0006,0.0384,0.8985
HMI,24,0.8814,0.0011,0.0377,0.8814
HMI,19,0.8731,0.0003,0.0373,0.8731
HMI,58,0.8492,0.0009,0.0363,0.8492
HMI,83,0.8267,0.0011,0.0353,0.8267
HMI,4,0.8194,0.0004,0.0350,0.8194
HMI,60,0.8194,0.0023,0.0350,0.8194
HMI,41,0.7985,0.0003,0.0341,0.7985
HMI,51,0.7918,0.0004,0.0338,0.7918
HMI,72,0.7918,0.0005,0.0338,0.7918
HMI,50,0.7787,0.0003,0.0333,0.7787
HMI,78,0.7723,0.0002,0.0330,0.7723
HMI,67,0.7660,0.0006,0.0327,0.7660
HMI,32,0.7598,0.0004,0.0325,0.7598
HMI,54,0.7478,0.0001,0.0320,0.7478
HMI,62,0.7305,0.0002,0.0312,0.7305
HMI,8,0.7249,0.0001,0.0310,0.7249
HMI,30,0.7249,0.0002,0.0310,0.7249
HMI,34,0.7249,0.0001,0.0310,0.7249
HMI,66,0.7249,0.0002,0.0310,0.7249
HMI,103,0.7249,0.0002,0.0310,0.7249
HMI,98,0.7140,0.0001,0.0305,0.7140
HMI,21,0.7087,0.0001,0.0303,0.7087
HMI,59,0.7087,0.0002,0.0303,0.7087
HP,0,155.2650,0.0084,0.3524,155.2650
HP,22,141.7178,0.0340,0.3217,141.7178
HP,36,113.8087,0.0088,0.2583,113.8087
HP,65,96.4995,0.0143,0.2190,96.4995
HP,6,93.4757,0.0256,0.2122,93.4757
HP,34,91.3369,0.0185,0.2073,91.3369
HP,56,89.9616,0.0081,0.2042,89.9616
HP,73,76.1141,0.0106,0.1728,76.1141
HP,10,75.4095,0.0065,0.1712,75.4095
HP,87,72.8261,0.0089,0.1653,72.8261
HP,75,71.4248,0.0226,0.1621,71.4248
HP,88,71.0398,0.0076,0.1612,71.0398
HP,76,70.1265,0.0087,0.1592,70.1265
HP,89,68.8651,0.0084,0.1563,68.8651
HP,27,68.4272,0.0073,0.1553,68.4272
HP,103,66.6904,0.0143,0.1514,66.6904
HP,100,66.3319,0.0131,0.1506,66.3319
HP,18,64.6081,0.0529,0.1466,64.6081
HP,14,64.3113,0.0071,0.1460,64.3113
HP,13,63.7908,0.0098,0.1448,63.7908
HP,16,55.6453,0.0098,0.1263,55.6453
HP,8,47.8431,0.0058,0.1086,47.8431
HP,33,45.9801,0.0083,0.1044,45.9801
HP,77,45.7212,0.0066,0.1038,45.7212
HP,9,43.6110,0.0058,0.0990,43.6110
HP,86,43.3727,0.0125,0.0984,43.3727
HP,63,42.5510,0.0136,0.0966,42.5510
HP,49,40.9720,0.0222,0.0930,40.9720
HP,38,39.7121,0.0095,0.0901,39.7121
HP,29,37.6946,0.0082,0.0856,37.6946
HP,62,35.0633,0.0087,0.0796,35.0633
HP,42,35.0410,0.0228,0.0795,35.0410
HP,20,34.4668,0.0049,0.0782,34.4668
HP,80,33.5699,0.0156,0.0762,33.5699
HP,25,30.9340,0.0081,0.0702,30.9340
HP,97,28.4166,0.0085,0.0645,28.4166
HP,21,28.3461,0.0058,0.0643,28.3461
HP,48,28.2049,0.0146,0.0640,28.2049
HP,26,28.1936,0.0093,0.0640,28.1936
HP,102,26.1732,0.0053,0.0594,26.1732
HP,90,25.9678,0.0066,0.0589,25.9678
HP,12,24.1207,0.0083,0.0547,24.1207
HP,64,23.5573,0.0096,0.0535,23.5573
HP,57,23.0418,0.0038,0.0523,23.0418
HP,50,22.5814,0.0097,0.0513,22.5814
HP,5,22.3013,0.0046,0.0506,22.3013
HP,17,22.3013,0.0047,0.0506,22.3013
HP,45,21.6240,0.0059,0.0491,21.6240
HP,30,21.0220,0.0055,0.0477,21.0220
HP,66,21.0220,0.0052,0.0477,21.0220
HP,98,20.7055,0.0039,0.0470,20.7055
HP,59,20.5509,0.0050,0.0466,20.5509
HP,4,20.4860,0.0105,0.0465,20.4860
HP,61,17.1995,0.0033,0.0390,17.1995
HP,28,15.8267,0.0035,0.0359,15.8267
HP,85,15.5700,0.0135,0.0353,15.5700
HP,44,14.5167,0.0203,0.0329,14.5167
HP,40,14.3731,0.0039,0.0326,14.3731
HP,54,14.2083,0.0028,0.0322,14.2083
HP,84,13.1111,0.0036,0.0298,13.1111
HP,94,13.1111,0.0052,0.0298,13.1111
HP,70,12.8857,0.0044,0.0292,12.8857
HP,37,11.1791,0.0022,0.0254,11.1791
HP,71,11.1291,0.0031,0.0253,11.1291
HP,51,11.0849,0.0051,0.0252,11.0849
HP,101,10.9014,0.0030,0.0247,10.9014
HP,78,10.8120,0.0026,0.0245,10.8120
HP,46,10.4693,0.0018,0.0238,10.4693
HP,69,9.9581,0.0043,0.0226,9.9581
HP,3,9.7215,0.0025,0.0221,9.7215
HP,68,9.5150,0.0067,0.0216,9.5150
HP,83,9.0935,0.0124,0.0206,9.0935
HP,23,8.9357,0.0023,0.0203,8.9357
HP,41,8.7836,0.0031,0.0199,8.7836
HP,96,8.6368,0.0018,0.0196,8.6368
HP,58,8.4923,0.0087,0.0193,8.4923
HP,31,8.2668,0.0064,0.0188,8.2668
HP,47,8.0536,0.0032,0.0183,8.0536
HP,32,7.5984,0.0042,0.0172,7.5984
HP,1,7.2482,0.0018,0.0165,7.2482
HP,55,6.8563,0.0047,0.0156,6.8563
HP,79,6.7501,0.0107,0.0153,6.7501
HP,52,6.5744,0.0018,0.0149,6.5744
HP,72,6.3342,0.0043,0.0144,6.3342
HP,35,6.1698,0.0028,0.0140,6.1698
HP,67,6.1281,0.0050,0.0139,6.1281
HP,53,5.9824,0.0024,0.0136,5.9824
HP,93,5.2764,0.0015,0.0120,5.2764
HP,11,5.1532,0.0008,0.0117,5.1532
HP,2,5.0954,0.0021,0.0116,5.0954
HP,43,4.3677,0.0092,0.0099,4.3677
HP,19,4.3656,0.0016,0.0099,4.3656
HP,7,3.8933,0.0014,0.0088,3.8933
HP,39,3.7778,0.0038,0.0086,3.7778
HP,99,3.3577,0.0073,0.0076,3.3577
HP,60,3.2778,0.0090,0.0074,3.2778
HP,74,3.1940,0.0011,0.0072,3.1940
HP,91,3.1940,0.0015,0.0072,3.1940
HP,15,1.9916,0.0021,0.0045,1.9916
HP,92,1.7462,0.0009,0.0040,1.7462
HP,24,0.8814,0.0011,0.0020,0.8814
HP,81,0.8650,0.0005,0.0020,0.8650
HP,95,0.8341,0.0004,0.0019,0.8341
Harman,11,36.8082,0.0060,0.3818,36.8082
Harman,0,27.0327,0.0015,0.2804,27.0327
Harman,27,26.5330,0.0028,0.2752,26.5330
Harman,10,23.0418,0.0020,0.2390,23.0418
Harman,14,22.4342,0.0025,0.2327,22.4342
Harman,85,20.7599,0.0180,0.2154,20.7599
Harman,99,17.9077,0.0388,0.1858,17.9077
Harman,9,17.5851,0.0023,0.1824,17.5851
Harman,38,15.5734,0.0037,0.1616,15.5734
Harman,100,15.0754,0.0030,0.1564,15.0754
Harman,36,14.4979,0.0011,0.1504,14.4979
Harman,73,14.4979,0.0020,0.1504,14.4979
Harman,97,14.2083,0.0042,0.1474,14.2083
Harman,20,14.0681,0.0020,0.1459,14.0681
Harman,29,12.3232,0.0027,0.1278,12.3232
Harman,89,11.5983,0.0014,0.1203,11.5983
Harman,46,11.2171,0.0019,0.1164,11.2171
Harman,52,10.9573,0.0031,0.1137,10.9573
Harman,88,10.8734,0.0012,0.1128,10.8734
Harman,26,10.3871,0.0034,0.1078,10.3871
Harman,66,10.1485,0.0025,0.1053,10.1485
Harman,87,9.9957,0.0012,0.1037,9.9957
Harman,98,9.9957,0.0019,0.1037,9.9957
Harman,77,9.8477,0.0014,0.1022,9.8477
Harman,12,9.7990,0.0034,0.1017,9.7990
Harman,62,9.4963,0.0024,0.0985,9.4963
Harman,103,9.4236,0.0020,0.0978,9.4236
Harman,21,9.2125,0.0019,0.0956,9.2125
Harman,95,9.1746,0.0039,0.0952,9.1746
Harman,63,9.1181,0.0029,0.0946,9.1181
Harman,54,8.9737,0.0018,0.0931,8.9737
Harman,71,8.9032,0.0025,0.0924,8.9032
Harman,25,8.6327,0.0023,0.0896,8.6327
Harman,45,8.4951,0.0023,0.0881,8.4951
Harman,5,7.9133,0.0016,0.0821,7.9133
Harman,17,7.9133,0.0017,0.0821,7.9133
Harman,56,7.8538,0.0007,0.0815,7.8538
Harman,59,7.7952,0.0019,0.0809,7.7952
Harman,7,7.7867,0.0028,0.0808,7.7867
Harman,57,7.6806,0.0013,0.0797,7.6806
Harman,8,7.2490,0.0009,0.0752,7.2490
Harman,13,7.2490,0.0011,0.0752,7.2490
Harman,69,6.8941,0.0030,0.0715,6.8941
Harman,65,6.8385,0.0010,0.0709,6.8385
Harman,53,6.7303,0.0027,0.0698,6.7303
Harman,76,6.5744,0.0008,0.0682,6.5744
Harman,30,6.5241,0.0017,0.0677,6.5241
Harman,28,6.4746,0.0014,0.0672,6.4746
Harman,92,6.1118,0.0033,0.0634,6.1118
Harman,34,5.7992,0.0012,0.0602,5.7992
Harman,78,5.4060,0.0013,0.0561,5.4060
Harman,90,5.1936,0.0013,0.0539,5.1936
Harman,49,4.9166,0.0027,0.0510,4.9166
Harman,40,4.7910,0.0013,0.0497,4.7910
Harman,94,4.0972,0.0016,0.0425,4.0972
Harman,67,3.8300,0.0031,0.0397,3.8300
Harman,3,3.7390,0.0010,0.0388,3.7390
Harman,61,3.7390,0.0007,0.0388,3.7390
Harman,43,3.2758,0.0069,0.0340,3.2758
Harman,70,3.2214,0.0011,0.0334,3.2214
Harman,41,3.1940,0.0011,0.0331,3.1940
Harman,91,3.1940,0.0015,0.0331,3.1940
Harman,72,3.1671,0.0021,0.0329,3.1671
Harman,75,3.0394,0.0010,0.0315,3.0394
Harman,86,2.9912,0.0009,0.0310,2.9912
Harman,102,2.9912,0.0006,0.0310,2.9912
Harman,15,2.9874,0.0032,0.0310,2.9874
Harman,35,2.6442,0.0012,0.0274,2.6442
Harman,2,2.5477,0.0011,0.0264,2.5477
Harman,31,2.4800,0.0019,0.0257,2.4800
Harman,23,2.4370,0.0006,0.0253,2.4370
Harman,47,2.4161,0.0010,0.0251,2.4161
Harman,37,2.3955,0.0005,0.0249,2.3955
Harman,24,1.7628,0.0023,0.0183,1.7628
Harman,19,1.7462,0.0006,0.0181,1.7462
Harman,81,1.7300,0.0010,0.0179,1.7300
Harman,1,1.6107,0.0004,0.0167,1.6107
Harman,96,1.5703,0.0003,0.0163,1.5703
Harman,32,1.5197,0.0008,0.0158,1.5197
Harman,93,1.5075,0.0004,0.0156,1.5075
Harman,64,1.4723,0.0006,0.0153,1.4723
Harman,44,0.9073,0.0013,0.0094,0.9073
Harman,48,0.8814,0.0005,0.0091,0.8814
Harman,58,0.8492,0.0009,0.0088,0.8492
Harman,83,0.8267,0.0011,0.0086,0.8267
Harman,60,0.8194,0.0023,0.0085,0.8194
Harman,51,0.7918,0.0004,0.0082,0.7918
Harman,50,0.7787,0.0003,0.0081,0.7787
Harman,33,0.7538,0.0001,0.0078,0.7538
Harman,6,0.7478,0.0002,0.0078,0.7478
Harman,16,0.7419,0.0001,0.0077,0.7419
IEC,98,47.1228,0.0088,0.3399,47.1228
IEC,21,43.9364,0.0089,0.3170,43.9364
IEC,0,38.1231,0.0021,0.2750,38.1231
IEC,5,31.6534,0.0066,0.2283,31.6534
IEC,8,29.7207,0.0036,0.2144,29.7207
IEC,10,29.3259,0.0025,0.2116,29.3259
IEC,87,26.4173,0.0032,0.1906,26.4173
IEC,17,25.8982,0.0054,0.1868,25.8982
IEC,103,25.3714,0.0054,0.1830,25.3714
IEC,20,25.3225,0.0036,0.1827,25.3225
IEC,34,24.6465,0.0050,0.1778,24.6465
IEC,27,22.3436,0.0024,0.1612,22.3436
IEC,30,21.7469,0.0057,0.1569,21.7469
IEC,77,18.2885,0.0026,0.1319,18.2885
IEC,9,17.5851,0.0023,0.1269,17.5851
IEC,91,17.5672,0.0084,0.1267,17.5672
IEC,3,17.1995,0.0044,0.1241,17.1995
IEC,94,16.3888,0.0064,0.1182,16.3888
IEC,29,15.2228,0.0033,0.1098,15.2228
IEC,89,14.4979,0.0018,0.1046,14.4979
IEC,33,13.5679,0.0024,0.0979,13.5679
IEC,15,12.9454,0.0137,0.0934,12.9454
IEC,56,12.8517,0.0012,0.0927,12.8517
IEC,86,12.7127,0.0036,0.0917,12.7127
IEC,31,12.4002,0.0096,0.0895,12.4002
IEC,36,12.3232,0.0010,0.0889,12.3232
IEC,19,12.2237,0.0045,0.0882,12.2237
IEC,54,11.9649,0.0023,0.0863,11.9649
IEC,57,11.8700,0.0020,0.0856,11.8700
IEC,78,11.5843,0.0028,0.0836,11.5843
IEC,61,11.2171,0.0022,0.0809,11.2171
IEC,40,11.1791,0.0030,0.0806,11.1791
IEC,66,10.8734,0.0027,0.0784,10.8734
IEC,25,10.7909,0.0028,0.0778,10.7909
IEC,75,10.6377,0.0034,0.0767,10.6377
IEC,23,10.5604,0.0028,0.0762,10.5604
IEC,97,10.4693,0.0031,0.0755,10.4693
IEC,37,10.3806,0.0020,0.0749,10.3806
IEC,101,10.1227,0.0028,0.0730,10.1227
IEC,80,9.9802,0.0046,0.0720,9.9802
IEC,59,9.9211,0.0024,0.0716,9.9211
IEC,88,9.4236,0.0010,0.0680,9.4236
IEC,2,9.3415,0.0039,0.0674,9.3415
IEC,65,9.1181,0.0013,0.0658,9.1181
IEC,83,9.0935,0.0124,0.0656,9.0935
IEC,16,8.9032,0.0016,0.0642,8.9032
IEC,70,8.8590,0.0030,0.0639,8.8590
IEC,73,8.6988,0.0012,0.0628,8.6988
IEC,96,8.6368,0.0018,0.0623,8.6368
IEC,102,8.2259,0.0017,0.0593,8.2259
IEC,62,8.0353,0.0020,0.0580,8.0353
IEC,13,7.9739,0.0012,0.0575,7.9739
IEC,28,7.9133,0.0017,0.0571,7.9133
IEC,1,7.2482,0.0018,0.0523,7.2482
IEC,51,7.1260,0.0033,0.0514,7.1260
IEC,68,6.9200,0.0049,0.0499,6.9200
IEC,69,6.8941,0.0030,0.0497,6.8941
IEC,55,6.8563,0.0047,0.0495,6.8563
IEC,71,6.6774,0.0018,0.0482,6.6774
IEC,90,6.6774,0.0017,0.0482,6.6774
IEC,35,6.1698,0.0028,0.0445,6.1698
IEC,67,6.1281,0.0050,0.0442,6.1281
IEC,93,6.0302,0.0017,0.0435,6.0302
IEC,26,5.9355,0.0020,0.0428,5.9355
IEC,64,5.8893,0.0024,0.0425,5.8893
IEC,4,5.7361,0.0029,0.0414,5.7361
IEC,49,5.7361,0.0031,0.0414,5.7361
IEC,50,5.4507,0.0023,0.0393,5.4507
IEC,12,5.2764,0.0018,0.0381,5.2764
IEC,14,5.2346,0.0006,0.0378,5.2346
IEC,60,4.9166,0.0136,0.0355,4.9166
IEC,84,4.9166,0.0013,0.0355,4.9166
IEC,45,4.6337,0.0013,0.0334,4.6337
IEC,32,4.5590,0.0025,0.0329,4.5590
IEC,46,4.4868,0.0008,0.0324,4.4868
IEC,24,4.4070,0.0057,0.0318,4.4070
IEC,52,4.3829,0.0012,0.0316,4.3829
IEC,76,4.3829,0.0005,0.0316,4.3829
IEC,7,3.8933,0.0014,0.0281,3.8933
IEC,22,3.8933,0.0009,0.0281,3.8933
IEC,100,3.7689,0.0007,0.0272,3.7689
IEC,6,3.7390,0.0010,0.0270,3.7390
IEC,47,3.2214,0.0013,0.0232,3.2214
IEC,41,3.1940,0.0011,0.0230,3.1940
IEC,63,3.0394,0.0010,0.0219,3.0394
IEC,53,2.9912,0.0012,0.0216,2.9912
IEC,11,2.9447,0.0005,0.0212,2.9447
IEC,18,2.8929,0.0024,0.0209,2.8929
IEC,42,2.6955,0.0018,0.0194,2.6955
IEC,58,2.5477,0.0026,0.0184,2.5477
IEC,74,2.3955,0.0008,0.0173,2.3955
IEC,38,2.3360,0.0006,0.0169,2.3360
IEC,79,1.9286,0.0030,0.0139,1.9286
IEC,92,1.7462,0.0009,0.0126,1.7462
IEC,43,1.0919,0.0023,0.0079,1.0919
IEC,44,0.9073,0.0013,0.0065,0.9073
IEC,85,0.8650,0.0008,0.0062,0.8650
IEC,95,0.8341,0.0004,0.0060,0.8341
IEC,72,0.7918,0.0005,0.0057,0.7918
IEEE,0,7.6246,0.0004,0.3144,7.6246
IEEE,10,6.2841,0.0005,0.2592,6.2841
IEEE,17,5.7552,0.0012,0.2373,5.7552
IEEE,21,5.6692,0.0012,0.2338,5.6692
IEEE,77,5.6272,0.0008,0.2321,5.6272
IEEE,27,5.5859,0.0006,0.2304,5.5859
IEEE,87,4.9979,0.0006,0.2061,4.9979
IEEE,34,4.3494,0.0009,0.1794,4.3494
IEEE,5,4.3164,0.0009,0.1780,4.3164
IEEE,9,4.2204,0.0006,0.1740,4.2204
IEEE,62,3.6524,0.0009,0.1506,3.6524
IEEE,8,3.6245,0.0004,0.1495,3.6245
IEEE,29,3.6245,0.0008,0.1495,3.6245
IEEE,66,3.6245,0.0009,0.1495,3.6245
IEEE,103,3.6245,0.0008,0.1495,3.6245
IEEE,25,3.5970,0.0009,0.1483,3.5970
IEEE,28,3.5970,0.0008,0.1483,3.5970
IEEE,56,3.5699,0.0003,0.1472,3.5699
IEEE,98,3.5699,0.0007,0.1472,3.5699
IEEE,57,3.4912,0.0006,0.1440,3.4912
IEEE,83,3.3067,0.0045,0.1364,3.3067
IEEE,91,3.1940,0.0015,0.1317,3.1940
IEEE,15,2.9874,0.0032,0.1232,2.9874
IEEE,13,2.8996,0.0004,0.1196,2.8996
IEEE,30,2.8996,0.0008,0.1196,2.8996
IEEE,36,2.8996,0.0002,0.1196,2.8996
IEEE,59,2.8346,0.0007,0.1169,2.8346
IEEE,20,2.8136,0.0004,0.1160,2.8136
IEEE,67,2.2980,0.0019,0.0948,2.2980
IEEE,54,2.2434,0.0004,0.0925,2.2434
IEEE,86,2.2434,0.0006,0.0925,2.2434
IEEE,102,2.2434,0.0005,0.0925,2.2434
IEEE,90,2.2258,0.0006,0.0918,2.2258
IEEE,73,2.1747,0.0003,0.0897,2.1747
IEEE,24,1.7628,0.0023,0.0727,1.7628
IEEE,1,1.6107,0.0004,0.0664,1.6107
IEEE,47,1.6107,0.0006,0.0664,1.6107
IEEE,51,1.5836,0.0007,0.0653,1.5836
IEEE,75,1.5197,0.0005,0.0627,1.5197
IEEE,12,1.5075,0.0005,0.0622,1.5075
IEEE,97,1.4956,0.0004,0.0617,1.4956
IEEE,16,1.4839,0.0003,0.0612,1.4839
IEEE,26,1.4839,0.0005,0.0612,1.4839
IEEE,11,1.4723,0.0002,0.0607,1.4723
IEEE,64,1.4723,0.0006,0.0607,1.4723
IEEE,52,1.4610,0.0004,0.0602,1.4610
IEEE,89,1.4498,0.0002,0.0598,1.4498
IEEE,18,0.9643,0.0008,0.0398,0.9643
IEEE,79,0.9643,0.0015,0.0398,0.9643
IEEE,44,0.9073,0.0013,0.0374,0.9073
IEEE,19,0.8731,0.0003,0.0360,0.8731
IEEE,68,0.8650,0.0006,0.0357,0.8650
IEEE,55,0.8570,0.0006,0.0353,0.8570
IEEE,31,0.8267,0.0006,0.0341,0.8267
IEEE,4,0.8194,0.0004,0.0338,0.8194
IEEE,49,0.8194,0.0004,0.0338,0.8194
IEEE,60,0.8194,0.0023,0.0338,0.8194
IEEE,94,0.8194,0.0003,0.0338,0.8194
IEEE,23,0.8123,0.0002,0.0335,0.8123
IEEE,37,0.7985,0.0002,0.0329,0.7985
IEEE,40,0.7985,0.0002,0.0329,0.7985
IEEE,41,0.7985,0.0003,0.0329,0.7985
IEEE,72,0.7918,0.0005,0.0327,0.7918
IEEE,96,0.7852,0.0002,0.0324,0.7852
IEEE,22,0.7787,0.0002,0.0321,0.7787
IEEE,69,0.7660,0.0003,0.0316,0.7660
IEEE,32,0.7598,0.0004,0.0313,0.7598
IEEE,65,0.7598,0.0001,0.0313,0.7598
IEEE,33,0.7538,0.0001,0.0311,0.7538
IEEE,93,0.7538,0.0002,0.0311,0.7538
IEEE,100,0.7538,0.0001,0.0311,0.7538
IEEE,3,0.7478,0.0002,0.0308,0.7478
IEEE,6,0.7478,0.0002,0.0308,0.7478
IEEE,14,0.7478,0.0001,0.0308,0.7478
IEEE,46,0.7478,0.0001,0.0308,0.7478
IEEE,61,0.7478,0.0001,0.0308,0.7478
IEEE,71,0.7419,0.0002,0.0306,0.7419
IEEE,76,0.7305,0.0001,0.0301,0.7305
IEEE,88,0.7249,0.0001,0.0299,0.7249
IMID,0,58.2244,0.0031,0.3883,58.2244
IMID,36,45.6684,0.0035,0.3046,45.6684
IMID,73,44.9435,0.0063,0.2997,44.9435
IMID,26,38.5807,0.0128,0.2573,38.5807
IMID,56,35.6991,0.0032,0.2381,35.6991
IMID,10,34.2136,0.0030,0.2282,34.2136
IMID,14,30.6600,0.0034,0.2045,30.6600
IMID,87,28.5593,0.0035,0.1905,28.5593
IMID,13,28.2709,0.0044,0.1885,28.2709
IMID,76,27.7584,0.0034,0.1851,27.7584
IMID,89,26.8211,0.0033,0.1789,26.8211
IMID,27,25.8347,0.0028,0.1723,25.8347
IMID,65,25.8345,0.0038,0.1723,25.8345
IMID,88,25.3714,0.0027,0.1692,25.3714
IMID,100,21.1056,0.0042,0.1408,21.1056
IMID,8,20.2971,0.0025,0.1354,20.2971
IMID,97,20.1908,0.0060,0.1347,20.1908
IMID,33,16.5830,0.0030,0.1106,16.5830
IMID,22,16.3521,0.0039,0.1091,16.3521
IMID,29,15.9477,0.0035,0.1064,15.9477
IMID,38,15.5734,0.0037,0.1039,15.5734
IMID,20,15.4749,0.0022,0.1032,15.4749
IMID,77,14.7715,0.0021,0.0985,14.7715
IMID,16,14.0968,0.0025,0.0940,14.0968
IMID,6,12.7127,0.0035,0.0848,12.7127
IMID,44,11.7948,0.0165,0.0787,11.7948
IMID,37,11.1791,0.0022,0.0746,11.1791
IMID,34,10.8734,0.0022,0.0725,10.8734
IMID,91,10.3806,0.0050,0.0692,10.3806
IMID,23,8.9357,0.0023,0.0596,8.9357
IMID,96,8.6368,0.0018,0.0576,8.6368
IMID,25,8.6327,0.0023,0.0576,8.6327
IMID,78,8.4951,0.0020,0.0567,8.4951
IMID,9,8.4408,0.0011,0.0563,8.4408
IMID,61,8.2259,0.0016,0.0549,8.2259
IMID,67,7.6601,0.0063,0.0511,7.6601
IMID,5,7.1940,0.0015,0.0480,7.1940
IMID,28,7.1940,0.0016,0.0480,7.1940
IMID,40,7.1866,0.0019,0.0479,7.1866
IMID,59,7.0865,0.0017,0.0473,7.0865
IMID,57,6.9824,0.0012,0.0466,6.9824
IMID,90,6.6774,0.0017,0.0445,6.6774
IMID,101,6.2294,0.0017,0.0415,6.2294
IMID,32,6.0787,0.0033,0.0405,6.0787
IMID,63,6.0787,0.0019,0.0405,6.0787
IMID,12,6.0302,0.0021,0.0402,6.0302
IMID,86,5.9824,0.0017,0.0399,5.9824
IMID,64,5.8893,0.0024,0.0393,5.8893
IMID,84,5.7361,0.0016,0.0383,5.7361
IMID,1,5.6375,0.0014,0.0376,5.6375
IMID,46,5.2346,0.0009,0.0349,5.2346
IMID,103,5.0743,0.0011,0.0338,5.0743
IMID,71,4.4516,0.0012,0.0297,4.4516
IMID,30,4.3494,0.0011,0.0290,4.3494
IMID,66,4.3494,0.0011,0.0290,4.3494
IMID,17,4.3164,0.0009,0.0288,4.3164
IMID,98,4.2839,0.0008,0.0286,4.2839
IMID,21,4.2519,0.0009,0.0284,4.2519
IMID,47,4.0268,0.0016,0.0269,4.0268
IMID,70,4.0268,0.0014,0.0269,4.0268
IMID,75,3.7992,0.0012,0.0253,3.7992
IMID,35,3.5256,0.0016,0.0235,3.5256
IMID,49,3.2778,0.0018,0.0219,3.2778
IMID,50,3.1147,0.0013,0.0208,3.1147
IMID,69,3.0640,0.0013,0.0204,3.0640
IMID,93,3.0151,0.0009,0.0201,3.0151
IMID,102,2.9912,0.0006,0.0199,2.9912
IMID,11,2.9447,0.0005,0.0196,2.9447
IMID,95,2.5022,0.0011,0.0167,2.5022
IMID,4,2.4583,0.0013,0.0164,2.4583
IMID,41,2.3955,0.0008,0.0160,2.3955
IMID,3,2.2434,0.0006,0.0150,2.2434
IMID,39,1.8889,0.0019,0.0126,1.8889
IMID,80,1.8146,0.0008,0.0121,1.8146
IMID,85,1.7300,0.0015,0.0115,1.7300
IMID,2,1.6985,0.0007,0.0113,1.6985
IMID,58,1.6985,0.0017,0.0113,1.6985
IMID,60,1.6389,0.0045,0.0109,1.6389
IMID,94,1.6389,0.0006,0.0109,1.6389
IMID,74,1.5970,0.0006,0.0107,1.5970
IMID,53,1.4956,0.0006,0.0100,1.4956
IMID,15,0.9958,0.0011,0.0066,0.9958
IMID,18,0.9643,0.0008,0.0064,0.9643
IMID,48,0.8814,0.0005,0.0059,0.8814
IMID,19,0.8731,0.0003,0.0058,0.8731
IMID,92,0.8731,0.0005,0.0058,0.8731
IMID,55,0.8570,0.0006,0.0057,0.8570
IMID,51,0.7918,0.0004,0.0053,0.7918
IMID,7,0.7787,0.0003,0.0052,0.7787
IMID,52,0.7305,0.0002,0.0049,0.7305
IMID,62,0.7305,0.0002,0.0049,0.7305
ITU,5,42.4443,0.0088,0.4231,42.4443
ITU,8,39.1444,0.0048,0.3902,39.1444
ITU,0,30.4985,0.0016,0.3040,30.4985
ITU,91,23.9552,0.0114,0.2388,23.9552
ITU,98,19.9915,0.0037,0.1993,19.9915
ITU,10,19.5506,0.0017,0.1949,19.5506
ITU,89,18.8473,0.0023,0.1879,18.8473
ITU,77,16.8817,0.0024,0.1683,16.8817
ITU,57,16.7577,0.0028,0.1670,16.7577
ITU,88,16.6726,0.0018,0.1662,16.6726
ITU,27,16.0594,0.0017,0.1601,16.0594
ITU,44,15.4240,0.0216,0.1538,15.4240
ITU,36,13.7730,0.0011,0.1373,13.7730
ITU,73,13.0481,0.0018,0.1301,13.0481
ITU,17,12.9491,0.0027,0.1291,12.9491
ITU,25,12.9491,0.0034,0.1291,12.9491
ITU,97,12.7127,0.0038,0.1267,12.7127
ITU,30,12.3232,0.0032,0.1228,12.3232
ITU,66,11.5983,0.0029,0.1156,11.5983
ITU,56,11.4237,0.0010,0.1139,11.4237
ITU,87,11.4237,0.0014,0.1139,11.4237
ITU,1,11.2750,0.0028,0.1124,11.2750
ITU,20,11.2545,0.0016,0.1122,11.2545
ITU,13,10.8734,0.0017,0.1084,10.8734
ITU,21,10.6298,0.0022,0.1060,10.6298
ITU,59,10.6298,0.0026,0.1060,10.6298
ITU,96,9.4220,0.0020,0.0939,9.4220
ITU,26,8.9032,0.0029,0.0888,8.9032
ITU,29,8.6988,0.0019,0.0867,8.6988
ITU,34,8.6988,0.0018,0.0867,8.6988
ITU,12,7.5377,0.0026,0.0751,7.5377
ITU,47,7.2482,0.0029,0.0723,7.2482
ITU,93,6.7839,0.0019,0.0676,6.7839
ITU,46,6.7303,0.0011,0.0671,6.7303
ITU,86,5.9824,0.0017,0.0596,5.9824
ITU,76,5.1134,0.0006,0.0510,5.1134
ITU,3,4.4868,0.0011,0.0447,4.4868
ITU,16,4.4516,0.0008,0.0444,4.4516
ITU,64,4.4170,0.0018,0.0440,4.4170
ITU,22,3.1147,0.0007,0.0310,3.1147
ITU,65,3.0394,0.0004,0.0303,3.0394
ITU,33,3.0151,0.0005,0.0301,3.0151
ITU,100,3.0151,0.0006,0.0301,3.0151
ITU,6,2.9912,0.0008,0.0298,2.9912
ITU,14,2.9912,0.0003,0.0298,2.9912
ITU,103,2.8996,0.0006,0.0289,2.8996
ITU,9,2.8136,0.0004,0.0280,2.8136
ITU,4,1.6389,0.0008,0.0163,1.6389
ITU,84,1.6389,0.0004,0.0163,1.6389
ITU,50,1.5573,0.0007,0.0155,1.5573
ITU,101,1.5573,0.0004,0.0155,1.5573
ITU,32,1.5197,0.0008,0.0151,1.5197
ITU,54,1.4956,0.0003,0.0149,1.4956
ITU,61,1.4956,0.0003,0.0149,1.4956
ITU,102,1.4956,0.0003,0.0149,1.4956
ITU,90,1.4839,0.0004,0.0148,1.4839
ITU,28,1.4388,0.0003,0.0143,1.4388
ITU,80,0.9073,0.0004,0.0090,0.9073
ITU,19,0.8731,0.0003,0.0087,0.8731
ITU,68,0.8650,0.0006,0.0086,0.8650
ITU,55,0.8570,0.0006,0.0085,0.8570
ITU,95,0.8341,0.0004,0.0083,0.8341
ITU,31,0.8267,0.0006,0.0082,0.8267
ITU,60,0.8194,0.0023,0.0082,0.8194
ITU,37,0.7985,0.0002,0.0080,0.7985
ITU,74,0.7985,0.0003,0.0080,0.7985
ITU,51,0.7918,0.0004,0.0079,0.7918
ITU,72,0.7918,0.0005,0.0079,0.7918
ITU,45,0.7723,0.0002,0.0077,0.7723
ITU,67,0.7660,0.0006,0.0076,0.7660
ITU,53,0.7478,0.0003,0.0075,0.7478
ITU,11,0.7362,0.0001,0.0073,0.7362
ITU,62,0.7305,0.0002,0.0073,0.7305
Innolux,0,37.4299,0.0020,0.3395,37.4299
Innolux,36,35.5199,0.0027,0.3221,35.5199
Innolux,56,28.5593,0.0026,0.2590,28.5593
Innolux,27,27.9295,0.0030,0.2533,27.9295
Innolux,10,27.2312,0.0023,0.2470,27.2312
Innolux,8,22.4718,0.0027,0.2038,22.4718
Innolux,89,21.7469,0.0027,0.1972,21.7469
Innolux,20,20.3987,0.0029,0.1850,20.3987
Innolux,88,20.2971,0.0022,0.1841,20.2971
Innolux,73,19.5722,0.0027,0.1775,19.5722
Innolux,13,18.8473,0.0029,0.1709,18.8473
Innolux,76,17.5316,0.0022,0.1590,17.5316
Innolux,87,17.1356,0.0021,0.1554,17.1356
Innolux,29,15.9477,0.0035,0.1446,15.9477
Innolux,97,15.7039,0.0047,0.1424,15.7039
Innolux,91,15.1716,0.0072,0.1376,15.1716
Innolux,77,14.7715,0.0021,0.1340,14.7715
Innolux,28,14.3879,0.0032,0.1305,14.3879
Innolux,103,13.7730,0.0029,0.1249,13.7730
Innolux,62,13.1487,0.0033,0.1193,13.1487
Innolux,65,12.9173,0.0019,0.1172,12.9173
Innolux,5,11.5103,0.0024,0.1044,11.5103
Innolux,100,11.3066,0.0022,0.1025,11.3066
Innolux,9,11.2545,0.0015,0.1021,11.2545
Innolux,14,10.4693,0.0012,0.0949,10.4693
Innolux,53,9.7215,0.0039,0.0882,9.7215
Innolux,26,9.6452,0.0032,0.0875,9.6452
Innolux,25,9.3521,0.0025,0.0848,9.3521
Innolux,54,8.9737,0.0018,0.0814,8.9737
Innolux,64,8.8340,0.0036,0.0801,8.8340
Innolux,61,8.2259,0.0016,0.0746,8.2259
Innolux,16,8.1613,0.0014,0.0740,8.1613
Innolux,72,7.9178,0.0054,0.0718,7.9178
Innolux,7,7.7867,0.0028,0.0706,7.7867
Innolux,33,7.5377,0.0014,0.0684,7.5377
Innolux,3,7.4781,0.0019,0.0678,7.4781
Innolux,46,7.4781,0.0013,0.0678,7.4781
Innolux,86,7.4781,0.0021,0.0678,7.4781
Innolux,37,7.1866,0.0014,0.0652,7.1866
Innolux,22,7.0080,0.0017,0.0636,7.0080
Innolux,57,6.9824,0.0012,0.0633,6.9824
Innolux,52,6.5744,0.0018,0.0596,6.5744
Innolux,51,6.3342,0.0029,0.0574,6.3342
Innolux,67,6.1281,0.0050,0.0556,6.1281
Innolux,93,6.0302,0.0017,0.0547,6.0302
Innolux,6,5.9824,0.0016,0.0543,5.9824
Innolux,98,5.7119,0.0011,0.0518,5.7119
Innolux,1,5.6375,0.0014,0.0511,5.6375
Innolux,102,5.2346,0.0011,0.0475,5.2346
Innolux,34,5.0743,0.0010,0.0460,5.0743
Innolux,84,4.9166,0.0013,0.0446,4.9166
Innolux,23,4.8740,0.0013,0.0442,4.8740
Innolux,41,4.7910,0.0017,0.0435,4.7910
Innolux,74,4.7910,0.0017,0.0435,4.7910
Innolux,96,4.7110,0.0010,0.0427,4.7110
Innolux,38,4.6720,0.0011,0.0424,4.6720
Innolux,45,4.6337,0.0013,0.0420,4.6337
Innolux,44,4.5365,0.0064,0.0411,4.5365
Innolux,17,4.3164,0.0009,0.0391,4.3164
Innolux,21,4.2519,0.0009,0.0386,4.2519
Innolux,101,3.8933,0.0011,0.0353,3.8933
Innolux,63,3.7992,0.0012,0.0345,3.7992
Innolux,75,3.7992,0.0012,0.0345,3.7992
Innolux,12,3.7689,0.0013,0.0342,3.7689
Innolux,71,3.7097,0.0010,0.0336,3.7097
Innolux,11,3.6808,0.0006,0.0334,3.6808
Innolux,30,3.6245,0.0010,0.0329,3.6245
Innolux,59,3.5433,0.0009,0.0321,3.5433
Innolux,35,3.5256,0.0016,0.0320,3.5256
Innolux,47,3.2214,0.0013,0.0292,3.2214
Innolux,70,3.2214,0.0011,0.0292,3.2214
Innolux,40,3.1940,0.0009,0.0290,3.1940
Innolux,69,3.0640,0.0013,0.0278,3.0640
Innolux,90,2.9677,0.0008,0.0269,2.9677
Innolux,48,2.6442,0.0014,0.0240,2.6442
Innolux,68,2.5950,0.0018,0.0235,2.5950
Innolux,2,2.5477,0.0011,0.0231,2.5477
Innolux,32,2.2795,0.0012,0.0207,2.2795
Innolux,43,2.1838,0.0046,0.0198,2.1838
Innolux,66,2.1747,0.0005,0.0197,2.1747
Innolux,19,1.7462,0.0006,0.0158,1.7462
Innolux,85,1.7300,0.0015,0.0157,1.7300
Innolux,55,1.7141,0.0012,0.0155,1.7141
Innolux,58,1.6985,0.0017,0.0154,1.6985
Innolux,83,1.6534,0.0022,0.0150,1.6534
Innolux,49,1.6389,0.0009,0.0149,1.6389
Innolux,94,1.6389,0.0006,0.0149,1.6389
Innolux,78,1.5446,0.0004,0.0140,1.5446
Innolux,99,1.1192,0.0024,0.0102,1.1192
Innolux,82,1.0536,0.0022,0.0096,1.0536
Innolux,18,0.9643,0.0008,0.0087,0.9643
Innolux,24,0.8814,0.0011,0.0080,0.8814
Innolux,81,0.8650,0.0005,0.0078,0.8650
Innolux,95,0.8341,0.0004,0.0076,0.8341
Innolux,4,0.8194,0.0004,0.0074,0.8194
Innolux,60,0.8194,0.0023,0.0074,0.8194
Innolux,50,0.7787,0.0003,0.0071,0.7787
IoT,0,224.5797,0.0121,0.2917,224.5797
IoT,10,209.4709,0.0181,0.2721,209.4709
IoT,98,193.4889,0.0360,0.2513,193.4889
IoT,9,175.8509,0.0235,0.2284,175.8509
IoT,21,175.0369,0.0355,0.2273,175.0369
IoT,27,154.3102,0.0165,0.2004,154.3102
IoT,20,151.2318,0.0215,0.1964,151.2318
IoT,8,148.6037,0.0181,0.1930,148.6037
IoT,77,144.9012,0.0209,0.1882,144.9012
IoT,17,131.6494,0.0277,0.1710,131.6494
IoT,102,124.8835,0.0254,0.1622,124.8835
IoT,5,123.0166,0.0255,0.1598,123.0166
IoT,103,117.4331,0.0251,0.1525,117.4331
IoT,30,110.1842,0.0289,0.1431,110.1842
IoT,87,109.9531,0.0134,0.1428,109.9531
IoT,1,105.5021,0.0261,0.1370,105.5021
IoT,56,102.0993,0.0092,0.1326,102.0993
IoT,34,100.7605,0.0204,0.1309,100.7605
IoT,88,99.3107,0.0106,0.1290,99.3107
IoT,57,94.2619,0.0156,0.1224,94.2619
IoT,96,94.2199,0.0199,0.1224,94.2199
IoT,66,90.6120,0.0226,0.1177,90.6120
IoT,36,89.1622,0.0069,0.1158,89.1622
IoT,3,87.4933,0.0224,0.1136,87.4933
IoT,59,76.5343,0.0186,0.0994,76.5343
IoT,89,76.1141,0.0093,0.0989,76.1141
IoT,90,73.4518,0.0187,0.0954,73.4518
IoT,25,73.3783,0.0193,0.0953,73.3783
IoT,13,73.2145,0.0113,0.0951,73.2145
IoT,54,70.2937,0.0138,0.0913,70.2937
IoT,86,70.2937,0.0202,0.0913,70.2937
IoT,29,69.5900,0.0151,0.0904,69.5900
IoT,41,67.0746,0.0237,0.0871,67.0746
IoT,75,63.8264,0.0202,0.0829,63.8264
IoT,28,62.5874,0.0138,0.0813,62.5874
IoT,62,60.6302,0.0151,0.0787,60.6302
IoT,11,59.6293,0.0098,0.0774,59.6293
IoT,52,56.9778,0.0159,0.0740,56.9778
IoT,91,56.6940,0.0271,0.0736,56.6940
IoT,61,56.0854,0.0108,0.0728,56.0854
IoT,73,54.3672,0.0076,0.0706,54.3672
IoT,31,50.4274,0.0391,0.0655,50.4274
IoT,64,49.3230,0.0201,0.0641,49.3230
IoT,16,46.7421,0.0083,0.0607,46.7421
IoT,32,46.3502,0.0254,0.0602,46.3502
IoT,95,45.8729,0.0193,0.0596,45.8729
IoT,15,45.8069,0.0486,0.0595,45.8069
IoT,69,45.1945,0.0194,0.0587,45.1945
IoT,2,45.0090,0.0187,0.0585,45.0090
IoT,33,44.4725,0.0080,0.0578,44.4725
IoT,40,43.9179,0.0119,0.0570,43.9179
IoT,93,43.7188,0.0125,0.0568,43.7188
IoT,19,43.6559,0.0161,0.0567,43.6559
IoT,94,43.4304,0.0171,0.0564,43.4304
IoT,45,43.2479,0.0117,0.0562,43.2479
IoT,7,42.8268,0.0155,0.0556,42.8268
IoT,76,41.6376,0.0052,0.0541,41.6376
IoT,12,40.7037,0.0139,0.0529,40.7037
IoT,71,40.0646,0.0111,0.0520,40.0646
IoT,14,38.8859,0.0043,0.0505,38.8859
IoT,70,38.6572,0.0132,0.0502,38.6572
IoT,67,38.3004,0.0314,0.0497,38.3004
IoT,46,38.1381,0.0064,0.0495,38.1381
IoT,97,38.1381,0.0114,0.0495,38.1381
IoT,51,37.2136,0.0171,0.0483,37.2136
IoT,26,36.3549,0.0120,0.0472,36.3549
IoT,78,36.2974,0.0087,0.0471,36.2974
IoT,72,34.0464,0.0231,0.0442,34.0464
IoT,101,33.4828,0.0091,0.0435,33.4828
IoT,83,32.2405,0.0439,0.0419,32.2405
IoT,74,31.9403,0.0111,0.0415,31.9403
IoT,53,31.4078,0.0125,0.0408,31.4078
IoT,80,29.9407,0.0139,0.0389,29.9407
IoT,65,29.6337,0.0044,0.0385,29.6337
IoT,68,29.4099,0.0208,0.0382,29.4099
IoT,37,28.7463,0.0056,0.0373,28.7463
IoT,23,28.4317,0.0075,0.0369,28.4317
IoT,47,27.3822,0.0110,0.0356,27.3822
IoT,24,27.3235,0.0351,0.0355,27.3235
IoT,84,26.2221,0.0071,0.0341,26.2221
IoT,100,24.1207,0.0048,0.0313,24.1207
IoT,92,23.5742,0.0126,0.0306,23.5742
IoT,63,22.0353,0.0070,0.0286,22.0353
IoT,6,20.9386,0.0057,0.0272,20.9386
IoT,60,20.4860,0.0566,0.0266,20.4860
IoT,82,18.9646,0.0400,0.0246,18.9646
IoT,50,18.6881,0.0080,0.0243,18.6881
IoT,58,18.6830,0.0192,0.0243,18.6830
IoT,79,18.3217,0.0290,0.0238,18.3217
IoT,55,17.9977,0.0123,0.0234,17.9977
IoT,22,17.9094,0.0043,0.0233,17.9094
IoT,42,17.0712,0.0111,0.0222,17.0712
IoT,85,16.4350,0.0143,0.0213,16.4350
IoT,35,14.9839,0.0069,0.0195,14.9839
IoT,38,14.7947,0.0036,0.0192,14.7947
IoT,81,14.7050,0.0089,0.0191,14.7050
IoT,18,14.4645,0.0118,0.0188,14.4645
IoT,4,13.9305,0.0071,0.0181,13.9305
IoT,49,13.9305,0.0075,0.0181,13.9305
IoT,39,12.2780,0.0125,0.0159,12.2780
IoT,43,8.7354,0.0183,0.0113,8.7354
IoT,48,7.9326,0.0041,0.0103,7.9326
IoT,44,3.6292,0.0051,0.0047,3.6292
IoT,99,1.1192,0.0024,0.0015,1.1192
JDI,14,53.8420,0.0059,0.3645,53.8420
JDI,0,47.1340,0.0025,0.3191,47.1340
JDI,36,44.2186,0.0034,0.2993,44.2186
JDI,76,41.6376,0.0052,0.2819,41.6376
JDI,89,36.2448,0.0044,0.2453,36.2448
JDI,65,31.1534,0.0046,0.2109,31.1534
JDI,56,29.9872,0.0027,0.2030,29.9872
JDI,100,24.8745,0.0049,0.1684,24.8745
JDI,73,24.6465,0.0034,0.1668,24.6465
JDI,88,23.9216,0.0026,0.1619,23.9216
JDI,33,23.3669,0.0042,0.1582,23.3669
JDI,37,23.1567,0.0045,0.1568,23.1567
JDI,38,22.5814,0.0054,0.1529,22.5814
JDI,10,22.3436,0.0019,0.1512,22.3436
JDI,87,21.4194,0.0026,0.1450,21.4194
JDI,13,20.2971,0.0031,0.1374,20.2971
JDI,27,18.1541,0.0019,0.1229,18.1541
JDI,11,17.6679,0.0029,0.1196,17.6679
JDI,22,17.1307,0.0041,0.1160,17.1307
JDI,23,16.2467,0.0043,0.1100,16.2467
JDI,16,15.5807,0.0028,0.1055,15.5807
JDI,84,15.5694,0.0042,0.1054,15.5694
JDI,61,14.9561,0.0029,0.1012,14.9561
JDI,101,14.7947,0.0040,0.1001,14.7947
JDI,78,14.6734,0.0035,0.0993,14.6734
JDI,71,12.6129,0.0035,0.0854,12.6129
JDI,34,12.3232,0.0025,0.0834,12.3232
JDI,9,11.2545,0.0015,0.0762,11.2545
JDI,20,11.2545,0.0016,0.0762,11.2545
JDI,6,11.2171,0.0031,0.0759,11.2171
JDI,46,11.2171,0.0019,0.0759,11.2171
JDI,47,10.4697,0.0042,0.0709,10.4697
JDI,97,9.7215,0.0029,0.0658,9.7215
JDI,35,9.6954,0.0044,0.0656,9.6954
JDI,40,9.5821,0.0026,0.0649,9.5821
JDI,103,9.4236,0.0020,0.0638,9.4236
JDI,77,9.1442,0.0013,0.0619,9.1442
JDI,26,8.9032,0.0029,0.0603,8.9032
JDI,62,8.7658,0.0022,0.0593,8.7658
JDI,8,8.6988,0.0011,0.0589,8.6988
JDI,28,8.6327,0.0019,0.0584,8.6327
JDI,50,8.5654,0.0037,0.0580,8.5654
JDI,63,8.3582,0.0027,0.0566,8.3582
JDI,29,7.9739,0.0017,0.0540,7.9739
JDI,45,7.7228,0.0021,0.0523,7.7228
JDI,75,7.5984,0.0024,0.0514,7.5984
JDI,86,6.7303,0.0019,0.0456,6.7303
JDI,1,6.4429,0.0016,0.0436,6.4429
JDI,57,6.2841,0.0010,0.0425,6.2841
JDI,93,6.0302,0.0017,0.0408,6.0302
JDI,54,5.9824,0.0012,0.0405,5.9824
JDI,30,5.7992,0.0015,0.0393,5.7992
JDI,5,5.7552,0.0012,0.0390,5.7552
JDI,17,5.7552,0.0012,0.0390,5.7552
JDI,49,5.7361,0.0031,0.0388,5.7361
JDI,98,5.7119,0.0011,0.0387,5.7119
JDI,59,5.6692,0.0014,0.0384,5.6692
JDI,70,5.6375,0.0019,0.0382,5.6375
JDI,2,5.0954,0.0021,0.0345,5.0954
JDI,25,5.0358,0.0013,0.0341,5.0358
JDI,21,4.9606,0.0010,0.0336,4.9606
JDI,69,4.5961,0.0020,0.0311,4.5961
JDI,3,4.4868,0.0011,0.0304,4.4868
JDI,90,4.4516,0.0011,0.0301,4.4516
JDI,4,4.0972,0.0021,0.0277,4.0972
JDI,96,3.9258,0.0008,0.0266,3.9258
JDI,102,3.7390,0.0008,0.0253,3.7390
JDI,52,3.6524,0.0010,0.0247,3.6524
JDI,66,3.6245,0.0009,0.0245,3.6245
JDI,94,3.2778,0.0013,0.0222,3.2778
JDI,72,3.1671,0.0021,0.0214,3.1671
JDI,12,3.0151,0.0010,0.0204,3.0151
JDI,18,2.8929,0.0024,0.0196,2.8929
JDI,19,2.6194,0.0010,0.0177,2.6194
JDI,32,2.2795,0.0012,0.0154,2.2795
JDI,53,2.2434,0.0009,0.0152,2.2434
JDI,80,1.8146,0.0008,0.0123,1.8146
JDI,24,1.7628,0.0023,0.0119,1.7628
JDI,92,1.7462,0.0009,0.0118,1.7462
JDI,95,1.6681,0.0007,0.0113,1.6681
JDI,74,1.5970,0.0006,0.0108,1.5970
JDI,64,1.4723,0.0006,0.0100,1.4723
JDI,99,1.1192,0.0024,0.0076,1.1192
JDI,68,0.8650,0.0006,0.0059,0.8650
JDI,81,0.8650,0.0005,0.0059,0.8650
JDI,85,0.8650,0.0008,0.0059,0.8650
JDI,55,0.8570,0.0006,0.0058,0.8570
JDI,58,0.8492,0.0009,0.0057,0.8492
JDI,31,0.8267,0.0006,0.0056,0.8267
JDI,83,0.8267,0.0011,0.0056,0.8267
JDI,60,0.8194,0.0023,0.0055,0.8194
JDI,41,0.7985,0.0003,0.0054,0.7985
JDI,91,0.7985,0.0004,0.0054,0.7985
JDI,51,0.7918,0.0004,0.0054,0.7918
JDI,7,0.7787,0.0003,0.0053,0.7787
KAIST,10,78.9007,0.0068,0.3584,78.9007
KAIST,0,69.3147,0.0037,0.3149,69.3147
KAIST,20,59.7893,0.0085,0.2716,59.7893
KAIST,9,57.6791,0.0077,0.2620,57.6791
KAIST,27,53.7642,0.0057,0.2442,53.7642
KAIST,17,51.7965,0.0109,0.2353,51.7965
KAIST,77,44.3144,0.0064,0.2013,44.3144
KAIST,87,37.1270,0.0045,0.1686,37.1270
KAIST,34,36.9697,0.0075,0.1679,36.9697
KAIST,102,35.1469,0.0071,0.1597,35.1469
KAIST,98,33.5571,0.0062,0.1524,33.5571
KAIST,36,31.1705,0.0024,0.1416,31.1705
KAIST,56,30.7012,0.0028,0.1395,30.7012
KAIST,26,28.9356,0.0096,0.1314,28.9356
KAIST,57,27.9295,0.0046,0.1269,27.9295
KAIST,25,25.8982,0.0068,0.1176,25.8982
KAIST,21,25.5114,0.0052,0.1159,25.5114
KAIST,13,25.3714,0.0039,0.1152,25.3714
KAIST,96,24.3401,0.0051,0.1106,24.3401
KAIST,90,23.7420,0.0060,0.1078,23.7420
KAIST,59,22.6768,0.0055,0.1030,22.6768
KAIST,29,22.4718,0.0049,0.1021,22.4718
KAIST,5,22.3013,0.0046,0.1013,22.3013
KAIST,28,22.3013,0.0049,0.1013,22.3013
KAIST,66,21.7469,0.0054,0.0988,21.7469
KAIST,1,21.7447,0.0054,0.0988,21.7447
KAIST,16,21.5162,0.0038,0.0977,21.5162
KAIST,30,21.0220,0.0055,0.0955,21.0220
KAIST,103,20.2971,0.0043,0.0922,20.2971
KAIST,54,20.1908,0.0039,0.0917,20.1908
KAIST,52,19.7231,0.0055,0.0896,19.7231
KAIST,11,19.1403,0.0031,0.0869,19.1403
KAIST,33,18.0905,0.0032,0.0822,18.0905
KAIST,62,17.5316,0.0044,0.0796,17.5316
KAIST,61,17.1995,0.0033,0.0781,17.1995
KAIST,73,15.9477,0.0022,0.0724,15.9477
KAIST,95,15.8470,0.0067,0.0720,15.8470
KAIST,86,15.7039,0.0045,0.0713,15.7039
KAIST,45,15.4457,0.0042,0.0702,15.4457
KAIST,32,15.1968,0.0083,0.0690,15.1968
KAIST,14,14.2083,0.0016,0.0645,14.2083
KAIST,64,13.9871,0.0057,0.0635,13.9871
KAIST,53,13.4605,0.0054,0.0611,13.4605
KAIST,97,13.4605,0.0040,0.0611,13.4605
KAIST,67,13.0221,0.0107,0.0592,13.0221
KAIST,7,11.6800,0.0042,0.0531,11.6800
KAIST,22,11.6800,0.0028,0.0531,11.6800
KAIST,60,11.4722,0.0317,0.0521,11.4722
KAIST,46,11.2171,0.0019,0.0510,11.2171
KAIST,74,11.1791,0.0039,0.0508,11.1791
KAIST,76,10.9573,0.0014,0.0498,10.9573
KAIST,44,10.8875,0.0152,0.0495,10.8875
KAIST,8,10.8734,0.0013,0.0494,10.8734
KAIST,72,10.2931,0.0070,0.0468,10.2931
KAIST,15,9.9580,0.0106,0.0452,9.9580
KAIST,50,9.3440,0.0040,0.0424,9.3440
KAIST,3,8.9737,0.0023,0.0408,8.9737
KAIST,71,8.9032,0.0025,0.0404,8.9032
KAIST,70,8.8590,0.0030,0.0402,8.8590
KAIST,89,8.6988,0.0011,0.0395,8.6988
KAIST,65,8.3582,0.0012,0.0380,8.3582
KAIST,100,8.2915,0.0016,0.0377,8.2915
KAIST,6,8.2259,0.0023,0.0374,8.2259
KAIST,78,7.7228,0.0019,0.0351,7.7228
KAIST,69,7.6601,0.0033,0.0348,7.6601
KAIST,48,7.0512,0.0037,0.0320,7.0512
KAIST,75,6.8385,0.0022,0.0311,6.8385
KAIST,12,6.7839,0.0023,0.0308,6.7839
KAIST,93,6.7839,0.0019,0.0308,6.7839
KAIST,31,6.6134,0.0051,0.0300,6.6134
KAIST,88,6.5241,0.0007,0.0296,6.5241
KAIST,47,6.4429,0.0026,0.0293,6.4429
KAIST,51,6.3342,0.0029,0.0288,6.3342
KAIST,37,5.5896,0.0011,0.0254,5.5896
KAIST,24,5.2884,0.0068,0.0240,5.2884
KAIST,92,5.2387,0.0028,0.0238,5.2387
KAIST,4,4.9166,0.0025,0.0223,4.9166
KAIST,49,4.9166,0.0027,0.0223,4.9166
KAIST,40,4.7910,0.0013,0.0218,4.7910
KAIST,41,4.7910,0.0017,0.0218,4.7910
KAIST,39,4.7223,0.0048,0.0215,4.7223
KAIST,101,4.6720,0.0013,0.0212,4.6720
KAIST,80,4.5365,0.0021,0.0206,4.5365
KAIST,84,4.0972,0.0011,0.0186,4.0972
KAIST,23,4.0617,0.0011,0.0185,4.0617
KAIST,91,3.9925,0.0019,0.0181,3.9925
KAIST,42,3.5939,0.0023,0.0163,3.5939
KAIST,19,3.4925,0.0013,0.0159,3.4925
KAIST,81,3.4600,0.0021,0.0157,3.4600
KAIST,55,3.4281,0.0023,0.0156,3.4281
KAIST,94,3.2778,0.0013,0.0149,3.2778
KAIST,82,3.1608,0.0067,0.0144,3.1608
KAIST,38,3.1147,0.0007,0.0141,3.1147
KAIST,35,2.6442,0.0012,0.0120,2.6442
KAIST,85,2.5950,0.0023,0.0118,2.5950
KAIST,2,2.5477,0.0011,0.0116,2.5477
KAIST,83,2.4800,0.0034,0.0113,2.4800
KAIST,63,2.2795,0.0007,0.0104,2.2795
KAIST,68,1.7300,0.0012,0.0079,1.7300
KAIST,58,1.6985,0.0017,0.0077,1.6985
KAIST,99,1.1192,0.0024,0.0051,1.1192
KAIST,18,0.9643,0.0008,0.0044,0.9643
KAIST,79,0.9643,0.0015,0.0044,0.9643
LG디스플레이,14,1454.4819,0.1598,0.3433,1454.4819
LG디스플레이,0,1351.6370,0.0728,0.3190,1351.6370
LG디스플레이,76,1288.5753,0.1595,0.3041,1288.5753
LG디스플레이,36,1280.8910,0.0990,0.3023,1280.8910
LG디스플레이,56,958.1629,0.0864,0.2261,958.1629
LG디스플레이,89,933.6659,0.1141,0.2203,933.6659
LG디스플레이,33,927.8931,0.1667,0.2190,927.8931
LG디스플레이,65,763.6377,0.1129,0.1802,763.6377
LG디스플레이,10,745.0181,0.0643,0.1758,745.0181
LG디스플레이,88,729.9702,0.0779,0.1723,729.9702
LG디스플레이,73,714.0224,0.0997,0.1685,714.0224
LG디스플레이,78,688.8778,0.1653,0.1626,688.8778
LG디스플레이,87,686.1360,0.0836,0.1619,686.1360
LG디스플레이,13,656.7557,0.1013,0.1550,656.7557
LG디스플레이,27,618.6373,0.0660,0.1460,618.6373
LG디스플레이,100,599.2486,0.1186,0.1414,599.2486
LG디스플레이,8,480.6060,0.0587,0.1134,480.6060
LG디스플레이,16,467.4205,0.0827,0.1103,467.4205
LG디스플레이,38,465.6443,0.1119,0.1099,465.6443
LG디스플레이,47,459.8601,0.1843,0.1085,459.8601
LG디스플레이,22,426.7108,0.1022,0.1007,426.7108
LG디스플레이,25,389.1929,0.1023,0.0918,389.1929
LG디스플레이,11,369.5546,0.0606,0.0872,369.5546
LG디스플레이,37,352.9404,0.0691,0.0833,352.9404
LG디스플레이,97,335.7647,0.1004,0.0792,335.7647
LG디스플레이,29,335.6268,0.0727,0.0792,335.6268
LG디스플레이,20,329.1929,0.0468,0.0777,329.1929
LG디스플레이,6,320.0608,0.0877,0.0755,320.0608
LG디스플레이,71,315.3234,0.0873,0.0744,315.3234
LG디스플레이,34,304.4563,0.0617,0.0719,304.4563
LG디스플레이,46,296.1310,0.0500,0.0699,296.1310
LG디스플레이,96,281.0895,0.0594,0.0663,281.0895
LG디스플레이,9,273.6240,0.0365,0.0646,273.6240
LG디스플레이,45,263.3490,0.0713,0.0622,263.3490
LG디스플레이,61,263.2276,0.0506,0.0621,263.2276
LG디스플레이,26,261.9039,0.0866,0.0618,261.9039
LG디스플레이,50,255.4035,0.1096,0.0603,255.4035
LG디스플레이,77,253.2253,0.0365,0.0598,253.2253
LG디스플레이,84,242.5545,0.0661,0.0572,242.5545
LG디스플레이,23,242.0760,0.0637,0.0571,242.0760
LG디스플레이,28,241.7169,0.0533,0.0570,241.7169
LG디스플레이,63,240.8688,0.0768,0.0568,240.8688
LG디스플레이,101,237.4942,0.0648,0.0560,237.4942
LG디스플레이,40,236.3583,0.0639,0.0558,236.3583
LG디스플레이,90,234.4522,0.0596,0.0553,234.4522
LG디스플레이,75,207.4359,0.0657,0.0490,207.4359
LG디스플레이,102,194.4295,0.0395,0.0459,194.4295
LG디스플레이,1,194.0916,0.0480,0.0458,194.0916
LG디스플레이,86,191.4382,0.0550,0.0452,191.4382
LG디스플레이,57,182.9379,0.0302,0.0432,182.9379
LG디스플레이,103,175.4248,0.0375,0.0414,175.4248
LG디스플레이,95,174.3170,0.0732,0.0411,174.3170
LG디스플레이,93,166.5836,0.0476,0.0393,166.5836
LG디스플레이,54,163.7694,0.0320,0.0386,163.7694
LG디스플레이,53,159.2826,0.0635,0.0376,159.2826
LG디스플레이,5,153.9506,0.0320,0.0363,153.9506
LG디스플레이,98,146.3662,0.0272,0.0345,146.3662
LG디스플레이,81,146.1846,0.0887,0.0345,146.1846
LG디스플레이,4,145.8605,0.0746,0.0344,145.8605
LG디스플레이,59,143.8562,0.0350,0.0339,143.8562
LG디스플레이,62,137.3312,0.0342,0.0324,137.3312
LG디스플레이,52,129.2958,0.0360,0.0305,129.2958
LG디스플레이,70,124.8307,0.0428,0.0295,124.8307
LG디스플레이,21,123.3053,0.0250,0.0291,123.3053
LG디스플레이,17,123.0166,0.0258,0.0290,123.0166
LG디스플레이,74,122.1717,0.0426,0.0288,122.1717
LG디스플레이,69,117.9653,0.0506,0.0278,117.9653
LG디스플레이,12,109.2969,0.0374,0.0258,109.2969
LG디스플레이,30,100.7605,0.0265,0.0238,100.7605
LG디스플레이,35,100.4800,0.0460,0.0237,100.4800
LG디스플레이,85,96.0147,0.0835,0.0227,96.0147
LG디스플레이,91,95.0224,0.0454,0.0224,95.0224
LG디스플레이,94,94.2357,0.0371,0.0222,94.2357
LG디스플레이,7,88.7683,0.0322,0.0209,88.7683
LG디스플레이,66,86.9875,0.0217,0.0205,86.9875
LG디스플레이,41,85.4403,0.0302,0.0202,85.4403
LG디스플레이,3,73.2849,0.0188,0.0173,73.2849
LG디스플레이,64,69.9356,0.0285,0.0165,69.9356
LG디스플레이,2,67.0889,0.0279,0.0158,67.0889
LG디스플레이,18,66.5367,0.0545,0.0157,66.5367
LG디스플레이,32,65.3461,0.0358,0.0154,65.3461
LG디스플레이,49,63.9164,0.0346,0.0151,63.9164
LG디스플레이,92,63.7377,0.0339,0.0150,63.7377
LG디스플레이,72,56.2162,0.0381,0.0133,56.2162
LG디스플레이,67,48.2585,0.0396,0.0114,48.2585
LG디스플레이,31,47.1207,0.0366,0.0111,47.1207
LG디스플레이,80,39.9210,0.0186,0.0094,39.9210
LG디스플레이,55,38.5666,0.0264,0.0091,38.5666
LG디스플레이,19,33.1785,0.0122,0.0078,33.1785
LG디스플레이,39,33.0562,0.0337,0.0078,33.0562
LG디스플레이,24,32.6119,0.0419,0.0077,32.6119
LG디스플레이,48,32.6119,0.0169,0.0077,32.6119
LG디스플레이,51,29.2958,0.0135,0.0069,29.2958
LG디스플레이,68,23.3549,0.0165,0.0055,23.3549
LG디스플레이,58,21.2307,0.0218,0.0050,21.2307
LG디스플레이,82,20.0182,0.0422,0.0047,20.0182
LG디스플레이,42,19.7667,0.0129,0.0047,19.7667
LG디스플레이,83,19.0136,0.0259,0.0045,19.0136
LG디스플레이,79,17.3574,0.0274,0.0041,17.3574
LG디스플레이,15,11.9496,0.0127,0.0028,11.9496
LG디스플레이,44,10.8875,0.0152,0.0026,10.8875
LG디스플레이,60,10.6527,0.0294,0.0025,10.6527
LG디스플레이,43,4.3677,0.0092,0.0010,4.3677
LG디스플레이,99,3.3577,0.0073,0.0008,3.3577
LG전자,1,1245.8906,0.3079,0.3209,1245.8906
LG전자,102,1122.4562,0.2279,0.2891,1122.4562
LG전자,0,1033.4824,0.0557,0.2662,1033.4824
LG전자,96,999.5164,0.2111,0.2574,999.5164
LG전자,88,995.2820,0.1063,0.2563,995.2820
LG전자,8,888.7223,0.1085,0.2289,888.7223
LG전자,36,759.6909,0.0587,0.1956,759.6909
LG전자,95,731.4642,0.3072,0.1884,731.4642
LG전자,10,663.3244,0.0572,0.1708,663.3244
LG전자,89,658.2055,0.0804,0.1695,658.2055
LG전자,56,631.8734,0.0569,0.1627,631.8734
LG전자,98,535.4860,0.0997,0.1379,535.4860
LG전자,27,525.0737,0.0560,0.1352,525.0737
LG전자,57,504.1266,0.0832,0.1298,504.1266
LG전자,9,503.6370,0.0672,0.1297,503.6370
LG전자,76,501.1126,0.0620,0.1291,501.1126
LG전자,5,482.7143,0.1002,0.1243,482.7143
LG전자,21,467.0013,0.0948,0.1203,467.0013
LG전자,87,464.0878,0.0565,0.1195,464.0878
LG전자,14,451.6746,0.0496,0.1163,451.6746
LG전자,20,444.5511,0.0631,0.1145,444.5511
LG전자,17,437.3924,0.0919,0.1126,437.3924
LG전자,103,428.4135,0.0915,0.1103,428.4135
LG전자,77,417.1184,0.0601,0.1074,417.1184
LG전자,32,401.9546,0.2200,0.1035,401.9546
LG전자,41,381.6867,0.1350,0.0983,381.6867
LG전자,30,376.9459,0.0990,0.0971,376.9459
LG전자,73,363.8977,0.0508,0.0937,363.8977
LG전자,46,329.0345,0.0556,0.0847,329.0345
LG전자,33,323.3681,0.0581,0.0833,323.3681
LG전자,45,314.3198,0.0851,0.0809,314.3198
LG전자,11,309.1891,0.0507,0.0796,309.1891
LG전자,13,299.3820,0.0462,0.0771,299.3820
LG전자,90,297.5169,0.0756,0.0766,297.5169
LG전자,66,289.2335,0.0721,0.0745,289.2335
LG전자,3,287.9052,0.0738,0.0741,287.9052
LG전자,54,276.6881,0.0541,0.0713,276.6881
LG전자,78,271.8441,0.0652,0.0700,271.8441
LG전자,59,271.4135,0.0660,0.0699,271.4135
LG전자,34,266.0368,0.0539,0.0685,266.0368
LG전자,74,261.1120,0.0911,0.0672,261.1120
LG전자,42,254.2716,0.1656,0.0655,254.2716
LG전자,93,244.2221,0.0698,0.0629,244.2221
LG전자,16,243.3554,0.0431,0.0627,243.3554
LG전자,29,235.5912,0.0510,0.0607,235.5912
LG전자,28,230.9259,0.0509,0.0595,230.9259
LG전자,65,229.4712,0.0339,0.0591,229.4712
LG전자,52,227.1808,0.0633,0.0585,227.1808
LG전자,25,225.8902,0.0594,0.0582,225.8902
LG전자,6,204.8987,0.0562,0.0528,204.8987
LG전자,64,200.2368,0.0816,0.0516,200.2368
LG전자,100,199.7495,0.0395,0.0514,199.7495
LG전자,69,193.0341,0.0829,0.0497,193.0341
LG전자,62,189.9261,0.0472,0.0489,189.9261
LG전자,12,186.9354,0.0640,0.0481,186.9354
LG전자,86,182.4646,0.0524,0.0470,182.4646
LG전자,71,175.8392,0.0487,0.0453,175.8392
LG전자,81,174.7295,0.1060,0.0450,174.7295
LG전자,61,174.2387,0.0335,0.0449,174.2387
LG전자,91,174.0747,0.0831,0.0448,174.0747
LG전자,7,171.3073,0.0621,0.0441,171.3073
LG전자,101,171.3073,0.0467,0.0441,171.3073
LG전자,2,169.8453,0.0707,0.0437,169.8453
LG전자,37,167.6866,0.0328,0.0432,167.6866
LG전자,84,166.3465,0.0453,0.0428,166.3465
LG전자,63,163.3653,0.0521,0.0421,163.3653
LG전자,55,162.8367,0.1115,0.0419,162.8367
LG전자,22,160.4059,0.0384,0.0413,160.4059
LG전자,75,154.2472,0.0489,0.0397,154.2472
LG전자,38,147.9472,0.0355,0.0381,147.9472
LG전자,26,146.9036,0.0486,0.0378,146.9036
LG전자,53,145.8221,0.0582,0.0376,145.8221
LG전자,97,145.0743,0.0434,0.0374,145.0743
LG전자,23,144.5958,0.0380,0.0372,144.5958
LG전자,94,139.3050,0.0548,0.0359,139.3050
LG전자,50,133.9311,0.0575,0.0345,133.9311
LG전자,47,129.6628,0.0520,0.0334,129.6628
LG전자,70,123.2200,0.0422,0.0317,123.2200
LG전자,48,117.2267,0.0607,0.0302,117.2267
LG전자,80,115.2265,0.0537,0.0297,115.2265
LG전자,40,114.1866,0.0309,0.0294,114.1866
LG전자,31,104.9882,0.0815,0.0270,104.9882
LG전자,15,104.5593,0.1110,0.0269,104.5593
LG전자,72,103.7229,0.0702,0.0267,103.7229
LG전자,83,92.5880,0.1260,0.0238,92.5880
LG전자,49,86.8607,0.0470,0.0224,86.8607
LG전자,92,85.5656,0.0456,0.0220,85.5656
LG전자,68,84.7697,0.0599,0.0218,84.7697
LG전자,19,75.0882,0.0277,0.0193,75.0882
LG전자,35,74.0379,0.0339,0.0191,74.0379
LG전자,58,65.3904,0.0671,0.0168,65.3904
LG전자,51,64.9258,0.0299,0.0167,64.9258
LG전자,67,62.0467,0.0509,0.0160,62.0467
LG전자,24,58.1726,0.0747,0.0150,58.1726
LG전자,18,53.0365,0.0434,0.0137,53.0365
LG전자,4,49.1665,0.0251,0.0127,49.1665
LG전자,39,47.2231,0.0481,0.0122,47.2231
LG전자,85,45.8449,0.0398,0.0118,45.8449
LG전자,82,33.7148,0.0711,0.0087,33.7148
LG전자,79,32.7862,0.0518,0.0084,32.7862
LG전자,43,26.2062,0.0549,0.0067,26.2062
LG전자,60,18.0277,0.0498,0.0046,18.0277
LG전자,99,12.3115,0.0267,0.0032,12.3115
LG전자,44,8.1657,0.0114,0.0021,8.1657
LG화학,45,248.6756,0.0673,0.3330,248.6756
LG화학,10,217.8497,0.0188,0.2917,217.8497
LG화학,9,203.2837,0.0271,0.2722,203.2837
LG화학,0,177.4457,0.0096,0.2376,177.4457
LG화학,27,160.5943,0.0171,0.2150,160.5943
LG화학,87,147.0801,0.0179,0.1969,147.0801
LG화학,20,135.0535,0.0192,0.1808,135.0535
LG화학,36,134.1057,0.0104,0.1796,134.1057
LG화학,56,132.8005,0.0120,0.1778,132.8005
LG화학,74,124.5672,0.0435,0.1668,124.5672
LG화학,14,124.1357,0.0136,0.1662,124.1357
LG화학,81,123.6946,0.0750,0.1656,123.6946
LG화학,54,123.3879,0.0241,0.1652,123.3879
LG화학,46,108.4318,0.0183,0.1452,108.4318
LG화학,11,107.4800,0.0176,0.1439,107.4800
LG화학,76,104.4593,0.0129,0.1399,104.4593
LG화학,88,102.9352,0.0110,0.1378,102.9352
LG화학,77,96.3663,0.0139,0.1290,96.3663
LG화학,62,94.2325,0.0234,0.1262,94.2325
LG화학,96,92.6496,0.0196,0.1240,92.6496
LG화학,89,85.5377,0.0105,0.1145,85.5377
LG화학,33,85.1762,0.0153,0.1140,85.1762
LG화학,57,81.6936,0.0135,0.1094,81.6936
LG화학,102,76.2762,0.0155,0.1021,76.2762
LG화학,13,74.6643,0.0115,0.1000,74.6643
LG화학,29,74.6643,0.0162,0.1000,74.6643
LG화학,28,71.2201,0.0157,0.0954,71.2201
LG화학,78,70.2779,0.0169,0.0941,70.2779
LG화학,90,69.7421,0.0177,0.0934,69.7421
LG화학,52,68.6656,0.0191,0.0919,68.6656
LG화학,73,68.1402,0.0095,0.0912,68.1402
LG화학,16,67.5163,0.0120,0.0904,67.5163
LG화학,93,66.3319,0.0190,0.0888,66.3319
LG화학,8,63.0659,0.0077,0.0844,63.0659
LG화학,34,62.3410,0.0126,0.0835,62.3410
LG화학,53,61.3201,0.0245,0.0821,61.3201
LG화학,71,60.0969,0.0166,0.0805,60.0969
LG화학,17,59.7098,0.0125,0.0799,59.7098
LG화학,21,59.5267,0.0121,0.0797,59.5267
LG화학,98,54.9766,0.0102,0.0736,54.9766
LG화학,103,53.6423,0.0115,0.0718,53.6423
LG화학,95,51.7113,0.0217,0.0692,51.7113
LG화학,12,51.2565,0.0176,0.0686,51.2565
LG화학,1,47.5162,0.0117,0.0636,47.5162
LG화학,7,45.9415,0.0167,0.0615,45.9415
LG화학,92,44.5290,0.0237,0.0596,44.5290
LG화학,65,42.5510,0.0063,0.0570,42.5510
LG화학,100,40.7037,0.0081,0.0545,40.7037
LG화학,59,39.6845,0.0097,0.0531,39.6845
LG화학,97,39.6337,0.0119,0.0531,39.6337
LG화학,32,37.9919,0.0208,0.0509,37.9919
LG화학,66,36.9697,0.0092,0.0495,36.9697
LG화학,30,34.7950,0.0091,0.0466,34.7950
LG화학,86,34.3991,0.0099,0.0461,34.3991
LG화학,75,34.1927,0.0108,0.0458,34.1927
LG화학,26,34.1291,0.0113,0.0457,34.1291
LG화학,5,33.8116,0.0070,0.0453,33.8116
LG화학,25,33.0922,0.0087,0.0443,33.0922
LG화학,3,32.9034,0.0084,0.0441,32.9034
LG화학,63,32.6731,0.0104,0.0437,32.6731
LG화학,64,30.9189,0.0126,0.0414,30.9189
LG화학,38,30.3681,0.0073,0.0407,30.3681
LG화학,85,27.6799,0.0241,0.0371,27.6799
LG화학,61,27.6688,0.0053,0.0370,27.6688
LG화학,47,24.9661,0.0100,0.0334,24.9661
LG화학,6,23.9298,0.0066,0.0320,23.9298
LG화학,72,23.7533,0.0161,0.0318,23.7533
LG화학,84,22.1249,0.0060,0.0296,22.1249
LG화학,22,21.8027,0.0052,0.0292,21.8027
LG화학,37,21.5597,0.0042,0.0289,21.5597
LG화학,48,21.1537,0.0110,0.0283,21.1537
LG화학,101,21.0241,0.0057,0.0281,21.0241
LG화학,69,20.6822,0.0089,0.0277,20.6822
LG화학,50,20.2454,0.0087,0.0271,20.2454
LG화학,40,19.1642,0.0052,0.0257,19.1642
LG화학,55,18.8548,0.0129,0.0252,18.8548
LG화학,79,18.3217,0.0290,0.0245,18.3217
LG화학,41,16.7687,0.0059,0.0225,16.7687
LG화학,82,15.8038,0.0333,0.0212,15.8038
LG화학,23,13.8097,0.0036,0.0185,13.8097
LG화학,94,13.1111,0.0052,0.0176,13.1111
LG화학,67,12.2561,0.0101,0.0164,12.2561
LG화학,70,12.0804,0.0041,0.0162,12.0804
LG화학,2,11.8892,0.0050,0.0159,11.8892
LG화학,42,11.6803,0.0076,0.0156,11.6803
LG화학,83,11.5735,0.0157,0.0155,11.5735
LG화학,49,10.6527,0.0058,0.0143,10.6527
LG화학,4,8.1944,0.0042,0.0110,8.1944
LG화학,58,7.6430,0.0078,0.0102,7.6430
LG화학,60,7.3750,0.0204,0.0099,7.3750
LG화학,15,6.9706,0.0074,0.0093,6.9706
LG화학,51,6.3342,0.0029,0.0085,6.3342
LG화학,24,6.1698,0.0079,0.0083,6.1698
LG화학,31,5.7868,0.0045,0.0077,5.7868
LG화학,39,5.6668,0.0058,0.0076,5.6668
LG화학,68,5.1900,0.0037,0.0069,5.1900
LG화학,80,4.5365,0.0021,0.0061,4.5365
LG화학,91,3.9925,0.0019,0.0053,3.9925
LG화학,44,3.6292,0.0051,0.0049,3.6292
LG화학,35,3.5256,0.0016,0.0047,3.5256
LG화학,18,2.8929,0.0024,0.0039,2.8929
LG화학,19,2.6194,0.0010,0.0035,2.6194
MOTIE,44,3.6292,0.0051,0.8224,3.6292
MOTIE,60,0.8194,0.0023,0.1857,0.8194
MOTIE,12,0.7538,0.0003,0.1708,0.7538
MOTIE,30,0.7249,0.0002,0.1643,0.7249
MOTIE,66,0.7249,0.0002,0.1643,0.7249
MOTIE,5,0.7194,0.0001,0.1630,0.7194
MOTIE,17,0.7194,0.0002,0.1630,0.7194
MOTIE,98,0.7140,0.0001,0.1618,0.7140
MOTIE,21,0.7087,0.0001,0.1606,0.7087
MOTIE,59,0.7087,0.0002,0.1606,0.7087
MOTIE,77,0.7034,0.0001,0.1594,0.7034
MOTIE,57,0.6982,0.0001,0.1582,0.6982
MOTIE,0,0.6931,0.0000,0.1571,0.6931
MWC,0,13.1698,0.0007,0.3553,13.1698
MWC,36,7.2490,0.0006,0.1955,7.2490
MWC,37,7.1866,0.0014,0.1939,7.1866
MWC,27,6.9824,0.0007,0.1884,6.9824
MWC,76,6.5744,0.0008,0.1773,6.5744
MWC,103,6.5241,0.0014,0.1760,6.5241
MWC,23,6.4987,0.0017,0.1753,6.4987
MWC,98,6.4258,0.0012,0.1733,6.4258
MWC,21,6.3779,0.0013,0.1720,6.3779
MWC,10,6.2841,0.0005,0.1695,6.2841
MWC,19,6.1118,0.0023,0.1649,6.1118
MWC,14,5.9824,0.0007,0.1614,5.9824
MWC,88,5.7992,0.0006,0.1564,5.7992
MWC,56,5.7119,0.0005,0.1541,5.7119
MWC,40,5.5896,0.0015,0.1508,5.5896
MWC,51,5.5424,0.0026,0.1495,5.5424
MWC,101,5.4507,0.0015,0.1470,5.4507
MWC,65,5.3189,0.0008,0.1435,5.3189
MWC,34,5.0743,0.0010,0.1369,5.0743
MWC,89,5.0743,0.0006,0.1369,5.0743
MWC,17,5.0358,0.0011,0.1358,5.0358
MWC,20,4.9238,0.0007,0.1328,4.9238
MWC,77,4.9238,0.0007,0.1328,4.9238
MWC,57,4.8877,0.0008,0.1318,4.8877
MWC,70,4.8322,0.0017,0.1303,4.8322
MWC,61,4.4868,0.0009,0.1210,4.4868
MWC,8,4.3494,0.0005,0.1173,4.3494
MWC,87,4.2839,0.0005,0.1156,4.2839
MWC,2,4.2461,0.0018,0.1145,4.2461
MWC,84,4.0972,0.0011,0.1105,4.0972
MWC,94,4.0972,0.0016,0.1105,4.0972
MWC,78,3.8614,0.0009,0.1042,3.8614
MWC,90,3.7097,0.0009,0.1001,3.7097
MWC,28,3.5970,0.0008,0.0970,3.5970
MWC,35,3.5256,0.0016,0.0951,3.5256
MWC,22,3.1147,0.0007,0.0840,3.1147
MWC,50,3.1147,0.0013,0.0840,3.1147
MWC,63,3.0394,0.0010,0.0820,3.0394
MWC,33,3.0151,0.0005,0.0813,3.0151
MWC,15,2.9874,0.0032,0.0806,2.9874
MWC,16,2.9677,0.0005,0.0801,2.9677
MWC,30,2.8996,0.0008,0.0782,2.8996
MWC,59,2.8346,0.0007,0.0765,2.8346
MWC,9,2.8136,0.0004,0.0759,2.8136
MWC,96,2.3555,0.0005,0.0635,2.3555
MWC,38,2.3360,0.0006,0.0630,2.3360
MWC,12,2.2613,0.0008,0.0610,2.2613
MWC,100,2.2613,0.0004,0.0610,2.2613
MWC,3,2.2434,0.0006,0.0605,2.2434
MWC,46,2.2434,0.0004,0.0605,2.2434
MWC,53,2.2434,0.0009,0.0605,2.2434
MWC,71,2.2258,0.0006,0.0600,2.2258
MWC,11,2.2085,0.0004,0.0596,2.2085
MWC,64,2.2085,0.0009,0.0596,2.2085
MWC,13,2.1747,0.0003,0.0587,2.1747
MWC,66,2.1747,0.0005,0.0587,2.1747
MWC,73,2.1747,0.0003,0.0587,2.1747
MWC,5,2.1582,0.0004,0.0582,2.1582
MWC,25,2.1582,0.0006,0.0582,2.1582
MWC,39,1.8889,0.0019,0.0510,1.8889
MWC,80,1.8146,0.0008,0.0489,1.8146
MWC,42,1.7970,0.0012,0.0485,1.7970
MWC,68,1.7300,0.0012,0.0467,1.7300
MWC,31,1.6534,0.0013,0.0446,1.6534
MWC,47,1.6107,0.0006,0.0434,1.6107
MWC,72,1.5836,0.0011,0.0427,1.5836
MWC,45,1.5446,0.0004,0.0417,1.5446
MWC,75,1.5197,0.0005,0.0410,1.5197
MWC,93,1.5075,0.0004,0.0407,1.5075
MWC,6,1.4956,0.0004,0.0403,1.4956
MWC,54,1.4956,0.0003,0.0403,1.4956
MWC,86,1.4956,0.0004,0.0403,1.4956
MWC,102,1.4956,0.0003,0.0403,1.4956
MWC,62,1.4610,0.0004,0.0394,1.4610
MWC,29,1.4498,0.0003,0.0391,1.4498
MWC,48,0.8814,0.0005,0.0238,0.8814
MWC,81,0.8650,0.0005,0.0233,0.8650
MWC,55,0.8570,0.0006,0.0231,0.8570
MWC,58,0.8492,0.0009,0.0229,0.8492
MWC,4,0.8194,0.0004,0.0221,0.8194
MWC,49,0.8194,0.0004,0.0221,0.8194
MWC,1,0.8054,0.0002,0.0217,0.8054
MWC,41,0.7985,0.0003,0.0215,0.7985
MWC,91,0.7985,0.0004,0.0215,0.7985
MWC,67,0.7660,0.0006,0.0207,0.7660
MWC,97,0.7478,0.0002,0.0202,0.7478
MWC,26,0.7419,0.0002,0.0200,0.7419
Merck,44,9.0730,0.0127,0.5565,9.0730
Merck,0,4.8520,0.0003,0.2976,4.8520
Merck,93,4.5226,0.0013,0.2774,4.5226
Merck,26,3.7097,0.0012,0.2276,3.7097
Merck,36,3.6245,0.0003,0.2223,3.6245
Merck,56,3.5699,0.0003,0.2190,3.5699
Merck,13,2.8996,0.0004,0.1779,2.8996
Merck,73,2.8996,0.0004,0.1779,2.8996
Merck,10,2.7929,0.0002,0.1713,2.7929
Merck,27,2.7929,0.0003,0.1713,2.7929
Merck,22,2.3360,0.0006,0.1433,2.3360
Merck,65,2.2795,0.0003,0.1398,2.2795
Merck,33,2.2613,0.0004,0.1387,2.2613
Merck,100,2.2613,0.0004,0.1387,2.2613
Merck,6,2.2434,0.0006,0.1376,2.2434
Merck,14,2.2434,0.0002,0.1376,2.2434
Merck,16,2.2258,0.0004,0.1365,2.2258
Merck,76,2.1915,0.0003,0.1344,2.1915
Merck,89,2.1747,0.0003,0.1334,2.1747
Merck,20,2.1102,0.0003,0.1294,2.1102
Merck,97,1.4956,0.0004,0.0917,1.4956
Merck,87,1.4280,0.0002,0.0876,1.4280
Merck,77,1.4068,0.0002,0.0863,1.4068
Merck,42,0.8985,0.0006,0.0551,0.8985
Merck,48,0.8814,0.0005,0.0541,0.8814
Merck,85,0.8650,0.0008,0.0531,0.8650
Merck,60,0.8194,0.0023,0.0503,0.8194
Merck,74,0.7985,0.0003,0.0490,0.7985
Merck,91,0.7985,0.0004,0.0490,0.7985
Merck,67,0.7660,0.0006,0.0470,0.7660
Merck,69,0.7660,0.0003,0.0470,0.7660
Merck,32,0.7598,0.0004,0.0466,0.7598
Merck,46,0.7478,0.0001,0.0459,0.7478
Merck,64,0.7362,0.0003,0.0452,0.7362
Merck,8,0.7249,0.0001,0.0445,0.7249
Merck,29,0.7249,0.0002,0.0445,0.7249
Merck,34,0.7249,0.0001,0.0445,0.7249
Merck,103,0.7249,0.0002,0.0445,0.7249
Merck,25,0.7194,0.0002,0.0441,0.7194
Merck,28,0.7194,0.0002,0.0441,0.7194
Merck,9,0.7034,0.0001,0.0431,0.7034
Merck,57,0.6982,0.0001,0.0428,0.6982
Metaverse,19,0.8731,0.0003,0.6373,0.8731
Metaverse,51,0.7918,0.0004,0.5780,0.7918
Metaverse,57,0.6982,0.0001,0.5097,0.6982
POSTECH,48,12.3396,0.0064,0.5296,12.3396
POSTECH,34,6.5241,0.0013,0.2800,6.5241
POSTECH,31,4.9601,0.0038,0.2129,4.9601
POSTECH,77,4.9238,0.0007,0.2113,4.9238
POSTECH,80,4.5365,0.0021,0.1947,4.5365
POSTECH,47,4.0268,0.0016,0.1728,4.0268
POSTECH,70,4.0268,0.0014,0.1728,4.0268
POSTECH,7,3.8933,0.0014,0.1671,3.8933
POSTECH,67,3.8300,0.0031,0.1644,3.8300
POSTECH,75,3.7992,0.0012,0.1631,3.7992
POSTECH,86,3.7390,0.0011,0.1605,3.7390
POSTECH,26,3.7097,0.0012,0.1592,3.7097
POSTECH,30,3.6245,0.0010,0.1556,3.6245
POSTECH,66,3.6245,0.0009,0.1556,3.6245
POSTECH,5,3.5970,0.0007,0.1544,3.5970
POSTECH,17,3.5970,0.0008,0.1544,3.5970
POSTECH,25,3.5970,0.0009,0.1544,3.5970
POSTECH,87,3.5699,0.0004,0.1532,3.5699
POSTECH,98,3.5699,0.0007,0.1532,3.5699
POSTECH,21,3.5433,0.0007,0.1521,3.5433
POSTECH,59,3.5433,0.0009,0.1521,3.5433
POSTECH,10,3.4912,0.0003,0.1498,3.4912
POSTECH,57,3.4912,0.0006,0.1498,3.4912
POSTECH,0,3.4657,0.0002,0.1487,3.4657
POSTECH,28,2.8776,0.0006,0.1235,2.8776
POSTECH,9,2.8136,0.0004,0.1208,2.8136
POSTECH,64,2.2085,0.0009,0.0948,2.2085
POSTECH,103,0.7249,0.0002,0.0311,0.7249
POSTECH,27,0.6982,0.0001,0.0300,0.6982
SEMI,77,2.8136,0.0004,0.3631,2.8136
SEMI,62,2.1915,0.0005,0.2828,2.1915
SEMI,28,2.1582,0.0005,0.2785,2.1582
SEMI,87,2.1419,0.0003,0.2764,2.1419
SEMI,10,2.0947,0.0002,0.2703,2.0947
SEMI,0,2.0794,0.0001,0.2683,2.0794
SEMI,54,1.4956,0.0003,0.1930,1.4956
SEMI,11,1.4723,0.0002,0.1900,1.4723
SEMI,36,1.4498,0.0001,0.1871,1.4498
SEMI,88,1.4498,0.0002,0.1871,1.4498
SEMI,56,1.4280,0.0001,0.1843,1.4280
SEMI,9,1.4068,0.0002,0.1815,1.4068
SEMI,20,1.4068,0.0002,0.1815,1.4068
SEMI,27,1.3965,0.0001,0.1802,1.3965
SEMI,81,0.8650,0.0005,0.1116,0.8650
SEMI,85,0.8650,0.0008,0.1116,0.8650
SEMI,72,0.7918,0.0005,0.1022,0.7918
SEMI,96,0.7852,0.0002,0.1013,0.7852
SEMI,69,0.7660,0.0003,0.0988,0.7660
SEMI,63,0.7598,0.0002,0.0981,0.7598
SEMI,53,0.7478,0.0003,0.0965,0.7478
SEMI,71,0.7419,0.0002,0.0957,0.7419
SEMI,90,0.7419,0.0002,0.0957,0.7419
SEMI,52,0.7305,0.0002,0.0943,0.7305
SEMI,76,0.7305,0.0001,0.0943,0.7305
SEMI,8,0.7249,0.0001,0.0935,0.7249
SEMI,13,0.7249,0.0001,0.0935,0.7249
SEMI,29,0.7249,0.0002,0.0935,0.7249
SEMI,30,0.7249,0.0002,0.0935,0.7249
SEMI,66,0.7249,0.0002,0.0935,0.7249
SEMI,73,0.7249,0.0001,0.0935,0.7249
SEMI,5,0.7194,0.0001,0.0928,0.7194
SEMI,17,0.7194,0.0002,0.0928,0.7194
SEMI,98,0.7140,0.0001,0.0921,0.7140
SEMI,21,0.7087,0.0001,0.0914,0.7087
SEMI,59,0.7087,0.0002,0.0914,0.7087
SEMI,57,0.6982,0.0001,0.0901,0.6982
SFA,13,4.3494,0.0007,0.5831,4.3494
SFA,10,2.7929,0.0002,0.3745,2.7929
SFA,27,2.7929,0.0003,0.3745,2.7929
SFA,29,2.1747,0.0005,0.2916,2.1747
SFA,63,1.5197,0.0005,0.2037,1.5197
SFA,73,1.4498,0.0002,0.1944,1.4498
SFA,9,1.4068,0.0002,0.1886,1.4068
SFA,20,1.4068,0.0002,0.1886,1.4068
SFA,0,1.3863,0.0001,0.1859,1.3863
SFA,83,0.8267,0.0011,0.1108,0.8267
SFA,67,0.7660,0.0006,0.1027,0.7660
SFA,54,0.7478,0.0001,0.1003,0.7478
SFA,97,0.7478,0.0002,0.1003,0.7478
SFA,26,0.7419,0.0002,0.0995,0.7419
SFA,11,0.7362,0.0001,0.0987,0.7362
SFA,52,0.7305,0.0002,0.0979,0.7305
SFA,62,0.7305,0.0002,0.0979,0.7305
SFA,36,0.7249,0.0001,0.0972,0.7249
SFA,56,0.7140,0.0001,0.0957,0.7140
SFA,87,0.7140,0.0001,0.0957,0.7140
SID,25,207.9053,0.0546,0.4641,207.9053
SID,47,204.5612,0.0820,0.4566,204.5612
SID,14,126.3791,0.0139,0.2821,126.3791
SID,76,125.6434,0.0156,0.2805,125.6434
SID,0,110.9035,0.0060,0.2475,110.9035
SID,10,97.7531,0.0084,0.2182,97.7531
SID,36,84.0879,0.0065,0.1877,84.0879
SID,89,75.3892,0.0092,0.1683,75.3892
SID,56,74.9680,0.0068,0.1673,74.9680
SID,27,71.9183,0.0077,0.1605,71.9183
SID,33,70.1008,0.0126,0.1565,70.1008
SID,13,68.8651,0.0106,0.1537,68.8651
SID,73,67.4153,0.0094,0.1505,67.4153
SID,97,59.8244,0.0179,0.1335,59.8244
SID,87,43.5529,0.0053,0.0972,43.5529
SID,26,43.0324,0.0142,0.0961,43.0324
SID,65,41.0313,0.0061,0.0916,41.0313
SID,78,39.3865,0.0094,0.0879,39.3865
SID,20,38.6872,0.0055,0.0864,38.6872
SID,100,38.4424,0.0076,0.0858,38.4424
SID,29,38.4195,0.0083,0.0858,38.4195
SID,31,36.3739,0.0282,0.0812,36.3739
SID,16,36.3549,0.0064,0.0811,36.3549
SID,85,34.5999,0.0301,0.0772,34.5999
SID,22,33.4828,0.0080,0.0747,33.4828
SID,6,29.9122,0.0082,0.0668,29.9122
SID,41,23.9552,0.0085,0.0535,23.9552
SID,96,21.9847,0.0046,0.0491,21.9847
SID,88,18.8473,0.0020,0.0421,18.8473
SID,8,16.6726,0.0020,0.0372,16.6726
SID,38,13.2374,0.0032,0.0295,13.2374
SID,28,10.7909,0.0024,0.0241,10.7909
SID,77,10.5511,0.0015,0.0236,10.5511
SID,34,10.1485,0.0021,0.0227,10.1485
SID,46,9.7215,0.0016,0.0217,9.7215
SID,91,8.7836,0.0042,0.0196,8.7836
SID,103,8.6988,0.0019,0.0194,8.6988
SID,12,7.5377,0.0026,0.0168,7.5377
SID,61,7.4781,0.0014,0.0167,7.4781
SID,11,7.3616,0.0012,0.0164,7.3616
SID,50,7.0080,0.0030,0.0156,7.0080
SID,101,7.0080,0.0019,0.0156,7.0080
SID,63,6.8385,0.0022,0.0153,6.8385
SID,75,6.8385,0.0022,0.0153,6.8385
SID,86,6.7303,0.0019,0.0150,6.7303
SID,84,6.5555,0.0018,0.0146,6.5555
SID,37,6.3881,0.0013,0.0143,6.3881
SID,40,6.3881,0.0017,0.0143,6.3881
SID,57,6.2841,0.0010,0.0140,6.2841
SID,93,6.0302,0.0017,0.0135,6.0302
SID,53,5.9824,0.0024,0.0134,5.9824
SID,71,5.9355,0.0016,0.0132,5.9355
SID,90,5.1936,0.0013,0.0116,5.1936
SID,5,5.0358,0.0010,0.0112,5.0358
SID,23,4.8740,0.0013,0.0109,4.8740
SID,51,4.7507,0.0022,0.0106,4.7507
SID,62,4.3829,0.0011,0.0098,4.3829
SID,18,3.8572,0.0032,0.0086,3.8572
SID,80,3.6292,0.0017,0.0081,3.6292
SID,9,3.5170,0.0005,0.0079,3.5170
SID,4,3.2778,0.0017,0.0073,3.2778
SID,94,3.2778,0.0013,0.0073,3.2778
SID,1,3.2214,0.0008,0.0072,3.2214
SID,70,3.2214,0.0011,0.0072,3.2214
SID,98,2.8559,0.0005,0.0064,2.8559
SID,35,2.6442,0.0012,0.0059,2.6442
SID,19,2.6194,0.0010,0.0058,2.6194
SID,67,2.2980,0.0019,0.0051,2.2980
SID,69,2.2980,0.0010,0.0051,2.2980
SID,52,2.1915,0.0006,0.0049,2.1915
SID,21,2.1260,0.0004,0.0047,2.1260
SID,82,2.1072,0.0044,0.0047,2.1072
SID,39,1.8889,0.0019,0.0042,1.8889
SID,44,1.8146,0.0025,0.0041,1.8146
SID,48,1.7628,0.0009,0.0039,1.7628
SID,92,1.7462,0.0009,0.0039,1.7462
SID,58,1.6985,0.0017,0.0038,1.6985
SID,74,1.5970,0.0006,0.0036,1.5970
SID,45,1.5446,0.0004,0.0034,1.5446
SID,32,1.5197,0.0008,0.0034,1.5197
SID,102,1.4956,0.0003,0.0033,1.4956
SID,64,1.4723,0.0006,0.0033,1.4723
SID,17,1.4388,0.0003,0.0032,1.4388
SID,59,1.4173,0.0003,0.0032,1.4173
SID,42,0.8985,0.0006,0.0020,0.8985
SID,24,0.8814,0.0011,0.0020,0.8814
SID,81,0.8650,0.0005,0.0019,0.8650
SID,2,0.8492,0.0004,0.0019,0.8492
SID,95,0.8341,0.0004,0.0019,0.8341
SID,83,0.8267,0.0011,0.0018,0.8267
SID,49,0.8194,0.0004,0.0018,0.8194
SID,60,0.8194,0.0023,0.0018,0.8194
SID,72,0.7918,0.0005,0.0018,0.7918
SID,7,0.7787,0.0003,0.0017,0.7787
SID,3,0.7478,0.0002,0.0017,0.7478
SID,54,0.7478,0.0001,0.0017,0.7478
SID,30,0.7249,0.0002,0.0016,0.7249
SID,66,0.7249,0.0002,0.0016,0.7249
SK하이닉스,10,481.0848,0.0415,0.3178,481.0848
SK하이닉스,11,463.7837,0.0761,0.3064,463.7837
SK하이닉스,0,409.6500,0.0221,0.2706,409.6500
SK하이닉스,9,400.9401,0.0535,0.2649,400.9401
SK하이닉스,27,377.0476,0.0402,0.2491,377.0476
SK하이닉스,20,318.6419,0.0453,0.2105,318.6419
SK하이닉스,54,293.8876,0.0575,0.1941,293.8876
SK하이닉스,46,286.4095,0.0484,0.1892,286.4095
SK하이닉스,77,272.9206,0.0393,0.1803,272.9206
SK하이닉스,56,248.4655,0.0224,0.1641,248.4655
SK하이닉스,87,236.3278,0.0288,0.1561,236.3278
SK하이닉스,14,235.5588,0.0259,0.1556,235.5588
SK하이닉스,36,226.8924,0.0175,0.1499,226.8924
SK하이닉스,62,221.3369,0.0551,0.1462,221.3369
SK하이닉스,45,216.2397,0.0586,0.1429,216.2397
SK하이닉스,52,196.5004,0.0548,0.1298,196.5004
SK하이닉스,57,189.2220,0.0312,0.1250,189.2220
SK하이닉스,88,173.2501,0.0185,0.1145,173.2501
SK하이닉스,71,172.1295,0.0477,0.1137,172.1295
SK하이닉스,13,166.0012,0.0256,0.1097,166.0012
SK하이닉스,28,164.7415,0.0363,0.1088,164.7415
SK하이닉스,73,158.7522,0.0222,0.1049,158.7522
SK하이닉스,74,157.3060,0.0549,0.1039,157.3060
SK하이닉스,29,155.1277,0.0336,0.1025,155.1277
SK하이닉스,92,144.0646,0.0767,0.0952,144.0646
SK하이닉스,21,136.0611,0.0276,0.0899,136.0611
SK하이닉스,78,135.9221,0.0326,0.0898,135.9221
SK하이닉스,66,129.0315,0.0321,0.0852,129.0315
SK하이닉스,16,126.8713,0.0225,0.0838,126.8713
SK하이닉스,96,123.2711,0.0260,0.0814,123.2711
SK하이닉스,98,119.9489,0.0223,0.0792,119.9489
SK하이닉스,59,119.7621,0.0291,0.0791,119.7621
SK하이닉스,76,119.0690,0.0147,0.0787,119.0690
SK하이닉스,53,118.1533,0.0471,0.0781,118.1533
SK하이닉스,17,115.8227,0.0243,0.0765,115.8227
SK하이닉스,103,114.5335,0.0245,0.0757,114.5335
SK하이닉스,34,111.6340,0.0226,0.0737,111.6340
SK하이닉스,89,111.6340,0.0136,0.0737,111.6340
SK하이닉스,90,109.0648,0.0277,0.0720,109.0648
SK하이닉스,93,108.5431,0.0310,0.0717,108.5431
SK하이닉스,5,106.4705,0.0221,0.0703,106.4705
SK하이닉스,8,104.3850,0.0127,0.0690,104.3850
SK하이닉스,102,103.1972,0.0210,0.0682,103.1972
SK하이닉스,30,102.2103,0.0268,0.0675,102.2103
SK하이닉스,33,101.7592,0.0183,0.0672,101.7592
SK하이닉스,3,96.4669,0.0247,0.0637,96.4669
SK하이닉스,100,91.2064,0.0181,0.0603,91.2064
SK하이닉스,63,88.9011,0.0283,0.0587,88.9011
SK하이닉스,65,88.9011,0.0131,0.0587,88.9011
SK하이닉스,38,84.8750,0.0204,0.0561,84.8750
SK하이닉스,97,84.5020,0.0253,0.0558,84.5020
SK하이닉스,25,80.5723,0.0212,0.0532,80.5723
SK하이닉스,61,80.0152,0.0154,0.0529,80.0152
SK하이닉스,95,75.0647,0.0315,0.0496,75.0647
SK하이닉스,72,72.8436,0.0493,0.0481,72.8436
SK하이닉스,40,71.0672,0.0192,0.0469,71.0672
SK하이닉스,85,70.0648,0.0609,0.0463,70.0648
SK하이닉스,12,67.0857,0.0230,0.0443,67.0857
SK하이닉스,48,66.1053,0.0342,0.0437,66.1053
SK하이닉스,26,66.0324,0.0218,0.0436,66.0324
SK하이닉스,37,63.0821,0.0124,0.0417,63.0821
SK하이닉스,101,62.2935,0.0170,0.0412,62.2935
SK하이닉스,70,56.3751,0.0193,0.0372,56.3751
SK하이닉스,86,56.0854,0.0161,0.0371,56.0854
SK하이닉스,7,55.2855,0.0201,0.0365,55.2855
SK하이닉스,50,54.5069,0.0234,0.0360,54.5069
SK하이닉스,1,53.9591,0.0133,0.0356,53.9591
SK하이닉스,94,53.2637,0.0210,0.0352,53.2637
SK하이닉스,84,52.4442,0.0143,0.0346,52.4442
SK하이닉스,23,51.9895,0.0137,0.0343,51.9895
SK하이닉스,81,51.0348,0.0310,0.0337,51.0348
SK하이닉스,75,50.9092,0.0161,0.0336,50.9092
SK하이닉스,64,47.8507,0.0195,0.0316,47.8507
SK하이닉스,69,45.1945,0.0194,0.0299,45.1945
SK하이닉스,32,42.5510,0.0233,0.0281,42.5510
SK하이닉스,4,39.3332,0.0201,0.0260,39.3332
SK하이닉스,41,38.3284,0.0136,0.0253,38.3284
SK하이닉스,22,38.1548,0.0091,0.0252,38.1548
SK하이닉스,47,36.2412,0.0145,0.0239,36.2412
SK하이닉스,39,34.0006,0.0346,0.0225,34.0006
SK하이닉스,2,33.9691,0.0141,0.0224,33.9691
SK하이닉스,68,32.8699,0.0232,0.0217,32.8699
SK하이닉스,6,32.1556,0.0088,0.0212,32.1556
SK하이닉스,19,30.5591,0.0113,0.0202,30.5591
SK하이닉스,49,28.6804,0.0155,0.0189,28.6804
SK하이닉스,55,28.2822,0.0194,0.0187,28.2822
SK하이닉스,67,26.8103,0.0220,0.0177,26.8103
SK하이닉스,24,26.4421,0.0339,0.0175,26.4421
SK하이닉스,51,26.1287,0.0120,0.0173,26.1287
SK하이닉스,82,23.1789,0.0489,0.0153,23.1789
SK하이닉스,35,22.0351,0.0101,0.0146,22.0351
SK하이닉스,91,19.9627,0.0095,0.0132,19.9627
SK하이닉스,31,19.0136,0.0148,0.0126,19.0136
SK하이닉스,80,16.3313,0.0076,0.0108,16.3313
SK하이닉스,83,14.8802,0.0202,0.0098,14.8802
SK하이닉스,42,14.3758,0.0094,0.0095,14.3758
SK하이닉스,79,12.5359,0.0198,0.0083,12.5359
SK하이닉스,60,9.8333,0.0271,0.0065,9.8333
SK하이닉스,15,6.9706,0.0074,0.0046,6.9706
SK하이닉스,58,6.7938,0.0070,0.0045,6.7938
SK하이닉스,43,6.5515,0.0137,0.0043,6.5515
SK하이닉스,44,2.7219,0.0038,0.0018,2.7219
SK하이닉스,99,2.2385,0.0049,0.0015,2.2385
SK하이닉스,18,0.9643,0.0008,0.0006,0.9643
Semiconductor,10,37.0065,0.0032,0.3230,37.0065
Semiconductor,27,35.6100,0.0038,0.3108,35.6100
Semiconductor,0,33.2711,0.0018,0.2904,33.2711
Semiconductor,9,30.2464,0.0040,0.2640,30.2464
Semiconductor,20,26.0259,0.0037,0.2272,26.0259
Semiconductor,77,23.2123,0.0033,0.2026,23.2123
Semiconductor,56,22.1334,0.0020,0.1932,22.1334
Semiconductor,11,21.3488,0.0035,0.1863,21.3488
Semiconductor,87,20.7055,0.0025,0.1807,20.7055
Semiconductor,62,20.4536,0.0051,0.1785,20.4536
Semiconductor,36,20.2971,0.0016,0.1772,20.2971
Semiconductor,52,18.2621,0.0051,0.1594,18.2621
Semiconductor,29,18.1224,0.0039,0.1582,18.1224
Semiconductor,13,15.2228,0.0023,0.1329,15.2228
Semiconductor,73,15.2228,0.0021,0.1329,15.2228
Semiconductor,102,14.2083,0.0029,0.1240,14.2083
Semiconductor,8,13.7730,0.0017,0.1202,13.7730
Semiconductor,28,13.6685,0.0030,0.1193,13.6685
Semiconductor,54,13.4605,0.0026,0.1175,13.4605
Semiconductor,14,12.7127,0.0014,0.1110,12.7127
Semiconductor,26,12.6129,0.0042,0.1101,12.6129
Semiconductor,97,11.9649,0.0036,0.1044,11.9649
Semiconductor,17,11.5103,0.0024,0.1005,11.5103
Semiconductor,67,11.4901,0.0094,0.1003,11.4901
Semiconductor,3,11.2171,0.0029,0.0979,11.2171
Semiconductor,46,11.2171,0.0019,0.0979,11.2171
Semiconductor,71,11.1291,0.0031,0.0971,11.1291
Semiconductor,88,10.8734,0.0012,0.0949,10.8734
Semiconductor,103,10.8734,0.0023,0.0949,10.8734
Semiconductor,57,9.7753,0.0016,0.0853,9.7753
Semiconductor,53,8.9737,0.0036,0.0783,8.9737
Semiconductor,34,8.6988,0.0018,0.0759,8.6988
Semiconductor,81,8.6500,0.0052,0.0755,8.6500
Semiconductor,25,8.6327,0.0023,0.0754,8.6327
Semiconductor,93,8.2915,0.0024,0.0724,8.2915
Semiconductor,90,8.1613,0.0021,0.0712,8.1613
Semiconductor,91,7.9851,0.0038,0.0697,7.9851
Semiconductor,5,7.9133,0.0016,0.0691,7.9133
Semiconductor,59,7.7952,0.0019,0.0680,7.7952
Semiconductor,7,7.7867,0.0028,0.0680,7.7867
Semiconductor,78,7.7228,0.0019,0.0674,7.7228
Semiconductor,75,7.5984,0.0024,0.0663,7.5984
Semiconductor,33,7.5377,0.0014,0.0658,7.5377
Semiconductor,86,6.7303,0.0019,0.0587,6.7303
Semiconductor,66,6.5241,0.0016,0.0569,6.5241
Semiconductor,74,6.3881,0.0022,0.0558,6.3881
Semiconductor,63,6.0787,0.0019,0.0531,6.0787
Semiconductor,61,5.9824,0.0012,0.0522,5.9824
Semiconductor,76,5.8439,0.0007,0.0510,5.8439
Semiconductor,30,5.7992,0.0015,0.0506,5.7992
Semiconductor,89,5.7992,0.0007,0.0506,5.7992
Semiconductor,98,5.7119,0.0011,0.0499,5.7119
Semiconductor,21,5.6692,0.0012,0.0495,5.6692
Semiconductor,45,5.4060,0.0015,0.0472,5.4060
Semiconductor,16,5.1936,0.0009,0.0453,5.1936
Semiconductor,94,4.9166,0.0019,0.0429,4.9166
Semiconductor,23,4.8740,0.0013,0.0425,4.8740
Semiconductor,70,4.8322,0.0017,0.0422,4.8322
Semiconductor,37,4.7910,0.0009,0.0418,4.7910
Semiconductor,40,4.7910,0.0013,0.0418,4.7910
Semiconductor,72,4.7507,0.0032,0.0415,4.7507
Semiconductor,38,4.6720,0.0011,0.0408,4.6720
Semiconductor,65,4.5590,0.0007,0.0398,4.5590
Semiconductor,12,4.5226,0.0015,0.0395,4.5226
Semiconductor,100,4.5226,0.0009,0.0395,4.5226
Semiconductor,24,4.4070,0.0057,0.0385,4.4070
Semiconductor,92,4.3656,0.0023,0.0381,4.3656
Semiconductor,95,4.1703,0.0018,0.0364,4.1703
Semiconductor,60,4.0972,0.0113,0.0358,4.0972
Semiconductor,96,3.9258,0.0008,0.0343,3.9258
Semiconductor,79,3.8572,0.0061,0.0337,3.8572
Semiconductor,69,3.8300,0.0016,0.0334,3.8300
Semiconductor,64,3.6808,0.0015,0.0321,3.6808
Semiconductor,32,3.0394,0.0017,0.0265,3.0394
Semiconductor,44,2.7219,0.0038,0.0238,2.7219
Semiconductor,48,2.6442,0.0014,0.0231,2.6442
Semiconductor,68,2.5950,0.0018,0.0227,2.5950
Semiconductor,55,2.5711,0.0018,0.0224,2.5711
Semiconductor,2,2.5477,0.0011,0.0222,2.5477
Semiconductor,1,2.4161,0.0006,0.0211,2.4161
Semiconductor,47,2.4161,0.0010,0.0211,2.4161
Semiconductor,101,2.3360,0.0006,0.0204,2.3360
Semiconductor,83,1.6534,0.0022,0.0144,1.6534
Semiconductor,49,1.6389,0.0009,0.0143,1.6389
Semiconductor,84,1.6389,0.0004,0.0143,1.6389
Semiconductor,22,1.5573,0.0004,0.0136,1.5573
Semiconductor,6,1.4956,0.0004,0.0131,1.4956
Semiconductor,15,0.9958,0.0011,0.0087,0.9958
Semiconductor,18,0.9643,0.0008,0.0084,0.9643
Semiconductor,39,0.9445,0.0010,0.0082,0.9445
Semiconductor,42,0.8985,0.0006,0.0078,0.8985
Semiconductor,35,0.8814,0.0004,0.0077,0.8814
Semiconductor,19,0.8731,0.0003,0.0076,0.8731
Semiconductor,85,0.8650,0.0008,0.0076,0.8650
Semiconductor,58,0.8492,0.0009,0.0074,0.8492
Semiconductor,31,0.8267,0.0006,0.0072,0.8267
Semiconductor,4,0.8194,0.0004,0.0072,0.8194
Semiconductor,51,0.7918,0.0004,0.0069,0.7918
Semiconductor,50,0.7787,0.0003,0.0068,0.7787
TCL,8,620.5109,0.0758,0.4060,620.5109
TCL,0,515.0084,0.0277,0.3369,515.0084
TCL,88,498.7284,0.0533,0.3263,498.7284
TCL,36,468.2827,0.0362,0.3064,468.2827
TCL,56,428.3888,0.0386,0.2803,428.3888
TCL,96,319.5626,0.0675,0.2091,319.5626
TCL,89,307.3559,0.0376,0.2011,307.3559
TCL,1,257.7149,0.0637,0.1686,257.7149
TCL,87,236.3278,0.0288,0.1546,236.3278
TCL,76,233.0247,0.0289,0.1525,233.0247
TCL,98,223.4761,0.0416,0.1462,223.4761
TCL,14,202.6553,0.0223,0.1326,202.6553
TCL,10,197.6009,0.0170,0.1293,197.6009
TCL,73,196.4468,0.0274,0.1285,196.4468
TCL,27,175.2573,0.0187,0.1147,175.2573
TCL,5,152.5118,0.0317,0.0998,152.5118
TCL,90,149.8713,0.0381,0.0981,149.8713
TCL,102,149.5611,0.0304,0.0979,149.5611
TCL,21,149.5254,0.0304,0.0978,149.5254
TCL,65,148.1685,0.0219,0.0969,148.1685
TCL,44,131.5578,0.1842,0.0861,131.5578
TCL,13,127.5817,0.0197,0.0835,127.5817
TCL,20,126.6127,0.0180,0.0828,126.6127
TCL,57,123.5878,0.0204,0.0809,123.5878
TCL,100,116.8346,0.0231,0.0764,116.8346
TCL,103,115.2584,0.0246,0.0754,115.2584
TCL,46,115.1621,0.0195,0.0753,115.1621
TCL,69,114.9013,0.0493,0.0752,114.9013
TCL,33,107.7894,0.0194,0.0705,107.7894
TCL,38,105.8990,0.0254,0.0693,105.8990
TCL,9,100.5867,0.0134,0.0658,100.5867
TCL,77,98.4765,0.0142,0.0644,98.4765
TCL,93,94.9752,0.0271,0.0621,94.9752
TCL,63,93.4601,0.0298,0.0611,93.4601
TCL,91,91.8284,0.0438,0.0601,91.8284
TCL,3,90.4845,0.0232,0.0592,90.4845
TCL,6,88.9889,0.0244,0.0582,88.9889
TCL,16,86.0647,0.0152,0.0563,86.0647
TCL,28,84.1693,0.0186,0.0551,84.1693
TCL,17,83.4499,0.0175,0.0546,83.4499
TCL,30,78.2888,0.0206,0.0512,78.2888
TCL,22,77.0883,0.0185,0.0504,77.0883
TCL,78,75.6839,0.0182,0.0495,75.6839
TCL,29,75.3892,0.0163,0.0493,75.3892
TCL,11,75.0888,0.0123,0.0491,75.0888
TCL,12,74.6234,0.0256,0.0488,74.6234
TCL,59,73.6997,0.0179,0.0482,73.6997
TCL,45,72.5947,0.0197,0.0475,72.5947
TCL,54,71.0415,0.0139,0.0465,71.0415
TCL,97,70.2937,0.0210,0.0460,70.2937
TCL,25,69.0620,0.0181,0.0452,69.0620
TCL,41,65.4776,0.0232,0.0428,65.4776
TCL,95,62.5539,0.0263,0.0409,62.5539
TCL,32,58.5076,0.0320,0.0383,58.5076
TCL,61,56.8332,0.0109,0.0372,56.8332
TCL,71,56.3872,0.0156,0.0369,56.3872
TCL,66,55.8170,0.0139,0.0365,55.8170
TCL,26,55.6453,0.0184,0.0364,55.6453
TCL,34,54.3672,0.0110,0.0356,54.3672
TCL,40,52.7015,0.0142,0.0345,52.7015
TCL,68,51.8998,0.0367,0.0340,51.8998
TCL,64,47.8507,0.0195,0.0313,47.8507
TCL,101,45.9415,0.0125,0.0301,45.9415
TCL,70,45.1001,0.0154,0.0295,45.1001
TCL,84,43.4304,0.0118,0.0284,43.4304
TCL,37,40.7239,0.0080,0.0266,40.7239
TCL,47,40.2680,0.0161,0.0263,40.2680
TCL,62,39.4462,0.0098,0.0258,39.4462
TCL,50,38.1548,0.0164,0.0250,38.1548
TCL,86,35.8947,0.0103,0.0235,35.8947
TCL,74,33.5373,0.0117,0.0219,33.5373
TCL,53,32.9034,0.0131,0.0215,32.9034
TCL,7,32.7041,0.0119,0.0214,32.7041
TCL,52,29.9499,0.0083,0.0196,29.9499
TCL,2,29.7229,0.0124,0.0194,29.7229
TCL,58,28.0245,0.0287,0.0183,28.0245
TCL,94,27.0415,0.0106,0.0177,27.0415
TCL,18,27.0004,0.0221,0.0177,27.0004
TCL,42,26.9546,0.0176,0.0176,26.9546
TCL,80,26.3116,0.0123,0.0172,26.3116
TCL,19,26.1936,0.0096,0.0171,26.1936
TCL,72,26.1287,0.0177,0.0171,26.1287
TCL,23,25.9947,0.0068,0.0170,25.9947
TCL,75,25.8345,0.0082,0.0169,25.8345
TCL,51,23.7533,0.0109,0.0155,23.7533
TCL,39,22.6671,0.0231,0.0148,22.6671
TCL,4,21.3055,0.0109,0.0139,21.3055
TCL,85,20.7599,0.0180,0.0136,20.7599
TCL,55,18.8548,0.0129,0.0123,18.8548
TCL,35,18.5095,0.0085,0.0121,18.5095
TCL,15,17.9245,0.0190,0.0117,17.9245
TCL,92,17.4624,0.0093,0.0114,17.4624
TCL,81,17.2999,0.0105,0.0113,17.2999
TCL,67,16.0862,0.0132,0.0105,16.0862
TCL,31,14.8802,0.0115,0.0097,14.8802
TCL,49,13.9305,0.0075,0.0091,13.9305
TCL,83,12.4002,0.0169,0.0081,12.4002
TCL,48,7.9326,0.0041,0.0052,7.9326
TCL,24,7.0512,0.0090,0.0046,7.0512
TCL,82,6.3215,0.0133,0.0041,6.3215
TCL,99,5.5962,0.0121,0.0037,5.5962
TCL,43,2.1838,0.0046,0.0014,2.1838
TCL,79,1.9286,0.0030,0.0013,1.9286
TCL,60,1.6389,0.0045,0.0011,1.6389
TSMC,77,130.8331,0.0189,0.3325,130.8331
TSMC,0,115.0624,0.0062,0.2925,115.0624
TSMC,11,107.4800,0.0176,0.2732,107.4800
TSMC,10,104.0372,0.0090,0.2644,104.0372
TSMC,9,94.2561,0.0126,0.2396,94.2561
TSMC,27,89.3742,0.0095,0.2272,89.3742
TSMC,46,84.5020,0.0143,0.2148,84.5020
TSMC,54,77.0240,0.0151,0.1958,77.0240
TSMC,20,73.1540,0.0104,0.1859,73.1540
TSMC,62,68.6656,0.0171,0.1745,68.6656
TSMC,57,64.2377,0.0106,0.1633,64.2377
TSMC,56,63.5443,0.0057,0.1615,63.5443
TSMC,87,57.8325,0.0070,0.1470,57.8325
TSMC,36,57.2668,0.0044,0.1456,57.2668
TSMC,52,52.5949,0.0147,0.1337,52.5949
TSMC,28,49.6383,0.0109,0.1262,49.6383
TSMC,14,47.1118,0.0052,0.1197,47.1118
TSMC,66,44.2186,0.0110,0.1124,44.2186
TSMC,71,41.5485,0.0115,0.1056,41.5485
TSMC,17,41.0055,0.0086,0.1042,41.0055
TSMC,88,40.5942,0.0043,0.1032,40.5942
TSMC,21,40.3931,0.0082,0.1027,40.3931
TSMC,13,38.4195,0.0059,0.0977,38.4195
TSMC,73,38.4195,0.0054,0.0977,38.4195
TSMC,59,38.2672,0.0093,0.0973,38.2672
TSMC,98,37.1270,0.0069,0.0944,37.1270
TSMC,93,36.9348,0.0106,0.0939,36.9348
TSMC,5,34.5310,0.0072,0.0878,34.5310
TSMC,61,34.3991,0.0066,0.0874,34.3991
TSMC,30,32.6203,0.0086,0.0829,32.6203
TSMC,53,30.6600,0.0122,0.0779,30.6600
TSMC,37,30.3433,0.0059,0.0771,30.3433
TSMC,74,29.5448,0.0103,0.0751,29.5448
TSMC,92,27.9398,0.0149,0.0710,27.9398
TSMC,29,27.5460,0.0060,0.0700,27.5460
TSMC,89,26.8211,0.0033,0.0682,26.8211
TSMC,16,26.7097,0.0047,0.0679,26.7097
TSMC,76,26.2975,0.0033,0.0668,26.2975
TSMC,78,26.2577,0.0063,0.0667,26.2577
TSMC,23,25.9947,0.0068,0.0661,25.9947
TSMC,38,25.6961,0.0062,0.0653,25.6961
TSMC,90,24.4839,0.0062,0.0622,24.4839
TSMC,103,23.9216,0.0051,0.0608,23.9216
TSMC,48,23.7979,0.0123,0.0605,23.7979
TSMC,65,23.5550,0.0035,0.0599,23.5550
TSMC,8,23.1967,0.0028,0.0590,23.1967
TSMC,34,23.1967,0.0047,0.0590,23.1967
TSMC,101,22.5814,0.0062,0.0574,22.5814
TSMC,81,22.4899,0.0136,0.0572,22.4899
TSMC,33,21.8594,0.0039,0.0556,21.8594
TSMC,63,21.2755,0.0068,0.0541,21.2755
TSMC,45,20.8517,0.0056,0.0530,20.8517
TSMC,84,20.4860,0.0056,0.0521,20.4860
TSMC,40,19.9627,0.0054,0.0507,19.9627
TSMC,100,19.5981,0.0039,0.0498,19.5981
TSMC,7,19.4667,0.0071,0.0495,19.4667
TSMC,102,19.4429,0.0039,0.0494,19.4429
TSMC,12,18.8443,0.0065,0.0479,18.8443
TSMC,70,17.7179,0.0061,0.0450,17.7179
TSMC,3,17.1995,0.0044,0.0437,17.1995
TSMC,72,16.6273,0.0113,0.0423,16.6273
TSMC,35,15.8653,0.0073,0.0403,15.8653
TSMC,25,15.8267,0.0042,0.0402,15.8267
TSMC,86,14.9561,0.0043,0.0380,14.9561
TSMC,22,14.0160,0.0034,0.0356,14.0160
TSMC,49,13.1111,0.0071,0.0333,13.1111
TSMC,85,12.9750,0.0113,0.0330,12.9750
TSMC,97,12.7127,0.0038,0.0323,12.7127
TSMC,26,12.6129,0.0042,0.0321,12.6129
TSMC,95,12.5108,0.0053,0.0318,12.5108
TSMC,69,12.2561,0.0053,0.0312,12.2561
TSMC,96,11.7775,0.0025,0.0299,11.7775
TSMC,75,11.3976,0.0036,0.0290,11.3976
TSMC,64,11.0425,0.0045,0.0281,11.0425
TSMC,68,10.3800,0.0073,0.0264,10.3800
TSMC,94,9.0138,0.0035,0.0229,9.0138
TSMC,51,8.7096,0.0040,0.0221,8.7096
TSMC,55,8.5704,0.0059,0.0218,8.5704
TSMC,80,8.1657,0.0038,0.0208,8.1657
TSMC,2,7.6430,0.0032,0.0194,7.6430
TSMC,41,7.1866,0.0025,0.0183,7.1866
TSMC,19,6.9849,0.0026,0.0178,6.9849
TSMC,6,6.7303,0.0018,0.0171,6.7303
TSMC,82,6.3215,0.0133,0.0161,6.3215
TSMC,50,6.2294,0.0027,0.0158,6.2294
TSMC,4,5.7361,0.0029,0.0146,5.7361
TSMC,32,5.3189,0.0029,0.0135,5.3189
TSMC,24,5.2884,0.0068,0.0134,5.2884
TSMC,60,4.9166,0.0136,0.0125,4.9166
TSMC,39,4.7223,0.0048,0.0120,4.7223
TSMC,67,4.5961,0.0038,0.0117,4.5961
TSMC,83,4.1334,0.0056,0.0105,4.1334
TSMC,47,4.0268,0.0016,0.0102,4.0268
TSMC,91,3.9925,0.0019,0.0101,3.9925
TSMC,15,2.9874,0.0032,0.0076,2.9874
TSMC,42,1.7970,0.0012,0.0046,1.7970
TSMC,1,1.6107,0.0004,0.0041,1.6107
TSMC,99,1.1192,0.0024,0.0028,1.1192
TSMC,43,1.0919,0.0023,0.0028,1.0919
TSMC,79,0.9643,0.0015,0.0025,0.9643
TSMC,44,0.9073,0.0013,0.0023,0.9073
TSMC,31,0.8267,0.0006,0.0021,0.8267
Tianma,36,68.8651,0.0053,0.3878,68.8651
Tianma,0,67.9284,0.0037,0.3825,67.9284
Tianma,56,62.1164,0.0056,0.3498,62.1164
Tianma,89,36.9697,0.0045,0.2082,36.9697
Tianma,14,36.6425,0.0040,0.2063,36.6425
Tianma,76,36.5242,0.0045,0.2057,36.5242
Tianma,88,36.2448,0.0039,0.2041,36.2448
Tianma,73,34.0701,0.0048,0.1919,34.0701
Tianma,8,33.3452,0.0041,0.1878,33.3452
Tianma,10,32.1189,0.0028,0.1809,32.1189
Tianma,27,30.7224,0.0033,0.1730,30.7224
Tianma,65,30.3935,0.0045,0.1712,30.3935
Tianma,13,28.9958,0.0045,0.1633,28.9958
Tianma,100,27.8896,0.0055,0.1571,27.8896
Tianma,87,27.8453,0.0034,0.1568,27.8453
Tianma,16,23.0001,0.0041,0.1295,23.0001
Tianma,33,20.3518,0.0037,0.1146,20.3518
Tianma,22,19.4667,0.0047,0.1096,19.4667
Tianma,38,17.1307,0.0041,0.0965,17.1307
Tianma,6,16.4517,0.0045,0.0926,16.4517
Tianma,97,15.7039,0.0047,0.0884,15.7039
Tianma,44,15.4240,0.0216,0.0869,15.4240
Tianma,29,15.2228,0.0033,0.0857,15.2228
Tianma,20,14.7715,0.0021,0.0832,14.7715
Tianma,40,13.5746,0.0037,0.0764,13.5746
Tianma,90,13.3549,0.0034,0.0752,13.3549
Tianma,28,12.2297,0.0027,0.0689,12.2297
Tianma,63,11.3976,0.0036,0.0642,11.3976
Tianma,69,10.7241,0.0046,0.0604,10.7241
Tianma,59,9.9211,0.0024,0.0559,9.9211
Tianma,77,9.8477,0.0014,0.0555,9.8477
Tianma,26,9.6452,0.0032,0.0543,9.6452
Tianma,11,9.5701,0.0016,0.0539,9.5701
Tianma,9,9.1442,0.0012,0.0515,9.1442
Tianma,32,9.1181,0.0050,0.0513,9.1181
Tianma,93,9.0453,0.0026,0.0509,9.0453
Tianma,70,8.8590,0.0030,0.0499,8.8590
Tianma,62,8.0353,0.0020,0.0453,8.0353
Tianma,96,7.8517,0.0017,0.0442,7.8517
Tianma,46,7.4781,0.0013,0.0421,7.4781
Tianma,71,7.4194,0.0021,0.0418,7.4194
Tianma,4,7.3750,0.0038,0.0415,7.3750
Tianma,103,7.2490,0.0015,0.0408,7.2490
Tianma,1,7.2482,0.0018,0.0408,7.2482
Tianma,5,7.1940,0.0015,0.0405,7.1940
Tianma,91,7.1866,0.0034,0.0405,7.1866
Tianma,50,7.0080,0.0030,0.0395,7.0080
Tianma,54,6.7303,0.0013,0.0379,6.7303
Tianma,94,6.5555,0.0026,0.0369,6.5555
Tianma,78,6.1783,0.0015,0.0348,6.1783
Tianma,53,5.9824,0.0024,0.0337,5.9824
Tianma,37,5.5896,0.0011,0.0315,5.5896
Tianma,57,5.5859,0.0009,0.0315,5.5859
Tianma,75,5.3189,0.0017,0.0300,5.3189
Tianma,34,5.0743,0.0010,0.0286,5.0743
Tianma,41,4.7910,0.0017,0.0270,4.7910
Tianma,74,4.7910,0.0017,0.0270,4.7910
Tianma,72,4.7507,0.0032,0.0268,4.7507
Tianma,52,4.3829,0.0012,0.0247,4.3829
Tianma,47,4.0268,0.0016,0.0227,4.0268
Tianma,3,3.7390,0.0010,0.0211,3.7390
Tianma,61,3.7390,0.0007,0.0211,3.7390
Tianma,17,3.5970,0.0008,0.0203,3.5970
Tianma,25,3.5970,0.0009,0.0203,3.5970
Tianma,98,3.5699,0.0007,0.0201,3.5699
Tianma,23,3.2493,0.0009,0.0183,3.2493
Tianma,51,3.1671,0.0015,0.0178,3.1671
Tianma,7,3.1147,0.0011,0.0175,3.1147
Tianma,45,3.0891,0.0008,0.0174,3.0891
Tianma,86,2.9912,0.0009,0.0168,2.9912
Tianma,64,2.9447,0.0012,0.0166,2.9447
Tianma,2,2.5477,0.0011,0.0143,2.5477
Tianma,30,2.1747,0.0006,0.0122,2.1747
Tianma,66,2.1747,0.0005,0.0122,2.1747
Tianma,21,2.1260,0.0004,0.0120,2.1260
Tianma,79,1.9286,0.0030,0.0109,1.9286
Tianma,35,1.7628,0.0008,0.0099,1.7628
Tianma,19,1.7462,0.0006,0.0098,1.7462
Tianma,92,1.7462,0.0009,0.0098,1.7462
Tianma,68,1.7300,0.0012,0.0097,1.7300
Tianma,55,1.7141,0.0012,0.0097,1.7141
Tianma,84,1.6389,0.0004,0.0092,1.6389
Tianma,12,1.5075,0.0005,0.0085,1.5075
Tianma,102,1.4956,0.0003,0.0084,1.4956
Tianma,43,1.0919,0.0023,0.0061,1.0919
Tianma,39,0.9445,0.0010,0.0053,0.9445
Tianma,42,0.8985,0.0006,0.0051,0.8985
Tianma,48,0.8814,0.0005,0.0050,0.8814
Tianma,81,0.8650,0.0005,0.0049,0.8650
Tianma,58,0.8492,0.0009,0.0048,0.8492
Tianma,83,0.8267,0.0011,0.0047,0.8267
Tianma,49,0.8194,0.0004,0.0046,0.8194
Tianma,101,0.7787,0.0002,0.0044,0.7787
Tianma,67,0.7660,0.0006,0.0043,0.7660
Toray,56,9.9957,0.0009,0.2886,9.9957
Toray,27,9.0771,0.0010,0.2621,9.0771
Toray,0,9.0109,0.0005,0.2601,9.0109
Toray,36,8.6988,0.0007,0.2511,8.6988
Toray,87,8.5678,0.0010,0.2474,8.5678
Toray,9,8.4408,0.0011,0.2437,8.4408
Toray,10,8.3788,0.0007,0.2419,8.3788
Toray,13,6.5241,0.0010,0.1884,6.5241
Toray,20,6.3306,0.0009,0.1828,6.3306
Toray,65,6.0787,0.0009,0.1755,6.0787
Toray,29,5.7992,0.0013,0.1674,5.7992
Toray,73,5.7992,0.0008,0.1674,5.7992
Toray,28,5.7552,0.0013,0.1662,5.7552
Toray,38,5.4507,0.0013,0.1574,5.4507
Toray,14,5.2346,0.0006,0.1511,5.2346
Toray,33,4.5226,0.0008,0.1306,4.5226
Toray,11,4.4170,0.0007,0.1275,4.4170
Toray,76,4.3829,0.0005,0.1265,4.3829
Toray,88,4.3494,0.0005,0.1256,4.3494
Toray,77,4.2204,0.0006,0.1218,4.2204
Toray,46,3.7390,0.0006,0.1079,3.7390
Toray,61,3.7390,0.0007,0.1079,3.7390
Toray,71,3.7097,0.0010,0.1071,3.7097
Toray,62,3.6524,0.0009,0.1054,3.6524
Toray,44,3.6292,0.0051,0.1048,3.6292
Toray,89,3.6245,0.0004,0.1046,3.6245
Toray,40,3.1940,0.0009,0.0922,3.1940
Toray,7,3.1147,0.0011,0.0899,3.1147
Toray,78,3.0891,0.0007,0.0892,3.0891
Toray,63,3.0394,0.0010,0.0877,3.0394
Toray,93,3.0151,0.0009,0.0870,3.0151
Toray,100,3.0151,0.0006,0.0870,3.0151
Toray,8,2.8996,0.0004,0.0837,2.8996
Toray,25,2.8776,0.0008,0.0831,2.8776
Toray,2,2.5477,0.0011,0.0736,2.5477
Toray,84,2.4583,0.0007,0.0710,2.4583
Toray,74,2.3955,0.0008,0.0692,2.3955
Toray,91,2.3955,0.0011,0.0692,2.3955
Toray,22,2.3360,0.0006,0.0674,2.3360
Toray,12,2.2613,0.0008,0.0653,2.2613
Toray,86,2.2434,0.0006,0.0648,2.2434
Toray,16,2.2258,0.0004,0.0643,2.2258
Toray,90,2.2258,0.0006,0.0643,2.2258
Toray,52,2.1915,0.0006,0.0633,2.1915
Toray,34,2.1747,0.0004,0.0628,2.1747
Toray,57,2.0947,0.0003,0.0605,2.0947
Toray,48,1.7628,0.0009,0.0509,1.7628
Toray,60,1.6389,0.0045,0.0473,1.6389
Toray,94,1.6389,0.0006,0.0473,1.6389
Toray,70,1.6107,0.0006,0.0465,1.6107
Toray,37,1.5970,0.0003,0.0461,1.5970
Toray,41,1.5970,0.0006,0.0461,1.5970
Toray,96,1.5703,0.0003,0.0453,1.5703
Toray,101,1.5573,0.0004,0.0450,1.5573
Toray,45,1.5446,0.0004,0.0446,1.5446
Toray,69,1.5320,0.0007,0.0442,1.5320
Toray,3,1.4956,0.0004,0.0432,1.4956
Toray,6,1.4956,0.0004,0.0432,1.4956
Toray,53,1.4956,0.0006,0.0432,1.4956
Toray,54,1.4956,0.0003,0.0432,1.4956
Toray,64,1.4723,0.0006,0.0425,1.4723
Toray,103,1.4498,0.0003,0.0419,1.4498
Toray,5,1.4388,0.0003,0.0415,1.4388
Toray,79,0.9643,0.0015,0.0278,0.9643
Toray,35,0.8814,0.0004,0.0254,0.8814
Toray,19,0.8731,0.0003,0.0252,0.8731
Toray,81,0.8650,0.0005,0.0250,0.8650
Toray,55,0.8570,0.0006,0.0247,0.8570
Toray,95,0.8341,0.0004,0.0241,0.8341
Toray,49,0.8194,0.0004,0.0237,0.8194
Toray,23,0.8123,0.0002,0.0235,0.8123
Toray,47,0.8054,0.0003,0.0233,0.8054
Toray,72,0.7918,0.0005,0.0229,0.7918
Toray,50,0.7787,0.0003,0.0225,0.7787
Toray,67,0.7660,0.0006,0.0221,0.7660
Toray,32,0.7598,0.0004,0.0219,0.7598
Toray,75,0.7598,0.0002,0.0219,0.7598
Toray,97,0.7478,0.0002,0.0216,0.7478
Toray,102,0.7478,0.0002,0.0216,0.7478
Toray,26,0.7419,0.0002,0.0214,0.7419
Toray,17,0.7194,0.0002,0.0208,0.7194
Toray,98,0.7140,0.0001,0.0206,0.7140
Toray,21,0.7087,0.0001,0.0205,0.7087
Toray,59,0.7087,0.0002,0.0205,0.7087
UDC,0,24.2602,0.0013,0.3375,24.2602
UDC,36,20.2971,0.0016,0.2824,20.2971
UDC,56,17.8495,0.0016,0.2483,17.8495
UDC,10,17.4559,0.0015,0.2429,17.4559
UDC,73,15.2228,0.0021,0.2118,15.2228
UDC,65,15.1968,0.0022,0.2114,15.1968
UDC,27,14.6630,0.0016,0.2040,14.6630
UDC,13,13.7730,0.0021,0.1916,13.7730
UDC,76,13.1487,0.0016,0.1829,13.1487
UDC,89,12.3232,0.0015,0.1714,12.3232
UDC,84,12.2916,0.0033,0.1710,12.2916
UDC,87,12.1377,0.0015,0.1689,12.1377
UDC,14,11.9649,0.0013,0.1665,11.9649
UDC,100,10.5528,0.0021,0.1468,10.5528
UDC,34,10.1485,0.0021,0.1412,10.1485
UDC,22,10.1227,0.0024,0.1408,10.1227
UDC,101,10.1227,0.0028,0.1408,10.1227
UDC,75,9.8779,0.0031,0.1374,9.8779
UDC,37,9.5821,0.0019,0.1333,9.5821
UDC,86,8.9737,0.0026,0.1248,8.9737
UDC,16,8.9032,0.0016,0.1239,8.9032
UDC,26,8.9032,0.0029,0.1239,8.9032
UDC,29,8.6988,0.0019,0.1210,8.6988
UDC,88,8.6988,0.0009,0.1210,8.6988
UDC,33,8.2915,0.0015,0.1154,8.2915
UDC,6,7.4781,0.0021,0.1040,7.4781
UDC,61,7.4781,0.0014,0.1040,7.4781
UDC,97,7.4781,0.0022,0.1040,7.4781
UDC,40,7.1866,0.0019,0.1000,7.1866
UDC,9,7.0340,0.0009,0.0979,7.0340
UDC,20,7.0340,0.0010,0.0979,7.0340
UDC,93,6.7839,0.0019,0.0944,6.7839
UDC,8,5.7992,0.0007,0.0807,5.7992
UDC,94,5.7361,0.0023,0.0798,5.7361
UDC,63,5.3189,0.0017,0.0740,5.3189
UDC,102,5.2346,0.0011,0.0728,5.2346
UDC,52,5.1134,0.0014,0.0711,5.1134
UDC,23,4.8740,0.0013,0.0678,4.8740
UDC,38,4.6720,0.0011,0.0650,4.6720
UDC,54,4.4868,0.0009,0.0624,4.4868
UDC,71,4.4516,0.0012,0.0619,4.4516
UDC,28,4.3164,0.0010,0.0601,4.3164
UDC,77,4.2204,0.0006,0.0587,4.2204
UDC,70,4.0268,0.0014,0.0560,4.0268
UDC,7,3.8933,0.0014,0.0542,3.8933
UDC,32,3.7992,0.0021,0.0529,3.7992
UDC,3,3.7390,0.0010,0.0520,3.7390
UDC,46,3.7390,0.0006,0.0520,3.7390
UDC,25,3.5970,0.0009,0.0500,3.5970
UDC,90,2.9677,0.0008,0.0413,2.9677
UDC,64,2.9447,0.0012,0.0410,2.9447
UDC,62,2.9219,0.0007,0.0407,2.9219
UDC,21,2.8346,0.0006,0.0394,2.8346
UDC,57,2.7929,0.0005,0.0389,2.7929
UDC,68,2.5950,0.0018,0.0361,2.5950
UDC,4,2.4583,0.0013,0.0342,2.4583
UDC,96,2.3555,0.0005,0.0328,2.3555
UDC,50,2.3360,0.0010,0.0325,2.3360
UDC,45,2.3169,0.0006,0.0322,2.3169
UDC,78,2.3169,0.0006,0.0322,2.3169
UDC,53,2.2434,0.0009,0.0312,2.2434
UDC,103,2.1747,0.0005,0.0303,2.1747
UDC,44,1.8146,0.0025,0.0252,1.8146
UDC,92,1.7462,0.0009,0.0243,1.7462
UDC,95,1.6681,0.0007,0.0232,1.6681
UDC,1,1.6107,0.0004,0.0224,1.6107
UDC,47,1.6107,0.0006,0.0224,1.6107
UDC,41,1.5970,0.0006,0.0222,1.5970
UDC,67,1.5320,0.0013,0.0213,1.5320
UDC,12,1.5075,0.0005,0.0210,1.5075
UDC,11,1.4723,0.0002,0.0205,1.4723
UDC,59,1.4173,0.0003,0.0197,1.4173
UDC,79,0.9643,0.0015,0.0134,0.9643
UDC,39,0.9445,0.0010,0.0131,0.9445
UDC,42,0.8985,0.0006,0.0125,0.8985
UDC,81,0.8650,0.0005,0.0120,0.8650
UDC,2,0.8492,0.0004,0.0118,0.8492
UDC,83,0.8267,0.0011,0.0115,0.8267
UDC,49,0.8194,0.0004,0.0114,0.8194
UDC,91,0.7985,0.0004,0.0111,0.7985
UDC,51,0.7918,0.0004,0.0110,0.7918
UDC,30,0.7249,0.0002,0.0101,0.7249
UDC,5,0.7194,0.0001,0.0100,0.7194
UL,0,56.1449,0.0030,0.3339,56.1449
UL,8,47.1182,0.0058,0.2802,47.1182
UL,5,41.0055,0.0085,0.2438,41.0055
UL,36,38.4195,0.0030,0.2285,38.4195
UL,10,35.6100,0.0031,0.2118,35.6100
UL,89,34.7950,0.0043,0.2069,34.7950
UL,88,34.0701,0.0036,0.2026,34.0701
UL,56,32.8431,0.0030,0.1953,32.8431
UL,73,31.1705,0.0044,0.1854,31.1705
UL,77,30.9498,0.0045,0.1840,30.9498
UL,27,29.3259,0.0031,0.1744,29.3259
UL,87,29.2732,0.0036,0.1741,29.2732
UL,9,25.3225,0.0034,0.1506,25.3225
UL,98,24.2754,0.0045,0.1444,24.2754
UL,20,23.9157,0.0034,0.1422,23.9157
UL,76,23.3755,0.0029,0.1390,23.3755
UL,91,23.1567,0.0111,0.1377,23.1567
UL,13,22.4718,0.0035,0.1336,22.4718
UL,57,20.9471,0.0035,0.1246,20.9471
UL,29,20.2971,0.0044,0.1207,20.2971
UL,96,18.8440,0.0040,0.1121,18.8440
UL,14,18.6951,0.0021,0.1112,18.6951
UL,97,18.6951,0.0056,0.1112,18.6951
UL,1,18.5233,0.0046,0.1101,18.5233
UL,34,17.3975,0.0035,0.1035,17.3975
UL,17,17.2655,0.0036,0.1027,17.2655
UL,25,16.5461,0.0043,0.0984,16.5461
UL,30,15.9477,0.0042,0.0948,15.9477
UL,103,15.9477,0.0034,0.0948,15.9477
UL,21,14.8817,0.0030,0.0885,14.8817
UL,62,14.6097,0.0036,0.0869,14.6097
UL,44,14.5167,0.0203,0.0863,14.5167
UL,65,14.4369,0.0021,0.0858,14.4369
UL,86,14.2083,0.0041,0.0845,14.2083
UL,26,14.0968,0.0047,0.0838,14.0968
UL,90,14.0968,0.0036,0.0838,14.0968
UL,100,13.5679,0.0027,0.0807,13.5679
UL,33,12.8141,0.0023,0.0762,12.8141
UL,59,12.7557,0.0031,0.0759,12.7557
UL,46,12.7127,0.0021,0.0756,12.7127
UL,66,12.3232,0.0031,0.0733,12.3232
UL,12,12.0603,0.0041,0.0717,12.0603
UL,93,12.0603,0.0034,0.0717,12.0603
UL,3,11.9649,0.0031,0.0711,11.9649
UL,16,11.1291,0.0020,0.0662,11.1291
UL,11,11.0425,0.0018,0.0657,11.0425
UL,22,10.9014,0.0026,0.0648,10.9014
UL,102,8.9737,0.0018,0.0534,8.9737
UL,47,8.8590,0.0036,0.0527,8.8590
UL,28,8.6327,0.0019,0.0513,8.6327
UL,38,8.5654,0.0021,0.0509,8.5654
UL,78,8.4951,0.0020,0.0505,8.4951
UL,54,8.2259,0.0016,0.0489,8.2259
UL,61,8.2259,0.0016,0.0489,8.2259
UL,6,7.4781,0.0021,0.0445,7.4781
UL,72,6.3342,0.0043,0.0377,6.3342
UL,24,6.1698,0.0079,0.0367,6.1698
UL,75,6.0787,0.0019,0.0361,6.0787
UL,52,5.8439,0.0016,0.0348,5.8439
UL,23,5.6863,0.0015,0.0338,5.6863
UL,70,5.6375,0.0019,0.0335,5.6375
UL,37,5.5896,0.0011,0.0332,5.5896
UL,40,5.5896,0.0015,0.0332,5.5896
UL,101,5.4507,0.0015,0.0324,5.4507
UL,32,5.3189,0.0029,0.0316,5.3189
UL,63,5.3189,0.0017,0.0316,5.3189
UL,64,5.1532,0.0021,0.0306,5.1532
UL,58,5.0954,0.0052,0.0303,5.0954
UL,84,4.9166,0.0013,0.0292,4.9166
UL,7,4.6720,0.0017,0.0278,4.6720
UL,69,4.5961,0.0020,0.0273,4.5961
UL,53,4.4868,0.0018,0.0267,4.4868
UL,71,4.4516,0.0012,0.0265,4.4516
UL,95,4.1703,0.0018,0.0248,4.1703
UL,49,4.0972,0.0022,0.0244,4.0972
UL,94,4.0972,0.0016,0.0244,4.0972
UL,50,3.8933,0.0017,0.0232,3.8933
UL,18,3.8572,0.0032,0.0229,3.8572
UL,35,3.5256,0.0016,0.0210,3.5256
UL,2,3.3969,0.0014,0.0202,3.3969
UL,60,3.2778,0.0090,0.0195,3.2778
UL,79,2.8929,0.0046,0.0172,2.8929
UL,19,2.6194,0.0010,0.0156,2.6194
UL,68,2.5950,0.0018,0.0154,2.5950
UL,41,2.3955,0.0008,0.0142,2.3955
UL,74,2.3955,0.0008,0.0142,2.3955
UL,45,2.3169,0.0006,0.0138,2.3169
UL,67,2.2980,0.0019,0.0137,2.2980
UL,99,2.2385,0.0049,0.0133,2.2385
UL,39,1.8889,0.0019,0.0112,1.8889
UL,80,1.8146,0.0008,0.0108,1.8146
UL,92,1.7462,0.0009,0.0104,1.7462
UL,81,1.7300,0.0010,0.0103,1.7300
UL,55,1.7141,0.0012,0.0102,1.7141
UL,31,1.6534,0.0013,0.0098,1.6534
UL,83,1.6534,0.0022,0.0098,1.6534
UL,4,1.6389,0.0008,0.0097,1.6389
UL,51,1.5836,0.0007,0.0094,1.5836
UL,43,1.0919,0.0023,0.0065,1.0919
UL,82,1.0536,0.0022,0.0063,1.0536
UL,15,0.9958,0.0011,0.0059,0.9958
UL,85,0.8650,0.0008,0.0051,0.8650
V2X,0,68.6216,0.0037,0.3246,68.6216
V2X,10,53.7642,0.0046,0.2543,53.7642
V2X,36,53.6423,0.0041,0.2538,53.6423
V2X,27,52.3677,0.0056,0.2477,52.3677
V2X,9,46.4246,0.0062,0.2196,46.4246
V2X,56,44.2668,0.0040,0.2094,44.2668
V2X,53,42.6249,0.0170,0.2017,42.6249
V2X,88,39.1444,0.0042,0.1852,39.1444
V2X,14,38.8859,0.0043,0.1840,38.8859
V2X,76,37.2547,0.0046,0.1762,37.2547
V2X,11,36.8082,0.0060,0.1741,36.8082
V2X,13,36.2448,0.0056,0.1715,36.2448
V2X,29,36.2448,0.0079,0.1715,36.2448
V2X,77,34.4668,0.0050,0.1631,34.4668
V2X,54,32.9034,0.0064,0.1557,32.9034
V2X,89,31.8954,0.0039,0.1509,31.8954
V2X,20,30.9498,0.0044,0.1464,30.9498
V2X,87,27.8453,0.0034,0.1317,27.8453
V2X,65,27.3542,0.0040,0.1294,27.3542
V2X,33,25.6282,0.0046,0.1212,25.6282
V2X,96,24.3401,0.0051,0.1151,24.3401
V2X,73,23.9216,0.0033,0.1132,23.9216
V2X,46,21.6864,0.0037,0.1026,21.6864
V2X,45,21.6240,0.0059,0.1023,21.6240
V2X,52,21.1841,0.0059,0.1002,21.1841
V2X,93,21.1056,0.0060,0.0998,21.1056
V2X,57,20.9471,0.0035,0.0991,20.9471
V2X,90,20.0323,0.0051,0.0948,20.0323
V2X,8,19.5722,0.0024,0.0926,19.5722
V2X,102,19.4429,0.0039,0.0920,19.4429
V2X,78,19.3071,0.0046,0.0913,19.3071
V2X,71,19.2904,0.0053,0.0913,19.2904
V2X,62,18.2621,0.0045,0.0864,18.2621
V2X,100,18.0905,0.0036,0.0856,18.0905
V2X,61,17.1995,0.0033,0.0814,17.1995
V2X,28,16.5461,0.0036,0.0783,16.5461
V2X,49,16.3888,0.0089,0.0775,16.3888
V2X,34,15.2228,0.0031,0.0720,15.2228
V2X,98,14.9936,0.0028,0.0709,14.9936
V2X,16,14.0968,0.0025,0.0667,14.0968
V2X,38,14.0160,0.0034,0.0663,14.0160
V2X,103,13.7730,0.0029,0.0652,13.7730
V2X,97,13.4605,0.0040,0.0637,13.4605
V2X,21,12.7557,0.0026,0.0603,12.7557
V2X,3,12.7127,0.0033,0.0601,12.7127
V2X,66,12.3232,0.0031,0.0583,12.3232
V2X,5,11.5103,0.0024,0.0545,11.5103
V2X,26,11.1291,0.0037,0.0526,11.1291
V2X,30,10.8734,0.0029,0.0514,10.8734
V2X,63,10.6377,0.0034,0.0503,10.6377
V2X,59,10.6298,0.0026,0.0503,10.6298
V2X,22,10.1227,0.0024,0.0479,10.1227
V2X,17,10.0715,0.0021,0.0476,10.0715
V2X,95,10.0086,0.0042,0.0473,10.0086
V2X,25,9.3521,0.0025,0.0442,9.3521
V2X,67,9.1921,0.0075,0.0435,9.1921
V2X,37,8.7836,0.0017,0.0416,8.7836
V2X,68,8.6500,0.0061,0.0409,8.6500
V2X,75,8.3582,0.0026,0.0395,8.3582
V2X,6,8.2259,0.0023,0.0389,8.2259
V2X,1,8.0536,0.0020,0.0381,8.0536
V2X,50,7.7867,0.0033,0.0368,7.7867
V2X,86,7.4781,0.0021,0.0354,7.4781
V2X,69,6.8941,0.0030,0.0326,6.8941
V2X,84,6.5555,0.0018,0.0310,6.5555
V2X,94,6.5555,0.0026,0.0310,6.5555
V2X,23,6.4987,0.0017,0.0307,6.4987
V2X,7,6.2294,0.0023,0.0295,6.2294
V2X,101,6.2294,0.0017,0.0295,6.2294
V2X,70,5.6375,0.0019,0.0267,5.6375
V2X,40,5.5896,0.0015,0.0264,5.5896
V2X,24,5.2884,0.0068,0.0250,5.2884
V2X,12,5.2764,0.0018,0.0250,5.2764
V2X,64,5.1532,0.0021,0.0244,5.1532
V2X,47,4.8322,0.0019,0.0229,4.8322
V2X,51,4.7507,0.0022,0.0225,4.7507
V2X,92,4.3656,0.0023,0.0207,4.3656
V2X,32,3.7992,0.0021,0.0180,3.7992
V2X,2,3.3969,0.0014,0.0161,3.3969
V2X,31,3.3067,0.0026,0.0156,3.3067
V2X,4,3.2778,0.0017,0.0155,3.2778
V2X,74,3.1940,0.0011,0.0151,3.1940
V2X,79,2.8929,0.0046,0.0137,2.8929
V2X,39,2.8334,0.0029,0.0134,2.8334
V2X,44,2.7219,0.0038,0.0129,2.7219
V2X,35,2.6442,0.0012,0.0125,2.6442
V2X,19,2.6194,0.0010,0.0124,2.6194
V2X,58,2.5477,0.0026,0.0121,2.5477
V2X,83,2.4800,0.0034,0.0117,2.4800
V2X,60,2.4583,0.0068,0.0116,2.4583
V2X,91,2.3955,0.0011,0.0113,2.3955
V2X,72,2.3753,0.0016,0.0112,2.3753
V2X,80,1.8146,0.0008,0.0086,1.8146
V2X,48,1.7628,0.0009,0.0083,1.7628
V2X,41,1.5970,0.0006,0.0076,1.5970
V2X,82,1.0536,0.0022,0.0050,1.0536
V2X,15,0.9958,0.0011,0.0047,0.9958
V2X,42,0.8985,0.0006,0.0043,0.8985
Visionox,36,104.3850,0.0081,0.3734,104.3850
Visionox,0,103.9721,0.0056,0.3719,103.9721
Visionox,56,72.1121,0.0065,0.2580,72.1121
Visionox,14,65.0591,0.0071,0.2327,65.0591
Visionox,76,63.5522,0.0079,0.2273,63.5522
Visionox,65,61.5469,0.0091,0.2202,61.5469
Visionox,10,56.5571,0.0049,0.2023,56.5571
Visionox,13,55.8170,0.0086,0.1997,55.8170
Visionox,89,53.6423,0.0066,0.1919,53.6423
Visionox,100,53.5178,0.0106,0.1915,53.5178
Visionox,27,52.3677,0.0056,0.1873,52.3677
Visionox,73,52.1925,0.0073,0.1867,52.1925
Visionox,88,48.5680,0.0052,0.1737,48.5680
Visionox,38,46.7202,0.0112,0.1671,46.7202
Visionox,87,45.6948,0.0056,0.1635,45.6948
Visionox,33,37.6886,0.0068,0.1348,37.6886
Visionox,8,36.2448,0.0044,0.1297,36.2448
Visionox,22,34.2615,0.0082,0.1226,34.2615
Visionox,29,33.3452,0.0072,0.1193,33.3452
Visionox,16,30.4194,0.0054,0.1088,30.4194
Visionox,6,23.9298,0.0066,0.0856,23.9298
Visionox,37,21.5597,0.0042,0.0771,21.5597
Visionox,97,20.9386,0.0063,0.0749,20.9386
Visionox,90,20.7742,0.0053,0.0743,20.7742
Visionox,11,20.6126,0.0034,0.0737,20.6126
Visionox,9,20.3987,0.0027,0.0730,20.3987
Visionox,77,20.3987,0.0029,0.0730,20.3987
Visionox,78,19.3071,0.0046,0.0691,19.3071
Visionox,34,18.8473,0.0038,0.0674,18.8473
Visionox,61,17.9473,0.0035,0.0642,17.9473
Visionox,26,17.8065,0.0059,0.0637,17.8065
Visionox,75,17.4763,0.0055,0.0625,17.4763
Visionox,28,17.2655,0.0038,0.0618,17.2655
Visionox,20,16.8817,0.0024,0.0604,16.8817
Visionox,40,16.7687,0.0045,0.0600,16.7687
Visionox,71,16.3226,0.0045,0.0584,16.3226
Visionox,101,15.5734,0.0042,0.0557,15.5734
Visionox,63,15.1968,0.0048,0.0544,15.1968
Visionox,84,14.7499,0.0040,0.0528,14.7499
Visionox,23,13.8097,0.0036,0.0494,13.8097
Visionox,53,12.7127,0.0051,0.0455,12.7127
Visionox,86,12.7127,0.0036,0.0455,12.7127
Visionox,70,12.0804,0.0041,0.0432,12.0804
Visionox,46,11.2171,0.0019,0.0401,11.2171
Visionox,94,10.6527,0.0042,0.0381,10.6527
Visionox,69,9.9581,0.0043,0.0356,9.9581
Visionox,57,9.7753,0.0016,0.0350,9.7753
Visionox,5,9.3521,0.0019,0.0335,9.3521
Visionox,4,9.0138,0.0046,0.0322,9.0138
Visionox,25,8.6327,0.0023,0.0309,8.6327
Visionox,59,8.5038,0.0021,0.0304,8.5038
Visionox,47,8.0536,0.0032,0.0288,8.0536
Visionox,52,8.0353,0.0022,0.0287,8.0353
Visionox,35,7.9326,0.0036,0.0284,7.9326
Visionox,62,7.3048,0.0018,0.0261,7.3048
Visionox,17,7.1940,0.0015,0.0257,7.1940
Visionox,98,7.1398,0.0013,0.0255,7.1398
Visionox,50,7.0080,0.0030,0.0251,7.0080
Visionox,19,6.9849,0.0026,0.0250,6.9849
Visionox,45,6.9506,0.0019,0.0249,6.9506
Visionox,12,6.7839,0.0023,0.0243,6.7839
Visionox,93,6.0302,0.0017,0.0216,6.0302
Visionox,2,5.9446,0.0025,0.0213,5.9446
Visionox,103,5.7992,0.0012,0.0207,5.7992
Visionox,44,5.4438,0.0076,0.0195,5.4438
Visionox,21,4.9606,0.0010,0.0177,4.9606
Visionox,49,4.9166,0.0027,0.0176,4.9166
Visionox,1,4.8322,0.0012,0.0173,4.8322
Visionox,79,4.8215,0.0076,0.0172,4.8215
Visionox,51,4.7507,0.0022,0.0170,4.7507
Visionox,96,4.7110,0.0010,0.0169,4.7110
Visionox,54,4.4868,0.0009,0.0161,4.4868
Visionox,102,4.4868,0.0009,0.0161,4.4868
Visionox,30,4.3494,0.0011,0.0156,4.3494
Visionox,66,4.3494,0.0011,0.0156,4.3494
Visionox,91,3.9925,0.0019,0.0143,3.9925
Visionox,92,3.4925,0.0019,0.0125,3.4925
Visionox,72,3.1671,0.0021,0.0113,3.1671
Visionox,82,3.1608,0.0067,0.0113,3.1608
Visionox,7,3.1147,0.0011,0.0111,3.1147
Visionox,18,2.8929,0.0024,0.0103,2.8929
Visionox,85,2.5950,0.0023,0.0093,2.5950
Visionox,55,2.5711,0.0018,0.0092,2.5711
Visionox,58,2.5477,0.0026,0.0091,2.5477
Visionox,74,2.3955,0.0008,0.0086,2.3955
Visionox,32,2.2795,0.0012,0.0082,2.2795
Visionox,24,1.7628,0.0023,0.0063,1.7628
Visionox,31,1.6534,0.0013,0.0059,1.6534
Visionox,41,1.5970,0.0006,0.0057,1.5970
Visionox,67,1.5320,0.0013,0.0055,1.5320
Visionox,3,1.4956,0.0004,0.0054,1.4956
Visionox,64,1.4723,0.0006,0.0053,1.4723
Visionox,80,0.9073,0.0004,0.0032,0.9073
Visionox,42,0.8985,0.0006,0.0032,0.8985
Visionox,81,0.8650,0.0005,0.0031,0.8650
Visionox,95,0.8341,0.0004,0.0030,0.8341
Visionox,83,0.8267,0.0011,0.0030,0.8267
구글,0,537.1891,0.0289,0.3487,537.1891
구글,19,508.1550,0.1872,0.3299,508.1550
구글,51,408.5573,0.1880,0.2652,408.5573
구글,61,328.2867,0.0631,0.2131,328.2867
구글,57,299.5434,0.0495,0.1945,299.5434
구글,10,273.7086,0.0236,0.1777,273.7086
구글,66,268.2115,0.0668,0.1741,268.2115
구글,77,263.7764,0.0380,0.1712,263.7764
구글,37,253.1269,0.0496,0.1643,253.1269
구글,98,226.3321,0.0421,0.1469,226.3321
구글,17,225.1708,0.0473,0.1462,225.1708
구글,21,220.3906,0.0448,0.1431,220.3906
구글,59,215.4300,0.0524,0.1399,215.4300
구글,27,208.0744,0.0222,0.1351,208.0744
구글,56,202.0567,0.0182,0.1312,202.0567
구글,5,200.7113,0.0417,0.1303,200.7113
구글,23,192.5236,0.0506,0.1250,192.5236
구글,36,186.2982,0.0144,0.1209,186.2982
구글,8,176.1497,0.0215,0.1144,176.1497
구글,30,175.4248,0.0461,0.1139,175.4248
구글,20,170.9271,0.0243,0.1110,170.9271
구글,9,168.8169,0.0225,0.1096,168.8169
구글,28,158.2670,0.0349,0.1027,158.2670
구글,46,157.0392,0.0265,0.1020,157.0392
구글,54,156.2914,0.0306,0.1015,156.2914
구글,70,155.4343,0.0532,0.1009,155.4343
구글,88,153.6779,0.0164,0.0998,153.6779
구글,87,152.7920,0.0186,0.0992,152.7920
구글,84,151.5966,0.0413,0.0984,151.5966
구글,101,149.5045,0.0408,0.0971,149.5045
구글,103,144.2543,0.0308,0.0937,144.2543
구글,40,139.7388,0.0378,0.0907,139.7388
구글,48,138.3803,0.0717,0.0898,138.3803
구글,25,128.7718,0.0338,0.0836,128.7718
구글,35,126.0407,0.0577,0.0818,126.0407
구글,62,124.9129,0.0311,0.0811,124.9129
구글,64,124.4118,0.0507,0.0808,124.4118
구글,11,122.2033,0.0201,0.0793,122.2033
구글,94,113.0828,0.0445,0.0734,113.0828
구글,16,112.0325,0.0198,0.0727,112.0325
구글,12,111.5582,0.0382,0.0724,111.5582
구글,89,110.9091,0.0136,0.0720,110.9091
구글,65,110.1766,0.0163,0.0715,110.1766
구글,3,109.1796,0.0280,0.0709,109.1796
구글,74,107.0000,0.0373,0.0695,107.0000
구글,45,106.5753,0.0289,0.0692,106.5753
구글,14,104.6928,0.0115,0.0680,104.6928
구글,2,103.6056,0.0431,0.0673,103.6056
구글,13,102.9352,0.0159,0.0668,102.9352
구글,73,102.9352,0.0144,0.0668,102.9352
구글,93,101.0054,0.0289,0.0656,101.0054
구글,41,100.6120,0.0356,0.0653,100.6120
구글,29,99.3107,0.0215,0.0645,99.3107
구글,43,96.0893,0.2014,0.0624,96.0893
구글,42,92.5441,0.0603,0.0601,92.5441
구글,67,86.5590,0.0710,0.0562,86.5590
구글,6,83.0064,0.0228,0.0539,83.0064
구글,34,81.9132,0.0166,0.0532,81.9132
구글,96,79.3018,0.0167,0.0515,79.3018
구글,69,78.8989,0.0339,0.0512,78.8989
구글,52,78.8924,0.0220,0.0512,78.8924
구글,102,77.7718,0.0158,0.0505,77.7718
구글,71,74.9357,0.0208,0.0486,74.9357
구글,47,71.6770,0.0287,0.0465,71.6770
구글,76,71.5875,0.0089,0.0465,71.5875
구글,33,70.1008,0.0126,0.0455,70.1008
구글,86,68.7981,0.0198,0.0447,68.7981
구글,90,68.2582,0.0173,0.0443,68.2582
구글,91,66.2761,0.0316,0.0430,66.2761
구글,80,64.4180,0.0300,0.0418,64.4180
구글,100,64.0706,0.0127,0.0416,64.0706
구글,55,62.5636,0.0428,0.0406,62.5636
구글,49,62.2775,0.0337,0.0404,62.2775
구글,31,61.1742,0.0475,0.0397,61.1742
구글,26,60.8389,0.0201,0.0395,60.8389
구글,1,60.4019,0.0149,0.0392,60.4019
구글,7,59.1789,0.0215,0.0384,59.1789
구글,53,59.0766,0.0236,0.0384,59.0766
구글,22,58.4002,0.0140,0.0379,58.4002
구글,68,57.9548,0.0410,0.0376,57.9548
구글,78,57.1491,0.0137,0.0371,57.1491
구글,75,56.9879,0.0181,0.0370,56.9879
구글,97,52.3464,0.0157,0.0340,52.3464
구글,32,50.9092,0.0279,0.0331,50.9092
구글,63,50.9092,0.0162,0.0331,50.9092
구글,38,47.4988,0.0114,0.0308,47.4988
구글,39,38.7229,0.0394,0.0251,38.7229
구글,83,37.2005,0.0506,0.0242,37.2005
구글,95,36.6983,0.0154,0.0238,36.6983
구글,72,36.4218,0.0247,0.0236,36.4218
구글,58,35.6675,0.0366,0.0232,35.6675
구글,44,35.3845,0.0496,0.0230,35.3845
구글,92,34.0516,0.0181,0.0221,34.0516
구글,50,28.8108,0.0124,0.0187,28.8108
구글,81,25.9499,0.0157,0.0168,25.9499
구글,85,25.9499,0.0226,0.0168,25.9499
구글,79,23.1432,0.0366,0.0150,23.1432
구글,15,21.9077,0.0233,0.0142,21.9077
구글,99,21.2654,0.0461,0.0138,21.2654
구글,24,17.6281,0.0226,0.0114,17.6281
구글,60,15.5694,0.0430,0.0101,15.5694
구글,18,14.4645,0.0118,0.0094,14.4645
구글,4,13.1111,0.0067,0.0085,13.1111
구글,82,7.3751,0.0156,0.0048,7.3751
기아,9,227.1994,0.0303,0.2996,227.1994
기아,10,208.7726,0.0180,0.2753,208.7726
기아,0,203.7853,0.0110,0.2687,203.7853
기아,20,179.3679,0.0255,0.2365,179.3679
기아,27,152.2155,0.0162,0.2007,152.2155
기아,7,150.2832,0.0545,0.1982,150.2832
기아,56,142.7963,0.0129,0.1883,142.7963
기아,36,137.7302,0.0106,0.1816,137.7302
기아,87,132.0865,0.0161,0.1742,132.0865
기아,102,129.3704,0.0263,0.1706,129.3704
기아,52,119.7995,0.0334,0.1580,119.7995
기아,77,119.5786,0.0172,0.1577,119.5786
기아,34,114.5335,0.0232,0.1510,114.5335
기아,46,106.1884,0.0179,0.1400,106.1884
기아,62,104.4593,0.0260,0.1378,104.4593
기아,73,96.4112,0.0135,0.1271,96.4112
기아,14,93.4757,0.0103,0.1233,93.4757
기아,29,92.7867,0.0201,0.1224,92.7867
기아,13,92.0618,0.0142,0.1214,92.0618
기아,88,91.3369,0.0098,0.1204,91.3369
기아,11,87.6036,0.0144,0.1155,87.6036
기아,103,86.9875,0.0186,0.1147,86.9875
기아,86,86.7454,0.0249,0.1144,86.7454
기아,8,82.6381,0.0101,0.1090,82.6381
기아,57,80.9954,0.0134,0.1068,80.9954
기아,75,79.0232,0.0250,0.1042,79.0232
기아,89,78.2888,0.0096,0.1032,78.2888
기아,3,77.7718,0.0199,0.1026,77.7718
기아,64,70.6718,0.0288,0.0932,70.6718
기아,76,70.1265,0.0087,0.0925,70.1265
기아,71,68.2582,0.0189,0.0900,68.2582
기아,90,68.2582,0.0173,0.0900,68.2582
기아,92,67.2301,0.0358,0.0887,67.2301
기아,25,64.0262,0.0168,0.0844,64.0262
기아,98,62.1164,0.0116,0.0819,62.1164
기아,28,61.1486,0.0135,0.0806,61.1486
기아,21,60.2354,0.0122,0.0794,60.2354
기아,41,59.0896,0.0209,0.0779,59.0896
기아,54,58.3288,0.0114,0.0769,58.3288
기아,96,58.1023,0.0123,0.0766,58.1023
기아,33,58.0404,0.0104,0.0765,58.0404
기아,40,54.2985,0.0147,0.0716,54.2985
기아,65,53.1887,0.0079,0.0701,53.1887
기아,97,53.0942,0.0159,0.0700,53.0942
기아,12,52.7640,0.0181,0.0696,52.7640
기아,17,51.7965,0.0109,0.0683,51.7965
기아,16,51.1937,0.0091,0.0675,51.1937
기아,93,49.7489,0.0142,0.0656,49.7489
기아,45,49.4262,0.0134,0.0652,49.4262
기아,59,46.7710,0.0114,0.0617,46.7710
기아,26,46.7421,0.0155,0.0616,46.7421
기아,30,46.3933,0.0122,0.0612,46.3933
기아,55,45.4229,0.0311,0.0599,45.4229
기아,100,45.2263,0.0090,0.0596,45.2263
기아,61,44.8683,0.0086,0.0592,44.8683
기아,63,44.8305,0.0143,0.0591,44.8305
기아,101,44.3842,0.0121,0.0585,44.3842
기아,78,43.2479,0.0104,0.0570,43.2479
기아,53,41.8771,0.0167,0.0552,41.8771
기아,5,41.0055,0.0085,0.0541,41.0055
기아,66,40.5942,0.0101,0.0535,40.5942
기아,74,39.9254,0.0139,0.0527,39.9254
기아,70,37.8519,0.0130,0.0499,37.8519
기아,38,37.3761,0.0090,0.0493,37.3761
기아,84,35.2360,0.0096,0.0465,35.2360
기아,37,35.1343,0.0069,0.0463,35.1343
기아,1,34.6304,0.0086,0.0457,34.6304
기아,91,33.5373,0.0160,0.0442,33.5373
기아,32,33.4329,0.0183,0.0441,33.4329
기아,2,33.1198,0.0138,0.0437,33.1198
기아,22,32.7041,0.0078,0.0431,32.7041
기아,6,31.4078,0.0086,0.0414,31.4078
기아,94,31.1388,0.0123,0.0411,31.1388
기아,72,30.8793,0.0209,0.0407,30.8793
기아,23,30.8688,0.0081,0.0407,30.8688
기아,47,29.7983,0.0119,0.0393,29.7983
기아,31,29.7604,0.0231,0.0392,29.7604
기아,85,29.4099,0.0256,0.0388,29.4099
기아,69,28.3423,0.0122,0.0374,28.3423
기아,95,26.6897,0.0112,0.0352,26.6897
기아,81,22.4899,0.0136,0.0297,22.4899
기아,48,22.0351,0.0114,0.0291,22.0351
기아,67,21.4482,0.0176,0.0283,21.4482
기아,51,21.3780,0.0098,0.0282,21.3780
기아,79,21.2146,0.0335,0.0280,21.2146
기아,19,20.9548,0.0077,0.0276,20.9548
기아,50,20.2454,0.0087,0.0267,20.2454
기아,58,19.5322,0.0200,0.0258,19.5322
기아,80,19.0532,0.0089,0.0251,19.0532
기아,15,18.9203,0.0201,0.0250,18.9203
기아,83,17.3603,0.0236,0.0229,17.3603
기아,24,16.7467,0.0215,0.0221,16.7467
기아,68,16.4350,0.0116,0.0217,16.4350
기아,60,16.3888,0.0452,0.0216,16.3888
기아,42,15.2743,0.0099,0.0201,15.2743
기아,82,12.6431,0.0267,0.0167,12.6431
기아,49,11.4722,0.0062,0.0151,11.4722
기아,99,11.1923,0.0243,0.0148,11.1923
기아,18,10.6073,0.0087,0.0140,10.6073
기아,35,7.9326,0.0036,0.0105,7.9326
기아,4,7.3750,0.0038,0.0097,7.3750
기아,43,6.5515,0.0137,0.0086,6.5515
기아,39,5.6668,0.0058,0.0075,5.6668
기아,44,3.6292,0.0051,0.0048,3.6292
기아자동차,9,19.6953,0.0026,0.3372,19.6953
기아자동차,0,16.6355,0.0009,0.2848,16.6355
기아자동차,7,14.7947,0.0054,0.2533,14.7947
기아자동차,56,12.8517,0.0012,0.2200,12.8517
기아자동차,36,12.3232,0.0010,0.2110,12.3232
기아자동차,10,11.8700,0.0010,0.2032,11.8700
기아자동차,27,11.8700,0.0013,0.2032,11.8700
기아자동차,28,11.5103,0.0025,0.1970,11.5103
기아자동차,88,10.8734,0.0012,0.1861,10.8734
기아자동차,87,9.9957,0.0012,0.1711,9.9957
기아자동차,102,8.9737,0.0018,0.1536,8.9737
기아자동차,8,7.9739,0.0010,0.1365,7.9739
기아자동차,89,7.9739,0.0010,0.1365,7.9739
기아자동차,103,7.9739,0.0017,0.1365,7.9739
기아자동차,20,7.7374,0.0011,0.1325,7.7374
기아자동차,77,7.7374,0.0011,0.1325,7.7374
기아자동차,61,7.4781,0.0014,0.1280,7.4781
기아자동차,34,7.2490,0.0015,0.1241,7.2490
기아자동차,54,6.7303,0.0013,0.1152,6.7303
기아자동차,90,6.6774,0.0017,0.1143,6.6774
기아자동차,52,6.5744,0.0018,0.1125,6.5744
기아자동차,73,6.5241,0.0009,0.1117,6.5241
기아자동차,74,6.3881,0.0022,0.1094,6.3881
기아자동차,71,5.9355,0.0016,0.1016,5.9355
기아자동차,62,5.8439,0.0015,0.1000,5.8439
기아자동차,13,5.7992,0.0009,0.0993,5.7992
기아자동차,25,5.7552,0.0015,0.0985,5.7552
기아자동차,84,5.7361,0.0016,0.0982,5.7361
기아자동차,98,5.7119,0.0011,0.0978,5.7119
기아자동차,37,5.5896,0.0011,0.0957,5.5896
기아자동차,57,5.5859,0.0009,0.0956,5.5859
기아자동차,93,5.2764,0.0015,0.0903,5.2764
기아자동차,3,5.2346,0.0013,0.0896,5.2346
기아자동차,46,5.2346,0.0009,0.0896,5.2346
기아자동차,53,5.2346,0.0021,0.0896,5.2346
기아자동차,75,4.5590,0.0014,0.0780,4.5590
기아자동차,33,4.5226,0.0008,0.0774,4.5226
기아자동차,86,4.4868,0.0013,0.0768,4.4868
기아자동차,97,4.4868,0.0013,0.0768,4.4868
기아자동차,16,4.4516,0.0008,0.0762,4.4516
기아자동차,64,4.4170,0.0018,0.0756,4.4170
기아자동차,48,4.4070,0.0023,0.0754,4.4070
기아자동차,21,4.2519,0.0009,0.0728,4.2519
기아자동차,41,3.9925,0.0014,0.0683,3.9925
기아자동차,101,3.8933,0.0011,0.0666,3.8933
기아자동차,45,3.8614,0.0010,0.0661,3.8614
기아자동차,12,3.7689,0.0013,0.0645,3.7689
기아자동차,100,3.7689,0.0007,0.0645,3.7689
기아자동차,14,3.7390,0.0004,0.0640,3.7390
기아자동차,5,3.5970,0.0007,0.0616,3.5970
기아자동차,59,3.5433,0.0009,0.0607,3.5433
기아자동차,31,3.3067,0.0026,0.0566,3.3067
기아자동차,23,3.2493,0.0009,0.0556,3.2493
기아자동차,1,3.2214,0.0008,0.0551,3.2214
기아자동차,72,3.1671,0.0021,0.0542,3.1671
기아자동차,96,3.1407,0.0007,0.0538,3.1407
기아자동차,67,3.0640,0.0025,0.0525,3.0640
기아자동차,69,3.0640,0.0013,0.0525,3.0640
기아자동차,63,3.0394,0.0010,0.0520,3.0394
기아자동차,65,3.0394,0.0004,0.0520,3.0394
기아자동차,11,2.9447,0.0005,0.0504,2.9447
기아자동차,76,2.9219,0.0004,0.0500,2.9219
기아자동차,17,2.8776,0.0006,0.0493,2.8776
기아자동차,92,2.6194,0.0014,0.0448,2.6194
기아자동차,95,2.5022,0.0011,0.0428,2.5022
기아자동차,60,2.4583,0.0068,0.0421,2.4583
기아자동차,94,2.4583,0.0010,0.0421,2.4583
기아자동차,47,2.4161,0.0010,0.0414,2.4161
기아자동차,40,2.3955,0.0006,0.0410,2.3955
기아자동차,26,2.2258,0.0007,0.0381,2.2258
기아자동차,29,2.1747,0.0005,0.0372,2.1747
기아자동차,30,2.1747,0.0006,0.0372,2.1747
기아자동차,66,2.1747,0.0005,0.0372,2.1747
기아자동차,82,2.1072,0.0044,0.0361,2.1072
기아자동차,79,1.9286,0.0030,0.0330,1.9286
기아자동차,80,1.8146,0.0008,0.0311,1.8146
기아자동차,68,1.7300,0.0012,0.0296,1.7300
기아자동차,85,1.7300,0.0015,0.0296,1.7300
기아자동차,2,1.6985,0.0007,0.0291,1.6985
기아자동차,58,1.6985,0.0017,0.0291,1.6985
기아자동차,83,1.6534,0.0022,0.0283,1.6534
기아자동차,4,1.6389,0.0008,0.0281,1.6389
기아자동차,70,1.6107,0.0006,0.0276,1.6107
기아자동차,91,1.5970,0.0008,0.0273,1.5970
기아자동차,22,1.5573,0.0004,0.0267,1.5573
기아자동차,50,1.5573,0.0007,0.0267,1.5573
기아자동차,78,1.5446,0.0004,0.0264,1.5446
기아자동차,6,1.4956,0.0004,0.0256,1.4956
기아자동차,39,0.9445,0.0010,0.0162,0.9445
기아자동차,55,0.8570,0.0006,0.0147,0.8570
기아자동차,49,0.8194,0.0004,0.0140,0.8194
기아자동차,51,0.7918,0.0004,0.0136,0.7918
기아자동차,38,0.7787,0.0002,0.0133,0.7787
기아차,7,3.8933,0.0014,0.2662,3.8933
기아차,12,3.7689,0.0013,0.2577,3.7689
기아차,28,3.5970,0.0008,0.2459,3.5970
기아차,20,3.5170,0.0005,0.2405,3.5170
기아차,33,3.0151,0.0005,0.2061,3.0151
기아차,53,2.9912,0.0012,0.2045,2.9912
기아차,86,2.9912,0.0009,0.2045,2.9912
기아차,64,2.9447,0.0012,0.2013,2.9447
기아차,8,2.8996,0.0004,0.1982,2.8996
기아차,34,2.8996,0.0006,0.1982,2.8996
기아차,36,2.8996,0.0002,0.1982,2.8996
기아차,87,2.8559,0.0003,0.1953,2.8559
기아차,10,2.7929,0.0002,0.1909,2.7929
기아차,0,2.7726,0.0001,0.1896,2.7726
기아차,75,2.2795,0.0007,0.1558,2.2795
기아차,99,2.2385,0.0049,0.1530,2.2385
기아차,71,2.2258,0.0006,0.1522,2.2258
기아차,25,2.1582,0.0006,0.1476,2.1582
기아차,56,2.1419,0.0002,0.1464,2.1419
기아차,27,2.0947,0.0002,0.1432,2.0947
기아차,47,1.6107,0.0006,0.1101,1.6107
기아차,72,1.5836,0.0011,0.1083,1.5836
기아차,50,1.5573,0.0007,0.1065,1.5573
기아차,45,1.5446,0.0004,0.1056,1.5446
기아차,69,1.5320,0.0007,0.1047,1.5320
기아차,3,1.4956,0.0004,0.1023,1.4956
기아차,46,1.4956,0.0003,0.1023,1.4956
기아차,102,1.4956,0.0003,0.1023,1.4956
기아차,52,1.4610,0.0004,0.0999,1.4610
기아차,88,1.4498,0.0002,0.0991,1.4498
기아차,103,1.4498,0.0003,0.0991,1.4498
기아차,98,1.4280,0.0003,0.0976,1.4280
기아차,21,1.4173,0.0003,0.0969,1.4173
기아차,9,1.4068,0.0002,0.0962,1.4068
기아차,15,0.9958,0.0011,0.0681,0.9958
기아차,42,0.8985,0.0006,0.0614,0.8985
기아차,31,0.8267,0.0006,0.0565,0.8267
기아차,4,0.8194,0.0004,0.0560,0.8194
기아차,60,0.8194,0.0023,0.0560,0.8194
기아차,84,0.8194,0.0002,0.0560,0.8194
기아차,41,0.7985,0.0003,0.0546,0.7985
기아차,74,0.7985,0.0003,0.0546,0.7985
기아차,101,0.7787,0.0002,0.0532,0.7787
기아차,78,0.7723,0.0002,0.0528,0.7723
기아차,67,0.7660,0.0006,0.0524,0.7660
기아차,63,0.7598,0.0002,0.0519,0.7598
기아차,93,0.7538,0.0002,0.0515,0.7538
기아차,6,0.7478,0.0002,0.0511,0.7478
기아차,14,0.7478,0.0001,0.0511,0.7478
기아차,54,0.7478,0.0001,0.0511,0.7478
기아차,16,0.7419,0.0001,0.0507,0.7419
기아차,90,0.7419,0.0002,0.0507,0.7419
기아차,62,0.7305,0.0002,0.0499,0.7305
기아차,76,0.7305,0.0001,0.0499,0.7305
기아차,29,0.7249,0.0002,0.0496,0.7249
기아차,66,0.7249,0.0002,0.0496,0.7249
기아차,89,0.7249,0.0001,0.0496,0.7249
기아차,57,0.6982,0.0001,0.0477,0.6982
네이버,0,278.6452,0.0150,0.3283,278.6452
네이버,10,157.8014,0.0136,0.1859,157.8014
네이버,36,145.7041,0.0113,0.1717,145.7041
네이버,77,143.4944,0.0207,0.1691,143.4944
네이버,57,141.7420,0.0234,0.1670,141.7420
네이버,37,134.9478,0.0264,0.1590,134.9478
네이버,56,133.5145,0.0120,0.1573,133.5145
네이버,8,124.6821,0.0152,0.1469,124.6821
네이버,27,122.1913,0.0130,0.1440,122.1913
네이버,66,121.7825,0.0303,0.1435,121.7825
네이버,19,119.6172,0.0441,0.1409,119.6172
네이버,88,117.4331,0.0125,0.1384,117.4331
네이버,9,116.7650,0.0156,0.1376,116.7650
네이버,61,114.4143,0.0220,0.1348,114.4143
네이버,31,110.7749,0.0860,0.1305,110.7749
네이버,98,109.2391,0.0203,0.1287,109.2391
네이버,23,108.8530,0.0286,0.1283,108.8530
네이버,17,107.9093,0.0227,0.1271,107.9093
네이버,5,105.0317,0.0218,0.1238,105.0317
네이버,73,103.6601,0.0145,0.1221,103.6601
네이버,103,102.9352,0.0220,0.1213,102.9352
네이버,21,99.9198,0.0203,0.1177,99.9198
네이버,41,99.8135,0.0353,0.1176,99.8135
네이버,25,98.5572,0.0259,0.1161,98.5572
네이버,11,97.9099,0.0161,0.1154,97.9099
네이버,20,97.7731,0.0139,0.1152,97.7731
네이버,3,97.2147,0.0249,0.1145,97.2147
네이버,14,97.2147,0.0107,0.1145,97.2147
네이버,89,97.1360,0.0119,0.1145,97.1360
네이버,87,96.3875,0.0117,0.1136,96.3875
네이버,59,91.4160,0.0222,0.1077,91.4160
네이버,65,87.3814,0.0129,0.1030,87.3814
네이버,76,86.9277,0.0108,0.1024,86.9277
네이버,51,86.3038,0.0397,0.1017,86.3038
네이버,13,86.2626,0.0133,0.1016,86.2626
네이버,102,85.9976,0.0175,0.1013,85.9976
네이버,84,83.5830,0.0228,0.0985,83.5830
네이버,101,83.3176,0.0227,0.0982,83.3176
네이버,30,82.6381,0.0217,0.0974,82.6381
네이버,74,81.4478,0.0284,0.0960,81.4478
네이버,40,80.6493,0.0218,0.0950,80.6493
네이버,16,80.1292,0.0142,0.0944,80.1292
네이버,64,78.0334,0.0318,0.0919,78.0334
네이버,55,77.9902,0.0534,0.0919,77.9902
네이버,46,77.0240,0.0130,0.0908,77.0240
네이버,34,76.1141,0.0154,0.0897,76.1141
네이버,69,75.8348,0.0326,0.0894,75.8348
네이버,7,75.5309,0.0274,0.0890,75.5309
네이버,62,73.7790,0.0184,0.0869,73.7790
네이버,28,73.3783,0.0162,0.0865,73.3783
네이버,12,73.1159,0.0251,0.0862,73.1159
네이버,33,72.3621,0.0130,0.0853,72.3621
네이버,54,68.7981,0.0135,0.0811,68.7981
네이버,2,68.7873,0.0286,0.0811,68.7873
네이버,99,68.2731,0.1481,0.0804,68.2731
네이버,47,67.6502,0.0271,0.0797,67.6502
네이버,29,67.4153,0.0146,0.0794,67.4153
네이버,70,66.8448,0.0229,0.0788,66.8448
네이버,86,66.5547,0.0191,0.0784,66.5547
네이버,35,64.3425,0.0295,0.0758,64.3425
네이버,52,62.8217,0.0175,0.0740,62.8217
네이버,100,62.5631,0.0124,0.0737,62.5631
네이버,94,61.4581,0.0242,0.0724,61.4581
네이버,81,60.5498,0.0367,0.0713,60.5498
네이버,6,59.8244,0.0164,0.0705,59.8244
네이버,22,58.4002,0.0140,0.0688,58.4002
네이버,78,55.6045,0.0133,0.0655,55.6045
네이버,1,53.9591,0.0133,0.0636,53.9591
네이버,93,53.5178,0.0153,0.0631,53.5178
네이버,75,52.4289,0.0166,0.0618,52.4289
네이버,48,52.0028,0.0269,0.0613,52.0028
네이버,63,51.6690,0.0165,0.0609,51.6690
네이버,96,50.2506,0.0106,0.0592,50.2506
네이버,67,48.2585,0.0396,0.0569,48.2585
네이버,91,47.9105,0.0229,0.0565,47.9105
네이버,32,47.8698,0.0262,0.0564,47.8698
네이버,45,45.5648,0.0123,0.0537,45.5648
네이버,71,43.0324,0.0119,0.0507,43.0324
네이버,90,40.8066,0.0104,0.0481,40.8066
네이버,38,39.7121,0.0095,0.0468,39.7121
네이버,26,39.3227,0.0130,0.0463,39.3227
네이버,97,38.1381,0.0114,0.0449,38.1381
네이버,42,37.7364,0.0246,0.0445,37.7364
네이버,4,37.6943,0.0193,0.0444,37.6943
네이버,49,36.8748,0.0200,0.0434,36.8748
네이버,53,36.6425,0.0146,0.0432,36.6425
네이버,80,36.2918,0.0169,0.0428,36.2918
네이버,68,35.4649,0.0251,0.0418,35.4649
네이버,50,34.2615,0.0147,0.0404,34.2615
네이버,72,33.2547,0.0225,0.0392,33.2547
네이버,95,30.8599,0.0130,0.0364,30.8599
네이버,15,26.8867,0.0285,0.0317,26.8867
네이버,92,21.8280,0.0116,0.0257,21.8280
네이버,24,20.2723,0.0260,0.0239,20.2723
네이버,83,19.8403,0.0270,0.0234,19.8403
네이버,58,18.6830,0.0192,0.0220,18.6830
네이버,79,18.3217,0.0290,0.0216,18.3217
네이버,39,17.9448,0.0183,0.0211,17.9448
네이버,18,15.4288,0.0126,0.0182,15.4288
네이버,85,14.7050,0.0128,0.0173,14.7050
네이버,43,13.1031,0.0275,0.0154,13.1031
네이버,82,7.3751,0.0156,0.0087,7.3751
네이버,60,4.9166,0.0136,0.0058,4.9166
네이버,44,1.8146,0.0025,0.0021,1.8146
니오,36,7.9739,0.0006,0.3703,7.9739
니오,56,7.1398,0.0006,0.3315,7.1398
니오,0,6.2383,0.0003,0.2897,6.2383
니오,7,5.4507,0.0020,0.2531,5.4507
니오,28,5.0358,0.0011,0.2338,5.0358
니오,87,4.9979,0.0006,0.2321,4.9979
니오,27,4.8877,0.0005,0.2270,4.8877
니오,88,4.3494,0.0005,0.2020,4.3494
니오,3,3.7390,0.0010,0.1736,3.7390
니오,61,3.7390,0.0007,0.1736,3.7390
니오,102,2.9912,0.0006,0.1389,2.9912
니오,90,2.9677,0.0008,0.1378,2.9677
니오,8,2.8996,0.0004,0.1346,2.8996
니오,73,2.8996,0.0004,0.1346,2.8996
니오,89,2.8996,0.0004,0.1346,2.8996
니오,9,2.8136,0.0004,0.1307,2.8136
니오,10,2.7929,0.0002,0.1297,2.7929
니오,84,2.4583,0.0007,0.1142,2.4583
니오,37,2.3955,0.0005,0.1112,2.3955
니오,86,2.2434,0.0006,0.1042,2.2434
니오,64,2.2085,0.0009,0.1026,2.2085
니오,52,2.1915,0.0006,0.1018,2.1915
니오,62,2.1915,0.0005,0.1018,2.1915
니오,13,2.1747,0.0003,0.1010,2.1747
니오,103,2.1747,0.0005,0.1010,2.1747
니오,68,1.7300,0.0012,0.0803,1.7300
니오,60,1.6389,0.0045,0.0761,1.6389
니오,41,1.5970,0.0006,0.0742,1.5970
니오,101,1.5573,0.0004,0.0723,1.5573
니오,12,1.5075,0.0005,0.0700,1.5075
니오,33,1.5075,0.0003,0.0700,1.5075
니오,93,1.5075,0.0004,0.0700,1.5075
니오,46,1.4956,0.0003,0.0695,1.4956
니오,54,1.4956,0.0003,0.0695,1.4956
니오,97,1.4956,0.0004,0.0695,1.4956
니오,16,1.4839,0.0003,0.0689,1.4839
니오,26,1.4839,0.0005,0.0689,1.4839
니오,76,1.4610,0.0002,0.0678,1.4610
니오,29,1.4498,0.0003,0.0673,1.4498
니오,34,1.4498,0.0003,0.0673,1.4498
니오,17,1.4388,0.0003,0.0668,1.4388
니오,25,1.4388,0.0004,0.0668,1.4388
니오,20,1.4068,0.0002,0.0653,1.4068
니오,77,1.4068,0.0002,0.0653,1.4068
니오,57,1.3965,0.0002,0.0648,1.3965
니오,48,0.8814,0.0005,0.0409,0.8814
니오,95,0.8341,0.0004,0.0387,0.8341
니오,94,0.8194,0.0003,0.0381,0.8194
니오,23,0.8123,0.0002,0.0377,0.8123
니오,70,0.8054,0.0003,0.0374,0.8054
니오,40,0.7985,0.0002,0.0371,0.7985
니오,74,0.7985,0.0003,0.0371,0.7985
니오,91,0.7985,0.0004,0.0371,0.7985
니오,51,0.7918,0.0004,0.0368,0.7918
니오,72,0.7918,0.0005,0.0368,0.7918
니오,38,0.7787,0.0002,0.0362,0.7787
니오,50,0.7787,0.0003,0.0362,0.7787
니오,78,0.7723,0.0002,0.0359,0.7723
니오,69,0.7660,0.0003,0.0356,0.7660
니오,63,0.7598,0.0002,0.0353,0.7598
니오,65,0.7598,0.0001,0.0353,0.7598
니오,75,0.7598,0.0002,0.0353,0.7598
니오,100,0.7538,0.0001,0.0350,0.7538
니오,14,0.7478,0.0001,0.0347,0.7478
니오,53,0.7478,0.0003,0.0347,0.7478
니오,71,0.7419,0.0002,0.0345,0.7419
니오,11,0.7362,0.0001,0.0342,0.7362
니오,98,0.7140,0.0001,0.0332,0.7140
니오,21,0.7087,0.0001,0.0329,0.7087
니오,59,0.7087,0.0002,0.0329,0.7087
도우인시스,10,4.8877,0.0004,0.5220,4.8877
도우인시스,0,2.7726,0.0001,0.2961,2.7726
도우인시스,94,2.4583,0.0010,0.2625,2.4583
도우인시스,40,2.3955,0.0006,0.2558,2.3955
도우인시스,71,2.2258,0.0006,0.2377,2.2258
도우인시스,56,2.1419,0.0002,0.2288,2.1419
도우인시스,9,2.1102,0.0003,0.2254,2.1102
도우인시스,77,2.1102,0.0003,0.2254,2.1102
도우인시스,53,1.4956,0.0006,0.1597,1.4956
도우인시스,36,1.4498,0.0001,0.1548,1.4498
도우인시스,20,1.4068,0.0002,0.1502,1.4068
도우인시스,27,1.3965,0.0001,0.1491,1.3965
도우인시스,95,0.8341,0.0004,0.0891,0.8341
도우인시스,84,0.8194,0.0002,0.0875,0.8194
도우인시스,23,0.8123,0.0002,0.0868,0.8123
도우인시스,70,0.8054,0.0003,0.0860,0.8054
도우인시스,37,0.7985,0.0002,0.0853,0.7985
도우인시스,41,0.7985,0.0003,0.0853,0.7985
도우인시스,101,0.7787,0.0002,0.0832,0.7787
도우인시스,45,0.7723,0.0002,0.0825,0.7723
도우인시스,67,0.7660,0.0006,0.0818,0.7660
도우인시스,69,0.7660,0.0003,0.0818,0.7660
도우인시스,65,0.7598,0.0001,0.0811,0.7598
도우인시스,75,0.7598,0.0002,0.0811,0.7598
도우인시스,61,0.7478,0.0001,0.0799,0.7478
도우인시스,86,0.7478,0.0002,0.0799,0.7478
도우인시스,97,0.7478,0.0002,0.0799,0.7478
도우인시스,102,0.7478,0.0002,0.0799,0.7478
도우인시스,26,0.7419,0.0002,0.0792,0.7419
도우인시스,64,0.7362,0.0003,0.0786,0.7362
도우인시스,52,0.7305,0.0002,0.0780,0.7305
도우인시스,76,0.7305,0.0001,0.0780,0.7305
도우인시스,8,0.7249,0.0001,0.0774,0.7249
도우인시스,13,0.7249,0.0001,0.0774,0.7249
도우인시스,29,0.7249,0.0002,0.0774,0.7249
도우인시스,34,0.7249,0.0001,0.0774,0.7249
도우인시스,73,0.7249,0.0001,0.0774,0.7249
도우인시스,88,0.7249,0.0001,0.0774,0.7249
도우인시스,103,0.7249,0.0002,0.0774,0.7249
도우인시스,25,0.7194,0.0002,0.0768,0.7194
도우인시스,28,0.7194,0.0002,0.0768,0.7194
도우인시스,87,0.7140,0.0001,0.0763,0.7140
도우인시스,59,0.7087,0.0002,0.0757,0.7087
두산로보틱스,81,108.1247,0.0656,0.6186,108.1247
두산로보틱스,9,53.4587,0.0071,0.3059,53.4587
두산로보틱스,10,50.9712,0.0044,0.2916,50.9712
두산로보틱스,27,38.4030,0.0041,0.2197,38.4030
두산로보틱스,20,30.9498,0.0044,0.1771,30.9498
두산로보틱스,102,29.1644,0.0059,0.1669,29.1644
두산로보틱스,87,27.8453,0.0034,0.1593,27.8453
두산로보틱스,0,27.0327,0.0015,0.1547,27.0327
두산로보틱스,77,23.2123,0.0033,0.1328,23.2123
두산로보틱스,28,23.0207,0.0051,0.1317,23.0207
두산로보틱스,17,20.8625,0.0044,0.1194,20.8625
두산로보틱스,52,20.4536,0.0057,0.1170,20.4536
두산로보틱스,53,20.1908,0.0081,0.1155,20.1908
두산로보틱스,56,18.5635,0.0017,0.1062,18.5635
두산로보틱스,90,18.5484,0.0047,0.1061,18.5484
두산로보틱스,13,18.1224,0.0028,0.1037,18.1224
두산로보틱스,29,18.1224,0.0039,0.1037,18.1224
두산로보틱스,62,16.8012,0.0042,0.0961,16.8012
두산로보틱스,11,16.1956,0.0027,0.0927,16.1956
두산로보틱스,34,15.2228,0.0031,0.0871,15.2228
두산로보틱스,76,14.6097,0.0018,0.0836,14.6097
두산로보틱스,103,14.4979,0.0031,0.0829,14.4979
두산로보틱스,95,14.1789,0.0060,0.0811,14.1789
두산로보틱스,45,13.9011,0.0038,0.0795,13.9011
두산로보틱스,36,13.7730,0.0011,0.0788,13.7730
두산로보틱스,98,13.5656,0.0025,0.0776,13.5656
두산로보틱스,12,12.8141,0.0044,0.0733,12.8141
두산로보틱스,57,11.8700,0.0020,0.0679,11.8700
두산로보틱스,7,11.6800,0.0042,0.0668,11.6800
두산로보틱스,21,11.3384,0.0023,0.0649,11.3384
두산로보틱스,14,11.2171,0.0012,0.0642,11.2171
두산로보틱스,96,10.9923,0.0023,0.0629,10.9923
두산로보틱스,75,10.6377,0.0034,0.0609,10.6377
두산로보틱스,82,10.5359,0.0222,0.0603,10.5359
두산로보틱스,3,9.7215,0.0025,0.0556,9.7215
두산로보틱스,54,9.7215,0.0019,0.0556,9.7215
두산로보틱스,86,9.7215,0.0028,0.0556,9.7215
두산로보틱스,72,9.5013,0.0064,0.0544,9.5013
두산로보틱스,73,9.4236,0.0013,0.0539,9.4236
두산로보틱스,46,8.9737,0.0015,0.0513,8.9737
두산로보틱스,92,8.7312,0.0046,0.0500,8.7312
두산로보틱스,88,8.6988,0.0009,0.0498,8.6988
두산로보틱스,78,8.4951,0.0020,0.0486,8.4951
두산로보틱스,33,8.2915,0.0015,0.0474,8.2915
두산로보틱스,93,8.2915,0.0024,0.0474,8.2915
두산로보틱스,26,8.1613,0.0027,0.0467,8.1613
두산로보틱스,25,7.9133,0.0021,0.0453,7.9133
두산로보틱스,59,7.7952,0.0019,0.0446,7.7952
두산로보틱스,61,7.4781,0.0014,0.0428,7.4781
두산로보틱스,71,7.4194,0.0021,0.0424,7.4194
두산로보틱스,8,7.2490,0.0009,0.0415,7.2490
두산로보틱스,74,7.1866,0.0025,0.0411,7.1866
두산로보틱스,79,6.7501,0.0107,0.0386,6.7501
두산로보틱스,97,6.7303,0.0020,0.0385,6.7303
두산로보틱스,30,6.5241,0.0017,0.0373,6.5241
두산로보틱스,66,6.5241,0.0016,0.0373,6.5241
두산로보틱스,23,6.4987,0.0017,0.0372,6.4987
두산로보틱스,5,6.4746,0.0013,0.0370,6.4746
두산로보틱스,37,6.3881,0.0013,0.0365,6.3881
두산로보틱스,32,6.0787,0.0033,0.0348,6.0787
두산로보틱스,16,5.9355,0.0011,0.0340,5.9355
두산로보틱스,89,5.7992,0.0007,0.0332,5.7992
두산로보틱스,64,5.1532,0.0021,0.0295,5.1532
두산로보틱스,100,4.5226,0.0009,0.0259,4.5226
두산로보틱스,24,4.4070,0.0057,0.0252,4.4070
두산로보틱스,94,4.0972,0.0016,0.0234,4.0972
두산로보틱스,38,3.8933,0.0009,0.0223,3.8933
두산로보틱스,101,3.8933,0.0011,0.0223,3.8933
두산로보틱스,63,3.7992,0.0012,0.0217,3.7992
두산로보틱스,84,3.2778,0.0009,0.0188,3.2778
두산로보틱스,1,3.2214,0.0008,0.0184,3.2214
두산로보틱스,40,3.1940,0.0009,0.0183,3.1940
두산로보틱스,67,3.0640,0.0025,0.0175,3.0640
두산로보틱스,65,3.0394,0.0004,0.0174,3.0394
두산로보틱스,60,2.4583,0.0068,0.0141,2.4583
두산로보틱스,70,2.4161,0.0008,0.0138,2.4161
두산로보틱스,85,1.7300,0.0015,0.0099,1.7300
두산로보틱스,83,1.6534,0.0022,0.0095,1.6534
두산로보틱스,47,1.6107,0.0006,0.0092,1.6107
두산로보틱스,50,1.5573,0.0007,0.0089,1.5573
두산로보틱스,69,1.5320,0.0007,0.0088,1.5320
두산로보틱스,15,0.9958,0.0011,0.0057,0.9958
두산로보틱스,39,0.9445,0.0010,0.0054,0.9445
두산로보틱스,42,0.8985,0.0006,0.0051,0.8985
두산로보틱스,35,0.8814,0.0004,0.0050,0.8814
두산로보틱스,68,0.8650,0.0006,0.0049,0.8650
두산로보틱스,55,0.8570,0.0006,0.0049,0.8570
두산로보틱스,58,0.8492,0.0009,0.0049,0.8492
두산로보틱스,49,0.8194,0.0004,0.0047,0.8194
두산로보틱스,51,0.7918,0.0004,0.0045,0.7918
두산로보틱스,22,0.7787,0.0002,0.0045,0.7787
두산로보틱스,6,0.7478,0.0002,0.0043,0.7478
디지타임스,0,14.5561,0.0008,0.3995,14.5561
디지타임스,36,11.5983,0.0009,0.3183,11.5983
디지타임스,56,10.7097,0.0010,0.2939,10.7097
디지타임스,65,10.6377,0.0016,0.2919,10.6377
디지타임스,10,7.6806,0.0007,0.2108,7.6806
디지타임스,27,7.6806,0.0008,0.2108,7.6806
디지타임스,13,6.5241,0.0010,0.1790,6.5241
디지타임스,77,6.3306,0.0009,0.1737,6.3306
디지타임스,101,6.2294,0.0017,0.1710,6.2294
디지타임스,61,5.9824,0.0012,0.1642,5.9824
디지타임스,84,5.7361,0.0016,0.1574,5.7361
디지타임스,37,5.5896,0.0011,0.1534,5.5896
디지타임스,40,5.5896,0.0015,0.1534,5.5896
디지타임스,88,5.0743,0.0005,0.1393,5.0743
디지타임스,87,4.9979,0.0006,0.1372,4.9979
디지타임스,9,4.9238,0.0007,0.1351,4.9238
디지타임스,100,4.5226,0.0009,0.1241,4.5226
디지타임스,73,4.3494,0.0006,0.1194,4.3494
디지타임스,23,4.0617,0.0011,0.1115,4.0617
디지타임스,14,3.7390,0.0004,0.1026,3.7390
디지타임스,76,3.6524,0.0005,0.1002,3.6524
디지타임스,89,3.6245,0.0004,0.0995,3.6245
디지타임스,28,3.5970,0.0008,0.0987,3.5970
디지타임스,20,3.5170,0.0005,0.0965,3.5170
디지타임스,94,3.2778,0.0013,0.0900,3.2778
디지타임스,38,3.1147,0.0007,0.0855,3.1147
디지타임스,93,3.0151,0.0009,0.0827,3.0151
디지타임스,46,2.9912,0.0005,0.0821,2.9912
디지타임스,54,2.9912,0.0006,0.0821,2.9912
디지타임스,97,2.9912,0.0009,0.0821,2.9912
디지타임스,16,2.9677,0.0005,0.0814,2.9677
디지타임스,71,2.9677,0.0008,0.0814,2.9677
디지타임스,90,2.9677,0.0008,0.0814,2.9677
디지타임스,29,2.8996,0.0006,0.0796,2.8996
디지타임스,59,2.8346,0.0007,0.0778,2.8346
디지타임스,57,2.7929,0.0005,0.0766,2.7929
디지타임스,70,2.4161,0.0008,0.0663,2.4161
디지타임스,22,2.3360,0.0006,0.0641,2.3360
디지타임스,26,2.2258,0.0007,0.0611,2.2258
디지타임스,62,2.1915,0.0005,0.0601,2.1915
디지타임스,8,2.1747,0.0003,0.0597,2.1747
디지타임스,34,2.1747,0.0004,0.0597,2.1747
디지타임스,17,2.1582,0.0005,0.0592,2.1582
디지타임스,98,2.1419,0.0004,0.0588,2.1419
디지타임스,35,1.7628,0.0008,0.0484,1.7628
디지타임스,74,1.5970,0.0006,0.0438,1.5970
디지타임스,45,1.5446,0.0004,0.0424,1.5446
디지타임스,63,1.5197,0.0005,0.0417,1.5197
디지타임스,33,1.5075,0.0003,0.0414,1.5075
디지타임스,6,1.4956,0.0004,0.0410,1.4956
디지타임스,53,1.4956,0.0006,0.0410,1.4956
디지타임스,11,1.4723,0.0002,0.0404,1.4723
디지타임스,64,1.4723,0.0006,0.0404,1.4723
디지타임스,30,1.4498,0.0004,0.0398,1.4498
디지타임스,66,1.4498,0.0004,0.0398,1.4498
디지타임스,5,1.4388,0.0003,0.0395,1.4388
디지타임스,21,1.4173,0.0003,0.0389,1.4173
디지타임스,81,0.8650,0.0005,0.0237,0.8650
디지타임스,55,0.8570,0.0006,0.0235,0.8570
디지타임스,2,0.8492,0.0004,0.0233,0.8492
디지타임스,4,0.8194,0.0004,0.0225,0.8194
디지타임스,49,0.8194,0.0004,0.0225,0.8194
디지타임스,72,0.7918,0.0005,0.0217,0.7918
디지타임스,50,0.7787,0.0003,0.0214,0.7787
디지타임스,78,0.7723,0.0002,0.0212,0.7723
디지타임스,69,0.7660,0.0003,0.0210,0.7660
디지타임스,75,0.7598,0.0002,0.0209,0.7598
디지타임스,12,0.7538,0.0003,0.0207,0.7538
디지타임스,86,0.7478,0.0002,0.0205,0.7478
디지타임스,102,0.7478,0.0002,0.0205,0.7478
디지타임스,52,0.7305,0.0002,0.0200,0.7305
디지타임스,103,0.7249,0.0002,0.0199,0.7249
디지타임스,25,0.7194,0.0002,0.0197,0.7194
딥엑스,77,4.2204,0.0006,0.6548,4.2204
딥엑스,54,2.2434,0.0004,0.3481,2.2434
딥엑스,21,1.4173,0.0003,0.2199,1.4173
딥엑스,10,1.3965,0.0001,0.2167,1.3965
딥엑스,0,1.3863,0.0001,0.2151,1.3863
딥엑스,80,0.9073,0.0004,0.1408,0.9073
딥엑스,68,0.8650,0.0006,0.1342,0.8650
딥엑스,49,0.8194,0.0004,0.1271,0.8194
딥엑스,40,0.7985,0.0002,0.1239,0.7985
딥엑스,101,0.7787,0.0002,0.1208,0.7787
딥엑스,3,0.7478,0.0002,0.1160,0.7478
딥엑스,11,0.7362,0.0001,0.1142,0.7362
딥엑스,52,0.7305,0.0002,0.1133,0.7305
딥엑스,62,0.7305,0.0002,0.1133,0.7305
딥엑스,30,0.7249,0.0002,0.1125,0.7249
딥엑스,34,0.7249,0.0001,0.1125,0.7249
딥엑스,66,0.7249,0.0002,0.1125,0.7249
딥엑스,88,0.7249,0.0001,0.1125,0.7249
딥엑스,89,0.7249,0.0001,0.1125,0.7249
딥엑스,5,0.7194,0.0001,0.1116,0.7194
딥엑스,17,0.7194,0.0002,0.1116,0.7194
딥엑스,28,0.7194,0.0002,0.1116,0.7194
딥엑스,98,0.7140,0.0001,0.1108,0.7140
딥엑스,59,0.7087,0.0002,0.1100,0.7087
딥엑스,9,0.7034,0.0001,0.1091,0.7034
딥엑스,20,0.7034,0.0001,0.1091,0.7034
딥엑스,27,0.6982,0.0001,0.1083,0.6982
딥엑스,57,0.6982,0.0001,0.1083,0.6982
레노버,80,158.7767,0.0739,0.7328,336.8606
레노버,0,53.3723,0.0029,0.2463,113.2347
레노버,6,45.6161,0.0125,0.2105,96.7792
레노버,36,34.7950,0.0027,0.1606,73.8211
레노버,88,31.1705,0.0033,0.1439,66.1314
레노버,18,30.8576,0.0253,0.1424,65.4675
레노버,56,26.4173,0.0024,0.1219,56.0470
레노버,76,26.2975,0.0033,0.1214,55.7927
레노버,16,25.9678,0.0046,0.1199,55.0933
레노버,89,24.6465,0.0030,0.1138,52.2899
레노버,49,24.5832,0.0133,0.1135,52.1558
레노버,14,23.9298,0.0026,0.1104,50.7694
레노버,65,23.5550,0.0035,0.1087,49.9743
레노버,42,23.3606,0.0152,0.1078,49.5619
레노버,73,23.1967,0.0032,0.1071,49.2141
레노버,22,21.8027,0.0052,0.1006,46.2567
레노버,25,20.8625,0.0055,0.0963,44.2618
레노버,10,20.2489,0.0017,0.0935,42.9600
레노버,47,19.3286,0.0077,0.0892,41.0076
레노버,100,18.8443,0.0037,0.0870,39.9801
레노버,8,18.1224,0.0022,0.0836,38.4485
레노버,27,17.4559,0.0019,0.0806,37.0345
레노버,37,16.7687,0.0033,0.0774,35.5764
레노버,61,16.4517,0.0032,0.0759,34.9040
레노버,87,16.4216,0.0020,0.0758,34.8400
레노버,2,16.1353,0.0067,0.0745,34.2327
레노버,35,15.8653,0.0073,0.0732,33.6597
레노버,77,15.4749,0.0022,0.0714,32.8315
레노버,23,15.4344,0.0041,0.0712,32.7456
레노버,13,14.4979,0.0022,0.0669,30.7588
레노버,38,14.0160,0.0034,0.0647,29.7364
레노버,103,13.7730,0.0029,0.0636,29.2208
레노버,12,12.8141,0.0044,0.0591,27.1864
레노버,34,12.3232,0.0025,0.0569,26.1450
레노버,17,11.5103,0.0024,0.0531,24.4203
레노버,57,11.1718,0.0018,0.0516,23.7020
레노버,28,10.7909,0.0024,0.0498,22.8940
레노버,84,10.6527,0.0029,0.0492,22.6008
레노버,20,10.5511,0.0015,0.0487,22.3851
레노버,64,10.3063,0.0042,0.0476,21.8659
레노버,96,10.2072,0.0022,0.0471,21.6555
레노버,33,9.7990,0.0018,0.0452,20.7896
레노버,90,9.6452,0.0025,0.0445,20.4632
레노버,40,9.5821,0.0026,0.0442,20.3294
레노버,62,9.4963,0.0024,0.0438,20.1474
레노버,59,9.2125,0.0022,0.0425,19.5452
레노버,102,8.9737,0.0018,0.0414,19.0385
레노버,48,8.8140,0.0046,0.0407,18.6999
레노버,30,8.6988,0.0023,0.0401,18.4553
레노버,98,8.5678,0.0016,0.0395,18.1774
레노버,101,8.5654,0.0023,0.0395,18.1723
레노버,21,8.5038,0.0017,0.0392,18.0417
레노버,9,8.4408,0.0011,0.0390,17.9081
레노버,63,8.3582,0.0027,0.0386,17.7328
레노버,11,8.0978,0.0013,0.0374,17.1803
레노버,29,7.9739,0.0017,0.0368,16.9173
레노버,75,7.5984,0.0024,0.0351,16.1207
레노버,66,7.2490,0.0018,0.0335,15.3794
레노버,86,6.7303,0.0019,0.0311,14.2789
레노버,97,6.7303,0.0020,0.0311,14.2789
레노버,5,6.4746,0.0013,0.0299,13.7364
레노버,70,6.4429,0.0022,0.0297,13.6692
레노버,7,6.2294,0.0023,0.0288,13.2162
레노버,54,5.9824,0.0012,0.0276,12.6924
레노버,52,5.8439,0.0016,0.0270,12.3984
레노버,31,5.7868,0.0045,0.0267,12.2772
레노버,69,5.3621,0.0023,0.0247,11.3761
레노버,46,5.2346,0.0009,0.0242,11.1058
레노버,26,5.1936,0.0017,0.0240,11.0187
레노버,60,4.9166,0.0136,0.0227,10.4312
레노버,45,4.6337,0.0013,0.0214,9.8309
레노버,85,4.3250,0.0038,0.0200,9.1759
레노버,58,4.2461,0.0044,0.0196,9.0086
레노버,4,4.0972,0.0021,0.0189,8.6926
레노버,1,4.0268,0.0010,0.0186,8.5433
레노버,74,3.9925,0.0014,0.0184,8.4706
레노버,78,3.8614,0.0009,0.0178,8.1924
레노버,3,3.7390,0.0010,0.0173,7.9327
레노버,81,3.4600,0.0021,0.0160,7.3407
레노버,99,3.3577,0.0073,0.0155,7.1237
레노버,43,3.2758,0.0069,0.0151,6.9499
레노버,41,3.1940,0.0011,0.0147,6.7765
레노버,91,3.1940,0.0015,0.0147,6.7765
레노버,93,3.0151,0.0009,0.0139,6.3968
레노버,71,2.9677,0.0008,0.0137,6.2964
레노버,19,2.6194,0.0010,0.0121,5.5572
레노버,94,2.4583,0.0010,0.0113,5.2156
레노버,51,2.3753,0.0011,0.0110,5.0395
레노버,50,2.3360,0.0010,0.0108,4.9561
레노버,67,2.2980,0.0019,0.0106,4.8755
레노버,53,2.2434,0.0009,0.0104,4.7596
레노버,83,1.6534,0.0022,0.0076,3.5078
레노버,32,1.5197,0.0008,0.0070,3.2241
레노버,15,0.9958,0.0011,0.0046,2.1127
레노버,79,0.9643,0.0015,0.0045,2.0459
레노버,92,0.8731,0.0005,0.0040,1.8524
레노버,68,0.8650,0.0006,0.0040,1.8352
레노버,55,0.8570,0.0006,0.0040,1.8183
리벨리온,0,13.8629,0.0007,0.3226,13.8629
리벨리온,10,11.1718,0.0010,0.2599,11.1718
리벨리온,34,10.8734,0.0022,0.2530,10.8734
리벨리온,3,8.9737,0.0023,0.2088,8.9737
리벨리온,86,8.9737,0.0026,0.2088,8.9737
리벨리온,98,8.5678,0.0016,0.1993,8.5678
리벨리온,27,8.3788,0.0009,0.1950,8.3788
리벨리온,20,7.7374,0.0011,0.1800,7.7374
리벨리온,77,7.7374,0.0011,0.1800,7.7374
리벨리온,21,7.0865,0.0014,0.1649,7.0865
리벨리온,57,6.9824,0.0012,0.1625,6.9824
리벨리온,11,6.6255,0.0011,0.1542,6.6255
리벨리온,9,6.3306,0.0008,0.1473,6.3306
리벨리온,46,5.9824,0.0010,0.1392,5.9824
리벨리온,54,5.9824,0.0012,0.1392,5.9824
리벨리온,52,5.8439,0.0016,0.1360,5.8439
리벨리온,36,5.7992,0.0004,0.1349,5.7992
리벨리온,5,5.7552,0.0012,0.1339,5.7552
리벨리온,17,5.7552,0.0012,0.1339,5.7552
리벨리온,56,5.7119,0.0005,0.1329,5.7119
리벨리온,75,5.3189,0.0017,0.1238,5.3189
리벨리온,16,5.1936,0.0009,0.1208,5.1936
리벨리온,13,5.0743,0.0008,0.1181,5.0743
리벨리온,87,4.9979,0.0006,0.1163,4.9979
리벨리온,14,4.4868,0.0005,0.1044,4.4868
리벨리온,62,4.3829,0.0011,0.1020,4.3829
리벨리온,73,4.3494,0.0006,0.1012,4.3494
리벨리온,59,4.2519,0.0010,0.0989,4.2519
리벨리온,74,3.9925,0.0014,0.0929,3.9925
리벨리온,22,3.8933,0.0009,0.0906,3.8933
리벨리온,32,3.7992,0.0021,0.0884,3.7992
리벨리온,33,3.7689,0.0007,0.0877,3.7689
리벨리온,100,3.7689,0.0007,0.0877,3.7689
리벨리온,102,3.7390,0.0008,0.0870,3.7390
리벨리온,71,3.7097,0.0010,0.0863,3.7097
리벨리온,64,3.6808,0.0015,0.0856,3.6808
리벨리온,76,3.6524,0.0005,0.0850,3.6524
리벨리온,8,3.6245,0.0004,0.0843,3.6245
리벨리온,29,3.6245,0.0008,0.0843,3.6245
리벨리온,30,3.6245,0.0010,0.0843,3.6245
리벨리온,66,3.6245,0.0009,0.0843,3.6245
리벨리온,89,3.6245,0.0004,0.0843,3.6245
리벨리온,103,3.6245,0.0008,0.0843,3.6245
리벨리온,2,3.3969,0.0014,0.0790,3.3969
리벨리온,7,3.1147,0.0011,0.0725,3.1147
리벨리온,50,3.1147,0.0013,0.0725,3.1147
리벨리온,65,3.0394,0.0004,0.0707,3.0394
리벨리온,25,2.8776,0.0008,0.0670,2.8776
리벨리온,68,2.5950,0.0018,0.0604,2.5950
리벨리온,4,2.4583,0.0013,0.0572,2.4583
리벨리온,70,2.4161,0.0008,0.0562,2.4161
리벨리온,41,2.3955,0.0008,0.0557,2.3955
리벨리온,51,2.3753,0.0011,0.0553,2.3753
리벨리온,72,2.3753,0.0016,0.0553,2.3753
리벨리온,96,2.3555,0.0005,0.0548,2.3555
리벨리온,78,2.3169,0.0006,0.0539,2.3169
리벨리온,12,2.2613,0.0008,0.0526,2.2613
리벨리온,93,2.2613,0.0006,0.0526,2.2613
리벨리온,6,2.2434,0.0006,0.0522,2.2434
리벨리온,53,2.2434,0.0009,0.0522,2.2434
리벨리온,26,2.2258,0.0007,0.0518,2.2258
리벨리온,88,2.1747,0.0002,0.0506,2.1747
리벨리온,15,1.9916,0.0021,0.0463,1.9916
리벨리온,85,1.7300,0.0015,0.0403,1.7300
리벨리온,55,1.7141,0.0012,0.0399,1.7141
리벨리온,95,1.6681,0.0007,0.0388,1.6681
리벨리온,31,1.6534,0.0013,0.0385,1.6534
리벨리온,49,1.6389,0.0009,0.0381,1.6389
리벨리온,23,1.6247,0.0004,0.0378,1.6247
리벨리온,1,1.6107,0.0004,0.0375,1.6107
리벨리온,37,1.5970,0.0003,0.0372,1.5970
리벨리온,40,1.5970,0.0004,0.0372,1.5970
리벨리온,45,1.5446,0.0004,0.0359,1.5446
리벨리온,67,1.5320,0.0013,0.0356,1.5320
리벨리온,69,1.5320,0.0007,0.0356,1.5320
리벨리온,61,1.4956,0.0003,0.0348,1.4956
리벨리온,97,1.4956,0.0004,0.0348,1.4956
리벨리온,90,1.4839,0.0004,0.0345,1.4839
리벨리온,28,1.4388,0.0003,0.0335,1.4388
리벨리온,19,0.8731,0.0003,0.0203,0.8731
리벨리온,92,0.8731,0.0005,0.0203,0.8731
리벨리온,81,0.8650,0.0005,0.0201,0.8650
리벨리온,58,0.8492,0.0009,0.0198,0.8492
리벨리온,83,0.8267,0.0011,0.0192,0.8267
리벨리온,94,0.8194,0.0003,0.0191,0.8194
리벨리온,47,0.8054,0.0003,0.0187,0.8054
리벨리온,91,0.7985,0.0004,0.0186,0.7985
리벨리온,38,0.7787,0.0002,0.0181,0.7787
리벨리온,101,0.7787,0.0002,0.0181,0.7787
리벨리온,63,0.7598,0.0002,0.0177,0.7598
리오토,36,9.4236,0.0007,0.3778,9.4236
리오토,56,8.5678,0.0008,0.3435,8.5678
리오토,0,8.3178,0.0004,0.3334,8.3178
리오토,34,7.2490,0.0015,0.2906,7.2490
리오토,7,6.2294,0.0023,0.2497,6.2294
리오토,86,5.9824,0.0017,0.2398,5.9824
리오토,88,5.0743,0.0005,0.2034,5.0743
리오토,75,4.5590,0.0014,0.1828,4.5590
리오토,8,4.3494,0.0005,0.1744,4.3494
리오토,65,3.7992,0.0006,0.1523,3.7992
리오토,3,3.7390,0.0010,0.1499,3.7390
리오토,102,3.7390,0.0008,0.1499,3.7390
리오토,52,3.6524,0.0010,0.1464,3.6524
리오토,89,3.6245,0.0004,0.1453,3.6245
리오토,87,3.5699,0.0004,0.1431,3.5699
리오토,41,3.1940,0.0011,0.1280,3.1940
리오토,76,2.9219,0.0004,0.1171,2.9219
리오토,2,2.5477,0.0011,0.1021,2.5477
리오토,38,2.3360,0.0006,0.0936,2.3360
리오토,100,2.2613,0.0004,0.0906,2.2613
리오토,14,2.2434,0.0002,0.0899,2.2434
리오토,16,2.2258,0.0004,0.0892,2.2258
리오토,90,2.2258,0.0006,0.0892,2.2258
리오토,28,2.1582,0.0005,0.0865,2.1582
리오토,98,2.1419,0.0004,0.0859,2.1419
리오토,77,2.1102,0.0003,0.0846,2.1102
리오토,4,1.6389,0.0008,0.0657,1.6389
리오토,40,1.5970,0.0004,0.0640,1.5970
리오토,96,1.5703,0.0003,0.0629,1.5703
리오토,22,1.5573,0.0004,0.0624,1.5573
리오토,50,1.5573,0.0007,0.0624,1.5573
리오토,69,1.5320,0.0007,0.0614,1.5320
리오토,33,1.5075,0.0003,0.0604,1.5075
리오토,64,1.4723,0.0006,0.0590,1.4723
리오토,62,1.4610,0.0004,0.0586,1.4610
리오토,13,1.4498,0.0002,0.0581,1.4498
리오토,29,1.4498,0.0003,0.0581,1.4498
리오토,73,1.4498,0.0002,0.0581,1.4498
리오토,17,1.4388,0.0003,0.0577,1.4388
리오토,59,1.4173,0.0003,0.0568,1.4173
리오토,9,1.4068,0.0002,0.0564,1.4068
리오토,10,1.3965,0.0001,0.0560,1.3965
리오토,27,1.3965,0.0001,0.0560,1.3965
리오토,57,1.3965,0.0002,0.0560,1.3965
리오토,44,0.9073,0.0013,0.0364,0.9073
리오토,48,0.8814,0.0005,0.0353,0.8814
리오토,81,0.8650,0.0005,0.0347,0.8650
리오토,55,0.8570,0.0006,0.0344,0.8570
리오토,1,0.8054,0.0002,0.0323,0.8054
리오토,70,0.8054,0.0003,0.0323,0.8054
리오토,91,0.7985,0.0004,0.0320,0.7985
리오토,32,0.7598,0.0004,0.0305,0.7598
리오토,93,0.7538,0.0002,0.0302,0.7538
리오토,6,0.7478,0.0002,0.0300,0.7478
리오토,46,0.7478,0.0001,0.0300,0.7478
리오토,97,0.7478,0.0002,0.0300,0.7478
리오토,26,0.7419,0.0002,0.0297,0.7419
리오토,71,0.7419,0.0002,0.0297,0.7419
리오토,11,0.7362,0.0001,0.0295,0.7362
리오토,30,0.7249,0.0002,0.0291,0.7249
리오토,66,0.7249,0.0002,0.0291,0.7249
리오토,5,0.7194,0.0001,0.0288,0.7194
리오토,25,0.7194,0.0002,0.0288,0.7194
리오토,21,0.7087,0.0001,0.0284,0.7087
리오토,20,0.7034,0.0001,0.0282,0.7034
마이크로소프트,46,231.0719,0.0390,0.3318,231.0719
마이크로소프트,0,225.9660,0.0122,0.3244,225.9660
마이크로소프트,57,161.9908,0.0267,0.2326,161.9908
마이크로소프트,10,150.8190,0.0130,0.2165,150.8190
마이크로소프트,28,129.4912,0.0285,0.1859,129.4912
마이크로소프트,66,123.9572,0.0309,0.1780,123.9572
마이크로소프트,21,121.1794,0.0246,0.1740,121.1794
마이크로소프트,27,116.6055,0.0124,0.1674,116.6055
마이크로소프트,17,116.5421,0.0245,0.1673,116.5421
마이크로소프트,77,115.3582,0.0166,0.1656,115.3582
마이크로소프트,98,114.9510,0.0214,0.1650,114.9510
마이크로소프트,30,110.1842,0.0289,0.1582,110.1842
마이크로소프트,56,106.3832,0.0096,0.1527,106.3832
마이크로소프트,11,104.5354,0.0172,0.1501,104.5354
마이크로소프트,5,104.3123,0.0217,0.1498,104.3123
마이크로소프트,9,103.4003,0.0138,0.1485,103.4003
마이크로소프트,36,102.9352,0.0080,0.1478,102.9352
마이크로소프트,20,97.7731,0.0139,0.1404,97.7731
마이크로소프트,59,88.5814,0.0216,0.1272,88.5814
마이크로소프트,49,88.4996,0.0479,0.1271,88.4996
마이크로소프트,93,82.9149,0.0237,0.1190,82.9149
마이크로소프트,61,77.0240,0.0148,0.1106,77.0240
마이크로소프트,102,76.2762,0.0155,0.1095,76.2762
마이크로소프트,14,74.0328,0.0081,0.1063,74.0328
마이크로소프트,8,73.9394,0.0090,0.1062,73.9394
마이크로소프트,48,73.1565,0.0379,0.1050,73.1565
마이크로소프트,62,73.0485,0.0182,0.1049,73.0485
마이크로소프트,54,72.5371,0.0142,0.1041,72.5371
마이크로소프트,87,72.1121,0.0088,0.1035,72.1121
마이크로소프트,37,71.0672,0.0139,0.1020,71.0672
마이크로소프트,88,71.0398,0.0076,0.1020,71.0398
마이크로소프트,92,68.9764,0.0367,0.0990,68.9764
마이크로소프트,89,61.6161,0.0075,0.0885,61.6161
마이크로소프트,53,59.0766,0.0236,0.0848,59.0766
마이크로소프트,71,54.1614,0.0150,0.0778,54.1614
마이크로소프트,52,53.3254,0.0149,0.0766,53.3254
마이크로소프트,23,51.1771,0.0135,0.0735,51.1771
마이크로소프트,73,48.5680,0.0068,0.0697,48.5680
마이크로소프트,34,47.8431,0.0097,0.0687,47.8431
마이크로소프트,96,47.1100,0.0099,0.0676,47.1100
마이크로소프트,103,46.3933,0.0099,0.0666,46.3933
마이크로소프트,64,44.9060,0.0183,0.0645,44.9060
마이크로소프트,86,44.8683,0.0129,0.0644,44.8683
마이크로소프트,12,44.4725,0.0152,0.0639,44.4725
마이크로소프트,80,44.4575,0.0207,0.0638,44.4575
마이크로소프트,35,44.0702,0.0202,0.0633,44.0702
마이크로소프트,3,41.8771,0.0107,0.0601,41.8771
마이크로소프트,65,41.7911,0.0062,0.0600,41.7911
마이크로소프트,90,41.5485,0.0106,0.0597,41.5485
마이크로소프트,45,39.3865,0.0107,0.0565,39.3865
마이크로소프트,74,39.1269,0.0137,0.0562,39.1269
마이크로소프트,25,37.4086,0.0098,0.0537,37.4086
마이크로소프트,16,36.3549,0.0064,0.0522,36.3549
마이크로소프트,78,35.5251,0.0085,0.0510,35.5251
마이크로소프트,84,35.2360,0.0096,0.0506,35.2360
마이크로소프트,101,35.0401,0.0096,0.0503,35.0401
마이크로소프트,13,34.7950,0.0054,0.0500,34.7950
마이크로소프트,51,32.4629,0.0149,0.0466,32.4629
마이크로소프트,100,32.4122,0.0064,0.0465,32.4122
마이크로소프트,76,31.4108,0.0039,0.0451,31.4108
마이크로소프트,69,31.4063,0.0135,0.0451,31.4063
마이크로소프트,7,31.1468,0.0113,0.0447,31.1468
마이크로소프트,29,30.4456,0.0066,0.0437,30.4456
마이크로소프트,1,29.7983,0.0074,0.0428,29.7983
마이크로소프트,70,29.7983,0.0102,0.0428,29.7983
마이크로소프트,19,29.6860,0.0109,0.0426,29.6860
마이크로소프트,75,29.6337,0.0094,0.0425,29.6337
마이크로소프트,72,29.2958,0.0198,0.0421,29.2958
마이크로소프트,81,28.5449,0.0173,0.0410,28.5449
마이크로소프트,95,28.3578,0.0119,0.0407,28.3578
마이크로소프트,63,28.1140,0.0090,0.0404,28.1140
마이크로소프트,38,28.0321,0.0067,0.0402,28.0321
마이크로소프트,18,25.0718,0.0205,0.0360,25.0718
마이크로소프트,22,24.9174,0.0060,0.0358,24.9174
마이크로소프트,41,24.7537,0.0088,0.0355,24.7537
마이크로소프트,85,24.2199,0.0211,0.0348,24.2199
마이크로소프트,6,23.9298,0.0066,0.0344,23.9298
마이크로소프트,94,23.7638,0.0093,0.0341,23.7638
마이크로소프트,42,23.3606,0.0152,0.0335,23.3606
마이크로소프트,33,22.6132,0.0041,0.0325,22.6132
마이크로소프트,91,22.3582,0.0107,0.0321,22.3582
마이크로소프트,55,22.2829,0.0153,0.0320,22.2829
마이크로소프트,24,21.1537,0.0271,0.0304,21.1537
마이크로소프트,40,20.7612,0.0056,0.0298,20.7612
마이크로소프트,26,19.2904,0.0064,0.0277,19.2904
마이크로소프트,43,18.5627,0.0389,0.0267,18.5627
마이크로소프트,99,16.7885,0.0364,0.0241,16.7885
마이크로소프트,97,15.7039,0.0047,0.0225,15.7039
마이크로소프트,68,15.5700,0.0110,0.0224,15.5700
마이크로소프트,2,15.2861,0.0064,0.0219,15.2861
마이크로소프트,47,14.4965,0.0058,0.0208,14.4965
마이크로소프트,32,14.4369,0.0079,0.0207,14.4369
마이크로소프트,31,12.4002,0.0096,0.0178,12.4002
마이크로소프트,39,12.2780,0.0125,0.0176,12.2780
마이크로소프트,58,11.8892,0.0122,0.0171,11.8892
마이크로소프트,67,11.4901,0.0094,0.0165,11.4901
마이크로소프트,83,10.7468,0.0146,0.0154,10.7468
마이크로소프트,50,10.1227,0.0043,0.0145,10.1227
마이크로소프트,15,8.9622,0.0095,0.0129,8.9622
마이크로소프트,60,6.5555,0.0181,0.0094,6.5555
마이크로소프트,82,5.2679,0.0111,0.0076,5.2679
마이크로소프트,4,3.2778,0.0017,0.0047,3.2778
마이크로소프트,79,2.8929,0.0046,0.0042,2.8929
마이크로소프트,44,1.8146,0.0025,0.0026,1.8146
메타,0,316.0751,0.0170,0.3544,316.0751
메타,61,265.4710,0.0510,0.2977,265.4710
메타,10,213.6603,0.0184,0.2396,213.6603
메타,46,185.4558,0.0313,0.2080,185.4558
메타,57,184.3344,0.0304,0.2067,184.3344
메타,19,178.9893,0.0659,0.2007,178.9893
메타,27,169.6714,0.0181,0.1903,169.6714
메타,77,157.5624,0.0227,0.1767,157.5624
메타,51,156.7720,0.0722,0.1758,156.7720
메타,37,140.5374,0.0275,0.1576,140.5374
메타,59,135.3524,0.0329,0.1518,135.3524
메타,56,134.9425,0.0122,0.1513,134.9425
메타,17,125.8942,0.0264,0.1412,125.8942
메타,21,123.3053,0.0250,0.1383,123.3053
메타,9,123.0956,0.0164,0.1380,123.0956
메타,5,122.2972,0.0254,0.1371,122.2972
메타,36,120.3327,0.0093,0.1349,120.3327
메타,20,120.2820,0.0171,0.1349,120.2820
메타,66,118.1580,0.0294,0.1325,118.1580
메타,28,116.5421,0.0257,0.1307,116.5421
메타,87,114.2370,0.0139,0.1281,114.2370
메타,11,110.4247,0.0181,0.1238,110.4247
메타,98,109.9531,0.0205,0.1233,109.9531
메타,29,106.5597,0.0231,0.1195,106.5597
메타,30,97.1360,0.0255,0.1089,97.1360
메타,62,92.7716,0.0231,0.1040,92.7716
메타,23,90.1693,0.0237,0.1011,90.1693
메타,54,85.2498,0.0167,0.0956,85.2498
메타,14,83.7542,0.0092,0.0939,83.7542
메타,84,82.7635,0.0225,0.0928,82.7635
메타,8,82.6381,0.0101,0.0927,82.6381
메타,73,78.2888,0.0109,0.0878,78.2888
메타,13,76.1141,0.0117,0.0853,76.1141
메타,101,73.1949,0.0200,0.0821,73.1949
메타,93,73.1159,0.0209,0.0820,73.1159
메타,35,68.7495,0.0315,0.0771,68.7495
메타,103,67.4153,0.0144,0.0756,67.4153
메타,88,64.5157,0.0069,0.0723,64.5157
메타,70,63.6234,0.0218,0.0713,63.6234
메타,67,63.5787,0.0522,0.0713,63.5787
메타,71,63.0647,0.0175,0.0707,63.0647
메타,52,60.6302,0.0169,0.0680,60.6302
메타,65,60.0272,0.0089,0.0673,60.0272
메타,48,59.0540,0.0306,0.0662,59.0540
메타,92,57.6258,0.0307,0.0646,57.6258
메타,12,57.2867,0.0196,0.0642,57.2867
메타,53,55.3376,0.0221,0.0620,55.3376
메타,40,55.0970,0.0149,0.0618,55.0970
메타,25,53.9547,0.0142,0.0605,53.9547
메타,64,51.5315,0.0210,0.0578,51.5315
메타,16,50.4517,0.0089,0.0566,50.4517
메타,33,49.7489,0.0089,0.0558,49.7489
메타,89,49.2929,0.0060,0.0553,49.2929
메타,3,48.6074,0.0125,0.0545,48.6074
메타,63,45.5903,0.0145,0.0511,45.5903
메타,90,43.7743,0.0111,0.0491,43.7743
메타,97,43.3727,0.0130,0.0486,43.3727
메타,78,43.2479,0.0104,0.0485,43.2479
메타,94,42.6109,0.0168,0.0478,42.6109
메타,91,42.3209,0.0202,0.0475,42.3209
메타,45,41.7034,0.0113,0.0468,41.7034
메타,26,41.5485,0.0137,0.0466,41.5485
메타,100,41.4574,0.0082,0.0465,41.4574
메타,76,40.9072,0.0051,0.0459,40.9072
메타,80,39.9210,0.0186,0.0448,39.9210
메타,86,36.6425,0.0105,0.0411,36.6425
메타,38,35.0401,0.0084,0.0393,35.0401
메타,34,34.0701,0.0069,0.0382,34.0701
메타,2,33.9691,0.0141,0.0381,33.9691
메타,102,33.6513,0.0068,0.0377,33.6513
메타,74,28.7463,0.0100,0.0322,28.7463
메타,69,28.3423,0.0122,0.0318,28.3423
메타,41,27.9478,0.0099,0.0313,27.9478
메타,49,27.8610,0.0151,0.0312,27.8610
메타,22,27.2534,0.0065,0.0306,27.2534
메타,6,26.9210,0.0074,0.0302,26.9210
메타,96,25.9105,0.0055,0.0291,25.9105
메타,95,25.8556,0.0109,0.0290,25.8556
메타,47,24.9661,0.0100,0.0280,24.9661
메타,81,24.2199,0.0147,0.0272,24.2199
메타,42,22.4622,0.0146,0.0252,22.4622
메타,68,19.8949,0.0141,0.0223,19.8949
메타,75,18.9960,0.0060,0.0213,18.9960
메타,72,18.2109,0.0123,0.0204,18.2109
메타,31,17.3603,0.0135,0.0195,17.3603
메타,85,17.2999,0.0150,0.0194,17.2999
메타,50,16.3521,0.0070,0.0183,16.3521
메타,39,16.0558,0.0163,0.0180,16.0558
메타,7,14.0160,0.0051,0.0157,14.0160
메타,58,13.5876,0.0139,0.0152,13.5876
메타,83,13.2269,0.0180,0.0148,13.2269
메타,32,12.9173,0.0071,0.0145,12.9173
메타,4,11.4722,0.0059,0.0129,11.4722
메타,24,10.5768,0.0136,0.0119,10.5768
메타,55,9.4274,0.0065,0.0106,9.4274
메타,1,8.0536,0.0020,0.0090,8.0536
메타,79,6.7501,0.0107,0.0076,6.7501
메타,43,4.3677,0.0092,0.0049,4.3677
메타,82,4.2144,0.0089,0.0047,4.2144
메타,99,3.3577,0.0073,0.0038,3.3577
메타,60,3.2778,0.0090,0.0037,3.2778
메타,18,2.8929,0.0024,0.0032,2.8929
메타,44,2.7219,0.0038,0.0031,2.7219
메타,15,1.9916,0.0021,0.0022,1.9916
미디어텍,0,33.9642,0.0018,0.3539,33.9642
미디어텍,77,28.8396,0.0042,0.3005,28.8396
미디어텍,56,21.4194,0.0019,0.2232,21.4194
미디어텍,36,19.5722,0.0015,0.2039,19.5722
미디어텍,10,19.5506,0.0017,0.2037,19.5506
미디어텍,11,19.1403,0.0031,0.1994,19.1403
미디어텍,27,17.4559,0.0019,0.1819,17.4559
미디어텍,9,16.8817,0.0023,0.1759,16.8817
미디어텍,54,15.7039,0.0031,0.1636,15.7039
미디어텍,88,15.2228,0.0016,0.1586,15.2228
미디어텍,37,14.3731,0.0028,0.1498,14.3731
미디어텍,20,14.0681,0.0020,0.1466,14.0681
미디어텍,8,13.7730,0.0017,0.1435,13.7730
미디어텍,62,13.1487,0.0033,0.1370,13.1487
미디어텍,69,12.2561,0.0053,0.1277,12.2561
미디어텍,5,12.2297,0.0025,0.1274,12.2297
미디어텍,57,11.8700,0.0020,0.1237,11.8700
미디어텍,89,11.5983,0.0014,0.1209,11.5983
미디어텍,94,11.4722,0.0045,0.1195,11.4722
미디어텍,87,11.4237,0.0014,0.1190,11.4237
미디어텍,46,11.2171,0.0019,0.1169,11.2171
미디어텍,13,10.8734,0.0017,0.1133,10.8734
미디어텍,70,10.4697,0.0036,0.1091,10.4697
미디어텍,40,10.3806,0.0028,0.1082,10.3806
미디어텍,14,9.7215,0.0011,0.1013,9.7215
미디어텍,61,9.7215,0.0019,0.1013,9.7215
미디어텍,66,9.4236,0.0023,0.0982,9.4236
미디어텍,103,9.4236,0.0020,0.0982,9.4236
미디어텍,98,9.2818,0.0017,0.0967,9.2818
미디어텍,21,9.2125,0.0019,0.0960,9.2125
미디어텍,59,9.2125,0.0022,0.0960,9.2125
미디어텍,52,8.7658,0.0024,0.0913,8.7658
미디어텍,76,8.7658,0.0011,0.0913,8.7658
미디어텍,2,8.4923,0.0035,0.0885,8.4923
미디어텍,12,8.2915,0.0028,0.0864,8.2915
미디어텍,33,8.2915,0.0015,0.0864,8.2915
미디어텍,100,8.2915,0.0016,0.0864,8.2915
미디어텍,84,8.1944,0.0022,0.0854,8.1944
미디어텍,30,7.9739,0.0021,0.0831,7.9739
미디어텍,101,7.7867,0.0021,0.0811,7.7867
미디어텍,93,7.5377,0.0022,0.0785,7.5377
미디어텍,3,7.4781,0.0019,0.0779,7.4781
미디어텍,16,7.4194,0.0013,0.0773,7.4194
미디어텍,71,7.4194,0.0021,0.0773,7.4194
미디어텍,90,7.4194,0.0019,0.0773,7.4194
미디어텍,23,7.3110,0.0019,0.0762,7.3110
미디어텍,73,7.2490,0.0010,0.0755,7.2490
미디어텍,35,7.0512,0.0032,0.0735,7.0512
미디어텍,19,6.9849,0.0026,0.0728,6.9849
미디어텍,67,6.8941,0.0057,0.0718,6.8941
미디어텍,102,6.7303,0.0014,0.0701,6.7303
미디어텍,17,6.4746,0.0014,0.0675,6.4746
미디어텍,28,6.4746,0.0014,0.0675,6.4746
미디어텍,38,6.2294,0.0015,0.0649,6.2294
미디어텍,45,6.1783,0.0017,0.0644,6.1783
미디어텍,65,6.0787,0.0009,0.0633,6.0787
미디어텍,86,5.9824,0.0017,0.0623,5.9824
미디어텍,29,5.7992,0.0013,0.0604,5.7992
미디어텍,91,5.5896,0.0027,0.0582,5.5896
미디어텍,78,5.4060,0.0013,0.0563,5.4060
미디어텍,97,5.2346,0.0016,0.0545,5.2346
미디어텍,7,4.6720,0.0017,0.0487,4.6720
미디어텍,22,4.6720,0.0011,0.0487,4.6720
미디어텍,63,4.5590,0.0015,0.0475,4.5590
미디어텍,92,4.3656,0.0023,0.0455,4.3656
미디어텍,68,4.3250,0.0031,0.0451,4.3250
미디어텍,25,4.3164,0.0011,0.0450,4.3164
미디어텍,58,4.2461,0.0044,0.0442,4.2461
미디어텍,72,3.9589,0.0027,0.0413,3.9589
미디어텍,96,3.9258,0.0008,0.0409,3.9258
미디어텍,6,3.7390,0.0010,0.0390,3.7390
미디어텍,24,3.5256,0.0045,0.0367,3.5256
미디어텍,83,3.3067,0.0045,0.0345,3.3067
미디어텍,49,3.2778,0.0018,0.0342,3.2778
미디어텍,1,3.2214,0.0008,0.0336,3.2214
미디어텍,41,3.1940,0.0011,0.0333,3.1940
미디어텍,50,3.1147,0.0013,0.0325,3.1147
미디어텍,75,3.0394,0.0010,0.0317,3.0394
미디어텍,53,2.9912,0.0012,0.0312,2.9912
미디어텍,15,2.9874,0.0032,0.0311,2.9874
미디어텍,44,2.7219,0.0038,0.0284,2.7219
미디어텍,51,2.3753,0.0011,0.0248,2.3753
미디어텍,64,2.2085,0.0009,0.0230,2.2085
미디어텍,43,2.1838,0.0046,0.0228,2.1838
미디어텍,34,2.1747,0.0004,0.0227,2.1747
미디어텍,81,1.7300,0.0010,0.0180,1.7300
미디어텍,55,1.7141,0.0012,0.0179,1.7141
미디어텍,31,1.6534,0.0013,0.0172,1.6534
미디어텍,74,1.5970,0.0006,0.0166,1.5970
미디어텍,32,1.5197,0.0008,0.0158,1.5197
미디어텍,26,1.4839,0.0005,0.0155,1.4839
미디어텍,18,0.9643,0.0008,0.0100,0.9643
미디어텍,79,0.9643,0.0015,0.0100,0.9643
미디어텍,39,0.9445,0.0010,0.0098,0.9445
미디어텍,48,0.8814,0.0005,0.0092,0.8814
미디어텍,95,0.8341,0.0004,0.0087,0.8341
미디어텍,4,0.8194,0.0004,0.0085,0.8194
미디어텍,60,0.8194,0.0023,0.0085,0.8194
미디어텍,47,0.8054,0.0003,0.0084,0.8054
바이두,0,6.9315,0.0004,0.3010,6.9315
바이두,63,6.0787,0.0019,0.2639,6.0787
바이두,56,5.7119,0.0005,0.2480,5.7119
바이두,10,5.5859,0.0005,0.2425,5.5859
바이두,11,5.1532,0.0008,0.2238,5.1532
바이두,8,5.0743,0.0006,0.2203,5.0743
바이두,27,4.8877,0.0005,0.2122,4.8877
바이두,36,4.3494,0.0003,0.1889,4.3494
바이두,17,4.3164,0.0009,0.1874,4.3164
바이두,28,4.3164,0.0010,0.1874,4.3164
바이두,87,4.2839,0.0005,0.1860,4.2839
바이두,46,3.7390,0.0006,0.1623,3.7390
바이두,88,3.6245,0.0004,0.1574,3.6245
바이두,98,3.5699,0.0007,0.1550,3.5699
바이두,59,3.5433,0.0009,0.1538,3.5433
바이두,9,3.5170,0.0005,0.1527,3.5170
바이두,20,3.5170,0.0005,0.1527,3.5170
바이두,57,3.4912,0.0006,0.1516,3.4912
바이두,12,3.0151,0.0010,0.1309,3.0151
바이두,71,2.9677,0.0008,0.1289,2.9677
바이두,90,2.9677,0.0008,0.1289,2.9677
바이두,73,2.8996,0.0004,0.1259,2.8996
바이두,77,2.8136,0.0004,0.1222,2.8136
바이두,95,2.5022,0.0011,0.1086,2.5022
바이두,41,2.3955,0.0008,0.1040,2.3955
바이두,74,2.3955,0.0008,0.1040,2.3955
바이두,14,2.2434,0.0002,0.0974,2.2434
바이두,61,2.2434,0.0004,0.0974,2.2434
바이두,16,2.2258,0.0004,0.0966,2.2258
바이두,30,2.1747,0.0006,0.0944,2.1747
바이두,66,2.1747,0.0005,0.0944,2.1747
바이두,89,2.1747,0.0003,0.0944,2.1747
바이두,5,2.1582,0.0004,0.0937,2.1582
바이두,21,2.1260,0.0004,0.0923,2.1260
바이두,42,1.7970,0.0012,0.0780,1.7970
바이두,55,1.7141,0.0012,0.0744,1.7141
바이두,58,1.6985,0.0017,0.0737,1.6985
바이두,72,1.5836,0.0011,0.0688,1.5836
바이두,7,1.5573,0.0006,0.0676,1.5573
바이두,45,1.5446,0.0004,0.0671,1.5446
바이두,67,1.5320,0.0013,0.0665,1.5320
바이두,93,1.5075,0.0004,0.0655,1.5075
바이두,3,1.4956,0.0004,0.0649,1.4956
바이두,54,1.4956,0.0003,0.0649,1.4956
바이두,13,1.4498,0.0002,0.0630,1.4498
바이두,103,1.4498,0.0003,0.0630,1.4498
바이두,24,0.8814,0.0011,0.0383,0.8814
바이두,92,0.8731,0.0005,0.0379,0.8731
바이두,2,0.8492,0.0004,0.0369,0.8492
바이두,31,0.8267,0.0006,0.0359,0.8267
바이두,49,0.8194,0.0004,0.0356,0.8194
바이두,70,0.8054,0.0003,0.0350,0.8054
바이두,91,0.7985,0.0004,0.0347,0.7985
바이두,38,0.7787,0.0002,0.0338,0.7787
바이두,78,0.7723,0.0002,0.0335,0.7723
바이두,69,0.7660,0.0003,0.0333,0.7660
바이두,32,0.7598,0.0004,0.0330,0.7598
바이두,100,0.7538,0.0001,0.0327,0.7538
바이두,6,0.7478,0.0002,0.0325,0.7478
바이두,53,0.7478,0.0003,0.0325,0.7478
바이두,97,0.7478,0.0002,0.0325,0.7478
바이두,26,0.7419,0.0002,0.0322,0.7419
바이두,52,0.7305,0.0002,0.0317,0.7305
바이두,62,0.7305,0.0002,0.0317,0.7305
바이두,76,0.7305,0.0001,0.0317,0.7305
바이두,29,0.7249,0.0002,0.0315,0.7249
바이두,25,0.7194,0.0002,0.0312,0.7194
벤츠,0,39.5094,0.0021,0.2924,39.5094
벤츠,7,38.1548,0.0138,0.2824,38.1548
벤츠,36,30.4456,0.0024,0.2253,30.4456
벤츠,102,29.1644,0.0059,0.2159,29.1644
벤츠,10,25.1365,0.0022,0.1860,25.1365
벤츠,27,25.1365,0.0027,0.1860,25.1365
벤츠,56,24.9893,0.0023,0.1849,24.9893
벤츠,89,24.6465,0.0030,0.1824,24.6465
벤츠,34,23.1967,0.0047,0.1717,23.1967
벤츠,41,22.3582,0.0079,0.1655,22.3582
벤츠,52,21.9145,0.0061,0.1622,21.9145
벤츠,86,21.6864,0.0062,0.1605,21.6864
벤츠,88,21.0220,0.0022,0.1556,21.0220
벤츠,75,20.5156,0.0065,0.1518,20.5156
벤츠,14,20.1908,0.0022,0.1494,20.1908
벤츠,76,19.7231,0.0024,0.1460,19.7231
벤츠,87,18.5635,0.0023,0.1374,18.5635
벤츠,64,18.4041,0.0075,0.1362,18.4041
벤츠,8,17.3975,0.0021,0.1288,17.3975
벤츠,55,17.1407,0.0117,0.1269,17.1407
벤츠,9,16.8817,0.0023,0.1249,16.8817
벤츠,33,16.5830,0.0030,0.1227,16.5830
벤츠,16,16.3226,0.0029,0.1208,16.3226
벤츠,77,16.1783,0.0023,0.1197,16.1783
벤츠,73,15.9477,0.0022,0.1180,15.9477
벤츠,54,15.7039,0.0031,0.1162,15.7039
벤츠,20,15.4749,0.0022,0.1145,15.4749
벤츠,103,15.2228,0.0033,0.1127,15.2228
벤츠,3,14.9561,0.0038,0.1107,14.9561
벤츠,25,14.3879,0.0038,0.1065,14.3879
벤츠,65,13.6771,0.0020,0.1012,13.6771
벤츠,13,13.0481,0.0020,0.0966,13.0481
벤츠,74,12.7761,0.0045,0.0946,12.7761
벤츠,2,12.7384,0.0053,0.0943,12.7384
벤츠,22,11.6800,0.0028,0.0864,11.6800
벤츠,93,11.3066,0.0032,0.0837,11.3066
벤츠,40,11.1791,0.0030,0.0827,11.1791
벤츠,57,10.4735,0.0017,0.0775,10.4735
벤츠,61,10.4693,0.0020,0.0775,10.4693
벤츠,101,10.1227,0.0028,0.0749,10.1227
벤츠,12,9.7990,0.0034,0.0725,9.7990
벤츠,100,9.7990,0.0019,0.0725,9.7990
벤츠,46,9.7215,0.0016,0.0720,9.7215
벤츠,96,9.4220,0.0020,0.0697,9.4220
벤츠,69,9.1921,0.0039,0.0680,9.1921
벤츠,4,9.0138,0.0046,0.0667,9.0138
벤츠,6,8.9737,0.0025,0.0664,8.9737
벤츠,11,8.8340,0.0014,0.0654,8.8340
벤츠,31,8.2668,0.0064,0.0612,8.2668
벤츠,84,8.1944,0.0022,0.0606,8.1944
벤츠,23,8.1234,0.0021,0.0601,8.1234
벤츠,47,8.0536,0.0032,0.0596,8.0536
벤츠,51,7.9178,0.0036,0.0586,7.9178
벤츠,19,7.8581,0.0029,0.0582,7.8581
벤츠,38,7.7867,0.0019,0.0576,7.7867
벤츠,63,7.5984,0.0024,0.0562,7.5984
벤츠,62,7.3048,0.0018,0.0541,7.3048
벤츠,29,7.2490,0.0016,0.0537,7.2490
벤츠,37,7.1866,0.0014,0.0532,7.1866
벤츠,98,7.1398,0.0013,0.0528,7.1398
벤츠,45,6.9506,0.0019,0.0514,6.9506
벤츠,78,6.9506,0.0017,0.0514,6.9506
벤츠,26,6.6774,0.0022,0.0494,6.6774
벤츠,70,6.4429,0.0022,0.0477,6.4429
벤츠,50,6.2294,0.0027,0.0461,6.2294
벤츠,97,5.9824,0.0018,0.0443,5.9824
벤츠,90,5.9355,0.0015,0.0439,5.9355
벤츠,28,5.7552,0.0013,0.0426,5.7552
벤츠,94,5.7361,0.0023,0.0425,5.7361
벤츠,21,5.6692,0.0012,0.0420,5.6692
벤츠,1,5.6375,0.0014,0.0417,5.6375
벤츠,80,5.4438,0.0025,0.0403,5.4438
벤츠,71,5.1936,0.0014,0.0384,5.1936
벤츠,17,5.0358,0.0011,0.0373,5.0358
벤츠,79,4.8215,0.0076,0.0357,4.8215
벤츠,39,4.7223,0.0048,0.0350,4.7223
벤츠,48,4.4070,0.0023,0.0326,4.4070
벤츠,68,4.3250,0.0031,0.0320,4.3250
벤츠,58,4.2461,0.0044,0.0314,4.2461
벤츠,91,3.9925,0.0019,0.0295,3.9925
벤츠,32,3.7992,0.0021,0.0281,3.7992
벤츠,59,3.5433,0.0009,0.0262,3.5433
벤츠,99,3.3577,0.0073,0.0249,3.3577
벤츠,30,2.8996,0.0008,0.0215,2.8996
벤츠,42,2.6955,0.0018,0.0199,2.6955
벤츠,35,2.6442,0.0012,0.0196,2.6442
벤츠,81,2.5950,0.0016,0.0192,2.5950
벤츠,85,2.5950,0.0023,0.0192,2.5950
벤츠,49,2.4583,0.0013,0.0182,2.4583
벤츠,67,2.2980,0.0019,0.0170,2.2980
벤츠,5,2.1582,0.0004,0.0160,2.1582
벤츠,18,1.9286,0.0016,0.0143,1.9286
벤츠,92,1.7462,0.0009,0.0129,1.7462
벤츠,95,1.6681,0.0007,0.0123,1.6681
벤츠,83,1.6534,0.0022,0.0122,1.6534
벤츠,60,1.6389,0.0045,0.0121,1.6389
벤츠,72,1.5836,0.0011,0.0117,1.5836
벤츠,53,1.4956,0.0006,0.0111,1.4956
벤츠,66,1.4498,0.0004,0.0107,1.4498
벤츠,15,0.9958,0.0011,0.0074,0.9958
벤츠,24,0.8814,0.0011,0.0065,0.8814
비보,0,84.5640,0.0046,0.3704,84.5640
비보,38,78.6456,0.0189,0.3445,78.6456
비보,36,67.4153,0.0052,0.2953,67.4153
비보,37,56.6940,0.0111,0.2484,56.6940
비보,14,50.8508,0.0056,0.2228,50.8508
비보,56,47.8367,0.0043,0.2096,47.8367
비보,76,46.7510,0.0058,0.2048,46.7510
비보,40,43.9179,0.0119,0.1924,43.9179
비보,23,43.8661,0.0115,0.1922,43.8661
비보,65,42.5510,0.0063,0.1864,42.5510
비보,88,42.0440,0.0045,0.1842,42.0440
비보,101,34.2615,0.0093,0.1501,34.2615
비보,89,34.0701,0.0042,0.1492,34.0701
비보,100,32.4122,0.0064,0.1420,32.4122
비보,61,31.4078,0.0060,0.1376,31.4078
비보,8,30.4456,0.0037,0.1334,30.4456
비보,10,30.0242,0.0026,0.1315,30.0242
비보,87,29.9872,0.0037,0.1314,29.9872
비보,70,29.7983,0.0102,0.1305,29.7983
비보,84,28.6804,0.0078,0.1256,28.6804
비보,73,25.3714,0.0035,0.1111,25.3714
비보,94,23.7638,0.0093,0.1041,23.7638
비보,13,22.4718,0.0035,0.0984,22.4718
비보,27,19.5506,0.0021,0.0856,19.5506
비보,2,19.5322,0.0081,0.0856,19.5322
비보,11,17.6679,0.0029,0.0774,17.6679
비보,34,17.3975,0.0035,0.0762,17.3975
비보,12,17.3368,0.0059,0.0759,17.3368
비보,22,16.3521,0.0039,0.0716,16.3521
비보,59,16.2990,0.0040,0.0714,16.2990
비보,63,15.9566,0.0051,0.0699,15.9566
비보,35,15.8653,0.0073,0.0695,15.8653
비보,16,15.5807,0.0028,0.0683,15.5807
비보,33,15.0754,0.0027,0.0660,15.0754
비보,86,14.9561,0.0043,0.0655,14.9561
비보,90,14.8387,0.0038,0.0650,14.8387
비보,6,14.2083,0.0039,0.0622,14.2083
비보,19,13.9699,0.0051,0.0612,13.9699
비보,69,13.7882,0.0059,0.0604,13.7882
비보,49,12.2916,0.0067,0.0538,12.2916
비보,47,12.0804,0.0048,0.0529,12.0804
비보,75,11.3976,0.0036,0.0499,11.3976
비보,9,11.2545,0.0015,0.0493,11.2545
비보,29,10.8734,0.0024,0.0476,10.8734
비보,97,10.4693,0.0031,0.0459,10.4693
비보,26,10.3871,0.0034,0.0455,10.3871
비보,77,8.4408,0.0012,0.0370,8.4408
비보,57,8.3788,0.0014,0.0367,8.3788
비보,62,8.0353,0.0020,0.0352,8.0353
비보,20,7.7374,0.0011,0.0339,7.7374
비보,103,7.2490,0.0015,0.0318,7.2490
비보,54,6.7303,0.0013,0.0295,6.7303
비보,25,6.4746,0.0017,0.0284,6.4746
비보,3,5.9824,0.0015,0.0262,5.9824
비보,28,5.7552,0.0013,0.0252,5.7552
비보,45,5.4060,0.0015,0.0237,5.4060
비보,78,5.4060,0.0013,0.0237,5.4060
비보,102,5.2346,0.0011,0.0229,5.2346
비보,71,5.1936,0.0014,0.0228,5.1936
비보,51,4.7507,0.0022,0.0208,4.7507
비보,67,4.5961,0.0038,0.0201,4.5961
비보,93,4.5226,0.0013,0.0198,4.5226
비보,7,3.8933,0.0014,0.0171,3.8933
비보,52,3.6524,0.0010,0.0160,3.6524
비보,17,3.5970,0.0008,0.0158,3.5970
비보,98,3.5699,0.0007,0.0156,3.5699
비보,58,3.3969,0.0035,0.0149,3.3969
비보,41,3.1940,0.0011,0.0140,3.1940
비보,74,3.1940,0.0011,0.0140,3.1940
비보,96,3.1407,0.0007,0.0138,3.1407
비보,50,3.1147,0.0013,0.0136,3.1147
비보,64,2.9447,0.0012,0.0129,2.9447
비보,18,2.8929,0.0024,0.0127,2.8929
비보,5,2.8776,0.0006,0.0126,2.8776
비보,80,2.7219,0.0013,0.0119,2.7219
비보,42,2.6955,0.0018,0.0118,2.6955
비보,48,2.6442,0.0014,0.0116,2.6442
비보,68,2.5950,0.0018,0.0114,2.5950
비보,55,2.5711,0.0018,0.0113,2.5711
비보,83,2.4800,0.0034,0.0109,2.4800
비보,4,2.4583,0.0013,0.0108,2.4583
비보,1,2.4161,0.0006,0.0106,2.4161
비보,91,2.3955,0.0011,0.0105,2.3955
비보,46,2.2434,0.0004,0.0098,2.2434
비보,53,2.2434,0.0009,0.0098,2.2434
비보,30,2.1747,0.0006,0.0095,2.1747
비보,66,2.1747,0.0005,0.0095,2.1747
비보,21,2.1260,0.0004,0.0093,2.1260
비보,15,1.9916,0.0021,0.0087,1.9916
비보,39,1.8889,0.0019,0.0083,1.8889
비보,24,1.7628,0.0023,0.0077,1.7628
비보,92,1.7462,0.0009,0.0076,1.7462
비보,95,1.6681,0.0007,0.0073,1.6681
비보,31,1.6534,0.0013,0.0072,1.6534
비보,72,1.5836,0.0011,0.0069,1.5836
비보,99,1.1192,0.0024,0.0049,1.1192
비보,43,1.0919,0.0023,0.0048,1.0919
비보,79,0.9643,0.0015,0.0042,0.9643
비보,44,0.9073,0.0013,0.0040,0.9073
비보,81,0.8650,0.0005,0.0038,0.8650
비보,85,0.8650,0.0008,0.0038,0.8650
비보,32,0.7598,0.0004,0.0033,0.7598
삼성디스플레이,0,1532.5484,0.0826,0.3454,1555.2301
삼성디스플레이,36,1389.6254,0.1074,0.3132,1410.1919
삼성디스플레이,56,1054.5503,0.0950,0.2377,1070.1577
삼성디스플레이,16,1009.0348,0.1786,0.2274,1023.9685
삼성디스플레이,65,935.3613,0.1383,0.2108,949.2046
삼성디스플레이,14,902.6014,0.0992,0.2034,915.9599
삼성디스플레이,10,872.7953,0.0753,0.1967,885.7127
삼성디스플레이,76,858.3197,0.1063,0.1934,871.0228
삼성디스플레이,89,798.8353,0.0976,0.1800,810.6580
삼성디스플레이,4,776.0105,0.3969,0.1749,787.4955
삼성디스플레이,87,760.3900,0.0926,0.1714,771.6438
삼성디스플레이,13,754.6166,0.1163,0.1701,765.7849
삼성디스플레이,73,754.6166,0.1054,0.1701,765.7849
삼성디스플레이,27,749.9057,0.0799,0.1690,761.0043
삼성디스플레이,34,709.6731,0.1438,0.1599,720.1762
삼성디스플레이,33,699.5002,0.1256,0.1576,709.8528
삼성디스플레이,88,672.7034,0.0718,0.1516,682.6594
삼성디스플레이,22,646.2956,0.1549,0.1457,655.8607
삼성디스플레이,100,611.3089,0.1210,0.1378,620.3563
삼성디스플레이,50,591.0100,0.2536,0.1332,599.7570
삼성디스플레이,75,544.0444,0.1723,0.1226,552.0963
삼성디스플레이,6,527.9507,0.1447,0.1190,535.7644
삼성디스플레이,78,487.3115,0.1169,0.1098,494.5237
삼성디스플레이,86,478.5956,0.1374,0.1079,485.6788
삼성디스플레이,29,463.2085,0.1003,0.1044,470.0640
삼성디스플레이,8,454.5097,0.0555,0.1024,461.2365
삼성디스플레이,20,415.7116,0.0590,0.0937,421.8641
삼성디스플레이,38,391.6707,0.0941,0.0883,397.4674
삼성디스플레이,97,373.1550,0.1116,0.0841,378.6777
삼성디스플레이,77,346.7780,0.0500,0.0782,351.9103
삼성디스플레이,9,342.5576,0.0457,0.0772,347.6274
삼성디스플레이,54,332.0257,0.0650,0.0748,336.9397
삼성디스플레이,26,325.7105,0.1077,0.0734,330.5310
삼성디스플레이,11,292.9935,0.0481,0.0660,297.3298
삼성디스플레이,37,291.4553,0.0571,0.0657,295.7688
삼성디스플레이,40,274.6866,0.0742,0.0619,278.7520
삼성디스플레이,71,274.5168,0.0760,0.0619,278.5797
삼성디스플레이,84,269.5961,0.0734,0.0608,273.5861
삼성디스플레이,101,266.3049,0.0726,0.0600,270.2462
삼성디스플레이,61,263.9754,0.0508,0.0595,267.8822
삼성디스플레이,90,255.9684,0.0650,0.0577,259.7567
삼성디스플레이,103,247.9144,0.0530,0.0559,251.5835
삼성디스플레이,28,238.1199,0.0525,0.0537,241.6441
삼성디스플레이,25,234.5229,0.0616,0.0529,237.9938
삼성디스플레이,52,221.3369,0.0617,0.0499,224.6127
삼성디스플레이,63,215.7941,0.0688,0.0486,218.9879
삼성디스플레이,94,204.8602,0.0806,0.0462,207.8922
삼성디스플레이,23,199.8346,0.0526,0.0450,202.7921
삼성디스플레이,102,195.9251,0.0398,0.0442,198.8248
삼성디스플레이,45,190.7543,0.0517,0.0430,193.5774
삼성디스플레이,46,177.9777,0.0301,0.0401,180.6118
삼성디스플레이,57,173.8608,0.0287,0.0392,176.4340
삼성디스플레이,3,171.9953,0.0441,0.0388,174.5408
삼성디스플레이,70,171.5415,0.0588,0.0387,174.0803
삼성디스플레이,93,168.0911,0.0480,0.0379,170.5789
삼성디스플레이,7,161.9632,0.0587,0.0365,164.3603
삼성디스플레이,39,160.5585,0.1635,0.0362,162.9347
삼성디스플레이,62,157.0542,0.0391,0.0354,159.3786
삼성디스플레이,18,150.4308,0.1232,0.0339,152.6572
삼성디스플레이,98,149.9361,0.0279,0.0338,152.1551
삼성디스플레이,64,147.9691,0.0603,0.0333,150.1590
삼성디스플레이,96,146.0409,0.0308,0.0329,148.2023
삼성디스플레이,74,142.1344,0.0496,0.0320,144.2380
삼성디스플레이,53,142.0831,0.0567,0.0320,144.1859
삼성디스플레이,59,141.7303,0.0345,0.0319,143.8279
삼성디스플레이,17,141.7209,0.0298,0.0319,143.8184
삼성디스플레이,5,140.2821,0.0291,0.0316,142.3583
삼성디스플레이,12,129.6488,0.0444,0.0292,131.5676
삼성디스플레이,21,124.7226,0.0253,0.0281,126.5685
삼성디스플레이,47,116.7771,0.0468,0.0263,118.5054
삼성디스플레이,1,105.5021,0.0261,0.0238,107.0635
삼성디스플레이,30,100.7605,0.0265,0.0227,102.2518
삼성디스플레이,66,97.8609,0.0244,0.0221,99.3093
삼성디스플레이,41,96.6194,0.0342,0.0218,98.0494
삼성디스플레이,35,88.1403,0.0404,0.0199,89.4448
삼성디스플레이,69,85.0269,0.0365,0.0192,86.2853
삼성디스플레이,80,82.5639,0.0384,0.0186,83.7858
삼성디스플레이,2,80.6765,0.0336,0.0182,81.8705
삼성디스플레이,49,77.8469,0.0421,0.0175,78.9990
삼성디스플레이,91,75.0597,0.0358,0.0169,76.1706
삼성디스플레이,42,70.9804,0.0462,0.0160,72.0309
삼성디스플레이,68,66.6048,0.0471,0.0150,67.5906
삼성디스플레이,32,63.0666,0.0345,0.0142,64.0000
삼성디스플레이,55,56.5643,0.0387,0.0127,57.4015
삼성디스플레이,19,50.6409,0.0187,0.0114,51.3904
삼성디스플레이,72,49.0902,0.0332,0.0111,49.8168
삼성디스플레이,95,44.2048,0.0186,0.0100,44.8590
삼성디스플레이,67,41.3645,0.0339,0.0093,41.9767
삼성디스플레이,31,41.3339,0.0321,0.0093,41.9457
삼성디스플레이,92,40.1635,0.0214,0.0091,40.7579
삼성디스플레이,81,39.7899,0.0241,0.0090,40.3788
삼성디스플레이,85,39.7899,0.0346,0.0090,40.3788
삼성디스플레이,48,38.7818,0.0201,0.0087,39.3557
삼성디스플레이,79,37.6077,0.0595,0.0085,38.1643
삼성디스플레이,51,30.8793,0.0142,0.0070,31.3363
삼성디스플레이,58,24.6276,0.0253,0.0056,24.9921
삼성디스플레이,24,16.7467,0.0215,0.0038,16.9945
삼성디스플레이,83,16.5336,0.0225,0.0037,16.7783
삼성디스플레이,82,15.8038,0.0333,0.0036,16.0377
삼성디스플레이,44,10.8875,0.0152,0.0025,11.0487
삼성디스플레이,60,9.8333,0.0271,0.0022,9.9788
삼성디스플레이,15,8.9622,0.0095,0.0020,9.0949
삼성디스플레이,43,8.7354,0.0183,0.0020,8.8647
삼성디스플레이,99,5.5962,0.0121,0.0013,5.6790
삼성전자,0,2558.4062,0.1378,0.3566,2558.4062
삼성전자,10,1593.3751,0.1374,0.2221,1593.3751
삼성전자,36,1406.2980,0.1087,0.1960,1406.2980
삼성전자,8,1368.6034,0.1672,0.1908,1368.6034
삼성전자,27,1299.4177,0.1385,0.1811,1299.4177
삼성전자,3,1272.0173,0.3259,0.1773,1272.0173
삼성전자,88,1245.3711,0.1330,0.1736,1245.3711
삼성전자,56,1242.3274,0.1120,0.1732,1242.3274
삼성전자,54,1150.1250,0.2250,0.1603,1150.1250
삼성전자,77,1112.0812,0.1603,0.1550,1112.0812
삼성전자,11,1060.0770,0.1740,0.1478,1060.0770
삼성전자,5,1044.5621,0.2168,0.1456,1044.5621
삼성전자,87,1012.4254,0.1233,0.1411,1012.4254
삼성전자,89,1008.3302,0.1232,0.1405,1008.3302
삼성전자,98,991.7200,0.1846,0.1382,991.7200
삼성전자,57,988.7025,0.1632,0.1378,988.7025
삼성전자,20,988.2822,0.1404,0.1378,988.2822
삼성전자,9,974.9175,0.1301,0.1359,974.9175
삼성전자,14,953.4521,0.1048,0.1329,953.4521
삼성전자,21,935.4198,0.1900,0.1304,935.4198
삼성전자,103,906.8447,0.1938,0.1264,906.8447
삼성전자,73,892.3468,0.1246,0.1244,892.3468
삼성전자,16,883.6474,0.1564,0.1232,883.6474
삼성전자,46,868.2023,0.1467,0.1210,868.2023
삼성전자,76,807.1858,0.0999,0.1125,807.1858
삼성전자,13,785.7871,0.1211,0.1095,785.7871
삼성전자,17,784.1410,0.1647,0.1093,784.1410
삼성전자,2,772.7961,0.3218,0.1077,772.7961
삼성전자,30,734.3195,0.1928,0.1024,734.3195
삼성전자,59,711.4860,0.1731,0.0992,711.4860
삼성전자,65,710.4490,0.1050,0.0990,710.4490
삼성전자,66,694.4503,0.1730,0.0968,694.4503
삼성전자,96,690.1610,0.1457,0.0962,690.1610
삼성전자,34,671.2536,0.1361,0.0936,671.2536
삼성전자,40,626.0300,0.1692,0.0873,626.0300
삼성전자,41,608.4629,0.2153,0.0848,608.4629
삼성전자,1,597.5765,0.1477,0.0833,597.5765
삼성전자,100,587.9420,0.1164,0.0819,587.9420
삼성전자,70,586.3015,0.2008,0.0817,586.3015
삼성전자,29,585.7159,0.1269,0.0816,585.7159
삼성전자,61,584.0362,0.1123,0.0814,584.0362
삼성전자,28,581.9909,0.1283,0.0811,581.9909
삼성전자,33,554.7760,0.0996,0.0773,554.7760
삼성전자,45,553.7280,0.1500,0.0772,553.7280
삼성전자,52,533.2539,0.1486,0.0743,533.2539
삼성전자,91,529.4106,0.2527,0.0738,529.4106
삼성전자,12,523.8714,0.1795,0.0730,523.8714
삼성전자,86,521.9683,0.1498,0.0728,521.9683
삼성전자,102,521.9683,0.1060,0.0728,521.9683
삼성전자,94,518.7061,0.2041,0.0723,518.7061
삼성전자,62,518.6442,0.1290,0.0723,518.6442
삼성전자,93,517.0875,0.1477,0.0721,517.0875
삼성전자,71,514.9045,0.1426,0.0718,514.9045
삼성전자,78,488.0838,0.1171,0.0680,488.0838
삼성전자,22,483.5537,0.1159,0.0674,483.5537
삼성전자,19,474.9765,0.1750,0.0662,474.9765
삼성전자,25,472.6428,0.1242,0.0659,472.6428
삼성전자,6,472.6131,0.1296,0.0659,472.6131
삼성전자,37,470.3210,0.0921,0.0656,470.3210
삼성전자,97,469.6219,0.1404,0.0655,469.6219
삼성전자,38,467.2016,0.1123,0.0651,467.2016
삼성전자,101,467.2016,0.1274,0.0651,467.2016
삼성전자,90,460.7431,0.1171,0.0642,460.7431
삼성전자,63,455.9031,0.1454,0.0635,455.9031
삼성전자,84,453.9703,0.1236,0.0633,453.9703
삼성전자,74,446.3658,0.1558,0.0622,446.3658
삼성전자,68,424.7137,0.3003,0.0592,424.7137
삼성전자,15,391.3505,0.4154,0.0545,391.3505
삼성전자,26,378.3880,0.1251,0.0527,378.3880
삼성전자,7,374.5400,0.1358,0.0522,374.5400
삼성전자,23,354.1784,0.0931,0.0494,354.1784
삼성전자,75,345.7265,0.1095,0.0482,345.7265
삼성전자,80,345.6795,0.1610,0.0482,345.6795
삼성전자,92,315.1958,0.1678,0.0439,315.1958
삼성전자,51,291.3742,0.1341,0.0406,291.3742
삼성전자,53,290.8964,0.1160,0.0405,290.8964
삼성전자,4,286.8043,0.1467,0.0400,286.8043
삼성전자,50,277.9850,0.1193,0.0387,277.9850
삼성전자,32,257.5853,0.1410,0.0359,257.5853
삼성전자,95,256.0542,0.1075,0.0357,256.0542
삼성전자,48,254.7256,0.1319,0.0355,254.7256
삼성전자,81,254.3092,0.1542,0.0354,254.3092
삼성전자,72,253.3689,0.1716,0.0353,253.3689
삼성전자,31,249.6569,0.1937,0.0348,249.6569
삼성전자,39,240.8377,0.2452,0.0336,240.8377
삼성전자,64,240.7258,0.0981,0.0336,240.7258
삼성전자,47,234.3595,0.0939,0.0327,234.3595
삼성전자,69,232.1006,0.0996,0.0324,232.1006
삼성전자,58,206.3620,0.2117,0.0288,206.3620
삼성전자,55,193.6899,0.1326,0.0270,193.6899
삼성전자,35,186.8575,0.0856,0.0260,186.8575
삼성전자,18,177.4312,0.1453,0.0247,177.4312
삼성전자,49,164.7076,0.0892,0.0230,164.7076
삼성전자,24,163.9410,0.2104,0.0229,163.9410
삼성전자,42,147.3517,0.0960,0.0205,147.3517
삼성전자,85,141.8596,0.1233,0.0198,141.8596
삼성전자,67,115.6673,0.0949,0.0161,115.6673
삼성전자,79,98.3586,0.1555,0.0137,98.3586
삼성전자,44,84.3785,0.1182,0.0118,84.3785
삼성전자,83,76.8811,0.1046,0.0107,76.8811
삼성전자,82,44.2507,0.0933,0.0062,44.2507
삼성전자,43,40.4012,0.0847,0.0056,40.4012
삼성전자,60,26.2221,0.0724,0.0037,26.2221
삼성전자,99,24.6231,0.0534,0.0034,24.6231
샤오미,0,304.2916,0.0164,0.3892,304.2916
샤오미,36,234.8663,0.0182,0.3004,234.8663
샤오미,56,209.9105,0.0189,0.2685,209.9105
샤오미,88,208.7700,0.0223,0.2671,208.7700
샤오미,8,181.2240,0.0221,0.2318,181.2240
샤오미,69,166.2239,0.0714,0.2126,166.2239
샤오미,38,131.5951,0.0316,0.1683,131.5951
샤오미,14,129.3704,0.0142,0.1655,129.3704
샤오미,37,126.1642,0.0247,0.1614,126.1642
샤오미,76,124.1824,0.0154,0.1589,124.1824
샤오미,89,123.9572,0.0152,0.1586,123.9572
샤오미,87,112.8090,0.0137,0.1443,112.8090
샤오미,10,110.3213,0.0095,0.1411,110.3213
샤오미,40,103.0075,0.0278,0.1318,103.0075
샤오미,65,99.5389,0.0147,0.1273,99.5389
샤오미,61,94.9713,0.0183,0.1215,94.9713
샤오미,73,93.5116,0.0131,0.1196,93.5116
샤오미,27,92.8654,0.0099,0.1188,92.8654
샤오미,96,91.0793,0.0192,0.1165,91.0793
샤오미,23,85.2952,0.0224,0.1091,85.2952
샤오미,59,82.2036,0.0200,0.1052,82.2036
샤오미,100,81.4074,0.0161,0.1041,81.4074
샤오미,98,81.3939,0.0152,0.1041,81.3939
샤오미,84,81.1246,0.0221,0.1038,81.1246
샤오미,101,80.2029,0.0219,0.1026,80.2029
샤오미,1,73.2877,0.0181,0.0937,73.2877
샤오미,70,73.2877,0.0251,0.0937,73.2877
샤오미,90,71.2260,0.0181,0.0911,71.2260
샤오미,77,68.2302,0.0098,0.0873,68.2302
샤오미,13,68.1402,0.0105,0.0872,68.1402
샤오미,103,63.7908,0.0136,0.0816,63.7908
샤오미,94,59.8192,0.0235,0.0765,59.8192
샤오미,63,59.2674,0.0189,0.0758,59.2674
샤오미,102,59.0766,0.0120,0.0756,59.0766
샤오미,11,58.8932,0.0097,0.0753,58.8932
샤오미,16,58.6131,0.0104,0.0750,58.6131
샤오미,21,57.4008,0.0117,0.0734,57.4008
샤오미,20,56.2723,0.0080,0.0720,56.2723
샤오미,57,55.8589,0.0092,0.0715,55.8589
샤오미,33,55.7791,0.0100,0.0714,55.7791
샤오미,17,55.3934,0.0116,0.0709,55.3934
샤오미,12,53.5178,0.0183,0.0685,53.5178
샤오미,9,53.4587,0.0071,0.0684,53.4587
샤오미,28,51.0771,0.0113,0.0653,51.0771
샤오미,5,50.3577,0.0105,0.0644,50.3577
샤오미,2,44.1598,0.0184,0.0565,44.1598
샤오미,22,43.6055,0.0104,0.0558,43.6055
샤오미,46,42.6249,0.0072,0.0545,42.6249
샤오미,71,42.2904,0.0117,0.0541,42.2904
샤오미,19,41.9097,0.0154,0.0536,41.9097
샤오미,3,41.8771,0.0107,0.0536,41.8771
샤오미,29,40.5942,0.0088,0.0519,40.5942
샤오미,30,40.5942,0.0107,0.0519,40.5942
샤오미,34,39.1444,0.0079,0.0501,39.1444
샤오미,66,39.1444,0.0098,0.0501,39.1444
샤오미,7,38.9335,0.0141,0.0498,38.9335
샤오미,78,38.6142,0.0093,0.0494,38.6142
샤오미,41,36.7314,0.0130,0.0470,36.7314
샤오미,6,35.8947,0.0098,0.0459,35.8947
샤오미,54,35.8947,0.0070,0.0459,35.8947
샤오미,45,34.7528,0.0094,0.0445,34.7528
샤오미,35,34.3747,0.0157,0.0440,34.3747
샤오미,86,32.9034,0.0094,0.0421,32.9034
샤오미,97,32.9034,0.0098,0.0421,32.9034
샤오미,62,32.8718,0.0082,0.0420,32.8718
샤오미,91,32.7388,0.0156,0.0419,32.7388
샤오미,26,30.4194,0.0101,0.0389,30.4194
샤오미,93,28.6433,0.0082,0.0366,28.6433
샤오미,75,26.5943,0.0084,0.0340,26.5943
샤오미,49,26.2221,0.0142,0.0335,26.2221
샤오미,50,24.9174,0.0107,0.0319,24.9174
샤오미,51,23.7533,0.0109,0.0304,23.7533
샤오미,25,23.0207,0.0060,0.0294,23.0207
샤오미,67,22.9803,0.0189,0.0294,22.9803
샤오미,58,22.9291,0.0235,0.0293,22.9291
샤오미,64,22.8211,0.0093,0.0292,22.8211
샤오미,95,20.8513,0.0088,0.0267,20.8513
샤오미,52,20.4536,0.0057,0.0262,20.4536
샤오미,47,20.1340,0.0081,0.0258,20.1340
샤오미,53,17.1995,0.0069,0.0220,17.1995
샤오미,74,15.9702,0.0056,0.0204,15.9702
샤오미,15,15.9328,0.0169,0.0204,15.9328
샤오미,32,13.6771,0.0075,0.0175,13.6771
샤오미,81,12.1100,0.0073,0.0155,12.1100
샤오미,83,11.5735,0.0157,0.0148,11.5735
샤오미,24,10.5768,0.0136,0.0135,10.5768
샤오미,72,10.2931,0.0070,0.0132,10.2931
샤오미,4,9.8333,0.0050,0.0126,9.8333
샤오미,42,8.9849,0.0059,0.0115,8.9849
샤오미,68,8.6500,0.0061,0.0111,8.6500
샤오미,39,8.5002,0.0087,0.0109,8.5002
샤오미,31,7.4401,0.0058,0.0095,7.4401
샤오미,48,7.0512,0.0037,0.0090,7.0512
샤오미,92,6.9849,0.0037,0.0089,6.9849
샤오미,55,6.8563,0.0047,0.0088,6.8563
샤오미,85,6.0550,0.0053,0.0077,6.0550
샤오미,43,5.4596,0.0114,0.0070,5.4596
샤오미,80,5.4438,0.0025,0.0070,5.4438
샤오미,60,3.2778,0.0090,0.0042,3.2778
샤오미,18,2.8929,0.0024,0.0037,2.8929
샤오미,82,2.1072,0.0044,0.0027,2.1072
샤오미,44,1.8146,0.0025,0.0023,1.8146
샤오미,79,0.9643,0.0015,0.0012,0.9643
샤오펑,0,28.4190,0.0015,0.3466,28.4190
샤오펑,7,24.1387,0.0088,0.2944,24.1387
샤오펑,56,22.1334,0.0020,0.2699,22.1334
샤오펑,36,21.0220,0.0016,0.2564,21.0220
샤오펑,69,19.1502,0.0082,0.2335,19.1502
샤오펑,17,17.2655,0.0036,0.2106,17.2655
샤오펑,8,16.6726,0.0020,0.2033,16.6726
샤오펑,77,16.1783,0.0023,0.1973,16.1783
샤오펑,88,15.9477,0.0017,0.1945,15.9477
샤오펑,102,15.7039,0.0032,0.1915,15.7039
샤오펑,90,14.0968,0.0036,0.1719,14.0968
샤오펑,28,13.6685,0.0030,0.1667,13.6685
샤오펑,98,12.8517,0.0024,0.1567,12.8517
샤오펑,87,12.1377,0.0015,0.1480,12.1377
샤오펑,20,11.2545,0.0016,0.1373,11.2545
샤오펑,34,10.8734,0.0022,0.1326,10.8734
샤오펑,9,10.5511,0.0014,0.1287,10.5511
샤오펑,27,10.4735,0.0011,0.1277,10.4735
샤오펑,3,10.4693,0.0027,0.1277,10.4693
샤오펑,86,8.9737,0.0026,0.1094,8.9737
샤오펑,66,8.6988,0.0022,0.1061,8.6988
샤오펑,25,8.6327,0.0023,0.1053,8.6327
샤오펑,21,8.5038,0.0017,0.1037,8.5038
샤오펑,59,8.5038,0.0021,0.1037,8.5038
샤오펑,16,8.1613,0.0014,0.0995,8.1613
샤오펑,30,7.9739,0.0021,0.0972,7.9739
샤오펑,89,7.9739,0.0010,0.0972,7.9739
샤오펑,64,7.3616,0.0030,0.0898,7.3616
샤오펑,80,7.2584,0.0034,0.0885,7.2584
샤오펑,5,7.1940,0.0015,0.0877,7.1940
샤오펑,10,6.9824,0.0006,0.0852,6.9824
샤오펑,57,6.9824,0.0012,0.0852,6.9824
샤오펑,75,6.8385,0.0022,0.0834,6.8385
샤오펑,52,6.5744,0.0018,0.0802,6.5744
샤오펑,95,5.8384,0.0025,0.0712,5.8384
샤오펑,73,5.7992,0.0008,0.0707,5.7992
샤오펑,41,5.5896,0.0020,0.0682,5.5896
샤오펑,33,5.2764,0.0009,0.0643,5.2764
샤오펑,84,4.9166,0.0013,0.0600,4.9166
샤오펑,61,4.4868,0.0009,0.0547,4.4868
샤오펑,13,4.3494,0.0007,0.0530,4.3494
샤오펑,103,4.3494,0.0009,0.0530,4.3494
샤오펑,37,3.9925,0.0008,0.0487,3.9925
샤오펑,101,3.8933,0.0011,0.0475,3.8933
샤오펑,45,3.8614,0.0010,0.0471,3.8614
샤오펑,100,3.7689,0.0007,0.0460,3.7689
샤오펑,26,3.7097,0.0012,0.0452,3.7097
샤오펑,76,3.6524,0.0005,0.0445,3.6524
샤오펑,55,3.4281,0.0023,0.0418,3.4281
샤오펑,31,3.3067,0.0026,0.0403,3.3067
샤오펑,1,3.2214,0.0008,0.0393,3.2214
샤오펑,40,3.1940,0.0009,0.0390,3.1940
샤오펑,91,3.1940,0.0015,0.0390,3.1940
샤오펑,96,3.1407,0.0007,0.0383,3.1407
샤오펑,50,3.1147,0.0013,0.0380,3.1147
샤오펑,65,3.0394,0.0004,0.0371,3.0394
샤오펑,14,2.9912,0.0003,0.0365,2.9912
샤오펑,54,2.9912,0.0006,0.0365,2.9912
샤오펑,62,2.9219,0.0007,0.0356,2.9219
샤오펑,2,2.5477,0.0011,0.0311,2.5477
샤오펑,94,2.4583,0.0010,0.0300,2.4583
샤오펑,23,2.4370,0.0006,0.0297,2.4370
샤오펑,70,2.4161,0.0008,0.0295,2.4161
샤오펑,74,2.3955,0.0008,0.0292,2.3955
샤오펑,22,2.3360,0.0006,0.0285,2.3360
샤오펑,38,2.3360,0.0006,0.0285,2.3360
샤오펑,32,2.2795,0.0012,0.0278,2.2795
샤오펑,12,2.2613,0.0008,0.0276,2.2613
샤오펑,6,2.2434,0.0006,0.0274,2.2434
샤오펑,53,2.2434,0.0009,0.0274,2.2434
샤오펑,97,2.2434,0.0007,0.0274,2.2434
샤오펑,11,2.2085,0.0004,0.0269,2.2085
샤오펑,29,2.1747,0.0005,0.0265,2.1747
샤오펑,42,1.7970,0.0012,0.0219,1.7970
샤오펑,48,1.7628,0.0009,0.0215,1.7628
샤오펑,58,1.6985,0.0017,0.0207,1.6985
샤오펑,4,1.6389,0.0008,0.0200,1.6389
샤오펑,60,1.6389,0.0045,0.0200,1.6389
샤오펑,78,1.5446,0.0004,0.0188,1.5446
샤오펑,63,1.5197,0.0005,0.0185,1.5197
샤오펑,99,1.1192,0.0024,0.0136,1.1192
샤오펑,24,0.8814,0.0011,0.0107,0.8814
샤오펑,81,0.8650,0.0005,0.0105,0.8650
샤오펑,85,0.8650,0.0008,0.0105,0.8650
샤오펑,83,0.8267,0.0011,0.0101,0.8267
샤오펑,51,0.7918,0.0004,0.0097,0.7918
샤오펑,72,0.7918,0.0005,0.0097,0.7918
샤오펑,93,0.7538,0.0002,0.0092,0.7538
샤오펑,46,0.7478,0.0001,0.0091,0.7478
샤오펑,71,0.7419,0.0002,0.0090,0.7419
샤프,36,50.7427,0.0039,0.3557,50.7427
샤프,88,49.2929,0.0053,0.3456,49.2929
샤프,0,47.1340,0.0025,0.3304,47.1340
샤프,56,41.4109,0.0037,0.2903,41.4109
샤프,89,38.4195,0.0047,0.2693,38.4195
샤프,8,36.2448,0.0044,0.2541,36.2448
샤프,76,29.2194,0.0036,0.2048,29.2194
샤프,73,26.8211,0.0037,0.1880,26.8211
샤프,14,26.1732,0.0029,0.1835,26.1732
샤프,87,21.4194,0.0026,0.1502,21.4194
샤프,65,20.5156,0.0030,0.1438,20.5156
샤프,27,19.5506,0.0021,0.1371,19.5506
샤프,10,18.8524,0.0016,0.1322,18.8524
샤프,38,17.1307,0.0041,0.1201,17.1307
샤프,96,15.7033,0.0033,0.1101,15.7033
샤프,13,15.2228,0.0023,0.1067,15.2228
샤프,100,14.3217,0.0028,0.1004,14.3217
샤프,34,13.7730,0.0028,0.0966,13.7730
샤프,33,12.8141,0.0023,0.0898,12.8141
샤프,20,12.6613,0.0018,0.0888,12.6613
샤프,90,12.6129,0.0032,0.0884,12.6129
샤프,1,12.0804,0.0030,0.0847,12.0804
샤프,22,11.6800,0.0028,0.0819,11.6800
샤프,29,11.5983,0.0025,0.0813,11.5983
샤프,103,11.5983,0.0025,0.0813,11.5983
샤프,75,11.3976,0.0036,0.0799,11.3976
샤프,86,11.2171,0.0032,0.0786,11.2171
샤프,102,11.2171,0.0023,0.0786,11.2171
샤프,3,10.4693,0.0027,0.0734,10.4693
샤프,71,10.3871,0.0029,0.0728,10.3871
샤프,63,9.8779,0.0031,0.0693,9.8779
샤프,9,9.8477,0.0013,0.0690,9.8477
샤프,93,9.7990,0.0028,0.0687,9.7990
샤프,78,9.2674,0.0022,0.0650,9.2674
샤프,46,8.9737,0.0015,0.0629,8.9737
샤프,26,8.9032,0.0029,0.0624,8.9032
샤프,69,8.4261,0.0036,0.0591,8.4261
샤프,97,8.2259,0.0025,0.0577,8.2259
샤프,16,8.1613,0.0014,0.0572,8.1613
샤프,7,7.7867,0.0028,0.0546,7.7867
샤프,53,7.4781,0.0030,0.0524,7.4781
샤프,61,7.4781,0.0014,0.0524,7.4781
샤프,52,7.3048,0.0020,0.0512,7.3048
샤프,28,7.1940,0.0016,0.0504,7.1940
샤프,98,7.1398,0.0013,0.0501,7.1398
샤프,12,6.7839,0.0023,0.0476,6.7839
샤프,30,6.5241,0.0017,0.0457,6.5241
샤프,5,6.4746,0.0013,0.0454,6.4746
샤프,40,6.3881,0.0017,0.0448,6.3881
샤프,57,6.2841,0.0010,0.0441,6.2841
샤프,45,6.1783,0.0017,0.0433,6.1783
샤프,6,5.9824,0.0016,0.0419,5.9824
샤프,54,5.9824,0.0012,0.0419,5.9824
샤프,11,5.8893,0.0010,0.0413,5.8893
샤프,62,5.8439,0.0015,0.0410,5.8439
샤프,70,5.6375,0.0019,0.0395,5.6375
샤프,77,5.6272,0.0008,0.0395,5.6272
샤프,37,5.5896,0.0011,0.0392,5.5896
샤프,81,5.1900,0.0031,0.0364,5.1900
샤프,25,5.0358,0.0013,0.0353,5.0358
샤프,41,4.7910,0.0017,0.0336,4.7910
샤프,91,4.7910,0.0023,0.0336,4.7910
샤프,32,4.5590,0.0025,0.0320,4.5590
샤프,21,4.2519,0.0009,0.0298,4.2519
샤프,59,4.2519,0.0010,0.0298,4.2519
샤프,94,4.0972,0.0016,0.0287,4.0972
샤프,23,4.0617,0.0011,0.0285,4.0617
샤프,72,3.9589,0.0027,0.0278,3.9589
샤프,101,3.8933,0.0011,0.0273,3.8933
샤프,17,3.5970,0.0008,0.0252,3.5970
샤프,48,3.5256,0.0018,0.0247,3.5256
샤프,68,3.4600,0.0024,0.0243,3.4600
샤프,95,3.3362,0.0014,0.0234,3.3362
샤프,83,3.3067,0.0045,0.0232,3.3067
샤프,84,3.2778,0.0009,0.0230,3.2778
샤프,47,3.2214,0.0013,0.0226,3.2214
샤프,64,2.9447,0.0012,0.0206,2.9447
샤프,18,2.8929,0.0024,0.0203,2.8929
샤프,39,2.8334,0.0029,0.0199,2.8334
샤프,44,2.7219,0.0038,0.0191,2.7219
샤프,24,2.6442,0.0034,0.0185,2.6442
샤프,92,2.6194,0.0014,0.0184,2.6194
샤프,49,2.4583,0.0013,0.0172,2.4583
샤프,74,2.3955,0.0008,0.0168,2.3955
샤프,67,2.2980,0.0019,0.0161,2.2980
샤프,35,1.7628,0.0008,0.0124,1.7628
샤프,19,1.7462,0.0006,0.0122,1.7462
샤프,85,1.7300,0.0015,0.0121,1.7300
샤프,2,1.6985,0.0007,0.0119,1.6985
샤프,31,1.6534,0.0013,0.0116,1.6534
샤프,66,1.4498,0.0004,0.0102,1.4498
샤프,42,0.8985,0.0006,0.0063,0.8985
샤프,55,0.8570,0.0006,0.0060,0.8570
샤프,58,0.8492,0.0009,0.0060,0.8492
샤프,4,0.8194,0.0004,0.0057,0.8194
샤프,60,0.8194,0.0023,0.0057,0.8194
샤프,51,0.7918,0.0004,0.0056,0.7918
샤프,50,0.7787,0.0003,0.0055,0.7787
선익시스템,10,53.7642,0.0046,0.3667,53.7642
선익시스템,0,49.2134,0.0027,0.3356,49.2134
선익시스템,36,44.9435,0.0035,0.3065,44.9435
선익시스템,14,35.8947,0.0039,0.2448,35.8947
선익시스템,13,35.5199,0.0055,0.2422,35.5199
선익시스템,27,33.5153,0.0036,0.2286,33.5153
선익시스템,56,29.2732,0.0026,0.1996,29.2732
선익시스템,76,29.2194,0.0036,0.1993,29.2194
선익시스템,73,28.9958,0.0040,0.1977,28.9958
선익시스템,29,27.5460,0.0060,0.1879,27.5460
선익시스템,65,27.3542,0.0040,0.1865,27.3542
선익시스템,89,26.8211,0.0033,0.1829,26.8211
선익시스템,100,24.8745,0.0049,0.1696,24.8745
선익시스템,87,24.2754,0.0030,0.1655,24.2754
선익시스템,9,23.9157,0.0032,0.1631,23.9157
선익시스템,88,18.1224,0.0019,0.1236,18.1224
선익시스템,33,17.3368,0.0031,0.1182,17.3368
선익시스템,20,16.1783,0.0023,0.1103,16.1783
선익시스템,77,16.1783,0.0023,0.1103,16.1783
선익시스템,16,14.8387,0.0026,0.1012,14.8387
선익시스템,71,14.8387,0.0041,0.1012,14.8387
선익시스템,22,14.0160,0.0034,0.0956,14.0160
선익시스템,97,12.7127,0.0038,0.0867,12.7127
선익시스템,11,12.5148,0.0021,0.0853,12.5148
선익시스템,38,12.4587,0.0030,0.0850,12.4587
선익시스템,6,11.9649,0.0033,0.0816,11.9649
선익시스템,8,11.5983,0.0014,0.0791,11.5983
선익시스템,26,11.1291,0.0037,0.0759,11.1291
선익시스템,82,10.5359,0.0222,0.0719,10.5359
선익시스템,45,10.0397,0.0027,0.0685,10.0397
선익시스템,53,9.7215,0.0039,0.0663,9.7215
선익시스템,28,9.3521,0.0021,0.0638,9.3521
선익시스템,78,9.2674,0.0022,0.0632,9.2674
선익시스템,95,9.1746,0.0039,0.0626,9.1746
선익시스템,90,8.1613,0.0021,0.0557,8.1613
선익시스템,5,7.9133,0.0016,0.0540,7.9133
선익시스템,63,6.8385,0.0022,0.0466,6.8385
선익시스템,61,6.7303,0.0013,0.0459,6.7303
선익시스템,34,6.5241,0.0013,0.0445,6.5241
선익시스템,25,6.4746,0.0017,0.0442,6.4746
선익시스템,46,5.9824,0.0010,0.0408,5.9824
선익시스템,102,5.9824,0.0012,0.0408,5.9824
선익시스템,52,5.8439,0.0016,0.0399,5.8439
선익시스템,98,5.7119,0.0011,0.0390,5.7119
선익시스템,75,4.5590,0.0014,0.0311,4.5590
선익시스템,86,4.4868,0.0013,0.0306,4.4868
선익시스템,21,4.2519,0.0009,0.0290,4.2519
선익시스템,57,4.1894,0.0007,0.0286,4.1894
선익시스템,50,3.8933,0.0017,0.0266,3.8933
선익시스템,62,3.6524,0.0009,0.0249,3.6524
선익시스템,30,3.6245,0.0010,0.0247,3.6245
선익시스템,59,3.5433,0.0009,0.0242,3.5433
선익시스템,85,3.4600,0.0030,0.0236,3.4600
선익시스템,84,3.2778,0.0009,0.0224,3.2778
선익시스템,37,3.1940,0.0006,0.0218,3.1940
선익시스템,7,3.1147,0.0011,0.0212,3.1147
선익시스템,101,3.1147,0.0008,0.0212,3.1147
선익시스템,54,2.9912,0.0006,0.0204,2.9912
선익시스템,66,2.8996,0.0007,0.0198,2.8996
선익시스템,17,2.8776,0.0006,0.0196,2.8776
선익시스템,49,2.4583,0.0013,0.0168,2.4583
선익시스템,47,2.4161,0.0010,0.0165,2.4161
선익시스템,91,2.3955,0.0011,0.0163,2.3955
선익시스템,103,2.1747,0.0005,0.0148,2.1747
선익시스템,24,1.7628,0.0023,0.0120,1.7628
선익시스템,35,1.7628,0.0008,0.0120,1.7628
선익시스템,83,1.6534,0.0022,0.0113,1.6534
선익시스템,4,1.6389,0.0008,0.0112,1.6389
선익시스템,23,1.6247,0.0004,0.0111,1.6247
선익시스템,1,1.6107,0.0004,0.0110,1.6107
선익시스템,32,1.5197,0.0008,0.0104,1.5197
선익시스템,12,1.5075,0.0005,0.0103,1.5075
선익시스템,93,1.5075,0.0004,0.0103,1.5075
선익시스템,3,1.4956,0.0004,0.0102,1.4956
선익시스템,64,1.4723,0.0006,0.0100,1.4723
선익시스템,18,0.9643,0.0008,0.0066,0.9643
선익시스템,79,0.9643,0.0015,0.0066,0.9643
선익시스템,31,0.8267,0.0006,0.0056,0.8267
선익시스템,94,0.8194,0.0003,0.0056,0.8194
선익시스템,40,0.7985,0.0002,0.0054,0.7985
선익시스템,74,0.7985,0.0003,0.0054,0.7985
선익시스템,51,0.7918,0.0004,0.0054,0.7918
선익시스템,96,0.7852,0.0002,0.0054,0.7852
선익시스템,67,0.7660,0.0006,0.0052,0.7660
선익시스템,69,0.7660,0.0003,0.0052,0.7660
세미파이브,77,9.1442,0.0013,0.3324,9.1442
세미파이브,0,7.6246,0.0004,0.2772,7.6246
세미파이브,11,7.3616,0.0012,0.2676,7.3616
세미파이브,33,6.0302,0.0011,0.2192,6.0302
세미파이브,78,5.4060,0.0013,0.1965,5.4060
세미파이브,14,5.2346,0.0006,0.1903,5.2346
세미파이브,57,4.8877,0.0008,0.1777,4.8877
세미파이브,54,4.4868,0.0009,0.1631,4.4868
세미파이브,61,4.4868,0.0009,0.1631,4.4868
세미파이브,56,4.2839,0.0004,0.1557,4.2839
세미파이브,9,4.2204,0.0006,0.1534,4.2204
세미파이브,27,4.1894,0.0004,0.1523,4.1894
세미파이브,50,3.8933,0.0017,0.1415,3.8933
세미파이브,93,3.7689,0.0011,0.1370,3.7689
세미파이브,53,3.7390,0.0015,0.1359,3.7390
세미파이브,52,3.6524,0.0010,0.1328,3.6524
세미파이브,76,3.6524,0.0005,0.1328,3.6524
세미파이브,13,3.6245,0.0006,0.1318,3.6245
세미파이브,29,3.6245,0.0008,0.1318,3.6245
세미파이브,34,3.6245,0.0007,0.1318,3.6245
세미파이브,36,3.6245,0.0003,0.1318,3.6245
세미파이브,87,3.5699,0.0004,0.1298,3.5699
세미파이브,98,3.5699,0.0007,0.1298,3.5699
세미파이브,21,3.5433,0.0007,0.1288,3.5433
세미파이브,59,3.5433,0.0009,0.1288,3.5433
세미파이브,10,3.4912,0.0003,0.1269,3.4912
세미파이브,46,2.9912,0.0005,0.1087,2.9912
세미파이브,86,2.9912,0.0009,0.1087,2.9912
세미파이브,102,2.9912,0.0006,0.1087,2.9912
세미파이브,71,2.9677,0.0008,0.1079,2.9677
세미파이브,30,2.8996,0.0008,0.1054,2.8996
세미파이브,66,2.8996,0.0007,0.1054,2.8996
세미파이브,5,2.8776,0.0006,0.1046,2.8776
세미파이브,17,2.8776,0.0006,0.1046,2.8776
세미파이브,20,2.8136,0.0004,0.1023,2.8136
세미파이브,74,2.3955,0.0008,0.0871,2.3955
세미파이브,65,2.2795,0.0003,0.0829,2.2795
세미파이브,75,2.2795,0.0007,0.0829,2.2795
세미파이브,3,2.2434,0.0006,0.0816,2.2434
세미파이브,16,2.2258,0.0004,0.0809,2.2258
세미파이브,90,2.2258,0.0006,0.0809,2.2258
세미파이브,73,2.1747,0.0003,0.0791,2.1747
세미파이브,28,2.1582,0.0005,0.0785,2.1582
세미파이브,68,1.7300,0.0012,0.0629,1.7300
세미파이브,55,1.7141,0.0012,0.0623,1.7141
세미파이브,95,1.6681,0.0007,0.0606,1.6681
세미파이브,84,1.6389,0.0004,0.0596,1.6389
세미파이브,40,1.5970,0.0004,0.0581,1.5970
세미파이브,51,1.5836,0.0007,0.0576,1.5836
세미파이브,22,1.5573,0.0004,0.0566,1.5573
세미파이브,101,1.5573,0.0004,0.0566,1.5573
세미파이브,67,1.5320,0.0013,0.0557,1.5320
세미파이브,100,1.5075,0.0003,0.0548,1.5075
세미파이브,62,1.4610,0.0004,0.0531,1.4610
세미파이브,89,1.4498,0.0002,0.0527,1.4498
세미파이브,103,1.4498,0.0003,0.0527,1.4498
세미파이브,25,1.4388,0.0004,0.0523,1.4388
세미파이브,92,0.8731,0.0005,0.0317,0.8731
세미파이브,31,0.8267,0.0006,0.0301,0.8267
세미파이브,4,0.8194,0.0004,0.0298,0.8194
세미파이브,49,0.8194,0.0004,0.0298,0.8194
세미파이브,60,0.8194,0.0023,0.0298,0.8194
세미파이브,94,0.8194,0.0003,0.0298,0.8194
세미파이브,47,0.8054,0.0003,0.0293,0.8054
세미파이브,37,0.7985,0.0002,0.0290,0.7985
세미파이브,7,0.7787,0.0003,0.0283,0.7787
세미파이브,38,0.7787,0.0002,0.0283,0.7787
세미파이브,45,0.7723,0.0002,0.0281,0.7723
세미파이브,69,0.7660,0.0003,0.0278,0.7660
세미파이브,32,0.7598,0.0004,0.0276,0.7598
세미파이브,63,0.7598,0.0002,0.0276,0.7598
세미파이브,12,0.7538,0.0003,0.0274,0.7538
세미파이브,6,0.7478,0.0002,0.0272,0.7478
세미파이브,97,0.7478,0.0002,0.0272,0.7478
세미파이브,26,0.7419,0.0002,0.0270,0.7419
세미파이브,64,0.7362,0.0003,0.0268,0.7362
세미파이브,8,0.7249,0.0001,0.0264,0.7249
세미파이브,88,0.7249,0.0001,0.0264,0.7249
소니,0,93.5749,0.0050,0.3591,93.5749
소니,36,79.0137,0.0061,0.3032,79.0137
소니,56,69.9702,0.0063,0.2685,69.9702
소니,88,64.5157,0.0069,0.2476,64.5157
소니,8,62.3410,0.0076,0.2392,62.3410
소니,89,47.8431,0.0058,0.1836,47.8431
소니,87,42.8389,0.0052,0.1644,42.8389
소니,10,40.4977,0.0035,0.1554,40.4977
소니,76,37.9852,0.0047,0.1458,37.9852
소니,27,37.0065,0.0039,0.1420,37.0065
소니,37,36.7314,0.0072,0.1410,36.7314
소니,14,35.8947,0.0039,0.1377,35.8947
소니,65,34.9526,0.0052,0.1341,34.9526
소니,73,34.0701,0.0048,0.1307,34.0701
소니,61,33.6513,0.0065,0.1291,33.6513
소니,19,30.5591,0.0113,0.1173,30.5591
소니,40,29.5448,0.0080,0.1134,29.5448
소니,98,28.5593,0.0053,0.1096,28.5593
소니,96,27.4808,0.0058,0.1055,27.4808
소니,102,26.9210,0.0055,0.1033,26.9210
소니,13,26.8211,0.0041,0.1029,26.8211
소니,9,26.7293,0.0036,0.1026,26.7293
소니,16,26.7097,0.0047,0.1025,26.7097
소니,1,26.5769,0.0066,0.1020,26.5769
소니,84,26.2221,0.0071,0.1006,26.2221
소니,5,25.8982,0.0054,0.0994,25.8982
소니,54,25.4254,0.0050,0.0976,25.4254
소니,20,25.3225,0.0036,0.0972,25.3225
소니,23,25.1824,0.0066,0.0966,25.1824
소니,34,24.6465,0.0050,0.0946,24.6465
소니,77,24.6191,0.0035,0.0945,24.6191
소니,101,24.1387,0.0066,0.0926,24.1387
소니,103,23.9216,0.0051,0.0918,23.9216
소니,33,22.6132,0.0041,0.0868,22.6132
소니,70,22.5501,0.0077,0.0865,22.5501
소니,86,22.4342,0.0064,0.0861,22.4342
소니,21,21.2595,0.0043,0.0816,21.2595
소니,100,20.3518,0.0040,0.0781,20.3518
소니,28,20.1431,0.0044,0.0773,20.1431
소니,51,19.7944,0.0091,0.0760,19.7944
소니,29,19.5722,0.0042,0.0751,19.5722
소니,57,19.5506,0.0032,0.0750,19.5506
소니,3,19.4429,0.0050,0.0746,19.4429
소니,94,18.8471,0.0074,0.0723,18.8471
소니,25,18.7043,0.0049,0.0718,18.7043
소니,2,18.6830,0.0078,0.0717,18.6830
소니,90,18.5484,0.0047,0.0712,18.5484
소니,91,18.3657,0.0088,0.0705,18.3657
소니,12,18.0905,0.0062,0.0694,18.0905
소니,6,17.9473,0.0049,0.0689,17.9473
소니,59,17.0076,0.0041,0.0653,17.0076
소니,69,16.8522,0.0072,0.0647,16.8522
소니,22,16.3521,0.0039,0.0628,16.3521
소니,38,16.3521,0.0039,0.0628,16.3521
소니,74,15.9702,0.0056,0.0613,15.9702
소니,45,15.4457,0.0042,0.0593,15.4457
소니,52,15.3402,0.0043,0.0589,15.3402
소니,42,15.2743,0.0099,0.0586,15.2743
소니,75,14.4369,0.0046,0.0554,14.4369
소니,46,14.2083,0.0024,0.0545,14.2083
소니,97,14.2083,0.0042,0.0545,14.2083
소니,62,13.8792,0.0035,0.0533,13.8792
소니,30,13.7730,0.0036,0.0529,13.7730
소니,17,13.6685,0.0029,0.0525,13.6685
소니,26,13.3549,0.0044,0.0512,13.3549
소니,64,13.2510,0.0054,0.0509,13.2510
소니,47,12.8857,0.0052,0.0494,12.8857
소니,93,12.8141,0.0037,0.0492,12.8141
소니,41,12.7761,0.0045,0.0490,12.7761
소니,71,12.6129,0.0035,0.0484,12.6129
소니,11,12.5148,0.0021,0.0480,12.5148
소니,7,11.6800,0.0042,0.0448,11.6800
소니,66,11.5983,0.0029,0.0445,11.5983
소니,78,10.8120,0.0026,0.0415,10.8120
소니,49,9.8333,0.0053,0.0377,9.8333
소니,35,9.6954,0.0044,0.0372,9.6954
소니,63,9.1181,0.0029,0.0350,9.1181
소니,68,8.6500,0.0061,0.0332,8.6500
소니,39,8.5002,0.0087,0.0326,8.5002
소니,83,8.2668,0.0112,0.0317,8.2668
소니,53,8.2259,0.0033,0.0316,8.2259
소니,50,7.7867,0.0033,0.0299,7.7867
소니,67,7.6601,0.0063,0.0294,7.6601
소니,32,7.5984,0.0042,0.0292,7.5984
소니,72,7.1260,0.0048,0.0273,7.1260
소니,43,6.5515,0.0137,0.0251,6.5515
소니,48,6.1698,0.0032,0.0237,6.1698
소니,81,6.0550,0.0037,0.0232,6.0550
소니,55,5.9992,0.0041,0.0230,5.9992
소니,15,5.9748,0.0063,0.0229,5.9748
소니,95,5.8384,0.0025,0.0224,5.8384
소니,31,4.1334,0.0032,0.0159,4.1334
소니,4,4.0972,0.0021,0.0157,4.0972
소니,80,3.6292,0.0017,0.0139,3.6292
소니,24,3.5256,0.0045,0.0135,3.5256
소니,58,3.3969,0.0035,0.0130,3.3969
소니,18,2.8929,0.0024,0.0111,2.8929
소니,79,2.8929,0.0046,0.0111,2.8929
소니,85,2.5950,0.0023,0.0100,2.5950
소니,92,1.7462,0.0009,0.0067,1.7462
소니,60,1.6389,0.0045,0.0063,1.6389
소니,99,1.1192,0.0024,0.0043,1.1192
소니,82,1.0536,0.0022,0.0040,1.0536
소니,44,0.9073,0.0013,0.0035,0.9073
아마존,46,145.8221,0.0246,0.4117,145.8221
아마존,0,108.8241,0.0059,0.3072,108.8241
아마존,10,83.7884,0.0072,0.2365,83.7884
아마존,57,77.5042,0.0128,0.2188,77.5042
아마존,28,75.5365,0.0166,0.2132,75.5365
아마존,11,70.6718,0.0116,0.1995,70.6718
아마존,27,69.1254,0.0074,0.1951,69.1254
아마존,56,63.5443,0.0057,0.1794,63.5443
아마존,17,56.8322,0.0119,0.1604,56.8322
아마존,9,54.8655,0.0073,0.1549,54.8655
아마존,20,52.0519,0.0074,0.1469,52.0519
아마존,36,51.4676,0.0040,0.1453,51.4676
아마존,77,50.6451,0.0073,0.1430,50.6451
아마존,14,49.3552,0.0054,0.1393,49.3552
아마존,61,48.6074,0.0093,0.1372,48.6074
아마존,98,48.5507,0.0090,0.1371,48.5507
아마존,93,48.2414,0.0138,0.1362,48.2414
아마존,92,47.1484,0.0251,0.1331,47.1484
아마존,66,46.3933,0.0116,0.1310,46.3933
아마존,21,44.6450,0.0091,0.1260,44.6450
아마존,62,40.9072,0.0102,0.1155,40.9072
아마존,59,39.6845,0.0097,0.1120,39.6845
아마존,5,39.5667,0.0082,0.1117,39.5667
아마존,87,39.2690,0.0048,0.1109,39.2690
아마존,71,37.0969,0.0103,0.1047,37.0969
아마존,30,35.5199,0.0093,0.1003,35.5199
아마존,53,35.1469,0.0140,0.0992,35.1469
아마존,88,34.0701,0.0036,0.0962,34.0701
아마존,89,32.6203,0.0040,0.0921,32.6203
아마존,12,32.4122,0.0111,0.0915,32.4122
아마존,54,31.4078,0.0061,0.0887,31.4078
아마존,8,31.1705,0.0038,0.0880,31.1705
아마존,37,31.1418,0.0061,0.0879,31.1418
아마존,73,24.6465,0.0034,0.0696,24.6465
아마존,78,23.9408,0.0057,0.0676,23.9408
아마존,84,23.7638,0.0065,0.0671,23.7638
아마존,90,23.0001,0.0058,0.0649,23.0001
아마존,52,22.6450,0.0063,0.0639,22.6450
아마존,100,22.6132,0.0045,0.0638,22.6132
아마존,13,22.4718,0.0035,0.0634,22.4718
아마존,38,21.8027,0.0052,0.0615,21.8027
아마존,29,21.7469,0.0047,0.0614,21.7469
아마존,69,21.4482,0.0092,0.0605,21.4482
아마존,103,21.0220,0.0045,0.0593,21.0220
아마존,102,20.1908,0.0041,0.0570,20.1908
아마존,81,19.8949,0.0121,0.0562,19.8949
아마존,51,19.0027,0.0087,0.0536,19.0027
아마존,33,18.8443,0.0034,0.0532,18.8443
아마존,48,18.5095,0.0096,0.0523,18.5095
아마존,63,18.2361,0.0058,0.0515,18.2361
아마존,72,18.2109,0.0123,0.0514,18.2109
아마존,96,18.0588,0.0038,0.0510,18.0588
아마존,74,17.5672,0.0061,0.0496,17.5672
아마존,65,17.4763,0.0026,0.0493,17.4763
아마존,101,17.1307,0.0047,0.0484,17.1307
아마존,35,16.7467,0.0077,0.0473,16.7467
아마존,45,16.2180,0.0044,0.0458,16.2180
아마존,64,15.4595,0.0063,0.0436,15.4595
아마존,23,15.4344,0.0041,0.0436,15.4344
아마존,41,15.1716,0.0054,0.0428,15.1716
아마존,76,14.6097,0.0018,0.0412,14.6097
아마존,19,13.9699,0.0051,0.0394,13.9699
아마존,25,13.6685,0.0036,0.0386,13.6685
아마존,95,13.3448,0.0056,0.0377,13.3448
아마존,7,13.2374,0.0048,0.0374,13.2374
아마존,70,11.2750,0.0039,0.0318,11.2750
아마존,3,11.2171,0.0029,0.0317,11.2171
아마존,40,11.1791,0.0030,0.0316,11.1791
아마존,55,11.1415,0.0076,0.0315,11.1415
아마존,16,11.1291,0.0020,0.0314,11.1291
아마존,80,9.9802,0.0046,0.0282,9.9802
아마존,49,9.0138,0.0049,0.0254,9.0138
아마존,42,8.9849,0.0059,0.0254,8.9849
아마존,26,8.9032,0.0029,0.0251,8.9032
아마존,97,8.2259,0.0025,0.0232,8.2259
아마존,85,7.7850,0.0068,0.0220,7.7850
아마존,34,7.2490,0.0015,0.0205,7.2490
아마존,68,6.9200,0.0049,0.0195,6.9200
아마존,2,6.7938,0.0028,0.0192,6.7938
아마존,58,6.7938,0.0070,0.0192,6.7938
아마존,83,6.6134,0.0090,0.0187,6.6134
아마존,94,6.5555,0.0026,0.0185,6.5555
아마존,91,6.3881,0.0030,0.0180,6.3881
아마존,6,5.9824,0.0016,0.0169,5.9824
아마존,1,5.6375,0.0014,0.0159,5.6375
아마존,24,5.2884,0.0068,0.0149,5.2884
아마존,39,4.7223,0.0048,0.0133,4.7223
아마존,67,4.5961,0.0038,0.0130,4.5961
아마존,32,4.5590,0.0025,0.0129,4.5590
아마존,75,4.5590,0.0014,0.0129,4.5590
아마존,44,4.5365,0.0064,0.0128,4.5365
아마존,86,4.4868,0.0013,0.0127,4.4868
아마존,31,4.1334,0.0032,0.0117,4.1334
아마존,47,4.0268,0.0016,0.0114,4.0268
아마존,22,3.8933,0.0009,0.0110,3.8933
아마존,50,3.8933,0.0017,0.0110,3.8933
아마존,18,3.8572,0.0032,0.0109,3.8572
아마존,4,3.2778,0.0017,0.0093,3.2778
아마존,60,3.2778,0.0090,0.0093,3.2778
아마존,43,3.2758,0.0069,0.0092,3.2758
아마존,15,2.9874,0.0032,0.0084,2.9874
아마존,79,2.8929,0.0046,0.0082,2.8929
아마존,82,2.1072,0.0044,0.0059,2.1072
아이씨디,10,46.7818,0.0040,0.5050,46.7818
아이씨디,9,29.5430,0.0039,0.3189,29.5430
아이씨디,0,27.0327,0.0015,0.2918,27.0327
아이씨디,27,23.7400,0.0025,0.2563,23.7400
아이씨디,36,21.0220,0.0016,0.2270,21.0220
아이씨디,13,20.2971,0.0031,0.2191,20.2971
아이씨디,29,19.5722,0.0042,0.2113,19.5722
아이씨디,77,16.1783,0.0023,0.1747,16.1783
아이씨디,87,15.7076,0.0019,0.1696,15.7076
아이씨디,89,14.4979,0.0018,0.1565,14.4979
아이씨디,20,14.0681,0.0020,0.1519,14.0681
아이씨디,56,13.5656,0.0012,0.1465,13.5656
아이씨디,76,13.1487,0.0016,0.1420,13.1487
아이씨디,82,12.6431,0.0267,0.1365,12.6431
아이씨디,88,12.3232,0.0013,0.1330,12.3232
아이씨디,65,12.1574,0.0018,0.1312,12.1574
아이씨디,14,11.2171,0.0012,0.1211,11.2171
아이씨디,73,10.8734,0.0015,0.1174,10.8734
아이씨디,100,9.7990,0.0019,0.1058,9.7990
아이씨디,97,9.7215,0.0029,0.1050,9.7215
아이씨디,62,9.4963,0.0024,0.1025,9.4963
아이씨디,95,9.1746,0.0039,0.0990,9.1746
아이씨디,45,7.7228,0.0021,0.0834,7.7228
아이씨디,26,7.4194,0.0025,0.0801,7.4194
아이씨디,11,6.6255,0.0011,0.0715,6.6255
아이씨디,38,6.2294,0.0015,0.0673,6.2294
아이씨디,61,5.9824,0.0012,0.0646,5.9824
아이씨디,71,5.9355,0.0016,0.0641,5.9355
아이씨디,52,5.8439,0.0016,0.0631,5.8439
아이씨디,54,5.2346,0.0010,0.0565,5.2346
아이씨디,90,5.1936,0.0013,0.0561,5.1936
아이씨디,25,5.0358,0.0013,0.0544,5.0358
아이씨디,7,4.6720,0.0017,0.0504,4.6720
아이씨디,22,4.6720,0.0011,0.0504,4.6720
아이씨디,33,4.5226,0.0008,0.0488,4.5226
아이씨디,102,4.4868,0.0009,0.0484,4.4868
아이씨디,16,4.4516,0.0008,0.0481,4.4516
아이씨디,28,4.3164,0.0010,0.0466,4.3164
아이씨디,6,3.7390,0.0010,0.0404,3.7390
아이씨디,103,3.6245,0.0008,0.0391,3.6245
아이씨디,37,3.1940,0.0006,0.0345,3.1940
아이씨디,53,2.9912,0.0012,0.0323,2.9912
아이씨디,8,2.8996,0.0004,0.0313,2.8996
아이씨디,30,2.8996,0.0008,0.0313,2.8996
아이씨디,59,2.8346,0.0007,0.0306,2.8346
아이씨디,32,2.2795,0.0012,0.0246,2.2795
아이씨디,93,2.2613,0.0006,0.0244,2.2613
아이씨디,46,2.2434,0.0004,0.0242,2.2434
아이씨디,34,2.1747,0.0004,0.0235,2.1747
아이씨디,21,2.1260,0.0004,0.0230,2.1260
아이씨디,57,2.0947,0.0003,0.0226,2.0947
아이씨디,79,1.9286,0.0030,0.0208,1.9286
아이씨디,44,1.8146,0.0025,0.0196,1.8146
아이씨디,92,1.7462,0.0009,0.0189,1.7462
아이씨디,83,1.6534,0.0022,0.0178,1.6534
아이씨디,84,1.6389,0.0004,0.0177,1.6389
아이씨디,70,1.6107,0.0006,0.0174,1.6107
아이씨디,40,1.5970,0.0004,0.0172,1.5970
아이씨디,3,1.4956,0.0004,0.0161,1.4956
아이씨디,86,1.4956,0.0004,0.0161,1.4956
아이씨디,66,1.4498,0.0004,0.0157,1.4498
아이씨디,5,1.4388,0.0003,0.0155,1.4388
아이씨디,17,1.4388,0.0003,0.0155,1.4388
아이씨디,98,1.4280,0.0003,0.0154,1.4280
아이씨디,18,0.9643,0.0008,0.0104,0.9643
아이씨디,24,0.8814,0.0011,0.0095,0.8814
아이씨디,35,0.8814,0.0004,0.0095,0.8814
아이씨디,85,0.8650,0.0008,0.0093,0.8650
아이씨디,4,0.8194,0.0004,0.0088,0.8194
아이씨디,23,0.8123,0.0002,0.0088,0.8123
아이씨디,50,0.7787,0.0003,0.0084,0.7787
아이씨디,101,0.7787,0.0002,0.0084,0.7787
아이씨디,78,0.7723,0.0002,0.0083,0.7723
아이씨디,75,0.7598,0.0002,0.0082,0.7598
알파벳,46,145.0743,0.0245,0.5391,145.0743
알파벳,0,66.5421,0.0036,0.2473,66.5421
알파벳,10,64.2377,0.0055,0.2387,64.2377
알파벳,57,61.4448,0.0101,0.2283,61.4448
알파벳,11,57.4208,0.0094,0.2134,57.4208
알파벳,28,53.2353,0.0117,0.1978,53.2353
알파벳,27,46.0836,0.0049,0.1712,46.0836
알파벳,92,43.6559,0.0232,0.1622,43.6559
알파벳,61,41.8771,0.0081,0.1556,41.8771
알파벳,14,41.1293,0.0045,0.1528,41.1293
알파벳,20,40.7974,0.0058,0.1516,40.7974
알파벳,66,39.1444,0.0098,0.1455,39.1444
알파벳,62,38.7157,0.0096,0.1439,38.7157
알파벳,17,37.4086,0.0079,0.1390,37.4086
알파벳,93,35.4273,0.0101,0.1316,35.4273
알파벳,37,34.3358,0.0067,0.1276,34.3358
알파벳,9,33.7634,0.0045,0.1255,33.7634
알파벳,71,33.3872,0.0092,0.1241,33.3872
알파벳,98,30.7012,0.0057,0.1141,30.7012
알파벳,53,30.6600,0.0122,0.1139,30.6600
알파벳,77,28.8396,0.0042,0.1072,28.8396
알파벳,5,28.7758,0.0060,0.1069,28.7758
알파벳,21,28.3461,0.0058,0.1053,28.3461
알파벳,30,28.2709,0.0074,0.1051,28.2709
알파벳,59,26.9288,0.0066,0.1001,26.9288
알파벳,52,24.8365,0.0069,0.0923,24.8365
알파벳,54,23.9298,0.0047,0.0889,23.9298
알파벳,36,23.9216,0.0018,0.0889,23.9216
알파벳,56,23.5614,0.0021,0.0876,23.5614
알파벳,35,22.9165,0.0105,0.0852,22.9165
알파벳,23,22.7454,0.0060,0.0845,22.7454
알파벳,78,22.3963,0.0054,0.0832,22.3963
알파벳,89,21.7469,0.0027,0.0808,21.7469
알파벳,73,17.3975,0.0024,0.0646,17.3975
알파벳,80,17.2386,0.0080,0.0641,17.2386
알파벳,85,16.4350,0.0143,0.0611,16.4350
알파벳,95,15.8470,0.0067,0.0589,15.8470
알파벳,81,15.5700,0.0094,0.0579,15.5700
알파벳,88,15.2228,0.0016,0.0566,15.2228
알파벳,12,15.0754,0.0052,0.0560,15.0754
알파벳,102,14.9561,0.0030,0.0556,14.9561
알파벳,87,14.2796,0.0017,0.0531,14.2796
알파벳,8,13.7730,0.0017,0.0512,13.7730
알파벳,100,12.8141,0.0025,0.0476,12.8141
알파벳,96,12.5627,0.0027,0.0467,12.5627
알파벳,38,12.4587,0.0030,0.0463,12.4587
알파벳,84,12.2916,0.0033,0.0457,12.2916
알파벳,33,12.0603,0.0022,0.0448,12.0603
알파벳,64,11.0425,0.0045,0.0410,11.0425
알파벳,65,10.6377,0.0016,0.0395,10.6377
알파벳,63,9.8779,0.0031,0.0367,9.8779
알파벳,43,9.8273,0.0206,0.0365,9.8273
알파벳,72,9.5013,0.0064,0.0353,9.5013
알파벳,48,7.9326,0.0041,0.0295,7.9326
알파벳,7,7.7867,0.0028,0.0289,7.7867
알파벳,90,7.4194,0.0019,0.0276,7.4194
알파벳,13,7.2490,0.0011,0.0269,7.2490
알파벳,76,6.5744,0.0008,0.0244,6.5744
알파벳,69,6.1281,0.0026,0.0228,6.1281
알파벳,29,5.7992,0.0013,0.0215,5.7992
알파벳,103,5.7992,0.0012,0.0215,5.7992
알파벳,70,5.6375,0.0019,0.0209,5.6375
알파벳,41,5.5896,0.0020,0.0208,5.5896
알파벳,45,5.4060,0.0015,0.0201,5.4060
알파벳,58,5.0954,0.0052,0.0189,5.0954
알파벳,74,4.7910,0.0017,0.0178,4.7910
알파벳,42,4.4924,0.0029,0.0167,4.4924
알파벳,25,4.3164,0.0011,0.0160,4.3164
알파벳,55,4.2852,0.0029,0.0159,4.2852
알파벳,16,3.7097,0.0007,0.0138,3.7097
알파벳,19,3.4925,0.0013,0.0130,3.4925
알파벳,51,3.1671,0.0015,0.0118,3.1671
알파벳,82,3.1608,0.0067,0.0117,3.1608
알파벳,22,3.1147,0.0007,0.0116,3.1147
알파벳,101,3.1147,0.0008,0.0116,3.1147
알파벳,32,3.0394,0.0017,0.0113,3.0394
알파벳,6,2.9912,0.0008,0.0111,2.9912
알파벳,60,2.4583,0.0068,0.0091,2.4583
알파벳,94,2.4583,0.0010,0.0091,2.4583
알파벳,1,2.4161,0.0006,0.0090,2.4161
알파벳,47,2.4161,0.0010,0.0090,2.4161
알파벳,40,2.3955,0.0006,0.0089,2.3955
알파벳,67,2.2980,0.0019,0.0085,2.2980
알파벳,86,2.2434,0.0006,0.0083,2.2434
알파벳,2,1.6985,0.0007,0.0063,1.6985
알파벳,91,1.5970,0.0008,0.0059,1.5970
알파벳,3,1.4956,0.0004,0.0056,1.4956
알파벳,97,1.4956,0.0004,0.0056,1.4956
알파벳,26,1.4839,0.0005,0.0055,1.4839
알파벳,34,1.4498,0.0003,0.0054,1.4498
알파벳,99,1.1192,0.0024,0.0042,1.1192
알파벳,79,0.9643,0.0015,0.0036,0.9643
알파벳,44,0.9073,0.0013,0.0034,0.9073
알파벳,24,0.8814,0.0011,0.0033,0.8814
알파벳,68,0.8650,0.0006,0.0032,0.8650
알파벳,50,0.7787,0.0003,0.0029,0.7787
애플,0,1784.1608,0.0961,0.3867,1784.1608
애플,37,1382.2168,0.2707,0.2996,1382.2168
애플,61,1147.1338,0.2206,0.2486,1147.1338
애플,36,1065.5969,0.0824,0.2310,1065.5969
애플,23,1049.5377,0.2760,0.2275,1049.5377
애플,14,855.4896,0.0940,0.1854,855.4896
애플,56,827.5043,0.0746,0.1794,827.5043
애플,65,795.5510,0.1176,0.1724,795.5510
애플,84,766.1772,0.2087,0.1661,766.1772
애플,35,707.7670,0.3241,0.1534,707.7670
애플,10,703.1239,0.0606,0.1524,703.1239
애플,101,696.1304,0.1898,0.1509,696.1304
애플,76,688.8472,0.0853,0.1493,688.8472
애플,89,635.7337,0.0777,0.1378,635.7337
애플,88,630.6594,0.0673,0.1367,630.6594
애플,73,610.3623,0.0852,0.1323,610.3623
애플,40,598.0823,0.1617,0.1296,598.0823
애플,27,567.6661,0.0605,0.1230,567.6661
애플,38,559.0846,0.1343,0.1212,559.0846
애플,87,544.7677,0.0663,0.1181,544.7677
애플,46,536.9244,0.0907,0.1164,536.9244
애플,100,502.7658,0.0995,0.1090,502.7658
애플,57,502.7301,0.0830,0.1090,502.7301
애플,77,453.6954,0.0654,0.0983,453.6954
애플,16,453.3237,0.0802,0.0983,453.3237
애플,33,451.5093,0.0811,0.0979,451.5093
애플,13,447.9857,0.0691,0.0971,447.9857
애플,11,440.2264,0.0722,0.0954,440.2264
애플,8,437.1122,0.0534,0.0947,437.1122
애플,19,392.9034,0.1447,0.0852,392.9034
애플,63,387.5177,0.1236,0.0840,387.5177
애플,9,381.2448,0.0509,0.0826,381.2448
애플,59,380.5458,0.0926,0.0825,380.5458
애플,66,362.4479,0.0903,0.0786,362.4479
애플,20,357.3291,0.0508,0.0774,357.3291
애플,54,343.2428,0.0671,0.0744,343.2428
애플,78,340.5775,0.0817,0.0738,340.5775
애플,22,335.6065,0.0804,0.0727,335.6065
애플,17,333.0801,0.0700,0.0722,333.0801
애플,70,329.3919,0.1128,0.0714,329.3919
애플,21,316.7672,0.0643,0.0687,316.7672
애플,51,315.1276,0.1450,0.0683,315.1276
애플,71,311.6137,0.0863,0.0675,311.6137
애플,28,306.4624,0.0675,0.0664,306.4624
애플,98,304.1560,0.0566,0.0659,304.1560
애플,93,303.0163,0.0866,0.0657,303.0163
애플,94,298.2765,0.1173,0.0647,298.2765
애플,62,295.8464,0.0736,0.0641,295.8464
애플,6,288.6530,0.0791,0.0626,288.6530
애플,29,287.7837,0.0623,0.0624,287.7837
애플,5,284.8806,0.0591,0.0617,284.8806
애플,90,270.8071,0.0688,0.0587,270.8071
애플,103,259.5127,0.0555,0.0562,259.5127
애플,34,251.5389,0.0510,0.0545,251.5389
애플,2,247.9741,0.1033,0.0537,247.9741
애플,30,242.1152,0.0636,0.0525,242.1152
애플,12,227.6391,0.0780,0.0493,227.6391
애플,97,215.3680,0.0644,0.0467,215.3680
애플,80,206.8633,0.0963,0.0448,206.8633
애플,74,198.0299,0.0691,0.0429,198.0299
애플,45,196.9325,0.0533,0.0427,196.9325
애플,26,196.6134,0.0650,0.0426,196.6134
애플,86,186.2036,0.0535,0.0404,186.2036
애플,96,179.8030,0.0380,0.0390,179.8030
애플,3,177.9777,0.0456,0.0386,177.9777
애플,49,173.7215,0.0941,0.0377,173.7215
애플,64,172.9987,0.0705,0.0375,172.9987
애플,25,171.2161,0.0450,0.0371,171.2161
애플,53,170.4997,0.0680,0.0370,170.4997
애플,75,169.4440,0.0537,0.0367,169.4440
애플,47,167.5147,0.0671,0.0363,167.5147
애플,69,166.9899,0.0717,0.0362,166.9899
애플,52,161.4372,0.0450,0.0350,161.4372
애플,41,146.9254,0.0520,0.0318,146.9254
애플,102,145.0743,0.0295,0.0314,145.0743
애플,50,140.9392,0.0605,0.0305,140.9392
애플,92,128.3484,0.0683,0.0278,128.3484
애플,55,123.4130,0.0845,0.0267,123.4130
애플,7,122.2511,0.0443,0.0265,122.2511
애플,42,122.1941,0.0796,0.0265,122.1941
애플,72,118.7667,0.0804,0.0257,118.7667
애플,67,113.3693,0.0930,0.0246,113.3693
애플,48,112.8196,0.0584,0.0245,112.8196
애플,1,109.5288,0.0271,0.0237,109.5288
애플,4,108.9856,0.0557,0.0236,108.9856
애플,95,100.9204,0.0424,0.0219,100.9204
애플,91,94.2239,0.0450,0.0204,94.2239
애플,68,85.6347,0.0606,0.0186,85.6347
애플,32,77.5035,0.0424,0.0168,77.5035
애플,81,75.2548,0.0456,0.0163,75.2548
애플,39,70.8346,0.0721,0.0154,70.8346
애플,79,68.4653,0.1082,0.0148,68.4653
애플,85,61.4148,0.0534,0.0133,61.4148
애플,58,60.2951,0.0618,0.0131,60.2951
애플,24,56.4098,0.0724,0.0122,56.4098
애플,18,53.0365,0.0434,0.0115,53.0365
애플,83,52.9074,0.0720,0.0115,52.9074
애플,44,49.9012,0.0699,0.0108,49.9012
애플,15,49.7901,0.0529,0.0108,49.7901
애플,99,49.2462,0.1068,0.0107,49.2462
애플,31,44.6406,0.0346,0.0097,44.6406
애플,43,22.9304,0.0481,0.0050,22.9304
애플,60,18.8471,0.0520,0.0041,18.8471
애플,82,15.8038,0.0333,0.0034,15.8038
엔비디아,0,403.4117,0.0217,0.3183,831.9962
엔비디아,46,342.4950,0.0579,0.2702,706.3616
엔비디아,11,334.2187,0.0549,0.2637,689.2927
엔비디아,10,319.7922,0.0276,0.2523,659.5394
엔비디아,77,263.0730,0.0379,0.2076,542.5617
엔비디아,57,257.6492,0.0425,0.2033,531.3757
엔비디아,54,257.2451,0.0503,0.2030,530.5423
엔비디아,27,236.7021,0.0252,0.1868,488.1744
엔비디아,20,226.4960,0.0322,0.1787,467.1253
엔비디아,66,211.6696,0.0527,0.1670,436.5474
엔비디아,48,207.1298,0.1073,0.1634,427.1845
엔비디아,9,206.8007,0.0276,0.1632,426.5057
엔비디아,17,199.2725,0.0419,0.1572,410.9797
엔비디아,56,187.7771,0.0169,0.1482,387.2714
엔비디아,28,183.4458,0.0404,0.1447,378.3387
엔비디아,98,182.7792,0.0340,0.1442,376.9638
엔비디아,62,178.9688,0.0445,0.1412,369.1052
엔비디아,21,170.0763,0.0345,0.1342,350.7654
엔비디아,36,169.6256,0.0131,0.1338,349.8359
엔비디아,5,156.8282,0.0326,0.1237,323.4425
엔비디아,59,156.6120,0.0381,0.1236,322.9965
엔비디아,14,156.2914,0.0172,0.1233,322.3353
엔비디아,30,147.8788,0.0388,0.1167,304.9852
엔비디아,87,144.2242,0.0176,0.1138,297.4480
엔비디아,74,142.9329,0.0499,0.1128,294.7848
엔비디아,52,138.0616,0.0385,0.1089,284.7383
엔비디아,93,131.1563,0.0375,0.1035,270.4967
엔비디아,88,123.9572,0.0132,0.0978,255.6493
엔비디아,16,122.4197,0.0217,0.0966,252.4783
엔비디아,92,111.7592,0.0595,0.0882,230.4921
엔비디아,71,110.5487,0.0306,0.0872,227.9956
엔비디아,61,107.6840,0.0207,0.0850,222.0875
엔비디아,45,107.3475,0.0291,0.0847,221.3936
엔비디아,53,103.1972,0.0412,0.0814,212.8338
엔비디아,73,98.5858,0.0138,0.0778,203.3234
엔비디아,8,92.7867,0.0113,0.0732,191.3632
엔비디아,103,92.0618,0.0197,0.0726,189.8682
엔비디아,89,88.4373,0.0108,0.0698,182.3931
엔비디아,13,81.1883,0.0125,0.0641,167.4428
엔비디아,37,78.2538,0.0153,0.0617,161.3905
엔비디아,80,75.3055,0.0351,0.0594,155.3101
엔비디아,100,74.6234,0.0148,0.0589,153.9033
엔비디아,78,74.1393,0.0178,0.0585,152.9049
엔비디아,70,70.0662,0.0240,0.0553,144.5046
엔비디아,102,68.7981,0.0140,0.0543,141.8892
엔비디아,65,66.1060,0.0098,0.0522,136.3369
엔비디아,76,65.7436,0.0081,0.0519,135.5897
엔비디아,12,65.5781,0.0225,0.0517,135.2484
엔비디아,96,64.3836,0.0136,0.0508,132.7848
엔비디아,38,63.8509,0.0153,0.0504,131.6861
엔비디아,64,63.3102,0.0258,0.0500,130.5709
엔비디아,90,63.0647,0.0160,0.0498,130.0646
엔비디아,23,59.3005,0.0156,0.0468,122.3014
엔비디아,22,59.1789,0.0142,0.0467,122.0505
엔비디아,6,59.0766,0.0162,0.0466,121.8397
엔비디아,34,58.7166,0.0119,0.0463,121.0970
엔비디아,72,58.5916,0.0397,0.0462,120.8392
엔비디아,25,58.2710,0.0153,0.0460,120.1782
엔비디아,33,58.0404,0.0104,0.0458,119.7026
엔비디아,29,56.5419,0.0122,0.0446,116.6120
엔비디아,3,56.0854,0.0144,0.0443,115.6706
엔비디아,35,55.5284,0.0254,0.0438,114.5218
엔비디아,84,53.2637,0.0145,0.0420,109.8510
엔비디아,63,52.4289,0.0167,0.0414,108.1293
엔비디아,40,51.9030,0.0140,0.0410,107.0447
엔비디아,101,51.3922,0.0140,0.0405,105.9912
엔비디아,85,46.7099,0.0406,0.0369,96.3344
엔비디아,69,45.9605,0.0197,0.0363,94.7890
엔비디아,55,45.4229,0.0311,0.0358,93.6801
엔비디아,51,43.5478,0.0200,0.0344,89.8129
엔비디아,81,43.2499,0.0262,0.0341,89.1985
엔비디아,49,40.1526,0.0217,0.0317,82.8107
엔비디아,7,39.7121,0.0144,0.0313,81.9023
엔비디아,41,39.1269,0.0138,0.0309,80.6953
엔비디아,97,38.1381,0.0114,0.0301,78.6560
엔비디아,19,37.5441,0.0138,0.0296,77.4309
엔비디아,18,36.6434,0.0300,0.0289,75.5733
엔비디아,95,35.8643,0.0151,0.0283,73.9665
엔비디아,2,35.6675,0.0149,0.0281,73.5607
엔비디아,86,35.1469,0.0101,0.0277,72.4869
엔비디아,26,34.8711,0.0115,0.0275,71.9181
엔비디아,75,31.9132,0.0101,0.0252,65.8178
엔비디아,68,31.1399,0.0220,0.0246,64.2229
엔비디아,1,29.7983,0.0074,0.0235,61.4560
엔비디아,94,27.8610,0.0110,0.0220,57.4605
엔비디아,42,26.0561,0.0170,0.0206,53.7381
엔비디아,32,24.3148,0.0133,0.0192,50.1469
엔비디아,39,19.8337,0.0202,0.0156,40.9050
엔비디아,50,19.4667,0.0084,0.0154,40.1482
엔비디아,47,18.5233,0.0074,0.0146,38.2024
엔비디아,31,14.8802,0.0115,0.0117,30.6890
엔비디아,67,14.5542,0.0119,0.0115,30.0165
엔비디아,43,14.1950,0.0297,0.0112,29.2758
엔비디아,83,14.0535,0.0191,0.0111,28.9840
엔비디아,91,13.5746,0.0065,0.0107,27.9963
엔비디아,24,12.3396,0.0158,0.0097,25.4493
엔비디아,58,11.8892,0.0122,0.0094,24.5202
엔비디아,79,11.5716,0.0183,0.0091,23.8653
엔비디아,4,10.6527,0.0054,0.0084,21.9702
엔비디아,60,10.6527,0.0294,0.0084,21.9702
엔비디아,99,8.9539,0.0194,0.0071,18.4664
엔비디아,15,7.9664,0.0085,0.0063,16.4299
엔비디아,82,4.2144,0.0089,0.0033,8.6917
엔비디아,44,2.7219,0.0038,0.0021,5.6136
오포,0,104.6652,0.0056,0.3769,104.6652
오포,36,82.6381,0.0064,0.2976,82.6381
오포,56,65.6863,0.0059,0.2366,65.6863
오포,38,63.0722,0.0152,0.2271,63.0722
오포,37,60.6866,0.0119,0.2185,60.6866
오포,40,56.6940,0.0153,0.2042,56.6940
오포,65,55.4682,0.0082,0.1998,55.4682
오포,14,53.8420,0.0059,0.1939,53.8420
오포,76,49.6730,0.0061,0.1789,49.6730
오포,88,47.8431,0.0051,0.1723,47.8431
오포,61,46.3639,0.0089,0.1670,46.3639
오포,101,45.9415,0.0125,0.1654,45.9415
오포,23,44.6785,0.0117,0.1609,44.6785
오포,84,44.2498,0.0121,0.1594,44.2498
오포,10,41.8942,0.0036,0.1509,41.8942
오포,89,41.3191,0.0051,0.1488,41.3191
오포,87,39.2690,0.0048,0.1414,39.2690
오포,73,38.4195,0.0054,0.1384,38.4195
오포,94,36.0554,0.0142,0.1298,36.0554
오포,27,34.9118,0.0037,0.1257,34.9118
오포,70,33.8251,0.0116,0.1218,33.8251
오포,8,33.3452,0.0041,0.1201,33.3452
오포,100,33.1660,0.0066,0.1194,33.1660
오포,13,32.6203,0.0050,0.1175,32.6203
오포,19,24.4473,0.0090,0.0880,24.4473
오포,59,24.0941,0.0059,0.0868,24.0941
오포,9,23.2123,0.0031,0.0836,23.2123
오포,63,22.7952,0.0073,0.0821,22.7952
오포,33,22.6132,0.0041,0.0814,22.6132
오포,11,22.0849,0.0036,0.0795,22.0849
오포,77,21.8055,0.0031,0.0785,21.8055
오포,22,21.0241,0.0050,0.0757,21.0241
오포,12,19.5981,0.0067,0.0706,19.5981
오포,71,19.2904,0.0053,0.0695,19.2904
오포,90,19.2904,0.0049,0.0695,19.2904
오포,29,18.8473,0.0041,0.0679,18.8473
오포,16,18.5484,0.0033,0.0668,18.5484
오포,34,18.1224,0.0037,0.0653,18.1224
오포,97,17.9473,0.0054,0.0646,17.9473
오포,86,17.1995,0.0049,0.0619,17.1995
오포,26,17.0646,0.0056,0.0615,17.0646
오포,2,16.9845,0.0071,0.0612,16.9845
오포,20,16.8817,0.0024,0.0608,16.8817
오포,69,16.0862,0.0069,0.0579,16.0862
오포,3,15.7039,0.0040,0.0566,15.7039
오포,6,15.7039,0.0043,0.0566,15.7039
오포,35,14.9839,0.0069,0.0540,14.9839
오포,62,14.6097,0.0036,0.0526,14.6097
오포,78,13.9011,0.0033,0.0501,13.9011
오포,75,13.6771,0.0043,0.0493,13.6771
오포,28,12.2297,0.0027,0.0440,12.2297
오포,51,11.8767,0.0055,0.0428,11.8767
오포,57,11.8700,0.0020,0.0427,11.8700
오포,103,10.8734,0.0023,0.0392,10.8734
오포,47,10.4697,0.0042,0.0377,10.4697
오포,5,10.0715,0.0021,0.0363,10.0715
오포,98,9.9957,0.0019,0.0360,9.9957
오포,54,9.7215,0.0019,0.0350,9.7215
오포,30,9.4236,0.0025,0.0339,9.4236
오포,17,9.3521,0.0020,0.0337,9.3521
오포,25,9.3521,0.0025,0.0337,9.3521
오포,58,9.3415,0.0096,0.0336,9.3415
오포,46,8.9737,0.0015,0.0323,8.9737
오포,102,8.2259,0.0017,0.0296,8.2259
오포,49,8.1944,0.0044,0.0295,8.1944
오포,52,8.0353,0.0022,0.0289,8.0353
오포,53,7.4781,0.0030,0.0269,7.4781
오포,83,7.4401,0.0101,0.0268,7.4401
오포,66,7.2490,0.0018,0.0261,7.2490
오포,21,7.0865,0.0014,0.0255,7.0865
오포,7,7.0080,0.0025,0.0252,7.0080
오포,50,7.0080,0.0030,0.0252,7.0080
오포,45,6.9506,0.0019,0.0250,6.9506
오포,67,6.8941,0.0057,0.0248,6.8941
오포,93,6.7839,0.0019,0.0244,6.7839
오포,64,6.6255,0.0027,0.0239,6.6255
오포,39,5.6668,0.0058,0.0204,5.6668
오포,41,5.5896,0.0020,0.0201,5.5896
오포,96,5.4962,0.0012,0.0198,5.4962
오포,24,5.2884,0.0068,0.0190,5.2884
오포,81,5.1900,0.0031,0.0187,5.1900
오포,55,4.2852,0.0029,0.0154,4.2852
오포,74,3.9925,0.0014,0.0144,3.9925
오포,91,3.9925,0.0019,0.0144,3.9925
오포,72,3.9589,0.0027,0.0143,3.9589
오포,42,3.5939,0.0023,0.0129,3.5939
오포,48,3.5256,0.0018,0.0127,3.5256
오포,68,3.4600,0.0024,0.0125,3.4600
오포,1,3.2214,0.0008,0.0116,3.2214
오포,32,3.0394,0.0017,0.0109,3.0394
오포,15,2.9874,0.0032,0.0108,2.9874
오포,18,2.8929,0.0024,0.0104,2.8929
오포,92,2.6194,0.0014,0.0094,2.6194
오포,95,2.5022,0.0011,0.0090,2.5022
오포,4,2.4583,0.0013,0.0089,2.4583
오포,79,1.9286,0.0030,0.0069,1.9286
오포,80,1.8146,0.0008,0.0065,1.8146
오포,31,1.6534,0.0013,0.0060,1.6534
오포,99,1.1192,0.0024,0.0040,1.1192
오포,43,1.0919,0.0023,0.0039,1.0919
오포,85,0.8650,0.0008,0.0031,0.8650
오포,60,0.8194,0.0023,0.0030,0.8194
원익IPS,10,90.7707,0.0078,0.4299,90.7707
원익IPS,9,85.1118,0.0114,0.4031,85.1118
원익IPS,27,64.2377,0.0068,0.3042,64.2377
원익IPS,0,49.9066,0.0027,0.2364,49.9066
원익IPS,77,45.0178,0.0065,0.2132,45.0178
원익IPS,13,44.9435,0.0069,0.2128,44.9435
원익IPS,11,44.9060,0.0074,0.2127,44.9060
원익IPS,20,43.6110,0.0062,0.2065,43.6110
원익IPS,29,39.8693,0.0086,0.1888,39.8693
원익IPS,87,34.9851,0.0043,0.1657,34.9851
원익IPS,56,34.2711,0.0031,0.1623,34.2711
원익IPS,36,33.3452,0.0026,0.1579,33.3452
원익IPS,62,28.4889,0.0071,0.1349,28.4889
원익IPS,71,23.7420,0.0066,0.1124,23.7420
원익IPS,14,23.1820,0.0025,0.1098,23.1820
원익IPS,54,22.4342,0.0044,0.1062,22.4342
원익IPS,90,22.2581,0.0057,0.1054,22.2581
원익IPS,46,21.6864,0.0037,0.1027,21.6864
원익IPS,73,20.2971,0.0028,0.0961,20.2971
원익IPS,89,20.2971,0.0025,0.0961,20.2971
원익IPS,88,19.5722,0.0021,0.0927,19.5722
원익IPS,76,18.2621,0.0023,0.0865,18.2621
원익IPS,82,15.8038,0.0333,0.0748,15.8038
원익IPS,97,15.7039,0.0047,0.0744,15.7039
원익IPS,52,15.3402,0.0043,0.0726,15.3402
원익IPS,92,14.8430,0.0079,0.0703,14.8430
원익IPS,8,14.4979,0.0018,0.0687,14.4979
원익IPS,65,14.4369,0.0021,0.0684,14.4369
원익IPS,53,14.2083,0.0057,0.0673,14.2083
원익IPS,21,14.1730,0.0029,0.0671,14.1730
원익IPS,26,14.0968,0.0047,0.0668,14.0968
원익IPS,45,13.9011,0.0038,0.0658,13.9011
원익IPS,28,13.6685,0.0030,0.0647,13.6685
원익IPS,16,12.6129,0.0022,0.0597,12.6129
원익IPS,57,12.5683,0.0021,0.0595,12.5683
원익IPS,103,10.8734,0.0023,0.0515,10.8734
원익IPS,78,10.8120,0.0026,0.0512,10.8120
원익IPS,5,10.7909,0.0022,0.0511,10.7909
원익IPS,100,10.5528,0.0021,0.0500,10.5528
원익IPS,34,9.4236,0.0019,0.0446,9.4236
원익IPS,66,9.4236,0.0023,0.0446,9.4236
원익IPS,17,9.3521,0.0020,0.0443,9.3521
원익IPS,25,9.3521,0.0025,0.0443,9.3521
원익IPS,93,9.0453,0.0026,0.0428,9.0453
원익IPS,91,8.7836,0.0042,0.0416,8.7836
원익IPS,98,8.5678,0.0016,0.0406,8.5678
원익IPS,59,8.5038,0.0021,0.0403,8.5038
원익IPS,33,8.2915,0.0015,0.0393,8.2915
원익IPS,30,7.9739,0.0021,0.0378,7.9739
원익IPS,38,7.7867,0.0019,0.0369,7.7867
원익IPS,95,7.5065,0.0032,0.0355,7.5065
원익IPS,61,7.4781,0.0014,0.0354,7.4781
원익IPS,7,7.0080,0.0025,0.0332,7.0080
원익IPS,72,6.3342,0.0043,0.0300,6.3342
원익IPS,102,5.9824,0.0012,0.0283,5.9824
원익IPS,74,5.5896,0.0020,0.0265,5.5896
원익IPS,22,5.4507,0.0013,0.0258,5.4507
원익IPS,63,5.3189,0.0017,0.0252,5.3189
원익IPS,6,5.2346,0.0014,0.0248,5.2346
원익IPS,81,5.1900,0.0031,0.0246,5.1900
원익IPS,83,4.9601,0.0067,0.0235,4.9601
원익IPS,85,4.3250,0.0038,0.0205,4.3250
원익IPS,3,3.7390,0.0010,0.0177,3.7390
원익IPS,51,3.1671,0.0015,0.0150,3.1671
원익IPS,86,2.9912,0.0009,0.0142,2.9912
원익IPS,23,2.4370,0.0006,0.0115,2.4370
원익IPS,37,2.3955,0.0005,0.0113,2.3955
원익IPS,96,2.3555,0.0005,0.0112,2.3555
원익IPS,32,2.2795,0.0012,0.0108,2.2795
원익IPS,64,2.2085,0.0009,0.0105,2.2085
원익IPS,24,1.7628,0.0023,0.0083,1.7628
원익IPS,48,1.7628,0.0009,0.0083,1.7628
원익IPS,94,1.6389,0.0006,0.0078,1.6389
원익IPS,1,1.6107,0.0004,0.0076,1.6107
원익IPS,50,1.5573,0.0007,0.0074,1.5573
원익IPS,67,1.5320,0.0013,0.0073,1.5320
원익IPS,69,1.5320,0.0007,0.0073,1.5320
원익IPS,75,1.5197,0.0005,0.0072,1.5197
원익IPS,99,1.1192,0.0024,0.0053,1.1192
원익IPS,15,0.9958,0.0011,0.0047,0.9958
원익IPS,39,0.9445,0.0010,0.0045,0.9445
원익IPS,80,0.9073,0.0004,0.0043,0.9073
원익IPS,42,0.8985,0.0006,0.0043,0.8985
원익IPS,68,0.8650,0.0006,0.0041,0.8650
원익IPS,2,0.8492,0.0004,0.0040,0.8492
원익IPS,58,0.8492,0.0009,0.0040,0.8492
원익IPS,31,0.8267,0.0006,0.0039,0.8267
원익IPS,4,0.8194,0.0004,0.0039,0.8194
원익IPS,47,0.8054,0.0003,0.0038,0.8054
원익IPS,101,0.7787,0.0002,0.0037,0.7787
원익IPS,12,0.7538,0.0003,0.0036,0.7538
인텔,0,268.2480,0.0145,0.3582,268.2480
인텔,36,182.6738,0.0141,0.2439,182.6738
인텔,49,180.2770,0.0976,0.2407,180.2770
인텔,10,169.6714,0.0146,0.2266,169.6714
인텔,56,148.5081,0.0134,0.1983,148.5081
인텔,27,145.2331,0.0155,0.1939,145.2331
인텔,9,136.4603,0.0182,0.1822,136.4603
인텔,22,132.3738,0.0317,0.1768,132.3738
인텔,77,132.2399,0.0191,0.1766,132.2399
인텔,88,124.6821,0.0133,0.1665,124.6821
인텔,87,123.5188,0.0150,0.1649,123.5188
인텔,65,118.5348,0.0175,0.1583,118.5348
인텔,14,112.9186,0.0124,0.1508,112.9186
인텔,76,106.6508,0.0132,0.1424,106.6508
인텔,62,102.2679,0.0254,0.1366,102.2679
인텔,73,101.4854,0.0142,0.1355,101.4854
인텔,34,100.0356,0.0203,0.1336,100.0356
인텔,89,94.9614,0.0116,0.1268,94.9614
인텔,13,94.2365,0.0145,0.1258,94.2365
인텔,20,93.5527,0.0133,0.1249,93.5527
인텔,103,92.7867,0.0198,0.1239,92.7867
인텔,100,85.9300,0.0170,0.1147,85.9300
인텔,57,85.8831,0.0142,0.1147,85.8831
인텔,11,80.9781,0.0133,0.1081,80.9781
인텔,8,78.2888,0.0096,0.1045,78.2888
인텔,6,77.0240,0.0211,0.1029,77.0240
인텔,46,76.2762,0.0129,0.1019,76.2762
인텔,21,75.1170,0.0153,0.1003,75.1170
인텔,18,72.3225,0.0592,0.0966,72.3225
인텔,17,70.5007,0.0148,0.0941,70.5007
인텔,54,68.0503,0.0133,0.0909,68.0503
인텔,75,67.6256,0.0214,0.0903,67.6256
인텔,16,67.5163,0.0120,0.0902,67.5163
인텔,28,64.7456,0.0143,0.0865,64.7456
인텔,38,63.8509,0.0153,0.0853,63.8509
인텔,86,63.5635,0.0182,0.0849,63.5635
인텔,29,63.0659,0.0137,0.0842,63.0659
인텔,98,62.8304,0.0117,0.0839,62.8304
인텔,59,60.2354,0.0147,0.0804,60.2354
인텔,66,57.9917,0.0144,0.0774,57.9917
인텔,5,56.8322,0.0118,0.0759,56.8322
인텔,37,55.8955,0.0109,0.0746,55.8955
인텔,30,55.8170,0.0147,0.0745,55.8170
인텔,102,54.5898,0.0111,0.0729,54.5898
인텔,80,54.4377,0.0253,0.0727,54.4377
인텔,63,53.9485,0.0172,0.0720,53.9485
인텔,33,49.7489,0.0089,0.0664,49.7489
인텔,90,48.9679,0.0124,0.0654,48.9679
인텔,52,48.2120,0.0134,0.0644,48.2120
인텔,64,45.6422,0.0186,0.0609,45.6422
인텔,45,45.5648,0.0123,0.0608,45.5648
인텔,53,44.8683,0.0179,0.0599,44.8683
인텔,97,43.3727,0.0130,0.0579,43.3727
인텔,23,43.0538,0.0113,0.0575,43.0538
인텔,93,42.9650,0.0123,0.0574,42.9650
인텔,101,42.8268,0.0117,0.0572,42.8268
인텔,61,41.8771,0.0081,0.0559,41.8771
인텔,96,41.6138,0.0088,0.0556,41.6138
인텔,26,41.5485,0.0137,0.0555,41.5485
인텔,48,41.4260,0.0215,0.0553,41.4260
인텔,25,41.0055,0.0108,0.0548,41.0055
인텔,42,33.2440,0.0217,0.0444,33.2440
인텔,43,32.7577,0.0686,0.0437,32.7577
인텔,35,32.6119,0.0149,0.0435,32.6119
인텔,71,31.9033,0.0088,0.0426,31.9033
인텔,7,31.1468,0.0113,0.0416,31.1468
인텔,12,30.9046,0.0106,0.0413,30.9046
인텔,99,30.2193,0.0655,0.0404,30.2193
인텔,85,28.5449,0.0248,0.0381,28.5449
인텔,84,27.0415,0.0074,0.0361,27.0415
인텔,78,27.0300,0.0065,0.0361,27.0300
인텔,40,26.3508,0.0071,0.0352,26.3508
인텔,92,25.3204,0.0135,0.0338,25.3204
인텔,3,24.6776,0.0063,0.0330,24.6776
인텔,2,24.6276,0.0103,0.0329,24.6276
인텔,69,24.5123,0.0105,0.0327,24.5123
인텔,74,23.9552,0.0084,0.0320,23.9552
인텔,55,23.1399,0.0158,0.0309,23.1399
인텔,41,21.5597,0.0076,0.0288,21.5597
인텔,94,20.4860,0.0081,0.0274,20.4860
인텔,70,19.3286,0.0066,0.0258,19.3286
인텔,68,18.1649,0.0128,0.0243,18.1649
인텔,4,18.0277,0.0092,0.0241,18.0277
인텔,83,17.3603,0.0236,0.0232,17.3603
인텔,95,16.6811,0.0070,0.0223,16.6811
인텔,50,15.5734,0.0067,0.0208,15.5734
인텔,81,15.5700,0.0094,0.0208,15.5700
인텔,24,14.9839,0.0192,0.0200,14.9839
인텔,1,14.4965,0.0036,0.0194,14.4965
인텔,51,13.4602,0.0062,0.0180,13.4602
인텔,32,12.9173,0.0071,0.0172,12.9173
인텔,31,12.4002,0.0096,0.0166,12.4002
인텔,67,11.4901,0.0094,0.0153,11.4901
인텔,60,11.4722,0.0317,0.0153,11.4722
인텔,72,11.0849,0.0075,0.0148,11.0849
인텔,47,10.4697,0.0042,0.0140,10.4697
인텔,79,9.6430,0.0152,0.0129,9.6430
인텔,19,9.6043,0.0035,0.0128,9.6043
인텔,58,9.3415,0.0096,0.0125,9.3415
인텔,15,8.9622,0.0095,0.0120,8.9622
인텔,91,8.7836,0.0042,0.0117,8.7836
인텔,82,8.4287,0.0178,0.0113,8.4287
인텔,44,7.2584,0.0102,0.0097,7.2584
인텔,39,5.6668,0.0058,0.0076,5.6668
카카오,0,108.1310,0.0058,0.3094,108.1310
카카오,10,93.5637,0.0081,0.2677,93.5637
카카오,9,78.7812,0.0105,0.2254,78.7812
카카오,27,69.8236,0.0074,0.1998,69.8236
카카오,20,67.5268,0.0096,0.1932,67.5268
카카오,57,62.1430,0.0103,0.1778,62.1430
카카오,66,60.1664,0.0150,0.1721,60.1664
카카오,41,58.2911,0.0206,0.1668,58.2911
카카오,11,58.1570,0.0095,0.1664,58.1570
카카오,77,54.8655,0.0079,0.1570,54.8655
카카오,36,50.0178,0.0039,0.1431,50.0178
카카오,102,47.8596,0.0097,0.1369,47.8596
카카오,17,47.4801,0.0100,0.1358,47.4801
카카오,21,45.3537,0.0092,0.1298,45.3537
카카오,1,45.1001,0.0111,0.1290,45.1001
카카오,14,44.8683,0.0049,0.1284,44.8683
카카오,87,43.5529,0.0053,0.1246,43.5529
카카오,103,43.4938,0.0093,0.1244,43.4938
카카오,56,42.8389,0.0039,0.1226,42.8389
카카오,98,42.1249,0.0078,0.1205,42.1249
카카오,30,42.0440,0.0110,0.1203,42.0440
카카오,88,42.0440,0.0045,0.1203,42.0440
카카오,29,39.1444,0.0085,0.1120,39.1444
카카오,59,38.2672,0.0093,0.1095,38.2672
카카오,5,38.1280,0.0079,0.1091,38.1280
카카오,73,37.6946,0.0053,0.1078,37.6946
카카오,28,36.6892,0.0081,0.1050,36.6892
카카오,89,36.2448,0.0044,0.1037,36.2448
카카오,46,35.8947,0.0061,0.1027,35.8947
카카오,52,35.0633,0.0098,0.1003,35.0633
카카오,74,34.3358,0.0120,0.0982,34.3358
카카오,61,33.6513,0.0065,0.0963,33.6513
카카오,62,33.6023,0.0084,0.0961,33.6023
카카오,25,33.0922,0.0087,0.0947,33.0922
카카오,54,32.1556,0.0063,0.0920,32.1556
카카오,13,31.1705,0.0048,0.0892,31.1705
카카오,96,30.6215,0.0065,0.0876,30.6215
카카오,76,29.9499,0.0037,0.0857,29.9499
카카오,8,29.7207,0.0036,0.0850,29.7207
카카오,34,29.7207,0.0060,0.0850,29.7207
카카오,45,29.3468,0.0079,0.0840,29.3468
카카오,3,29.1644,0.0075,0.0834,29.1644
카카오,55,29.1392,0.0200,0.0834,29.1392
카카오,80,29.0334,0.0135,0.0831,29.0334
카카오,2,28.8737,0.0120,0.0826,28.8737
카카오,37,27.9478,0.0055,0.0800,27.9478
카카오,78,27.8022,0.0067,0.0795,27.8022
카카오,71,27.4517,0.0076,0.0785,27.4517
카카오,63,27.3542,0.0087,0.0783,27.3542
카카오,12,27.1358,0.0093,0.0776,27.1358
카카오,95,26.6897,0.0112,0.0764,26.6897
카카오,101,25.6961,0.0070,0.0735,25.6961
카카오,33,25.6282,0.0046,0.0733,25.6282
카카오,84,25.4027,0.0069,0.0727,25.4027
카카오,23,24.3701,0.0064,0.0697,24.3701
카카오,16,23.7420,0.0042,0.0679,23.7420
카카오,64,23.5573,0.0096,0.0674,23.5573
카카오,85,23.3549,0.0203,0.0668,23.3549
카카오,31,23.1470,0.0180,0.0662,23.1470
카카오,69,22.9803,0.0099,0.0657,22.9803
카카오,75,22.7952,0.0072,0.0652,22.7952
카카오,7,21.8027,0.0079,0.0624,21.8027
카카오,47,21.7447,0.0087,0.0622,21.7447
카카오,51,21.3780,0.0098,0.0612,21.3780
카카오,90,20.7742,0.0053,0.0594,20.7742
카카오,100,20.3518,0.0040,0.0582,20.3518
카카오,48,20.2723,0.0105,0.0580,20.2723
카카오,26,20.0323,0.0066,0.0573,20.0323
카카오,42,19.7667,0.0129,0.0566,19.7667
카카오,65,19.7558,0.0029,0.0565,19.7558
카카오,86,19.4429,0.0056,0.0556,19.4429
카카오,53,18.6951,0.0075,0.0535,18.6951
카카오,38,18.6881,0.0045,0.0535,18.6881
카카오,67,18.3842,0.0151,0.0526,18.3842
카카오,19,18.3355,0.0068,0.0525,18.3355
카카오,92,18.3355,0.0098,0.0525,18.3355
카카오,97,17.9473,0.0054,0.0513,17.9473
카카오,40,17.5672,0.0047,0.0503,17.5672
카카오,93,16.5830,0.0047,0.0474,16.5830
카카오,35,15.8653,0.0073,0.0454,15.8653
카카오,6,15.7039,0.0043,0.0449,15.7039
카카오,70,15.3018,0.0052,0.0438,15.3018
카카오,32,15.1968,0.0083,0.0435,15.1968
카카오,24,13.2211,0.0170,0.0378,13.2211
카카오,72,11.8767,0.0080,0.0340,11.8767
카카오,83,11.5735,0.0157,0.0331,11.5735
카카오,22,10.9014,0.0026,0.0312,10.9014
카카오,49,9.0138,0.0049,0.0258,9.0138
카카오,94,9.0138,0.0035,0.0258,9.0138
카카오,50,8.5654,0.0037,0.0245,8.5654
카카오,58,8.4923,0.0087,0.0243,8.4923
카카오,4,8.1944,0.0042,0.0234,8.1944
카카오,99,7.8346,0.0170,0.0224,7.8346
카카오,82,6.3215,0.0133,0.0181,6.3215
카카오,68,5.1900,0.0037,0.0148,5.1900
카카오,81,5.1900,0.0031,0.0148,5.1900
카카오,79,4.8215,0.0076,0.0138,4.8215
카카오,91,3.9925,0.0019,0.0114,3.9925
카카오,18,3.8572,0.0032,0.0110,3.8572
카카오,39,3.7778,0.0038,0.0108,3.7778
카카오,15,2.9874,0.0032,0.0085,2.9874
카카오,43,2.1838,0.0046,0.0062,2.1838
카카오,60,1.6389,0.0045,0.0047,1.6389
퀄컴,0,254.3850,0.0137,0.3177,419.4300
퀄컴,19,254.0775,0.0936,0.3173,418.9230
퀄컴,51,176.5664,0.0813,0.2205,291.1228
퀄컴,77,166.0033,0.0239,0.2073,273.7062
퀄컴,61,150.3089,0.0289,0.1877,247.8294
퀄컴,10,150.1208,0.0129,0.1875,247.5192
퀄컴,37,133.3508,0.0261,0.1665,219.8688
퀄컴,57,129.8719,0.0214,0.1622,214.1329
퀄컴,27,129.1737,0.0138,0.1613,212.9816
퀄컴,9,125.9093,0.0168,0.1572,207.5992
퀄컴,40,122.9702,0.0332,0.1536,202.7532
퀄컴,94,116.3606,0.0458,0.1453,191.8554
퀄컴,70,113.5556,0.0389,0.1418,187.2305
퀄컴,56,110.6671,0.0100,0.1382,182.4679
퀄컴,103,108.7344,0.0232,0.1358,179.2812
퀄컴,36,106.5597,0.0082,0.1331,175.6956
퀄컴,101,100.4483,0.0274,0.1254,165.6192
퀄컴,11,100.1184,0.0164,0.1250,165.0752
퀄컴,23,95.8556,0.0252,0.1197,158.0467
퀄컴,5,95.6796,0.0199,0.1195,157.7565
퀄컴,20,94.2561,0.0134,0.1177,155.4094
퀄컴,59,94.2506,0.0229,0.1177,155.4004
퀄컴,17,92.8020,0.0195,0.1159,153.0119
퀄컴,88,92.7867,0.0099,0.1159,152.9867
퀄컴,21,91.4160,0.0186,0.1142,150.7267
퀄컴,13,89.8871,0.0139,0.1123,148.2058
퀄컴,98,89.2477,0.0166,0.1115,147.1515
퀄컴,8,89.1622,0.0109,0.1113,147.0106
퀄컴,66,89.1622,0.0222,0.1113,147.0106
퀄컴,84,88.4996,0.0241,0.1105,145.9182
퀄컴,87,87.1057,0.0106,0.1088,143.6199
퀄컴,54,85.2498,0.0167,0.1065,140.5599
퀄컴,62,84.0058,0.0209,0.1049,138.5087
퀄컴,3,80.7630,0.0207,0.1009,133.1620
퀄컴,65,76.7437,0.0113,0.0958,126.5350
퀄컴,73,73.2145,0.0102,0.0914,120.7160
퀄컴,2,72.1843,0.0301,0.0901,119.0174
퀄컴,30,69.5900,0.0183,0.0869,114.7400
퀄컴,14,68.0503,0.0075,0.0850,112.2013
퀄컴,86,64.3113,0.0185,0.0803,106.0364
퀄컴,25,64.0262,0.0168,0.0800,105.5664
퀄컴,34,61.6161,0.0125,0.0769,101.5927
퀄컴,29,58.7166,0.0127,0.0733,96.8119
퀄컴,46,57.5810,0.0097,0.0719,94.9396
퀄컴,33,57.2867,0.0103,0.0715,94.4542
퀄컴,52,54.7864,0.0153,0.0684,90.3318
퀄컴,76,54.0559,0.0067,0.0675,89.1273
퀄컴,64,53.7400,0.0219,0.0671,88.6065
퀄컴,71,51.1937,0.0142,0.0639,84.4081
퀄컴,89,50.7427,0.0062,0.0634,83.6646
퀄컴,16,48.9679,0.0087,0.0612,80.7382
퀄컴,102,47.8596,0.0097,0.0598,78.9108
퀄컴,100,47.4876,0.0094,0.0593,78.2976
퀄컴,28,46.7607,0.0103,0.0584,77.0990
퀄컴,12,46.7339,0.0160,0.0584,77.0548
퀄컴,93,45.9801,0.0131,0.0574,75.8120
퀄컴,67,45.9605,0.0377,0.0574,75.7797
퀄컴,78,45.5648,0.0109,0.0569,75.1272
퀄컴,7,45.1628,0.0164,0.0564,74.4645
퀄컴,41,44.7164,0.0158,0.0558,73.7285
퀄컴,49,43.4304,0.0235,0.0542,71.6080
퀄컴,90,43.0324,0.0109,0.0537,70.9518
퀄컴,38,39.7121,0.0095,0.0496,65.4774
퀄컴,91,39.1269,0.0187,0.0489,64.5124
퀄컴,97,38.8859,0.0116,0.0486,64.1151
퀄컴,35,38.7818,0.0178,0.0484,63.9434
퀄컴,47,37.8519,0.0152,0.0473,62.4102
퀄컴,22,36.5975,0.0088,0.0457,60.3419
퀄컴,75,36.4723,0.0116,0.0455,60.1354
퀄컴,99,35.8154,0.0777,0.0447,59.0524
퀄컴,26,34.1291,0.0113,0.0426,56.2721
퀄컴,6,32.9034,0.0090,0.0411,54.2512
퀄컴,53,32.1556,0.0128,0.0402,53.0182
퀄컴,63,31.1534,0.0099,0.0389,51.3657
퀄컴,68,28.5449,0.0202,0.0356,47.0649
퀄컴,45,26.2577,0.0071,0.0328,43.2937
퀄컴,39,25.5005,0.0260,0.0318,42.0452
퀄컴,55,24.8540,0.0170,0.0310,40.9793
퀄컴,92,24.4473,0.0130,0.0305,40.3087
퀄컴,58,23.7783,0.0244,0.0297,39.2057
퀄컴,96,23.5550,0.0050,0.0294,38.8375
퀄컴,74,23.1567,0.0081,0.0289,38.1808
퀄컴,48,22.9165,0.0119,0.0286,37.7847
퀄컴,50,21.8027,0.0094,0.0272,35.9484
퀄컴,80,21.7751,0.0101,0.0272,35.9028
퀄컴,1,21.7447,0.0054,0.0272,35.8527
퀄컴,69,20.6822,0.0089,0.0258,34.1009
퀄컴,31,20.6670,0.0160,0.0258,34.0757
퀄컴,42,20.6652,0.0135,0.0258,34.0727
퀄컴,83,19.0136,0.0259,0.0237,31.3496
퀄컴,32,18.9960,0.0104,0.0237,31.3205
퀄컴,15,18.9203,0.0201,0.0236,31.1957
퀄컴,95,16.6811,0.0070,0.0208,27.5037
퀄컴,24,15.8653,0.0204,0.0198,26.1586
퀄컴,81,14.7050,0.0089,0.0184,24.2455
퀄컴,72,12.6684,0.0086,0.0158,20.8877
퀄컴,43,12.0112,0.0252,0.0150,19.8040
퀄컴,85,10.3800,0.0090,0.0130,17.1145
퀄컴,4,9.8333,0.0050,0.0123,16.2131
퀄컴,82,8.4287,0.0178,0.0105,13.8973
퀄컴,18,6.7501,0.0055,0.0084,11.1296
퀄컴,79,2.8929,0.0046,0.0036,4.7698
퀄컴,44,2.7219,0.0038,0.0034,4.4878
퀄컴,60,2.4583,0.0068,0.0031,4.0533
텐센트,0,18.0218,0.0010,0.3800,18.0218
텐센트,56,15.7076,0.0014,0.3312,15.7076
텐센트,36,12.3232,0.0010,0.2599,12.3232
텐센트,28,11.5103,0.0025,0.2427,11.5103
텐센트,87,11.4237,0.0014,0.2409,11.4237
텐센트,8,10.1485,0.0012,0.2140,10.1485
텐센트,10,9.0771,0.0008,0.1914,9.0771
텐센트,90,8.9032,0.0023,0.1877,8.9032
텐센트,20,8.4408,0.0012,0.1780,8.4408
텐센트,57,8.3788,0.0014,0.1767,8.3788
텐센트,88,7.9739,0.0009,0.1681,7.9739
텐센트,17,7.9133,0.0017,0.1669,7.9133
텐센트,63,7.5984,0.0024,0.1602,7.5984
텐센트,46,7.4781,0.0013,0.1577,7.4781
텐센트,77,7.0340,0.0010,0.1483,7.0340
텐센트,27,6.9824,0.0007,0.1472,6.9824
텐센트,98,6.4258,0.0012,0.1355,6.4258
텐센트,12,6.0302,0.0021,0.1272,6.0302
텐센트,59,5.6692,0.0014,0.1195,5.6692
텐센트,11,5.1532,0.0008,0.1087,5.1532
텐센트,66,5.0743,0.0013,0.1070,5.0743
텐센트,9,4.9238,0.0007,0.1038,4.9238
텐센트,72,4.7507,0.0032,0.1002,4.7507
텐센트,69,4.5961,0.0020,0.0969,4.5961
텐센트,93,4.5226,0.0013,0.0954,4.5226
텐센트,71,4.4516,0.0012,0.0939,4.4516
텐센트,30,4.3494,0.0011,0.0917,4.3494
텐센트,73,4.3494,0.0006,0.0917,4.3494
텐센트,5,4.3164,0.0009,0.0910,4.3164
텐센트,21,4.2519,0.0009,0.0897,4.2519
텐센트,41,3.9925,0.0014,0.0842,3.9925
텐센트,16,3.7097,0.0007,0.0782,3.7097
텐센트,74,3.1940,0.0011,0.0674,3.1940
텐센트,14,2.9912,0.0003,0.0631,2.9912
텐센트,61,2.9912,0.0006,0.0631,2.9912
텐센트,89,2.8996,0.0004,0.0611,2.8996
텐센트,80,2.7219,0.0013,0.0574,2.7219
텐센트,42,2.6955,0.0018,0.0568,2.6955
텐센트,58,2.5477,0.0026,0.0537,2.5477
텐센트,95,2.5022,0.0011,0.0528,2.5022
텐센트,7,2.3360,0.0008,0.0493,2.3360
텐센트,45,2.3169,0.0006,0.0489,2.3169
텐센트,67,2.2980,0.0019,0.0485,2.2980
텐센트,6,2.2434,0.0006,0.0473,2.2434
텐센트,53,2.2434,0.0009,0.0473,2.2434
텐센트,54,2.2434,0.0004,0.0473,2.2434
텐센트,26,2.2258,0.0007,0.0469,2.2258
텐센트,64,2.2085,0.0009,0.0466,2.2085
텐센트,52,2.1915,0.0006,0.0462,2.1915
텐센트,25,2.1582,0.0006,0.0455,2.1582
텐센트,55,1.7141,0.0012,0.0361,1.7141
텐센트,49,1.6389,0.0009,0.0346,1.6389
텐센트,3,1.4956,0.0004,0.0315,1.4956
텐센트,62,1.4610,0.0004,0.0308,1.4610
텐센트,13,1.4498,0.0002,0.0306,1.4498
텐센트,34,1.4498,0.0003,0.0306,1.4498
텐센트,103,1.4498,0.0003,0.0306,1.4498
텐센트,18,0.9643,0.0008,0.0203,0.9643
텐센트,24,0.8814,0.0011,0.0186,0.8814
텐센트,35,0.8814,0.0004,0.0186,0.8814
텐센트,19,0.8731,0.0003,0.0184,0.8731
텐센트,92,0.8731,0.0005,0.0184,0.8731
텐센트,2,0.8492,0.0004,0.0179,0.8492
텐센트,31,0.8267,0.0006,0.0174,0.8267
텐센트,47,0.8054,0.0003,0.0170,0.8054
텐센트,70,0.8054,0.0003,0.0170,0.8054
텐센트,91,0.7985,0.0004,0.0168,0.7985
텐센트,51,0.7918,0.0004,0.0167,0.7918
텐센트,96,0.7852,0.0002,0.0166,0.7852
텐센트,38,0.7787,0.0002,0.0164,0.7787
텐센트,78,0.7723,0.0002,0.0163,0.7723
텐센트,32,0.7598,0.0004,0.0160,0.7598
텐센트,100,0.7538,0.0001,0.0159,0.7538
텐센트,97,0.7478,0.0002,0.0158,0.7478
텐센트,102,0.7478,0.0002,0.0158,0.7478
텐센트,76,0.7305,0.0001,0.0154,0.7305
텐센트,29,0.7249,0.0002,0.0153,0.7249
폭스바겐,9,104.8071,0.0140,0.3319,104.8071
폭스바겐,102,88.9889,0.0181,0.2818,88.9889
폭스바겐,0,75.5530,0.0041,0.2393,75.5530
폭스바겐,10,74.7113,0.0064,0.2366,74.7113
폭스바겐,34,66.6904,0.0135,0.2112,66.6904
폭스바겐,20,66.1199,0.0094,0.2094,66.1199
폭스바겐,7,60.7362,0.0220,0.1923,60.7362
폭스바겐,27,59.3501,0.0063,0.1879,59.3501
폭스바겐,52,59.1693,0.0165,0.1874,59.1693
폭스바겐,56,58.5465,0.0053,0.1854,58.5465
폭스바겐,86,56.8332,0.0163,0.1800,56.8332
폭스바겐,88,53.6423,0.0057,0.1699,53.6423
폭스바겐,87,53.5486,0.0065,0.1696,53.5486
폭스바겐,77,53.4587,0.0077,0.1693,53.4587
폭스바겐,75,53.1887,0.0168,0.1684,53.1887
폭스바겐,36,51.4676,0.0040,0.1630,51.4676
폭스바겐,3,41.1293,0.0105,0.1302,41.1293
폭스바겐,8,39.8693,0.0049,0.1263,39.8693
폭스바겐,90,38.5807,0.0098,0.1222,38.5807
폭스바겐,62,37.9852,0.0094,0.1203,37.9852
폭스바겐,13,36.2448,0.0056,0.1148,36.2448
폭스바겐,89,34.7950,0.0043,0.1102,34.7950
폭스바겐,73,33.3452,0.0047,0.1056,33.3452
폭스바겐,11,33.1274,0.0054,0.1049,33.1274
폭스바겐,25,30.9340,0.0081,0.0980,30.9340
폭스바겐,29,29.7207,0.0064,0.0941,29.7207
폭스바겐,98,28.5593,0.0053,0.0904,28.5593
폭스바겐,96,28.2660,0.0060,0.0895,28.2660
폭스바겐,76,27.7584,0.0034,0.0879,27.7584
폭스바겐,103,26.8211,0.0057,0.0849,26.8211
폭스바겐,28,26.6176,0.0059,0.0843,26.6176
폭스바겐,33,26.3820,0.0047,0.0835,26.3820
폭스바겐,21,25.5114,0.0052,0.0808,25.5114
폭스바겐,64,24.2934,0.0099,0.0769,24.2934
폭스바겐,14,23.1820,0.0025,0.0734,23.1820
폭스바겐,61,23.1820,0.0045,0.0734,23.1820
폭스바겐,57,22.3436,0.0037,0.0708,22.3436
폭스바겐,41,21.5597,0.0076,0.0683,21.5597
폭스바겐,93,21.1056,0.0060,0.0668,21.1056
폭스바겐,1,20.9393,0.0052,0.0663,20.9393
폭스바겐,55,18.8548,0.0129,0.0597,18.8548
폭스바겐,12,18.8443,0.0065,0.0597,18.8443
폭스바겐,17,18.7043,0.0039,0.0592,18.7043
폭스바겐,46,17.9473,0.0030,0.0568,17.9473
폭스바겐,71,17.8065,0.0049,0.0564,17.8065
폭스바겐,59,17.0076,0.0041,0.0539,17.0076
폭스바겐,63,16.7164,0.0053,0.0529,16.7164
폭스바겐,100,16.5830,0.0033,0.0525,16.5830
폭스바겐,54,16.4517,0.0032,0.0521,16.4517
폭스바겐,79,16.3931,0.0259,0.0519,16.3931
폭스바겐,16,16.3226,0.0029,0.0517,16.3226
폭스바겐,45,15.4457,0.0042,0.0489,15.4457
폭스바겐,6,14.9561,0.0041,0.0474,14.9561
폭스바겐,30,14.4979,0.0038,0.0459,14.4979
폭스바겐,32,14.4369,0.0079,0.0457,14.4369
폭스바겐,65,14.4369,0.0021,0.0457,14.4369
폭스바겐,5,14.3879,0.0030,0.0456,14.3879
폭스바겐,66,13.7730,0.0034,0.0436,13.7730
폭스바겐,92,13.0968,0.0070,0.0415,13.0968
폭스바겐,97,12.7127,0.0038,0.0403,12.7127
폭스바겐,37,11.9776,0.0023,0.0379,11.9776
폭스바겐,58,11.8892,0.0122,0.0376,11.8892
폭스바겐,69,11.4901,0.0049,0.0364,11.4901
폭스바겐,47,11.2750,0.0045,0.0357,11.2750
폭스바겐,40,11.1791,0.0030,0.0354,11.1791
폭스바겐,38,10.9014,0.0026,0.0345,10.9014
폭스바겐,42,10.7818,0.0070,0.0341,10.7818
폭스바겐,67,10.7241,0.0088,0.0340,10.7241
폭스바겐,23,10.5604,0.0028,0.0334,10.5604
폭스바겐,53,10.4693,0.0042,0.0332,10.4693
폭스바겐,22,10.1227,0.0024,0.0321,10.1227
폭스바겐,74,9.5821,0.0033,0.0303,9.5821
폭스바겐,72,9.5013,0.0064,0.0301,9.5013
폭스바겐,78,9.2674,0.0022,0.0293,9.2674
폭스바겐,80,9.0730,0.0042,0.0287,9.0730
폭스바겐,94,9.0138,0.0035,0.0285,9.0138
폭스바겐,26,8.9032,0.0029,0.0282,8.9032
폭스바겐,101,8.5654,0.0023,0.0271,8.5654
폭스바겐,95,8.3405,0.0035,0.0264,8.3405
폭스바겐,60,8.1944,0.0226,0.0259,8.1944
폭스바겐,70,8.0536,0.0028,0.0255,8.0536
폭스바겐,31,7.4401,0.0058,0.0236,7.4401
폭스바겐,83,7.4401,0.0101,0.0236,7.4401
폭스바겐,84,7.3750,0.0020,0.0234,7.3750
폭스바겐,91,7.1866,0.0034,0.0228,7.1866
폭스바겐,50,7.0080,0.0030,0.0222,7.0080
폭스바겐,82,6.3215,0.0133,0.0200,6.3215
폭스바겐,24,6.1698,0.0079,0.0195,6.1698
폭스바겐,15,4.9790,0.0053,0.0158,4.9790
폭스바겐,51,4.7507,0.0022,0.0150,4.7507
폭스바겐,99,4.4769,0.0097,0.0142,4.4769
폭스바겐,2,4.2461,0.0018,0.0134,4.2461
폭스바겐,35,3.5256,0.0016,0.0112,3.5256
폭스바겐,68,3.4600,0.0024,0.0110,3.4600
폭스바겐,81,3.4600,0.0021,0.0110,3.4600
폭스바겐,85,3.4600,0.0030,0.0110,3.4600
폭스바겐,44,2.7219,0.0038,0.0086,2.7219
폭스바겐,43,2.1838,0.0046,0.0069,2.1838
폭스바겐,39,1.8889,0.0019,0.0060,1.8889
폭스바겐,48,1.7628,0.0009,0.0056,1.7628
폭스바겐,4,1.6389,0.0008,0.0052,1.6389
폭스바겐,49,1.6389,0.0009,0.0052,1.6389
폭스바겐,19,0.8731,0.0003,0.0028,0.8731
퓨리오사AI,77,3.5170,0.0005,0.3824,3.5170
퓨리오사AI,0,2.7726,0.0001,0.3015,2.7726
퓨리오사AI,54,2.2434,0.0004,0.2439,2.2434
퓨리오사AI,11,2.2085,0.0004,0.2401,2.2085
퓨리오사AI,52,2.1915,0.0006,0.2383,2.1915
퓨리오사AI,9,2.1102,0.0003,0.2295,2.1102
퓨리오사AI,20,2.1102,0.0003,0.2295,2.1102
퓨리오사AI,10,2.0947,0.0002,0.2278,2.0947
퓨리오사AI,27,2.0947,0.0002,0.2278,2.0947
퓨리오사AI,3,1.4956,0.0004,0.1626,1.4956
퓨리오사AI,61,1.4956,0.0003,0.1626,1.4956
퓨리오사AI,87,1.4280,0.0002,0.1553,1.4280
퓨리오사AI,98,1.4280,0.0003,0.1553,1.4280
퓨리오사AI,21,1.4173,0.0003,0.1541,1.4173
퓨리오사AI,57,1.3965,0.0002,0.1519,1.3965
퓨리오사AI,68,0.8650,0.0006,0.0941,0.8650
퓨리오사AI,31,0.8267,0.0006,0.0899,0.8267
퓨리오사AI,74,0.7985,0.0003,0.0868,0.7985
퓨리오사AI,51,0.7918,0.0004,0.0861,0.7918
퓨리오사AI,50,0.7787,0.0003,0.0847,0.7787
퓨리오사AI,67,0.7660,0.0006,0.0833,0.7660
퓨리오사AI,69,0.7660,0.0003,0.0833,0.7660
퓨리오사AI,32,0.7598,0.0004,0.0826,0.7598
퓨리오사AI,63,0.7598,0.0002,0.0826,0.7598
퓨리오사AI,75,0.7598,0.0002,0.0826,0.7598
퓨리오사AI,12,0.7538,0.0003,0.0820,0.7538
퓨리오사AI,33,0.7538,0.0001,0.0820,0.7538
퓨리오사AI,93,0.7538,0.0002,0.0820,0.7538
퓨리오사AI,46,0.7478,0.0001,0.0813,0.7478
퓨리오사AI,53,0.7478,0.0003,0.0813,0.7478
퓨리오사AI,86,0.7478,0.0002,0.0813,0.7478
퓨리오사AI,102,0.7478,0.0002,0.0813,0.7478
퓨리오사AI,71,0.7419,0.0002,0.0807,0.7419
퓨리오사AI,90,0.7419,0.0002,0.0807,0.7419
퓨리오사AI,64,0.7362,0.0003,0.0800,0.7362
퓨리오사AI,62,0.7305,0.0002,0.0794,0.7305
퓨리오사AI,13,0.7249,0.0001,0.0788,0.7249
퓨리오사AI,29,0.7249,0.0002,0.0788,0.7249
퓨리오사AI,30,0.7249,0.0002,0.0788,0.7249
퓨리오사AI,34,0.7249,0.0001,0.0788,0.7249
퓨리오사AI,36,0.7249,0.0001,0.0788,0.7249
퓨리오사AI,66,0.7249,0.0002,0.0788,0.7249
퓨리오사AI,73,0.7249,0.0001,0.0788,0.7249
퓨리오사AI,103,0.7249,0.0002,0.0788,0.7249
퓨리오사AI,5,0.7194,0.0001,0.0782,0.7194
퓨리오사AI,17,0.7194,0.0002,0.0782,0.7194
퓨리오사AI,25,0.7194,0.0002,0.0782,0.7194
퓨리오사AI,28,0.7194,0.0002,0.0782,0.7194
퓨리오사AI,56,0.7140,0.0001,0.0776,0.7140
퓨리오사AI,59,0.7087,0.0002,0.0771,0.7087
하이센스,88,360.9981,0.0385,0.3776,360.9981
하이센스,8,352.2994,0.0430,0.3685,352.2994
하이센스,0,305.6779,0.0165,0.3197,305.6779
하이센스,36,268.9364,0.0208,0.2813,268.9364
하이센스,56,256.3193,0.0231,0.2681,256.3193
하이센스,96,251.2531,0.0531,0.2628,251.2531
하이센스,1,209.3934,0.0518,0.2190,209.3934
하이센스,89,188.4729,0.0230,0.1971,188.4729
하이센스,98,173.4974,0.0323,0.1815,173.4974
하이센스,87,147.0801,0.0179,0.1538,147.0801
하이센스,102,127.8748,0.0260,0.1337,127.8748
하이센스,5,124.4554,0.0258,0.1302,124.4554
하이센스,76,114.6861,0.0142,0.1199,114.6861
하이센스,10,113.1143,0.0098,0.1183,113.1143
하이센스,21,111.2583,0.0226,0.1164,111.2583
하이센스,73,108.7344,0.0152,0.1137,108.7344
하이센스,14,103.1972,0.0113,0.1079,103.1972
하이센스,27,101.9425,0.0109,0.1066,101.9425
하이센스,90,99.4196,0.0253,0.1040,99.4196
하이센스,103,86.2626,0.0184,0.0902,86.2626
하이센스,20,83.7050,0.0119,0.0875,83.7050
하이센스,69,70.4728,0.0303,0.0737,70.4728
하이센스,3,68.7981,0.0176,0.0720,68.7981
하이센스,91,66.2761,0.0316,0.0693,66.2761
하이센스,65,66.1060,0.0098,0.0691,66.1060
하이센스,57,64.9360,0.0107,0.0679,64.9360
하이센스,38,62.2935,0.0150,0.0652,62.2935
하이센스,30,61.6161,0.0162,0.0644,61.6161
하이센스,17,61.1486,0.0128,0.0640,61.1486
하이센스,9,60.4927,0.0081,0.0633,60.4927
하이센스,46,57.5810,0.0097,0.0602,57.5810
하이센스,100,56.5329,0.0112,0.0591,56.5329
하이센스,63,56.2281,0.0179,0.0588,56.2281
하이센스,13,55.8170,0.0086,0.0584,55.8170
하이센스,54,55.3376,0.0108,0.0579,55.3376
하이센스,33,55.0253,0.0099,0.0576,55.0253
하이센스,41,54.2985,0.0192,0.0568,54.2985
하이센스,77,53.4587,0.0077,0.0559,53.4587
하이센스,12,52.0103,0.0178,0.0544,52.0103
하이센스,95,50.8772,0.0214,0.0532,50.8772
하이센스,45,50.1985,0.0136,0.0525,50.1985
하이센스,25,47.4801,0.0125,0.0497,47.4801
하이센스,28,47.4801,0.0105,0.0497,47.4801
하이센스,59,46.7710,0.0114,0.0489,46.7710
하이센스,78,45.5648,0.0109,0.0477,45.5648
하이센스,11,44.9060,0.0074,0.0470,44.9060
하이센스,93,44.4725,0.0127,0.0465,44.4725
하이센스,66,39.8693,0.0099,0.0417,39.8693
하이센스,16,36.3549,0.0064,0.0380,36.3549
하이센스,97,35.8947,0.0107,0.0375,35.8947
하이센스,32,33.4329,0.0183,0.0350,33.4329
하이센스,22,32.7041,0.0078,0.0342,32.7041
하이센스,6,32.1556,0.0088,0.0336,32.1556
하이센스,29,31.8954,0.0069,0.0334,31.8954
하이센스,71,31.1614,0.0086,0.0326,31.1614
하이센스,26,30.4194,0.0101,0.0318,30.4194
하이센스,68,30.2749,0.0214,0.0317,30.2749
하이센스,64,30.1827,0.0123,0.0316,30.1827
하이센스,34,28.9958,0.0059,0.0303,28.9958
하이센스,70,27.3822,0.0094,0.0286,27.3822
하이센스,7,26.4748,0.0096,0.0277,26.4748
하이센스,61,25.4254,0.0049,0.0266,25.4254
하이센스,40,23.1567,0.0063,0.0242,23.1567
하이센스,62,22.6450,0.0056,0.0237,22.6450
하이센스,101,22.5814,0.0062,0.0236,22.5814
하이센스,47,22.5501,0.0090,0.0236,22.5501
하이센스,74,22.3582,0.0078,0.0234,22.3582
하이센스,58,22.0799,0.0226,0.0231,22.0799
하이센스,15,21.9077,0.0233,0.0229,21.9077
하이센스,75,21.2755,0.0067,0.0223,21.2755
하이센스,52,19.7231,0.0055,0.0206,19.7231
하이센스,84,19.6666,0.0054,0.0206,19.6666
하이센스,86,19.4429,0.0056,0.0203,19.4429
하이센스,50,18.6881,0.0080,0.0195,18.6881
하이센스,37,18.3657,0.0036,0.0192,18.3657
하이센스,72,15.8356,0.0107,0.0166,15.8356
하이센스,53,15.7039,0.0063,0.0164,15.7039
하이센스,39,15.1114,0.0154,0.0158,15.1114
하이센스,2,14.4369,0.0060,0.0151,14.4369
하이센스,31,14.0535,0.0109,0.0147,14.0535
하이센스,55,12.8555,0.0088,0.0134,12.8555
하이센스,94,12.2916,0.0048,0.0129,12.2916
하이센스,19,12.2237,0.0045,0.0128,12.2237
하이센스,23,12.1850,0.0032,0.0127,12.1850
하이센스,85,11.2450,0.0098,0.0118,11.2450
하이센스,42,10.7818,0.0070,0.0113,10.7818
하이센스,80,9.9802,0.0046,0.0104,9.9802
하이센스,81,9.5150,0.0058,0.0100,9.5150
하이센스,83,9.0935,0.0124,0.0095,9.0935
하이센스,44,8.1657,0.0114,0.0085,8.1657
하이센스,35,7.9326,0.0036,0.0083,7.9326
하이센스,51,7.9178,0.0036,0.0083,7.9178
하이센스,92,7.8581,0.0042,0.0082,7.8581
하이센스,4,7.3750,0.0038,0.0077,7.3750
하이센스,49,6.5555,0.0035,0.0069,6.5555
하이센스,67,6.1281,0.0050,0.0064,6.1281
하이센스,24,5.2884,0.0068,0.0055,5.2884
하이센스,48,5.2884,0.0027,0.0055,5.2884
하이센스,18,4.8215,0.0039,0.0050,4.8215
하이센스,43,2.1838,0.0046,0.0023,2.1838
하이센스,82,2.1072,0.0044,0.0022,2.1072
하이센스,79,1.9286,0.0030,0.0020,1.9286
하이센스,60,0.8194,0.0023,0.0009,0.8194
하이얼,8,78.2888,0.0096,0.3761,78.2888
하이얼,0,67.9284,0.0037,0.3263,67.9284
하이얼,88,65.2406,0.0070,0.3134,65.2406
하이얼,56,64.2583,0.0058,0.3087,64.2583
하이얼,36,55.8170,0.0043,0.2682,55.8170
하이얼,98,54.9766,0.0102,0.2641,54.9766
하이얼,96,51.8210,0.0109,0.2490,51.8210
하이얼,87,41.4109,0.0050,0.1989,41.4109
하이얼,21,36.1412,0.0073,0.1736,36.1412
하이얼,1,32.2144,0.0080,0.1548,32.2144
하이얼,103,31.8954,0.0068,0.1532,31.8954
하이얼,102,29.1644,0.0059,0.1401,29.1644
하이얼,10,27.2312,0.0023,0.1308,27.2312
하이얼,90,25.9678,0.0066,0.1248,25.9678
하이얼,89,23.9216,0.0029,0.1149,23.9216
하이얼,5,23.0207,0.0048,0.1106,23.0207
하이얼,27,22.3436,0.0024,0.1073,22.3436
하이얼,17,20.8625,0.0044,0.1002,20.8625
하이얼,20,19.6953,0.0028,0.0946,19.6953
하이얼,45,18.5348,0.0050,0.0890,18.5348
하이얼,57,18.1541,0.0030,0.0872,18.1541
하이얼,69,16.8522,0.0072,0.0810,16.8522
하이얼,76,16.0707,0.0020,0.0772,16.0707
하이얼,41,15.9702,0.0056,0.0767,15.9702
하이얼,12,15.8292,0.0054,0.0760,15.8292
하이얼,3,14.9561,0.0038,0.0719,14.9561
하이얼,14,14.9561,0.0016,0.0719,14.9561
하이얼,9,14.7715,0.0020,0.0710,14.7715
하이얼,73,14.4979,0.0020,0.0697,14.4979
하이얼,54,13.4605,0.0026,0.0647,13.4605
하이얼,77,13.3647,0.0019,0.0642,13.3647
하이얼,95,13.3448,0.0056,0.0641,13.3448
하이얼,30,13.0481,0.0034,0.0627,13.0481
하이얼,93,12.8141,0.0037,0.0616,12.8141
하이얼,28,12.2297,0.0027,0.0588,12.2297
하이얼,63,12.1574,0.0039,0.0584,12.1574
하이얼,59,12.0471,0.0029,0.0579,12.0471
하이얼,66,11.5983,0.0029,0.0557,11.5983
하이얼,46,11.2171,0.0019,0.0539,11.2171
하이얼,91,11.1791,0.0053,0.0537,11.1791
하이얼,33,9.7990,0.0018,0.0471,9.7990
하이얼,32,9.1181,0.0050,0.0438,9.1181
하이얼,38,8.5654,0.0021,0.0411,8.5654
하이얼,58,8.4923,0.0087,0.0408,8.4923
하이얼,11,8.0978,0.0013,0.0389,8.0978
하이얼,78,7.7228,0.0019,0.0371,7.7228
하이얼,13,7.2490,0.0011,0.0348,7.2490
하이얼,34,7.2490,0.0015,0.0348,7.2490
하이얼,25,7.1940,0.0019,0.0346,7.1940
하이얼,15,6.9706,0.0074,0.0335,6.9706
하이얼,16,6.6774,0.0012,0.0321,6.6774
하이얼,29,6.5241,0.0014,0.0313,6.5241
하이얼,65,6.0787,0.0009,0.0292,6.0787
하이얼,68,6.0550,0.0043,0.0291,6.0550
하이얼,50,5.4507,0.0023,0.0262,5.4507
하이얼,100,5.2764,0.0010,0.0253,5.2764
하이얼,26,5.1936,0.0017,0.0250,5.1936
하이얼,71,5.1936,0.0014,0.0250,5.1936
하이얼,64,5.1532,0.0021,0.0248,5.1532
하이얼,62,5.1134,0.0013,0.0246,5.1134
하이얼,70,4.8322,0.0017,0.0232,4.8322
하이얼,40,4.7910,0.0013,0.0230,4.7910
하이얼,74,4.7910,0.0017,0.0230,4.7910
하이얼,7,4.6720,0.0017,0.0224,4.6720
하이얼,6,4.4868,0.0012,0.0216,4.4868
하이얼,97,4.4868,0.0013,0.0216,4.4868
하이얼,31,4.1334,0.0032,0.0199,4.1334
하이얼,37,3.9925,0.0008,0.0192,3.9925
하이얼,53,3.7390,0.0015,0.0180,3.7390
하이얼,61,3.7390,0.0007,0.0180,3.7390
하이얼,81,3.4600,0.0021,0.0166,3.4600
하이얼,83,3.3067,0.0045,0.0159,3.3067
하이얼,22,3.1147,0.0007,0.0150,3.1147
하이얼,52,2.9219,0.0008,0.0140,2.9219
하이얼,48,2.6442,0.0014,0.0127,2.6442
하이얼,19,2.6194,0.0010,0.0126,2.6194
하이얼,2,2.5477,0.0011,0.0122,2.5477
하이얼,49,2.4583,0.0013,0.0118,2.4583
하이얼,84,2.4583,0.0007,0.0118,2.4583
하이얼,94,2.4583,0.0010,0.0118,2.4583
하이얼,23,2.4370,0.0006,0.0117,2.4370
하이얼,47,2.4161,0.0010,0.0116,2.4161
하이얼,72,2.3753,0.0016,0.0114,2.3753
하이얼,101,2.3360,0.0006,0.0112,2.3360
하이얼,67,2.2980,0.0019,0.0110,2.2980
하이얼,86,2.2434,0.0006,0.0108,2.2434
하이얼,44,1.8146,0.0025,0.0087,1.8146
하이얼,42,1.7970,0.0012,0.0086,1.7970
하이얼,24,1.7628,0.0023,0.0085,1.7628
하이얼,35,1.7628,0.0008,0.0085,1.7628
하이얼,85,1.7300,0.0015,0.0083,1.7300
하이얼,51,1.5836,0.0007,0.0076,1.5836
하이얼,75,1.5197,0.0005,0.0073,1.5197
하이얼,82,1.0536,0.0022,0.0051,1.0536
하이얼,18,0.9643,0.0008,0.0046,0.9643
하이얼,39,0.9445,0.0010,0.0045,0.9445
하이얼,80,0.9073,0.0004,0.0044,0.9073
하이얼,4,0.8194,0.0004,0.0039,0.8194
하이얼,60,0.8194,0.0023,0.0039,0.8194
한미반도체,10,95.6584,0.0082,0.4169,95.6584
한미반도체,9,76.6710,0.0102,0.3342,76.6710
한미반도체,11,66.9910,0.0110,0.2920,66.9910
한미반도체,27,63.5395,0.0068,0.2769,63.5395
한미반도체,0,55.4518,0.0030,0.2417,55.4518
한미반도체,20,49.2383,0.0070,0.2146,49.2383
한미반도체,77,48.5349,0.0070,0.2115,48.5349
한미반도체,13,39.1444,0.0060,0.1706,39.1444
한미반도체,29,37.6946,0.0082,0.1643,37.6946
한미반도체,54,33.6513,0.0066,0.1467,33.6513
한미반도체,62,32.1413,0.0080,0.1401,32.1413
한미반도체,56,31.4152,0.0028,0.1369,31.4152
한미반도체,14,29.9122,0.0033,0.1304,29.9122
한미반도체,36,28.9958,0.0022,0.1264,28.9958
한미반도체,71,28.1936,0.0078,0.1229,28.1936
한미반도체,30,26.0963,0.0069,0.1137,26.0963
한미반도체,52,25.5670,0.0071,0.1114,25.5670
한미반도체,87,24.9893,0.0030,0.1089,24.9893
한미반도체,46,22.4342,0.0038,0.0978,22.4342
한미반도체,78,22.3963,0.0054,0.0976,22.3963
한미반도체,89,21.7469,0.0027,0.0948,21.7469
한미반도체,5,20.8625,0.0043,0.0909,20.8625
한미반도체,21,20.5509,0.0042,0.0896,20.5509
한미반도체,66,20.2971,0.0051,0.0885,20.2971
한미반도체,57,20.2489,0.0033,0.0883,20.2489
한미반도체,95,19.1832,0.0081,0.0836,19.1832
한미반도체,88,18.8473,0.0020,0.0821,18.8473
한미반도체,103,18.8473,0.0040,0.0821,18.8473
한미반도체,76,18.2621,0.0023,0.0796,18.2621
한미반도체,73,18.1224,0.0025,0.0790,18.1224
한미반도체,97,17.9473,0.0054,0.0782,17.9473
한미반도체,98,17.8495,0.0033,0.0778,17.8495
한미반도체,59,17.0076,0.0041,0.0741,17.0076
한미반도체,17,16.5461,0.0035,0.0721,16.5461
한미반도체,28,16.5461,0.0036,0.0721,16.5461
한미반도체,102,15.7039,0.0032,0.0684,15.7039
한미반도체,90,15.5807,0.0040,0.0679,15.5807
한미반도체,8,15.2228,0.0019,0.0663,15.2228
한미반도체,33,15.0754,0.0027,0.0657,15.0754
한미반도체,26,14.8387,0.0049,0.0647,14.8387
한미반도체,45,14.6734,0.0040,0.0640,14.6734
한미반도체,34,14.4979,0.0029,0.0632,14.4979
한미반도체,16,14.0968,0.0025,0.0614,14.0968
한미반도체,100,13.5679,0.0027,0.0591,13.5679
한미반도체,93,12.8141,0.0037,0.0558,12.8141
한미반도체,53,12.7127,0.0051,0.0554,12.7127
한미반도체,82,12.6431,0.0267,0.0551,12.6431
한미반도체,92,12.2237,0.0065,0.0533,12.2237
한미반도체,85,12.1100,0.0105,0.0528,12.1100
한미반도체,61,11.2171,0.0022,0.0489,11.2171
한미반도체,91,11.1791,0.0053,0.0487,11.1791
한미반도체,25,10.7909,0.0028,0.0470,10.7909
한미반도체,38,10.1227,0.0024,0.0441,10.1227
한미반도체,65,9.8779,0.0015,0.0431,9.8779
한미반도체,3,8.9737,0.0023,0.0391,8.9737
한미반도체,96,8.6368,0.0018,0.0376,8.6368
한미반도체,1,8.0536,0.0020,0.0351,8.0536
한미반도체,50,7.7867,0.0033,0.0339,7.7867
한미반도체,84,7.3750,0.0020,0.0321,7.3750
한미반도체,74,7.1866,0.0025,0.0313,7.1866
한미반도체,67,6.8941,0.0057,0.0300,6.8941
한미반도체,75,6.8385,0.0022,0.0298,6.8385
한미반도체,12,6.7839,0.0023,0.0296,6.7839
한미반도체,86,6.7303,0.0019,0.0293,6.7303
한미반도체,22,6.2294,0.0015,0.0272,6.2294
한미반도체,101,6.2294,0.0017,0.0272,6.2294
한미반도체,48,6.1698,0.0032,0.0269,6.1698
한미반도체,7,5.4507,0.0020,0.0238,5.4507
한미반도체,63,4.5590,0.0015,0.0199,4.5590
한미반도체,64,4.4170,0.0018,0.0193,4.4170
한미반도체,70,4.0268,0.0014,0.0176,4.0268
한미반도체,37,3.9925,0.0008,0.0174,3.9925
한미반도체,72,3.9589,0.0027,0.0173,3.9589
한미반도체,32,3.7992,0.0021,0.0166,3.7992
한미반도체,83,3.3067,0.0045,0.0144,3.3067
한미반도체,23,3.2493,0.0009,0.0142,3.2493
한미반도체,41,3.1940,0.0011,0.0139,3.1940
한미반도체,51,3.1671,0.0015,0.0138,3.1671
한미반도체,69,3.0640,0.0013,0.0134,3.0640
한미반도체,6,2.9912,0.0008,0.0130,2.9912
한미반도체,18,2.8929,0.0024,0.0126,2.8929
한미반도체,68,2.5950,0.0018,0.0113,2.5950
한미반도체,49,2.4583,0.0013,0.0107,2.4583
한미반도체,47,2.4161,0.0010,0.0105,2.4161
한미반도체,80,1.8146,0.0008,0.0079,1.8146
한미반도체,24,1.7628,0.0023,0.0077,1.7628
한미반도체,35,1.7628,0.0008,0.0077,1.7628
한미반도체,19,1.7462,0.0006,0.0076,1.7462
한미반도체,2,1.6985,0.0007,0.0074,1.6985
한미반도체,58,1.6985,0.0017,0.0074,1.6985
한미반도체,31,1.6534,0.0013,0.0072,1.6534
한미반도체,60,1.6389,0.0045,0.0071,1.6389
한미반도체,40,1.5970,0.0004,0.0070,1.5970
한미반도체,39,0.9445,0.0010,0.0041,0.9445
한미반도체,44,0.9073,0.0013,0.0040,0.9073
한미반도체,81,0.8650,0.0005,0.0038,0.8650
한미반도체,4,0.8194,0.0004,0.0036,0.8194
한미반도체,94,0.8194,0.0003,0.0036,0.8194
한화,0,232.8975,0.0125,0.3415,232.8975
한화,42,211.1442,0.1375,0.3096,211.1442
한화,57,174.5591,0.0288,0.2560,174.5591
한화,36,145.7041,0.0113,0.2136,145.7041
한화,74,145.3284,0.0507,0.2131,145.3284
한화,56,138.5124,0.0125,0.2031,138.5124
한화,10,122.1913,0.0105,0.1792,122.1913
한화,27,110.3213,0.0118,0.1618,110.3213
한화,34,107.2846,0.0217,0.1573,107.2846
한화,46,105.4406,0.0178,0.1546,105.4406
한화,41,105.4030,0.0373,0.1546,105.4030
한화,54,100.2059,0.0196,0.1469,100.2059
한화,102,95.7191,0.0194,0.1404,95.7191
한화,93,92.7139,0.0265,0.1359,92.7139
한화,45,88.8127,0.0241,0.1302,88.8127
한화,20,87.2221,0.0124,0.1279,87.2221
한화,101,86.4323,0.0236,0.1267,86.4323
한화,84,84.4024,0.0230,0.1238,84.4024
한화,55,83.9894,0.0575,0.1232,83.9894
한화,86,81.5108,0.0234,0.1195,81.5108
한화,80,79.8420,0.0372,0.1171,79.8420
한화,87,77.8240,0.0095,0.1141,77.8240
한화,69,76.6009,0.0329,0.1123,76.6009
한화,6,76.2762,0.0209,0.1118,76.2762
한화,48,72.2751,0.0374,0.1060,72.2751
한화,9,69.6370,0.0093,0.1021,69.6370
한화,77,69.6370,0.0100,0.1021,69.6370
한화,49,68.0136,0.0368,0.0997,68.0136
한화,95,65.8902,0.0277,0.0966,65.8902
한화,16,61.5808,0.0109,0.0903,61.5808
한화,89,60.8913,0.0074,0.0893,60.8913
한화,8,59.4415,0.0073,0.0872,59.4415
한화,88,58.7166,0.0063,0.0861,58.7166
한화,21,58.1094,0.0118,0.0852,58.1094
한화,103,53.6423,0.0115,0.0787,53.6423
한화,17,53.2353,0.0112,0.0781,53.2353
한화,75,53.1887,0.0168,0.0780,53.1887
한화,28,52.5159,0.0116,0.0770,52.5159
한화,64,50.7954,0.0207,0.0745,50.7954
한화,73,50.7427,0.0071,0.0744,50.7427
한화,14,50.1030,0.0055,0.0735,50.1030
한화,66,50.0178,0.0125,0.0733,50.0178
한화,1,48.3216,0.0119,0.0709,48.3216
한화,25,48.1995,0.0127,0.0707,48.1995
한화,11,47.8507,0.0079,0.0702,47.8507
한화,76,47.4815,0.0059,0.0696,47.4815
한화,65,46.3502,0.0069,0.0680,46.3502
한화,98,45.6948,0.0085,0.0670,45.6948
한화,13,45.6684,0.0070,0.0670,45.6684
한화,5,45.3219,0.0094,0.0665,45.3219
한화,52,44.5596,0.0124,0.0653,44.5596
한화,12,44.4725,0.0152,0.0652,44.4725
한화,61,44.1205,0.0085,0.0647,44.1205
한화,59,43.9364,0.0107,0.0644,43.9364
한화,68,43.2499,0.0306,0.0634,43.2499
한화,29,41.3191,0.0090,0.0606,41.3191
한화,96,40.8286,0.0086,0.0599,40.8286
한화,22,40.4908,0.0097,0.0594,40.4908
한화,33,38.4424,0.0069,0.0564,38.4424
한화,30,38.4195,0.0101,0.0563,38.4195
한화,32,37.9919,0.0208,0.0557,37.9919
한화,62,35.7938,0.0089,0.0525,35.7938
한화,70,34.6304,0.0119,0.0508,34.6304
한화,7,31.9254,0.0116,0.0468,31.9254
한화,90,31.1614,0.0079,0.0457,31.1614
한화,100,30.9046,0.0061,0.0453,30.9046
한화,37,29.5448,0.0058,0.0433,29.5448
한화,72,29.2958,0.0198,0.0430,29.2958
한화,53,28.4166,0.0113,0.0417,28.4166
한화,3,27.6688,0.0071,0.0406,27.6688
한화,47,27.3822,0.0110,0.0402,27.3822
한화,71,26.7097,0.0074,0.0392,26.7097
한화,97,25.4254,0.0076,0.0373,25.4254
한화,85,24.2199,0.0211,0.0355,24.2199
한화,31,23.9737,0.0186,0.0352,23.9737
한화,26,23.0001,0.0076,0.0337,23.0001
한화,92,22.7011,0.0121,0.0333,22.7011
한화,50,21.8027,0.0094,0.0320,21.8027
한화,78,21.6240,0.0052,0.0317,21.6240
한화,39,20.7782,0.0212,0.0305,20.7782
한화,23,19.4961,0.0051,0.0286,19.4961
한화,63,18.9960,0.0061,0.0279,18.9960
한화,91,18.3657,0.0088,0.0269,18.3657
한화,2,16.9845,0.0071,0.0249,16.9845
한화,51,16.6273,0.0077,0.0244,16.6273
한화,19,16.5893,0.0061,0.0243,16.5893
한화,38,16.3521,0.0039,0.0240,16.3521
한화,40,15.9702,0.0043,0.0234,15.9702
한화,35,14.1025,0.0065,0.0207,14.1025
한화,4,13.9305,0.0071,0.0204,13.9305
한화,81,11.2450,0.0068,0.0165,11.2450
한화,94,10.6527,0.0042,0.0156,10.6527
한화,24,9.6954,0.0124,0.0142,9.6954
한화,67,9.1921,0.0075,0.0135,9.1921
한화,58,5.9446,0.0061,0.0087,5.9446
한화,83,4.9601,0.0067,0.0073,4.9601
한화,18,4.8215,0.0039,0.0071,4.8215
한화,43,4.3677,0.0092,0.0064,4.3677
한화,82,4.2144,0.0089,0.0062,4.2144
한화,44,3.6292,0.0051,0.0053,3.6292
한화,79,2.8929,0.0046,0.0042,2.8929
한화,60,2.4583,0.0068,0.0036,2.4583
한화솔루션,9,39.3906,0.0053,0.3662,45.8034
한화솔루션,10,33.5153,0.0029,0.3116,38.9716
한화솔루션,27,27.2312,0.0029,0.2532,31.6645
한화솔루션,56,26.4173,0.0024,0.2456,30.7180
한화솔루션,0,25.6464,0.0014,0.2385,29.8217
한화솔루션,36,23.9216,0.0018,0.2224,27.8160
한화솔루션,20,23.2123,0.0033,0.2158,26.9913
한화솔루션,87,22.1334,0.0027,0.2058,25.7367
한화솔루션,62,21.9145,0.0055,0.2038,25.4822
한화솔루션,13,18.8473,0.0029,0.1752,21.9156
한화솔루션,11,17.6679,0.0029,0.1643,20.5443
한화솔루션,14,17.1995,0.0019,0.1599,19.9996
한화솔루션,28,16.5461,0.0036,0.1538,19.2398
한화솔루션,29,15.9477,0.0035,0.1483,18.5440
한화솔루션,73,15.9477,0.0022,0.1483,18.5440
한화솔루션,46,14.9561,0.0025,0.1391,17.3910
한화솔루션,77,14.7715,0.0021,0.1373,17.1763
한화솔루션,71,12.6129,0.0035,0.1173,14.6663
한화솔루션,8,12.3232,0.0015,0.1146,14.3295
한화솔루션,89,12.3232,0.0015,0.1146,14.3295
한화솔루션,90,11.1291,0.0028,0.1035,12.9409
한화솔루션,76,10.9573,0.0014,0.1019,12.7411
한화솔루션,97,10.4693,0.0031,0.0973,12.1737
한화솔루션,65,9.8779,0.0015,0.0918,11.4860
한화솔루션,72,9.5013,0.0064,0.0883,11.0482
한화솔루션,88,9.4236,0.0010,0.0876,10.9578
한화솔루션,45,9.2674,0.0025,0.0862,10.7761
한화솔루션,21,9.2125,0.0019,0.0857,10.7123
한화솔루션,63,9.1181,0.0029,0.0848,10.6025
한화솔루션,53,8.9737,0.0036,0.0834,10.4346
한화솔루션,34,8.6988,0.0018,0.0809,10.1149
한화솔루션,103,8.6988,0.0019,0.0809,10.1149
한화솔루션,26,8.1613,0.0027,0.0759,9.4900
한화솔루션,52,8.0353,0.0022,0.0747,9.3435
한화솔루션,92,7.8581,0.0042,0.0731,9.1374
한화솔루션,57,7.6806,0.0013,0.0714,8.9310
한화솔루션,25,7.1940,0.0019,0.0669,8.3651
한화솔루션,54,6.7303,0.0013,0.0626,7.8259
한화솔루션,78,6.1783,0.0015,0.0574,7.1841
한화솔루션,85,6.0550,0.0053,0.0563,7.0407
한화솔루션,93,6.0302,0.0017,0.0561,7.0119
한화솔루션,100,6.0302,0.0012,0.0561,7.0119
한화솔루션,7,5.4507,0.0020,0.0507,6.3381
한화솔루션,33,5.2764,0.0009,0.0491,6.1354
한화솔루션,16,5.1936,0.0009,0.0483,6.0391
한화솔루션,98,4.9979,0.0009,0.0465,5.8115
한화솔루션,47,4.8322,0.0019,0.0449,5.6188
한화솔루션,22,4.6720,0.0011,0.0434,5.4326
한화솔루션,3,4.4868,0.0011,0.0417,5.2173
한화솔루션,6,4.4868,0.0012,0.0417,5.2173
한화솔루션,102,4.4868,0.0009,0.0417,5.2173
한화솔루션,51,3.9589,0.0018,0.0368,4.6034
한화솔루션,96,3.9258,0.0008,0.0365,4.5650
한화솔루션,32,3.7992,0.0021,0.0353,4.4177
한화솔루션,61,3.7390,0.0007,0.0348,4.3477
한화솔루션,86,3.7390,0.0011,0.0348,4.3477
한화솔루션,64,3.6808,0.0015,0.0342,4.2801
한화솔루션,17,3.5970,0.0008,0.0334,4.1826
한화솔루션,59,3.5433,0.0009,0.0329,4.1201
한화솔루션,43,3.2758,0.0069,0.0305,3.8091
한화솔루션,91,3.1940,0.0015,0.0297,3.7140
한화솔루션,101,3.1147,0.0008,0.0290,3.6217
한화솔루션,69,3.0640,0.0013,0.0285,3.5629
한화솔루션,75,3.0394,0.0010,0.0283,3.5342
한화솔루션,30,2.8996,0.0008,0.0270,3.3716
한화솔루션,66,2.8996,0.0007,0.0270,3.3716
한화솔루션,5,2.8776,0.0006,0.0268,3.3461
한화솔루션,81,2.5950,0.0016,0.0241,3.0175
한화솔루션,95,2.5022,0.0011,0.0233,2.9095
한화솔루션,41,2.3955,0.0008,0.0223,2.7855
한화솔루션,74,2.3955,0.0008,0.0223,2.7855
한화솔루션,38,2.3360,0.0006,0.0217,2.7163
한화솔루션,39,1.8889,0.0019,0.0176,2.1964
한화솔루션,31,1.6534,0.0013,0.0154,1.9225
한화솔루션,83,1.6534,0.0022,0.0154,1.9225
한화솔루션,60,1.6389,0.0045,0.0152,1.9057
한화솔루션,67,1.5320,0.0013,0.0142,1.7814
한화솔루션,12,1.5075,0.0005,0.0140,1.7530
한화솔루션,80,0.9073,0.0004,0.0084,1.0550
한화솔루션,24,0.8814,0.0011,0.0082,1.0249
한화솔루션,48,0.8814,0.0005,0.0082,1.0249
한화솔루션,1,0.8054,0.0002,0.0075,0.9365
한화솔루션,50,0.7787,0.0003,0.0072,0.9054
한화시스템,17,99.9960,0.0210,0.3722,99.9960
한화시스템,10,84.4866,0.0073,0.3145,84.4866
한화시스템,9,83.7050,0.0112,0.3116,83.7050
한화시스템,0,75.5530,0.0041,0.2812,75.5530
한화시스템,48,66.1053,0.0342,0.2461,66.1053
한화시스템,20,56.9757,0.0081,0.2121,56.9757
한화시스템,77,54.8655,0.0079,0.2042,54.8655
한화시스템,27,53.7642,0.0057,0.2001,53.7642
한화시스템,21,42.5191,0.0086,0.1583,42.5191
한화시스템,98,42.1249,0.0078,0.1568,42.1249
한화시스템,87,41.4109,0.0050,0.1541,41.4109
한화시스템,13,41.3191,0.0064,0.1538,41.3191
한화시스템,57,35.6100,0.0059,0.1325,35.6100
한화시스템,34,35.5199,0.0072,0.1322,35.5199
한화시스템,56,32.8431,0.0030,0.1222,32.8431
한화시스템,5,30.9340,0.0064,0.1151,30.9340
한화시스템,102,30.6600,0.0062,0.1141,30.6600
한화시스템,30,29.7207,0.0078,0.1106,29.7207
한화시스템,90,28.9356,0.0074,0.1077,28.9356
한화시스템,11,28.7104,0.0047,0.1069,28.7104
한화시스템,59,28.3461,0.0069,0.1055,28.3461
한화시스템,66,28.2709,0.0070,0.1052,28.2709
한화시스템,52,26.2975,0.0073,0.0979,26.2975
한화시스템,36,26.0963,0.0020,0.0971,26.0963
한화시스템,25,25.1788,0.0066,0.0937,25.1788
한화시스템,28,24.4594,0.0054,0.0910,24.4594
한화시스템,74,23.9552,0.0084,0.0892,23.9552
한화시스템,62,22.6450,0.0056,0.0843,22.6450
한화시스템,3,22.4342,0.0057,0.0835,22.4342
한화시스템,29,21.7469,0.0047,0.0809,21.7469
한화시스템,8,21.0220,0.0026,0.0782,21.0220
한화시스템,26,20.0323,0.0066,0.0746,20.0323
한화시스템,88,19.5722,0.0021,0.0728,19.5722
한화시스템,46,19.4429,0.0033,0.0724,19.4429
한화시스템,86,19.4429,0.0056,0.0724,19.4429
한화시스템,45,19.3071,0.0052,0.0719,19.3071
한화시스템,54,18.6951,0.0037,0.0696,18.6951
한화시스템,16,18.5484,0.0033,0.0690,18.5484
한화시스템,73,18.1224,0.0025,0.0675,18.1224
한화시스템,103,16.6726,0.0036,0.0621,16.6726
한화시스템,61,16.4517,0.0032,0.0612,16.4517
한화시스템,92,15.7161,0.0084,0.0585,15.7161
한화시스템,97,15.7039,0.0047,0.0585,15.7039
한화시스템,22,14.7947,0.0035,0.0551,14.7947
한화시스템,89,14.4979,0.0018,0.0540,14.4979
한화시스템,70,14.4965,0.0050,0.0540,14.4965
한화시스템,75,14.4369,0.0046,0.0537,14.4369
한화시스템,96,14.1330,0.0030,0.0526,14.1330
한화시스템,91,13.5746,0.0065,0.0505,13.5746
한화시스템,7,12.4587,0.0045,0.0464,12.4587
한화시스템,72,11.8767,0.0080,0.0442,11.8767
한화시스템,64,11.7786,0.0048,0.0438,11.7786
한화시스템,71,11.1291,0.0031,0.0414,11.1291
한화시스템,67,10.7241,0.0088,0.0399,10.7241
한화시스템,53,10.4693,0.0042,0.0390,10.4693
한화시스템,41,10.3806,0.0037,0.0386,10.3806
한화시스템,93,9.0453,0.0026,0.0337,9.0453
한화시스템,14,8.9737,0.0010,0.0334,8.9737
한화시스템,68,8.6500,0.0061,0.0322,8.6500
한화시스템,12,8.2915,0.0028,0.0309,8.2915
한화시스템,33,8.2915,0.0015,0.0309,8.2915
한화시스템,1,8.0536,0.0020,0.0300,8.0536
한화시스템,79,7.7144,0.0122,0.0287,7.7144
한화시스템,82,7.3751,0.0156,0.0275,7.3751
한화시스템,100,6.0302,0.0012,0.0224,6.0302
한화시스템,58,5.9446,0.0061,0.0221,5.9446
한화시스템,55,5.1422,0.0035,0.0191,5.1422
한화시스템,76,5.1134,0.0006,0.0190,5.1134
한화시스템,94,4.9166,0.0019,0.0183,4.9166
한화시스템,69,4.5961,0.0020,0.0171,4.5961
한화시스템,32,4.5590,0.0025,0.0170,4.5590
한화시스템,81,4.3250,0.0026,0.0161,4.3250
한화시스템,95,4.1703,0.0018,0.0155,4.1703
한화시스템,23,4.0617,0.0011,0.0151,4.0617
한화시스템,47,4.0268,0.0016,0.0150,4.0268
한화시스템,37,3.9925,0.0008,0.0149,3.9925
한화시스템,65,3.7992,0.0006,0.0141,3.7992
한화시스템,6,3.7390,0.0010,0.0139,3.7390
한화시스템,31,3.3067,0.0026,0.0123,3.3067
한화시스템,83,3.3067,0.0045,0.0123,3.3067
한화시스템,51,3.1671,0.0015,0.0118,3.1671
한화시스템,24,2.6442,0.0034,0.0098,2.6442
한화시스템,19,2.6194,0.0010,0.0097,2.6194
한화시스템,85,2.5950,0.0023,0.0097,2.5950
한화시스템,78,2.3169,0.0006,0.0086,2.3169
한화시스템,63,2.2795,0.0007,0.0085,2.2795
한화시스템,39,1.8889,0.0019,0.0070,1.8889
한화시스템,2,1.6985,0.0007,0.0063,1.6985
한화시스템,4,1.6389,0.0008,0.0061,1.6389
한화시스템,49,1.6389,0.0009,0.0061,1.6389
한화시스템,60,1.6389,0.0045,0.0061,1.6389
한화시스템,40,1.5970,0.0004,0.0059,1.5970
한화시스템,38,1.5573,0.0004,0.0058,1.5573
한화시스템,50,1.5573,0.0007,0.0058,1.5573
한화시스템,43,1.0919,0.0023,0.0041,1.0919
한화시스템,15,0.9958,0.0011,0.0037,0.9958
한화시스템,80,0.9073,0.0004,0.0034,0.9073
현대모비스,9,185.6986,0.0248,0.3740,185.6986
현대모비스,10,172.4644,0.0149,0.3473,172.4644
현대모비스,52,152.6713,0.0425,0.3075,152.6713
현대모비스,27,124.2861,0.0132,0.2503,124.2861
현대모비스,20,119.5786,0.0170,0.2408,119.5786
현대모비스,0,105.3584,0.0057,0.2122,105.3584
현대모비스,102,100.2059,0.0203,0.2018,100.2059
현대모비스,81,88.2297,0.0535,0.1777,88.2297
현대모비스,87,84.2498,0.0103,0.1697,84.2498
현대모비스,77,75.2642,0.0108,0.1516,75.2642
현대모비스,62,70.8570,0.0176,0.1427,70.8570
현대모비스,56,70.6841,0.0064,0.1424,70.6841
현대모비스,34,68.8651,0.0140,0.1387,68.8651
현대모비스,29,64.5157,0.0140,0.1299,64.5157
현대모비스,11,61.8378,0.0101,0.1245,61.8378
현대모비스,13,61.6161,0.0095,0.1241,61.6161
현대모비스,36,59.4415,0.0046,0.1197,59.4415
현대모비스,75,53.1887,0.0168,0.1071,53.1887
현대모비스,28,52.5159,0.0116,0.1058,52.5159
현대모비스,86,50.1030,0.0144,0.1009,50.1030
현대모비스,103,50.0178,0.0107,0.1007,50.0178
현대모비스,7,49.8348,0.0181,0.1004,49.8348
현대모비스,90,46.0001,0.0117,0.0926,46.0001
현대모비스,73,44.2186,0.0062,0.0891,44.2186
현대모비스,54,44.1205,0.0086,0.0889,44.1205
현대모비스,88,43.4938,0.0046,0.0876,43.4938
현대모비스,57,43.2906,0.0071,0.0872,43.2906
현대모비스,3,40.3815,0.0103,0.0813,40.3815
현대모비스,53,40.3815,0.0161,0.0813,40.3815
현대모비스,45,40.1588,0.0109,0.0809,40.1588
현대모비스,95,38.3664,0.0161,0.0773,38.3664
현대모비스,33,36.9348,0.0066,0.0744,36.9348
현대모비스,97,35.8947,0.0107,0.0723,35.8947
현대모비스,71,34.8711,0.0097,0.0702,34.8711
현대모비스,46,34.3991,0.0058,0.0693,34.3991
현대모비스,17,33.0922,0.0070,0.0666,33.0922
현대모비스,76,32.8718,0.0041,0.0662,32.8718
현대모비스,14,31.4078,0.0035,0.0633,31.4078
현대모비스,25,30.9340,0.0081,0.0623,30.9340
현대모비스,26,29.6775,0.0098,0.0598,29.6775
현대모비스,93,29.3971,0.0084,0.0592,29.3971
현대모비스,98,29.2732,0.0054,0.0590,29.2732
현대모비스,8,28.2709,0.0035,0.0569,28.2709
현대모비스,89,28.2709,0.0035,0.0569,28.2709
현대모비스,12,27.8896,0.0096,0.0562,27.8896
현대모비스,21,27.6374,0.0056,0.0557,27.6374
현대모비스,67,27.5763,0.0226,0.0555,27.5763
현대모비스,78,26.2577,0.0063,0.0529,26.2577
현대모비스,94,26.2221,0.0103,0.0528,26.2221
현대모비스,64,25.7658,0.0105,0.0519,25.7658
현대모비스,92,24.4473,0.0130,0.0492,24.4473
현대모비스,79,24.1075,0.0381,0.0486,24.1075
현대모비스,61,23.9298,0.0046,0.0482,23.9298
현대모비스,30,23.9216,0.0063,0.0482,23.9216
현대모비스,59,22.6768,0.0055,0.0457,22.6768
현대모비스,40,22.3582,0.0060,0.0450,22.3582
현대모비스,72,22.1698,0.0150,0.0446,22.1698
현대모비스,23,21.9331,0.0058,0.0442,21.9331
현대모비스,74,21.5597,0.0075,0.0434,21.5597
현대모비스,32,21.2755,0.0116,0.0428,21.2755
현대모비스,37,20.7612,0.0041,0.0418,20.7612
현대모비스,96,18.8440,0.0040,0.0380,18.8440
현대모비스,16,18.5484,0.0033,0.0374,18.5484
현대모비스,5,17.9849,0.0037,0.0362,17.9849
현대모비스,50,17.1307,0.0074,0.0345,17.1307
현대모비스,66,16.6726,0.0042,0.0336,16.6726
현대모비스,1,16.1072,0.0040,0.0324,16.1072
현대모비스,41,15.9702,0.0056,0.0322,15.9702
현대모비스,24,15.8653,0.0204,0.0320,15.8653
현대모비스,82,15.8038,0.0333,0.0318,15.8038
현대모비스,101,15.5734,0.0042,0.0314,15.5734
현대모비스,63,15.1968,0.0048,0.0306,15.1968
현대모비스,55,14.5696,0.0100,0.0293,14.5696
현대모비스,38,14.0160,0.0034,0.0282,14.0160
현대모비스,83,13.2269,0.0180,0.0266,13.2269
현대모비스,100,12.8141,0.0025,0.0258,12.8141
현대모비스,69,11.4901,0.0049,0.0231,11.4901
현대모비스,65,11.3976,0.0017,0.0230,11.3976
현대모비스,70,10.4697,0.0036,0.0211,10.4697
현대모비스,2,9.3415,0.0039,0.0188,9.3415
현대모비스,58,8.4923,0.0087,0.0171,8.4923
현대모비스,84,8.1944,0.0022,0.0165,8.1944
현대모비스,22,7.7867,0.0019,0.0157,7.7867
현대모비스,47,7.2482,0.0029,0.0146,7.2482
현대모비스,51,7.1260,0.0033,0.0144,7.1260
현대모비스,19,6.9849,0.0026,0.0141,6.9849
현대모비스,85,6.9200,0.0060,0.0139,6.9200
현대모비스,60,6.5555,0.0181,0.0132,6.5555
현대모비스,49,5.7361,0.0031,0.0116,5.7361
현대모비스,35,5.2884,0.0024,0.0107,5.2884
현대모비스,48,5.2884,0.0027,0.0107,5.2884
현대모비스,6,5.2346,0.0014,0.0105,5.2346
현대모비스,42,3.5939,0.0023,0.0072,3.5939
현대모비스,91,3.1940,0.0015,0.0064,3.1940
현대모비스,39,2.8334,0.0029,0.0057,2.8334
현대모비스,80,2.7219,0.0013,0.0055,2.7219
현대모비스,68,2.5950,0.0018,0.0052,2.5950
현대모비스,4,2.4583,0.0013,0.0050,2.4583
현대모비스,43,2.1838,0.0046,0.0044,2.1838
현대모비스,15,1.9916,0.0021,0.0040,1.9916
현대모비스,18,1.9286,0.0016,0.0039,1.9286
현대모비스,31,1.6534,0.0013,0.0033,1.6534
현대모비스,99,1.1192,0.0024,0.0023,1.1192
현대모비스,44,0.9073,0.0013,0.0018,0.9073
현대자동차,9,161.0794,0.0215,0.2989,161.0794
현대자동차,0,137.9363,0.0074,0.2560,137.9363
현대자동차,10,136.1561,0.0117,0.2527,136.1561
현대자동차,17,117.9808,0.0248,0.2190,117.9808
현대자동차,27,111.7178,0.0119,0.2073,111.7178
현대자동차,20,111.1378,0.0158,0.2063,111.1378
현대자동차,87,97.8154,0.0119,0.1815,97.8154
현대자동차,56,95.6735,0.0086,0.1776,95.6735
현대자동차,77,95.6629,0.0138,0.1775,95.6629
현대자동차,7,94.9977,0.0345,0.1763,94.9977
현대자동차,13,87.7124,0.0135,0.1628,87.7124
현대자동차,36,86.2626,0.0067,0.1601,86.2626
현대자동차,102,80.0152,0.0162,0.1485,80.0152
현대자동차,34,78.2888,0.0159,0.1453,78.2888
현대자동차,28,77.6947,0.0171,0.1442,77.6947
현대자동차,29,72.4896,0.0157,0.1345,72.4896
현대자동차,73,67.4153,0.0094,0.1251,67.4153
현대자동차,62,67.2046,0.0167,0.1247,67.2046
현대자동차,52,66.4741,0.0185,0.1234,66.4741
현대자동차,11,64.7825,0.0106,0.1202,64.7825
현대자동차,54,63.5635,0.0124,0.1180,63.5635
현대자동차,98,60.6884,0.0113,0.1126,60.6884
현대자동차,57,60.0483,0.0099,0.1114,60.0483
현대자동차,3,59.0766,0.0151,0.1096,59.0766
현대자동차,25,58.9904,0.0155,0.1095,58.9904
현대자동차,21,57.4008,0.0117,0.1065,57.4008
현대자동차,88,57.2668,0.0061,0.1063,57.2668
현대자동차,16,55.6453,0.0098,0.1033,55.6453
현대자동차,103,53.6423,0.0115,0.0996,53.6423
현대자동차,45,53.2876,0.0144,0.0989,53.2876
현대자동차,86,52.3464,0.0150,0.0972,52.3464
현대자동차,8,51.4676,0.0063,0.0955,51.4676
현대자동차,89,50.7427,0.0062,0.0942,50.7427
현대자동차,90,50.4517,0.0128,0.0936,50.4517
현대자동차,26,48.9679,0.0162,0.0909,48.9679
현대자동차,75,47.8698,0.0152,0.0888,47.8698
현대자동차,48,47.5958,0.0246,0.0883,47.5958
현대자동차,64,46.3784,0.0189,0.0861,46.3784
현대자동차,96,46.3248,0.0098,0.0860,46.3248
현대자동차,30,44.9435,0.0118,0.0834,44.9435
현대자동차,66,44.2186,0.0110,0.0821,44.2186
현대자동차,5,43.1637,0.0090,0.0801,43.1637
현대자동차,12,42.2112,0.0145,0.0783,42.2112
현대자동차,14,41.8771,0.0046,0.0777,41.8771
현대자동차,59,41.8104,0.0102,0.0776,41.8104
현대자동차,74,41.5224,0.0145,0.0771,41.5224
현대자동차,97,41.1293,0.0123,0.0763,41.1293
현대자동차,46,38.8859,0.0066,0.0722,38.8859
현대자동차,33,38.4424,0.0069,0.0713,38.4424
현대자동차,41,36.7314,0.0130,0.0682,36.7314
현대자동차,93,35.4273,0.0101,0.0657,35.4273
현대자동차,76,35.0633,0.0043,0.0651,35.0633
현대자동차,71,34.8711,0.0097,0.0647,34.8711
현대자동차,61,33.6513,0.0065,0.0625,33.6513
현대자동차,22,32.7041,0.0078,0.0607,32.7041
현대자동차,1,32.2144,0.0080,0.0598,32.2144
현대자동차,53,30.6600,0.0122,0.0569,30.6600
현대자동차,65,29.6337,0.0044,0.0550,29.6337
현대자동차,32,28.8739,0.0158,0.0536,28.8739
현대자동차,47,27.3822,0.0110,0.0508,27.3822
현대자동차,6,26.1732,0.0072,0.0486,26.1732
현대자동차,100,24.8745,0.0049,0.0462,24.8745
현대자동차,40,24.7537,0.0067,0.0459,24.7537
현대자동차,63,24.3148,0.0078,0.0451,24.3148
현대자동차,91,23.1567,0.0111,0.0430,23.1567
현대자동차,72,22.1698,0.0150,0.0411,22.1698
현대자동차,70,21.7447,0.0074,0.0404,21.7447
현대자동차,92,20.0817,0.0107,0.0373,20.0817
현대자동차,78,20.0794,0.0048,0.0373,20.0794
현대자동차,55,19.7118,0.0135,0.0366,19.7118
현대자동차,101,18.6881,0.0051,0.0347,18.6881
현대자동차,31,17.3603,0.0135,0.0322,17.3603
현대자동차,67,16.8522,0.0138,0.0313,16.8522
현대자동차,2,16.1353,0.0067,0.0299,16.1353
현대자동차,69,16.0862,0.0069,0.0299,16.0862
현대자동차,50,15.5734,0.0067,0.0289,15.5734
현대자동차,58,15.2861,0.0157,0.0284,15.2861
현대자동차,95,15.0129,0.0063,0.0279,15.0129
현대자동차,84,14.7499,0.0040,0.0274,14.7499
현대자동차,80,14.5167,0.0068,0.0269,14.5167
현대자동차,37,13.5746,0.0027,0.0252,13.5746
현대자동차,51,13.4602,0.0062,0.0250,13.4602
현대자동차,23,12.9974,0.0034,0.0241,12.9974
현대자동차,79,12.5359,0.0198,0.0233,12.5359
현대자동차,85,11.2450,0.0098,0.0209,11.2450
현대자동차,38,10.9014,0.0026,0.0202,10.9014
현대자동차,42,10.7818,0.0070,0.0200,10.7818
현대자동차,83,10.7468,0.0146,0.0199,10.7468
현대자동차,94,10.6527,0.0042,0.0198,10.6527
현대자동차,81,10.3800,0.0063,0.0193,10.3800
현대자동차,60,9.8333,0.0271,0.0182,9.8333
현대자동차,24,8.8140,0.0113,0.0164,8.8140
현대자동차,43,8.7354,0.0183,0.0162,8.7354
현대자동차,82,8.4287,0.0178,0.0156,8.4287
현대자동차,68,7.7850,0.0055,0.0144,7.7850
현대자동차,39,7.5557,0.0077,0.0140,7.5557
현대자동차,4,7.3750,0.0038,0.0137,7.3750
현대자동차,19,6.9849,0.0026,0.0130,6.9849
현대자동차,15,6.9706,0.0074,0.0129,6.9706
현대자동차,49,5.7361,0.0031,0.0106,5.7361
현대자동차,44,5.4438,0.0076,0.0101,5.4438
현대자동차,18,3.8572,0.0032,0.0072,3.8572
현대자동차,99,3.3577,0.0073,0.0062,3.3577
현대자동차,35,2.6442,0.0012,0.0049,2.6442
현대차,20,367.8801,0.0523,0.2860,423.0621
현대차,9,362.2529,0.0483,0.2816,416.5908
현대차,10,360.9881,0.0311,0.2806,415.1364
현대차,0,338.9490,0.0183,0.2635,389.7913
현대차,27,252.0633,0.0269,0.1960,289.8728
현대차,56,227.0460,0.0205,0.1765,261.1029
현대차,87,220.6202,0.0269,0.1715,253.7132
현대차,36,211.6696,0.0164,0.1646,243.4200
현대차,7,210.2407,0.0762,0.1634,241.7768
현대차,77,205.3939,0.0296,0.1597,236.2030
현대차,102,204.1509,0.0415,0.1587,234.7736
현대차,52,187.7346,0.0523,0.1459,215.8948
현대차,46,182.4646,0.0308,0.1418,209.8342
현대차,34,176.1497,0.0357,0.1369,202.5722
현대차,45,168.3580,0.0456,0.1309,193.6117
현대차,62,162.1676,0.0403,0.1261,186.4928
현대차,28,161.1446,0.0355,0.1253,185.3163
현대차,3,159.2826,0.0408,0.1238,183.1750
현대차,57,159.1979,0.0263,0.1238,183.0775
현대차,54,157.0392,0.0307,0.1221,180.5951
현대차,11,156.8031,0.0257,0.1219,180.3235
현대차,8,152.9530,0.0187,0.1189,175.8960
현대차,74,150.1194,0.0524,0.1167,172.6374
현대차,13,140.6298,0.0217,0.1093,161.7243
현대차,88,140.6298,0.0150,0.1093,161.7243
현대차,64,137.6628,0.0561,0.1070,158.3122
현대차,73,136.2804,0.0190,0.1059,156.7225
현대차,29,133.3808,0.0289,0.1037,153.3880
현대차,17,133.0882,0.0280,0.1035,153.0514
현대차,14,130.8660,0.0144,0.1017,150.4959
현대차,86,130.8660,0.0376,0.1017,150.4959
현대차,103,121.0576,0.0259,0.0941,139.2163
현대차,16,119.4519,0.0211,0.0929,137.3697
현대차,75,115.4955,0.0366,0.0898,132.8198
현대차,96,114.6342,0.0242,0.0891,131.8294
현대차,98,113.5230,0.0211,0.0883,130.5515
현대차,90,112.7745,0.0287,0.0877,129.6906
현대차,21,111.2583,0.0226,0.0865,127.9470
현대차,76,108.1118,0.0134,0.0840,124.3285
현대차,89,105.1099,0.0128,0.0817,120.8764
현대차,26,103.8712,0.0343,0.0807,119.4519
현대차,93,102.5130,0.0293,0.0797,117.8899
현대차,48,97.8358,0.0507,0.0761,112.5112
현대차,33,95.7290,0.0172,0.0744,110.0884
현대차,25,95.6796,0.0251,0.0744,110.0315
현대차,71,92.7422,0.0257,0.0721,106.6535
현대차,41,86.2388,0.0305,0.0670,99.1747
현대차,92,85.5656,0.0456,0.0665,98.4005
현대차,66,85.5377,0.0213,0.0665,98.3684
현대차,30,84.0879,0.0221,0.0654,96.7011
현대차,12,83.6687,0.0287,0.0650,96.2190
현대차,5,82.0111,0.0170,0.0638,94.3127
현대차,59,81.4949,0.0198,0.0634,93.7191
현대차,91,77.4552,0.0370,0.0602,89.0735
현대차,53,77.0240,0.0307,0.0599,88.5776
현대차,78,74.1393,0.0178,0.0576,85.2602
현대차,97,73.2849,0.0219,0.0570,84.2777
현대차,61,71.0415,0.0137,0.0552,81.6978
현대차,32,65.3461,0.0358,0.0508,75.1480
현대차,63,63.8264,0.0204,0.0496,73.4004
현대차,65,63.8264,0.0094,0.0496,73.4004
현대차,80,60.7888,0.0283,0.0473,69.9071
현대차,100,59.5480,0.0118,0.0463,68.4802
현대차,55,59.1354,0.0405,0.0460,68.0057
현대차,40,59.0896,0.0160,0.0459,67.9530
현대차,70,57.9859,0.0199,0.0451,66.6837
현대차,1,57.1805,0.0141,0.0445,65.7576
현대차,37,55.8955,0.0109,0.0435,64.2799
현대차,95,55.8815,0.0235,0.0434,64.2638
현대차,101,54.5069,0.0149,0.0424,62.6829
현대차,68,53.6298,0.0379,0.0417,61.6743
현대차,72,53.0491,0.0359,0.0412,61.0065
현대차,31,52.9074,0.0411,0.0411,60.8435
현대차,69,52.0886,0.0224,0.0405,59.9019
현대차,22,51.3922,0.0123,0.0400,59.1010
현대차,23,48.7401,0.0128,0.0379,56.0512
현대차,38,46.7202,0.0112,0.0363,53.7282
현대차,2,46.7075,0.0194,0.0363,53.7136
현대차,84,43.4304,0.0118,0.0338,49.9449
현대차,47,41.8787,0.0168,0.0326,48.1605
현대차,67,41.3645,0.0339,0.0322,47.5691
현대차,94,40.9720,0.0161,0.0319,47.1179
현대차,85,39.7899,0.0346,0.0309,45.7584
현대차,6,37.3903,0.0103,0.0291,42.9988
현대차,50,36.5975,0.0157,0.0285,42.0871
현대차,79,34.7148,0.0549,0.0270,39.9220
현대차,51,30.0876,0.0138,0.0234,34.6007
현대차,81,28.5449,0.0173,0.0222,32.8267
현대차,58,25.4768,0.0261,0.0198,29.2983
현대차,19,25.3204,0.0093,0.0197,29.1185
현대차,24,22.9165,0.0294,0.0178,26.3540
현대차,39,21.7226,0.0221,0.0169,24.9810
현대차,83,19.0136,0.0259,0.0148,21.8656
현대차,82,18.9646,0.0400,0.0147,21.8093
현대차,42,17.9697,0.0117,0.0140,20.6652
현대차,15,15.9328,0.0169,0.0124,18.3228
현대차,4,15.5694,0.0080,0.0121,17.9048
현대차,35,14.9839,0.0069,0.0116,17.2314
현대차,60,14.7499,0.0407,0.0115,16.9624
현대차,49,13.1111,0.0071,0.0102,15.0777
현대차,99,12.3115,0.0267,0.0096,14.1583
현대차,18,7.7144,0.0063,0.0060,8.8716
현대차,43,7.6435,0.0160,0.0059,8.7900
현대차,44,4.5365,0.0064,0.0035,5.2169
화웨이,0,188.5360,0.0102,0.3798,206.0699
화웨이,36,129.0315,0.0100,0.2600,141.0314
화웨이,56,119.2349,0.0107,0.2402,130.3237
화웨이,40,105.4030,0.0285,0.2124,115.2055
화웨이,84,102.4301,0.0279,0.2064,111.9561
화웨이,70,101.4753,0.0348,0.2044,110.9125
화웨이,94,97.5135,0.0384,0.1965,106.5822
화웨이,10,90.7707,0.0078,0.1829,99.2124
화웨이,37,87.0373,0.0170,0.1754,95.1318
화웨이,88,84.0879,0.0090,0.1694,91.9081
화웨이,27,83.0901,0.0089,0.1674,90.8175
화웨이,58,80.6765,0.0828,0.1625,88.1794
화웨이,65,79.0232,0.0117,0.1592,86.3724
화웨이,101,77.8669,0.0212,0.1569,85.1086
화웨이,87,77.8240,0.0095,0.1568,85.0616
화웨이,61,69.5459,0.0134,0.1401,76.0137
화웨이,73,68.1402,0.0095,0.1373,74.4773
화웨이,76,63.5522,0.0079,0.1280,69.4625
화웨이,14,59.8244,0.0066,0.1205,65.3881
화웨이,9,58.3825,0.0078,0.1176,63.8121
화웨이,23,56.0512,0.0147,0.1129,61.2639
화웨이,8,55.8170,0.0068,0.1125,61.0080
화웨이,20,54.8655,0.0078,0.1105,59.9680
화웨이,13,52.1925,0.0080,0.1052,57.0464
화웨이,89,52.1925,0.0064,0.1052,57.0464
화웨이,100,47.4876,0.0094,0.0957,51.9040
화웨이,103,46.3933,0.0099,0.0935,50.7079
화웨이,38,45.9415,0.0110,0.0926,50.2141
화웨이,77,45.7212,0.0066,0.0921,49.9733
화웨이,63,45.5903,0.0145,0.0919,49.8302
화웨이,57,44.6871,0.0074,0.0900,48.8430
화웨이,71,43.7743,0.0121,0.0882,47.8453
화웨이,11,43.4337,0.0071,0.0875,47.4730
화웨이,46,43.3727,0.0073,0.0874,47.4064
화웨이,59,42.5191,0.0103,0.0857,46.4734
화웨이,90,41.5485,0.0106,0.0837,45.4125
화웨이,62,40.9072,0.0102,0.0824,44.7115
화웨이,28,37.4086,0.0082,0.0754,40.8876
화웨이,29,36.9697,0.0080,0.0745,40.4079
화웨이,54,34.3991,0.0067,0.0693,37.5982
화웨이,12,33.9197,0.0116,0.0683,37.0743
화웨이,93,32.4122,0.0093,0.0653,35.4265
화웨이,98,32.1292,0.0060,0.0647,35.1172
화웨이,2,31.4214,0.0131,0.0633,34.3436
화웨이,33,29.3971,0.0053,0.0592,32.1310
화웨이,3,29.1644,0.0075,0.0588,31.8767
화웨이,97,29.1644,0.0087,0.0588,31.8767
화웨이,16,28.1936,0.0050,0.0568,30.8156
화웨이,26,27.4517,0.0091,0.0553,30.0047
화웨이,48,27.3235,0.0141,0.0550,29.8646
화웨이,22,27.2534,0.0065,0.0549,29.7880
화웨이,19,27.0667,0.0100,0.0545,29.5839
화웨이,17,26.6176,0.0056,0.0536,29.0931
화웨이,75,25.0747,0.0079,0.0505,27.4066
화웨이,78,23.9408,0.0057,0.0482,26.1673
화웨이,34,23.9216,0.0048,0.0482,26.1463
화웨이,69,22.9803,0.0099,0.0463,25.1174
화웨이,35,22.9165,0.0105,0.0462,25.0477
화웨이,21,21.9682,0.0045,0.0443,24.0112
화웨이,53,20.9386,0.0084,0.0422,22.8858
화웨이,66,20.2971,0.0051,0.0409,22.1847
화웨이,7,20.2454,0.0073,0.0408,22.1282
화웨이,102,20.1908,0.0041,0.0407,22.0685
화웨이,45,20.0794,0.0054,0.0405,21.9468
화웨이,52,18.9926,0.0053,0.0383,20.7589
화웨이,41,18.3657,0.0065,0.0370,20.0737
화웨이,39,17.9448,0.0183,0.0362,19.6136
화웨이,30,17.3975,0.0046,0.0351,19.0155
화웨이,5,17.2655,0.0036,0.0348,18.8712
화웨이,6,17.1995,0.0047,0.0347,18.7991
화웨이,96,16.4885,0.0035,0.0332,18.0219
화웨이,86,16.4517,0.0047,0.0331,17.9817
화웨이,49,13.9305,0.0075,0.0281,15.2260
화웨이,25,13.6685,0.0036,0.0275,14.9397
화웨이,74,13.5746,0.0047,0.0273,14.8371
화웨이,72,13.4602,0.0091,0.0271,14.7120
화웨이,31,13.2269,0.0103,0.0266,14.4570
화웨이,68,12.1100,0.0086,0.0244,13.2362
화웨이,64,11.7786,0.0048,0.0237,12.8740
화웨이,51,9.5013,0.0044,0.0191,10.3850
화웨이,91,7.9851,0.0038,0.0161,8.7277
화웨이,50,7.7867,0.0033,0.0157,8.5109
화웨이,81,7.7850,0.0047,0.0157,8.5090
화웨이,67,7.6601,0.0063,0.0154,8.3725
화웨이,4,7.3750,0.0038,0.0149,8.0608
화웨이,47,7.2482,0.0029,0.0146,7.9223
화웨이,42,7.1879,0.0047,0.0145,7.8564
화웨이,18,6.7501,0.0055,0.0136,7.3779
화웨이,95,6.6724,0.0028,0.0134,7.2930
화웨이,1,6.4429,0.0016,0.0130,7.0421
화웨이,92,6.1118,0.0033,0.0123,6.6802
화웨이,83,5.7868,0.0079,0.0117,6.3249
화웨이,24,5.2884,0.0068,0.0107,5.7802
화웨이,55,5.1422,0.0035,0.0104,5.6204
화웨이,80,4.5365,0.0021,0.0091,4.9584
화웨이,60,4.0972,0.0113,0.0083,4.4782
화웨이,82,3.1608,0.0067,0.0064,3.4547
화웨이,15,2.9874,0.0032,0.0060,3.2652
화웨이,85,2.5950,0.0023,0.0052,2.8363
화웨이,32,2.2795,0.0012,0.0046,2.4915
화웨이,43,1.0919,0.0023,0.0022,1.1935
