org,topic,base_score,topic_share,company_focus,hybrid_score
AMD,30,453.9946,0.1532,0.4052,453.9946
AMD,0,367.5420,0.0134,0.3280,367.5420
AMD,83,249.9146,0.0334,0.2230,249.9146
AMD,50,245.7163,0.0168,0.2193,245.7163
AMD,24,244.3320,0.0347,0.2180,244.3320
AMD,102,219.3664,0.0300,0.1958,219.3664
AMD,12,218.3414,0.0146,0.1949,218.3414
AMD,9,215.7278,0.0234,0.1925,215.7278
AMD,51,179.9930,0.0196,0.1606,179.9930
AMD,14,178.8320,0.0189,0.1596,178.8320
AMD,112,177.8837,0.0309,0.1587,177.8837
AMD,11,164.4384,0.0637,0.1468,164.4384
AMD,52,152.0230,0.0215,0.1357,152.0230
AMD,103,138.9190,0.0179,0.1240,138.9190
AMD,10,136.8248,0.0134,0.1221,136.8248
AMD,13,135.3409,0.0783,0.1208,135.3409
AMD,89,131.4617,0.0135,0.1173,131.4617
AMD,101,128.8897,0.0169,0.1150,128.8897
AMD,62,127.6736,0.0606,0.1139,127.6736
AMD,27,126.4725,0.0098,0.1129,126.4725
AMD,29,115.8822,0.0177,0.1034,115.8822
AMD,43,113.4226,0.0180,0.1012,113.4226
AMD,68,113.1623,0.0134,0.1010,113.1623
AMD,46,112.8192,0.0129,0.1007,112.8192
AMD,34,110.4769,0.0219,0.0986,110.4769
AMD,5,107.4378,0.0162,0.0959,107.4378
AMD,1,104.1491,0.0068,0.0929,104.1491
AMD,122,100.7453,0.0282,0.0899,100.7453
AMD,37,100.6471,0.0105,0.0898,100.6471
AMD,100,98.4301,0.0184,0.0878,98.4301
AMD,56,95.6050,0.0076,0.0853,95.6050
AMD,72,93.2587,0.0207,0.0832,93.2587
AMD,82,93.2587,0.0191,0.0832,93.2587
AMD,35,92.2495,0.0142,0.0823,92.2495
AMD,118,88.3181,0.0079,0.0788,88.3181
AMD,79,84.6985,0.0146,0.0756,84.6985
AMD,95,84.0755,0.0219,0.0750,84.0755
AMD,58,82.6727,0.0150,0.0738,82.6727
AMD,23,78.8457,0.0153,0.0704,78.8457
AMD,124,78.5081,0.0170,0.0701,78.5081
AMD,16,77.1922,0.0152,0.0689,77.1922
AMD,19,76.0115,0.0085,0.0678,76.0115
AMD,54,76.0115,0.0167,0.0678,76.0115
AMD,55,73.6794,0.0087,0.0658,73.6794
AMD,81,72.9327,0.0087,0.0651,72.9327
AMD,22,71.0784,0.0101,0.0634,71.0784
AMD,42,70.1305,0.0097,0.0626,70.1305
AMD,2,66.6763,0.0098,0.0595,66.6763
AMD,70,66.6005,0.0073,0.0594,66.6005
AMD,114,63.4514,0.0210,0.0566,63.4514
AMD,32,61.3496,0.0248,0.0548,61.3496
AMD,87,59.3736,0.0227,0.0530,59.3736
AMD,15,56.0687,0.0108,0.0500,56.0687
AMD,78,53.6419,0.0083,0.0479,53.6419
AMD,98,52.6281,0.0132,0.0470,52.6281
AMD,123,52.5115,0.0054,0.0469,52.5115
AMD,97,52.4003,0.0141,0.0468,52.4003
AMD,17,52.1222,0.0150,0.0465,52.1222
AMD,75,51.4788,0.0122,0.0459,51.4788
AMD,59,51.1637,0.0174,0.0457,51.1637
AMD,3,50.4955,0.0174,0.0451,50.4955
AMD,61,47.7944,0.0086,0.0427,47.7944
AMD,41,47.1930,0.0223,0.0421,47.1930
AMD,31,46.5503,0.0182,0.0415,46.5503
AMD,6,44.0181,0.0089,0.0393,44.0181
AMD,88,43.1025,0.0237,0.0385,43.1025
AMD,39,41.4624,0.0106,0.0370,41.4624
AMD,28,40.9598,0.0077,0.0366,40.9598
AMD,106,40.9150,0.0081,0.0365,40.9150
AMD,77,40.8773,0.0151,0.0365,40.8773
AMD,20,40.8423,0.0077,0.0364,40.8423
AMD,96,36.5952,0.0222,0.0327,36.5952
AMD,111,36.5574,0.0114,0.0326,36.5574
AMD,93,36.2690,0.0197,0.0324,36.2690
AMD,85,33.0966,0.0083,0.0295,33.0966
AMD,48,33.0262,0.0211,0.0295,33.0262
AMD,26,32.5805,0.0068,0.0291,32.5805
AMD,76,31.7774,0.0173,0.0284,31.7774
AMD,91,31.7774,0.0159,0.0284,31.7774
AMD,69,31.5572,0.0066,0.0282,31.5572
AMD,36,31.0651,0.0135,0.0277,31.0651
AMD,40,30.3074,0.0054,0.0270,30.3074
AMD,105,29.2687,0.0176,0.0261,29.2687
AMD,64,29.0167,0.0169,0.0259,29.0167
AMD,57,28.0344,0.0051,0.0250,28.0344
AMD,109,25.7613,0.0099,0.0230,25.7613
AMD,60,25.7005,0.0321,0.0229,25.7005
AMD,104,24.8104,0.0041,0.0221,24.8104
AMD,8,24.6805,0.0099,0.0220,24.6805
AMD,4,22.8653,0.0048,0.0204,22.8653
AMD,121,22.1935,0.0123,0.0198,22.1935
AMD,33,22.0446,0.0070,0.0197,22.0446
AMD,116,21.3098,0.0061,0.0190,21.3098
AMD,73,21.1166,0.0079,0.0188,21.1166
AMD,47,20.6182,0.0049,0.0184,20.6182
AMD,90,20.6182,0.0099,0.0184,20.6182
AMD,84,20.3545,0.0224,0.0182,20.3545
AMD,86,20.2950,0.0252,0.0181,20.2950
AMD,18,20.2459,0.0067,0.0181,20.2459
AMD,92,20.0773,0.0223,0.0179,20.0773
AMD,80,19.4020,0.0092,0.0173,19.4020
AMD,66,18.2391,0.0157,0.0163,18.2391
AMD,45,18.0836,0.0119,0.0161,18.0836
AMD,110,17.8443,0.0075,0.0159,17.8443
AMD,49,17.2436,0.0104,0.0154,17.2436
AMD,113,16.4135,0.0040,0.0146,16.4135
AMD,117,15.7884,0.0083,0.0141,15.7884
AMD,21,15.7260,0.0141,0.0140,15.7260
AMD,25,15.6176,0.0058,0.0139,15.6176
AMD,65,14.2848,0.0079,0.0127,14.2848
AMD,108,13.7455,0.0045,0.0123,13.7455
AMD,71,13.4973,0.0112,0.0120,13.4973
AMD,119,12.9818,0.0072,0.0116,12.9818
AMD,44,12.7058,0.0240,0.0113,12.7058
AMD,38,9.8890,0.0129,0.0088,9.8890
AMD,7,8.2905,0.0038,0.0074,8.2905
AMD,63,7.6364,0.0029,0.0068,7.6364
AMD,94,7.4745,0.0145,0.0067,7.4745
AMD,53,6.4764,0.0084,0.0058,6.4764
AMD,74,5.3657,0.0120,0.0048,5.3657
AMD,120,2.9486,0.0057,0.0026,2.9486
AMD,99,2.1463,0.0033,0.0019,2.1463
AMD,67,1.9256,0.0048,0.0017,1.9256
ASUS,0,169.3171,0.0062,0.3962,169.3171
ASUS,112,129.3699,0.0224,0.3027,129.3699
ASUS,30,122.2639,0.0413,0.2861,122.2639
ASUS,50,115.6312,0.0079,0.2706,115.6312
ASUS,13,100.0760,0.0579,0.2342,100.0760
ASUS,11,99.0368,0.0384,0.2318,99.0368
ASUS,12,80.4051,0.0054,0.1882,80.4051
ASUS,102,75.2314,0.0103,0.1761,75.2314
ASUS,1,72.7617,0.0047,0.1703,72.7617
ASUS,15,68.9494,0.0132,0.1614,68.9494
ASUS,14,68.6216,0.0072,0.1606,68.6216
ASUS,89,55.0625,0.0056,0.1289,55.0625
ASUS,62,54.7172,0.0260,0.1280,54.7172
ASUS,34,52.4057,0.0104,0.1226,52.4057
ASUS,83,50.9602,0.0068,0.1193,50.9602
ASUS,103,49.5641,0.0064,0.1160,49.5641
ASUS,27,47.4272,0.0037,0.1110,47.4272
ASUS,101,46.0320,0.0060,0.1077,46.0320
ASUS,55,45.8617,0.0054,0.1073,45.8617
ASUS,5,45.0546,0.0068,0.1054,45.0546
ASUS,118,42.7112,0.0038,0.1000,42.7112
ASUS,29,41.1870,0.0063,0.0964,41.1870
ASUS,42,40.2878,0.0056,0.0943,40.2878
ASUS,19,39.8155,0.0045,0.0932,39.8155
ASUS,106,39.3997,0.0078,0.0922,39.3997
ASUS,81,39.3836,0.0047,0.0922,39.3836
ASUS,70,39.0916,0.0043,0.0915,39.0916
ASUS,16,38.9502,0.0077,0.0911,38.9502
ASUS,114,37.9250,0.0126,0.0887,37.9250
ASUS,123,37.1957,0.0038,0.0870,37.1957
ASUS,47,35.8909,0.0086,0.0840,35.8909
ASUS,100,35.6024,0.0066,0.0833,35.6024
ASUS,56,33.2847,0.0027,0.0779,33.2847
ASUS,78,32.3321,0.0050,0.0757,32.3321
ASUS,10,32.1119,0.0031,0.0751,32.1119
ASUS,37,32.0904,0.0033,0.0751,32.0904
ASUS,51,30.9363,0.0034,0.0724,30.9363
ASUS,85,30.7875,0.0078,0.0720,30.7875
ASUS,111,30.5889,0.0095,0.0716,30.5889
ASUS,22,28.8756,0.0041,0.0676,28.8756
ASUS,61,27.8206,0.0050,0.0651,27.8206
ASUS,108,27.4909,0.0090,0.0643,27.4909
ASUS,53,26.8310,0.0346,0.0628,26.8310
ASUS,95,26.5880,0.0069,0.0622,26.5880
ASUS,39,25.1736,0.0064,0.0589,25.1736
ASUS,43,24.2539,0.0039,0.0568,24.2539
ASUS,40,23.4883,0.0042,0.0550,23.4883
ASUS,122,23.3068,0.0065,0.0545,23.3068
ASUS,46,21.5578,0.0025,0.0504,21.5578
ASUS,80,21.5578,0.0103,0.0504,21.5578
ASUS,76,19.2337,0.0105,0.0450,19.2337
ASUS,2,18.1845,0.0027,0.0426,18.1845
ASUS,17,18.0980,0.0052,0.0424,18.0980
ASUS,68,17.6357,0.0021,0.0413,17.6357
ASUS,57,17.4268,0.0032,0.0408,17.4268
ASUS,60,16.5810,0.0207,0.0388,16.5810
ASUS,31,16.2926,0.0064,0.0381,16.2926
ASUS,119,16.0364,0.0089,0.0375,16.0364
ASUS,87,15.8887,0.0061,0.0372,15.8887
ASUS,69,15.3937,0.0032,0.0360,15.3937
ASUS,58,15.1037,0.0027,0.0353,15.1037
ASUS,54,14.4784,0.0032,0.0339,14.4784
ASUS,93,14.1922,0.0077,0.0332,14.1922
ASUS,113,14.1753,0.0034,0.0332,14.1753
ASUS,20,13.8572,0.0026,0.0324,13.8572
ASUS,52,13.7545,0.0019,0.0322,13.7545
ASUS,26,13.6383,0.0028,0.0319,13.6383
ASUS,41,13.6134,0.0064,0.0319,13.6134
ASUS,75,13.4293,0.0032,0.0314,13.4293
ASUS,121,13.1517,0.0073,0.0308,13.1517
ASUS,28,12.9347,0.0024,0.0303,12.9347
ASUS,9,12.3066,0.0013,0.0288,12.3066
ASUS,59,12.2182,0.0041,0.0286,12.2182
ASUS,36,12.1230,0.0052,0.0284,12.1230
ASUS,109,12.1230,0.0047,0.0284,12.1230
ASUS,116,11.7571,0.0034,0.0275,11.7571
ASUS,66,11.6067,0.0100,0.0272,11.6067
ASUS,104,11.2775,0.0019,0.0264,11.2775
ASUS,6,11.1910,0.0023,0.0262,11.1910
ASUS,33,10.2875,0.0033,0.0241,10.2875
ASUS,8,10.2126,0.0041,0.0239,10.2126
ASUS,48,9.4361,0.0060,0.0221,9.4361
ASUS,79,8.6870,0.0015,0.0203,8.6870
ASUS,23,8.6730,0.0017,0.0203,8.6730
ASUS,84,8.3269,0.0092,0.0195,8.3269
ASUS,120,7.8630,0.0151,0.0184,7.8630
ASUS,71,7.5922,0.0063,0.0178,7.5922
ASUS,32,7.4614,0.0030,0.0175,7.4614
ASUS,38,7.1920,0.0093,0.0168,7.1920
ASUS,67,6.7397,0.0168,0.0158,6.7397
ASUS,117,6.0146,0.0032,0.0141,6.0146
ASUS,24,5.9232,0.0008,0.0139,5.9232
ASUS,77,5.6106,0.0021,0.0131,5.6106
ASUS,35,5.5192,0.0009,0.0129,5.5192
ASUS,97,5.4747,0.0015,0.0128,5.4747
ASUS,49,5.4453,0.0033,0.0127,5.4453
ASUS,63,5.3455,0.0020,0.0125,5.3455
ASUS,65,5.2628,0.0029,0.0123,5.2628
ASUS,72,5.2225,0.0012,0.0122,5.2225
ASUS,7,4.9743,0.0023,0.0116,4.9743
ASUS,64,4.9743,0.0029,0.0116,4.9743
ASUS,3,4.8091,0.0017,0.0113,4.8091
ASUS,4,4.7307,0.0010,0.0111,4.7307
ASUS,88,4.6181,0.0025,0.0108,4.6181
ASUS,90,4.5818,0.0022,0.0107,4.5818
ASUS,82,4.4764,0.0009,0.0105,4.4764
ASUS,105,4.1812,0.0025,0.0098,4.1812
ASUS,73,3.9105,0.0015,0.0092,3.9105
ASUS,94,3.7372,0.0072,0.0087,3.7372
ASUS,91,3.3450,0.0017,0.0078,3.3450
ASUS,25,3.2879,0.0012,0.0077,3.2879
ASUS,45,3.2879,0.0022,0.0077,3.2879
ASUS,110,3.1034,0.0013,0.0073,3.1034
ASUS,92,3.0116,0.0034,0.0070,3.0116
ASUS,96,2.5532,0.0015,0.0060,2.5532
ASUS,21,1.9658,0.0018,0.0046,1.9658
ASUS,86,1.7648,0.0022,0.0041,1.7648
ASUS,98,1.5037,0.0004,0.0035,1.5037
ASUS,115,1.0039,0.0024,0.0023,1.0039
AUO,0,64.6984,0.0024,0.4081,64.6984
AUO,1,50.6478,0.0033,0.3195,50.6478
AUO,12,36.7368,0.0025,0.2318,36.7368
AUO,123,34.2784,0.0035,0.2162,34.2784
AUO,118,34.0242,0.0030,0.2146,34.0242
AUO,19,33.3003,0.0037,0.2101,33.3003
AUO,81,32.8197,0.0039,0.2070,32.8197
AUO,50,30.2844,0.0021,0.1910,30.2844
AUO,56,29.0356,0.0023,0.1832,29.0356
AUO,70,28.2328,0.0031,0.1781,28.2328
AUO,27,26.5880,0.0021,0.1677,26.5880
AUO,55,25.5622,0.0030,0.1613,25.5622
AUO,37,21.8798,0.0023,0.1380,21.8798
AUO,51,20.3898,0.0022,0.1286,20.3898
AUO,122,19.5476,0.0055,0.1233,19.5476
AUO,116,18.3705,0.0053,0.1159,18.3705
AUO,15,18.1845,0.0035,0.1147,18.1845
AUO,14,18.0218,0.0019,0.1137,18.0218
AUO,42,17.9057,0.0025,0.1130,17.9057
AUO,61,17.8337,0.0032,0.1125,17.8337
AUO,89,17.2070,0.0018,0.1085,17.2070
AUO,110,17.0685,0.0071,0.1077,17.0685
AUO,103,16.7541,0.0022,0.1057,16.7541
AUO,8,15.3189,0.0061,0.0966,15.3189
AUO,20,15.3159,0.0029,0.0966,15.3159
AUO,106,15.1537,0.0030,0.0956,15.1537
AUO,22,14.8080,0.0021,0.0934,14.8080
AUO,57,14.3960,0.0026,0.0908,14.3960
AUO,28,14.3719,0.0027,0.0907,14.3719
AUO,43,13.5536,0.0022,0.0855,13.5536
AUO,33,13.2268,0.0042,0.0834,13.2268
AUO,102,12.6558,0.0017,0.0798,12.6558
AUO,72,11.9371,0.0026,0.0753,11.9371
AUO,10,11.1694,0.0011,0.0705,11.1694
AUO,46,10.7789,0.0012,0.0680,10.7789
AUO,16,10.6228,0.0021,0.0670,10.6228
AUO,101,10.6228,0.0014,0.0670,10.6228
AUO,2,10.6076,0.0016,0.0669,10.6076
AUO,83,9.7732,0.0013,0.0617,9.7732
AUO,6,9.6989,0.0020,0.0612,9.6989
AUO,78,9.5527,0.0015,0.0603,9.5527
AUO,4,9.4615,0.0020,0.0597,9.4615
AUO,79,9.4109,0.0016,0.0594,9.4109
AUO,34,9.2064,0.0018,0.0581,9.2064
AUO,29,9.0751,0.0014,0.0572,9.0751
AUO,9,8.6870,0.0009,0.0548,8.6870
AUO,54,8.6870,0.0019,0.0548,8.6870
AUO,112,8.4372,0.0015,0.0532,8.4372
AUO,47,8.4000,0.0020,0.0530,8.4000
AUO,100,8.3770,0.0016,0.0528,8.3770
AUO,5,8.3178,0.0013,0.0525,8.3178
AUO,39,8.1444,0.0021,0.0514,8.1444
AUO,114,8.0226,0.0027,0.0506,8.0226
AUO,58,7.9493,0.0014,0.0501,7.9493
AUO,90,7.6364,0.0037,0.0482,7.6364
AUO,52,7.2392,0.0010,0.0457,7.2392
AUO,73,7.0389,0.0026,0.0444,7.0389
AUO,24,6.6636,0.0009,0.0420,6.6636
AUO,95,6.4673,0.0017,0.0408,6.4673
AUO,35,6.3077,0.0010,0.0398,6.3077
AUO,108,6.1091,0.0020,0.0385,6.1091
AUO,26,6.0615,0.0013,0.0382,6.0615
AUO,113,5.9686,0.0014,0.0377,5.9686
AUO,32,5.8033,0.0023,0.0366,5.8033
AUO,23,5.5192,0.0011,0.0348,5.5192
AUO,44,5.4453,0.0103,0.0344,5.4453
AUO,85,5.3878,0.0014,0.0340,5.3878
AUO,36,5.3038,0.0023,0.0335,5.3038
AUO,68,5.1437,0.0006,0.0324,5.1437
AUO,97,4.6926,0.0013,0.0296,4.6926
AUO,31,4.6550,0.0018,0.0294,4.6550
AUO,119,4.5818,0.0025,0.0289,4.5818
AUO,40,4.5461,0.0008,0.0287,4.5461
AUO,109,4.5461,0.0017,0.0287,4.5461
AUO,49,4.5378,0.0027,0.0286,4.5378
AUO,65,4.5110,0.0025,0.0285,4.5110
AUO,104,4.5110,0.0007,0.0285,4.5110
AUO,117,4.5110,0.0024,0.0285,4.5110
AUO,17,4.3435,0.0012,0.0274,4.3435
AUO,87,4.1812,0.0016,0.0264,4.1812
AUO,105,4.1812,0.0025,0.0264,4.1812
AUO,77,4.0076,0.0015,0.0253,4.0076
AUO,63,3.8182,0.0014,0.0241,3.8182
AUO,75,3.7303,0.0009,0.0235,3.7303
AUO,82,3.7303,0.0008,0.0235,3.7303
AUO,7,3.3162,0.0015,0.0209,3.3162
AUO,64,3.3162,0.0019,0.0209,3.3162
AUO,93,3.1538,0.0017,0.0199,3.1538
AUO,98,3.0073,0.0008,0.0190,3.0073
AUO,80,2.8744,0.0014,0.0181,2.8744
AUO,25,2.4659,0.0009,0.0156,2.4659
AUO,3,2.4045,0.0008,0.0152,2.4045
AUO,69,2.3091,0.0005,0.0146,2.3091
AUO,124,2.3091,0.0005,0.0146,2.3091
AUO,59,2.2909,0.0008,0.0145,2.2909
AUO,111,2.2382,0.0007,0.0141,2.2382
AUO,92,2.0077,0.0022,0.0127,2.0077
AUO,13,1.9062,0.0011,0.0120,1.9062
AUO,86,1.7648,0.0022,0.0111,1.7648
AUO,18,1.6872,0.0006,0.0106,1.6872
AUO,71,1.6872,0.0014,0.0106,1.6872
AUO,91,1.6725,0.0008,0.0106,1.6725
AUO,66,1.6581,0.0014,0.0105,1.6581
AUO,45,1.6440,0.0011,0.0104,1.6440
AUO,88,1.5394,0.0008,0.0097,1.5394
AUO,74,1.0731,0.0024,0.0068,1.0731
AUO,99,1.0731,0.0016,0.0068,1.0731
AUO,120,0.9829,0.0019,0.0062,0.9829
AUO,67,0.9628,0.0024,0.0061,0.9628
AUO,11,0.9343,0.0004,0.0059,0.9343
AUO,30,0.8990,0.0003,0.0057,0.8990
AUO,38,0.8990,0.0012,0.0057,0.8990
AUO,62,0.8290,0.0004,0.0052,0.8290
AUO,121,0.8220,0.0005,0.0052,0.8220
Acer,0,104.6187,0.0038,0.4296,104.6187
Acer,112,89.9965,0.0156,0.3696,89.9965
Acer,15,53.0380,0.0102,0.2178,53.0380
Acer,50,52.3094,0.0036,0.2148,52.3094
Acer,1,49.2211,0.0032,0.2021,49.2211
Acer,12,45.7477,0.0031,0.1879,45.7477
Acer,30,42.2530,0.0143,0.1735,42.2530
Acer,14,40.8957,0.0043,0.1679,40.8957
Acer,47,35.8909,0.0086,0.1474,35.8909
Acer,11,35.5038,0.0138,0.1458,35.5038
Acer,27,34.4925,0.0027,0.1417,34.4925
Acer,70,33.3003,0.0036,0.1368,33.3003
Acer,118,33.3003,0.0030,0.1368,33.3003
Acer,81,32.0904,0.0038,0.1318,32.0904
Acer,55,30.8251,0.0037,0.1266,30.8251
Acer,13,30.4994,0.0177,0.1253,30.4994
Acer,85,30.0178,0.0076,0.1233,30.0178
Acer,89,29.5961,0.0030,0.1215,29.5961
Acer,103,29.3196,0.0038,0.1204,29.3196
Acer,5,29.1122,0.0044,0.1196,29.1122
Acer,42,29.0967,0.0040,0.1195,29.0967
Acer,106,28.7921,0.0057,0.1182,28.7921
Acer,108,27.4909,0.0090,0.1129,27.4909
Acer,29,25.8292,0.0040,0.1061,25.8292
Acer,123,23.3385,0.0024,0.0958,23.3385
Acer,62,23.2134,0.0110,0.0953,23.2134
Acer,39,22.9524,0.0059,0.0943,22.9524
Acer,34,22.6619,0.0045,0.0931,22.6619
Acer,37,22.6091,0.0023,0.0929,22.6091
Acer,111,22.3821,0.0070,0.0919,22.3821
Acer,101,21.2456,0.0028,0.0873,21.2456
Acer,102,21.0929,0.0029,0.0866,21.0929
Acer,83,20.9426,0.0028,0.0860,20.9426
Acer,100,20.9426,0.0039,0.0860,20.9426
Acer,61,20.6871,0.0037,0.0850,20.6871
Acer,56,20.5374,0.0016,0.0843,20.5374
Acer,19,19.5458,0.0022,0.0803,19.5458
Acer,16,19.1210,0.0038,0.0785,19.1210
Acer,78,19.1053,0.0030,0.0785,19.1053
Acer,51,18.9836,0.0021,0.0780,18.9836
Acer,40,18.9421,0.0034,0.0778,18.9421
Acer,76,17.5612,0.0096,0.0721,17.5612
Acer,114,16.7745,0.0056,0.0689,16.7745
Acer,22,16.2888,0.0023,0.0669,16.2888
Acer,10,16.0560,0.0016,0.0659,16.0560
Acer,80,15.8091,0.0075,0.0649,15.8091
Acer,57,12.8807,0.0023,0.0529,12.8807
Acer,116,12.4919,0.0036,0.0513,12.4919
Acer,121,12.3297,0.0068,0.0506,12.3297
Acer,33,11.0223,0.0035,0.0453,11.0223
Acer,68,11.0223,0.0013,0.0453,11.0223
Acer,20,10.9399,0.0021,0.0449,10.9399
Acer,28,10.7789,0.0020,0.0443,10.7789
Acer,59,9.9273,0.0034,0.0408,9.9273
Acer,109,9.8499,0.0038,0.0405,9.8499
Acer,75,9.6989,0.0023,0.0398,9.6989
Acer,113,9.6989,0.0024,0.0398,9.6989
Acer,69,9.2362,0.0019,0.0379,9.2362
Acer,119,9.1636,0.0051,0.0376,9.1636
Acer,60,9.1195,0.0114,0.0375,9.1195
Acer,26,9.0922,0.0019,0.0373,9.0922
Acer,31,8.5342,0.0033,0.0350,8.5342
Acer,48,7.5489,0.0048,0.0310,7.5489
Acer,38,7.1920,0.0093,0.0295,7.1920
Acer,9,6.5153,0.0007,0.0268,6.5153
Acer,84,6.4764,0.0071,0.0266,6.4764
Acer,17,5.7914,0.0017,0.0238,5.7914
Acer,79,5.0674,0.0009,0.0208,5.0674
Acer,7,4.9743,0.0023,0.0204,4.9743
Acer,93,4.7307,0.0026,0.0194,4.7307
Acer,54,4.3435,0.0010,0.0178,4.3435
Acer,46,4.3116,0.0005,0.0177,4.3116
Acer,71,4.2179,0.0035,0.0173,4.2179
Acer,87,4.1812,0.0016,0.0172,4.1812
Acer,73,3.9105,0.0015,0.0161,3.9105
Acer,63,3.8182,0.0014,0.0157,3.8182
Acer,2,3.7884,0.0006,0.0156,3.7884
Acer,122,3.7592,0.0011,0.0154,3.7592
Acer,43,3.5667,0.0006,0.0146,3.5667
Acer,32,3.3162,0.0013,0.0136,3.3162
Acer,64,3.3162,0.0019,0.0136,3.3162
Acer,25,3.2879,0.0012,0.0135,3.2879
Acer,90,3.0545,0.0015,0.0125,3.0545
Acer,104,3.0073,0.0005,0.0124,3.0073
Acer,6,2.9843,0.0006,0.0123,2.9843
Acer,24,2.9616,0.0004,0.0122,2.9616
Acer,52,2.8957,0.0004,0.0119,2.8957
Acer,41,2.7227,0.0013,0.0112,2.7227
Acer,49,2.7227,0.0016,0.0112,2.7227
Acer,105,2.5087,0.0015,0.0103,2.5087
Acer,58,2.3848,0.0004,0.0098,2.3848
Acer,36,2.2731,0.0010,0.0093,2.2731
Acer,72,2.2382,0.0005,0.0092,2.2382
Acer,95,2.1558,0.0006,0.0089,2.1558
Acer,96,1.7021,0.0010,0.0070,1.7021
Acer,4,1.5769,0.0003,0.0065,1.5769
Acer,82,1.4921,0.0003,0.0061,1.4921
Acer,92,1.0039,0.0011,0.0041,1.0039
Acer,67,0.9628,0.0024,0.0040,0.9628
Acer,86,0.8824,0.0011,0.0036,0.8824
Acer,45,0.8220,0.0005,0.0034,0.8220
Acer,3,0.8015,0.0003,0.0033,0.8015
Acer,77,0.8015,0.0003,0.0033,0.8015
Acer,97,0.7821,0.0002,0.0032,0.7821
Acer,110,0.7758,0.0003,0.0032,0.7758
Acer,88,0.7697,0.0004,0.0032,0.7697
Acer,65,0.7518,0.0004,0.0031,0.7518
Acer,98,0.7518,0.0002,0.0031,0.7518
Acer,117,0.7518,0.0004,0.0031,0.7518
BMW,0,177.5765,0.0065,0.3567,177.5765
BMW,70,147.6794,0.0161,0.2967,147.6794
BMW,25,138.9146,0.0516,0.2790,138.9146
BMW,10,114.4860,0.0112,0.2300,114.4860
BMW,12,110.9035,0.0074,0.2228,110.9035
BMW,50,105.9953,0.0073,0.2129,105.9953
BMW,54,91.9377,0.0202,0.1847,91.9377
BMW,101,80.7331,0.0106,0.1622,80.7331
BMW,103,79.5817,0.0102,0.1599,79.5817
BMW,75,73.1148,0.0174,0.1469,73.1148
BMW,85,72.3506,0.0182,0.1453,72.3506
BMW,1,69.1949,0.0045,0.1390,69.1949
BMW,47,68.7273,0.0164,0.1381,68.7273
BMW,118,62.9809,0.0056,0.1265,62.9809
BMW,89,61.9453,0.0063,0.1244,61.9453
BMW,27,61.7991,0.0048,0.1241,61.7991
BMW,6,61.1777,0.0124,0.1229,61.1777
BMW,93,60.7112,0.0330,0.1220,60.7112
BMW,51,60.4664,0.0066,0.1215,60.4664
BMW,14,59.6107,0.0063,0.1197,59.6107
BMW,99,57.9492,0.0879,0.1164,57.9492
BMW,81,56.8875,0.0068,0.1143,56.8875
BMW,19,55.0178,0.0062,0.1105,55.0178
BMW,20,53.9702,0.0102,0.1084,53.9702
BMW,68,52.9070,0.0062,0.1063,52.9070
BMW,43,49.9345,0.0079,0.1003,49.9345
BMW,28,48.8644,0.0092,0.0982,48.8644
BMW,78,46.2937,0.0072,0.0930,46.2937
BMW,108,45.0546,0.0147,0.0905,45.0546
BMW,72,41.7799,0.0093,0.0839,41.7799
BMW,61,41.3743,0.0074,0.0831,41.3743
BMW,16,41.0747,0.0081,0.0825,41.0747
BMW,56,41.0747,0.0033,0.0825,41.0747
BMW,114,40.8423,0.0135,0.0820,40.8423
BMW,37,40.1130,0.0042,0.0806,40.1130
BMW,123,37.1957,0.0038,0.0747,37.1957
BMW,24,37.0200,0.0053,0.0744,37.0200
BMW,9,36.9199,0.0040,0.0742,36.9199
BMW,17,36.1959,0.0104,0.0727,36.1959
BMW,29,34.9043,0.0053,0.0701,34.9043
BMW,69,31.5572,0.0066,0.0634,31.5572
BMW,5,31.1916,0.0047,0.0627,31.1916
BMW,40,31.0651,0.0055,0.0624,31.0651
BMW,104,30.8251,0.0051,0.0619,30.8251
BMW,121,30.4133,0.0168,0.0611,30.4133
BMW,31,30.2577,0.0118,0.0608,30.2577
BMW,46,29.4623,0.0034,0.0592,29.4623
BMW,95,29.4623,0.0077,0.0592,29.4623
BMW,22,28.8756,0.0041,0.0580,28.8756
BMW,52,27.5089,0.0039,0.0553,27.5089
BMW,79,27.5089,0.0047,0.0553,27.5089
BMW,39,26.6544,0.0068,0.0535,26.6544
BMW,77,26.4500,0.0098,0.0531,26.4500
BMW,87,25.0874,0.0096,0.0504,25.0874
BMW,109,25.0036,0.0096,0.0502,25.0036
BMW,55,24.8104,0.0029,0.0498,24.8104
BMW,102,24.6084,0.0034,0.0494,24.6084
BMW,2,24.2459,0.0036,0.0487,24.2459
BMW,117,23.3068,0.0122,0.0468,23.3068
BMW,42,23.1282,0.0032,0.0465,23.1282
BMW,23,22.8653,0.0044,0.0459,22.8653
BMW,33,22.7794,0.0072,0.0458,22.7794
BMW,116,22.7794,0.0065,0.0458,22.7794
BMW,112,22.4991,0.0039,0.0452,22.4991
BMW,82,22.3821,0.0046,0.0450,22.3821
BMW,113,22.3821,0.0054,0.0450,22.3821
BMW,83,22.3387,0.0030,0.0449,22.3387
BMW,65,21.0513,0.0116,0.0423,21.0513
BMW,110,20.1718,0.0084,0.0405,20.1718
BMW,58,19.8732,0.0036,0.0399,19.8732
BMW,34,19.8292,0.0039,0.0398,19.8292
BMW,35,19.7114,0.0030,0.0396,19.7114
BMW,15,19.6998,0.0038,0.0396,19.6998
BMW,26,19.6998,0.0041,0.0396,19.6998
BMW,100,19.5464,0.0036,0.0393,19.5464
BMW,88,19.2422,0.0106,0.0387,19.2422
BMW,3,19.2364,0.0066,0.0386,19.2364
BMW,36,18.9421,0.0082,0.0380,18.9421
BMW,57,18.9421,0.0034,0.0380,18.9421
BMW,48,18.8721,0.0120,0.0379,18.8721
BMW,111,18.6517,0.0058,0.0375,18.6517
BMW,60,18.2391,0.0228,0.0366,18.2391
BMW,106,18.1845,0.0036,0.0365,18.1845
BMW,119,17.5637,0.0097,0.0353,17.5637
BMW,45,17.2616,0.0114,0.0347,17.2616
BMW,80,17.2463,0.0082,0.0346,17.2463
BMW,124,16.9331,0.0037,0.0340,16.9331
BMW,73,16.4240,0.0061,0.0330,16.4240
BMW,122,15.7884,0.0044,0.0317,15.7884
BMW,41,15.4285,0.0073,0.0310,15.4285
BMW,63,15.2727,0.0057,0.0307,15.2727
BMW,91,15.0525,0.0075,0.0302,15.0525
BMW,49,13.6134,0.0082,0.0273,13.6134
BMW,92,13.0503,0.0145,0.0262,13.0503
BMW,98,12.7811,0.0032,0.0257,12.7811
BMW,120,12.7774,0.0246,0.0257,12.7774
BMW,7,12.4357,0.0057,0.0250,12.4357
BMW,59,12.2182,0.0041,0.0245,12.2182
BMW,53,12.0277,0.0155,0.0242,12.0277
BMW,4,11.8269,0.0025,0.0238,11.8269
BMW,66,11.6067,0.0100,0.0233,11.6067
BMW,30,10.7880,0.0036,0.0217,10.7880
BMW,32,10.7776,0.0044,0.0216,10.7776
BMW,96,9.3616,0.0057,0.0188,9.3616
BMW,11,9.3431,0.0036,0.0188,9.3431
BMW,90,9.1636,0.0044,0.0184,9.1636
BMW,21,7.8630,0.0070,0.0158,7.8630
BMW,97,7.8209,0.0021,0.0157,7.8209
BMW,71,7.5922,0.0063,0.0153,7.5922
BMW,18,6.7486,0.0022,0.0136,6.7486
BMW,8,5.9574,0.0024,0.0120,5.9574
BMW,76,5.8537,0.0032,0.0118,5.8537
BMW,64,5.8033,0.0034,0.0117,5.8033
BMW,105,5.0175,0.0030,0.0101,5.0175
BMW,94,4.6715,0.0091,0.0094,4.6715
BMW,38,4.4950,0.0058,0.0090,4.4950
BMW,86,4.4119,0.0055,0.0089,4.4119
BMW,74,4.2925,0.0096,0.0086,4.2925
BMW,62,4.1452,0.0020,0.0083,4.1452
BMW,67,3.8512,0.0096,0.0077,3.8512
BMW,13,3.8124,0.0022,0.0077,3.8124
BMW,84,3.7008,0.0041,0.0074,3.7008
BMW,44,2.7227,0.0051,0.0055,2.7227
BMW,107,1.8083,0.0130,0.0036,1.8083
BMW,115,1.0039,0.0024,0.0020,1.0039
BOE,1,1031.5039,0.0670,0.3778,1031.5039
BOE,0,996.6309,0.0362,0.3651,996.6309
BOE,123,675.3567,0.0697,0.2474,675.3567
BOE,27,656.7948,0.0511,0.2406,656.7948
BOE,118,641.3921,0.0574,0.2349,641.3921
BOE,55,638.3042,0.0757,0.2338,638.3042
BOE,37,562.3110,0.0584,0.2060,562.3110
BOE,56,545.3025,0.0434,0.1997,545.3025
BOE,42,475.2463,0.0655,0.1741,475.2463
BOE,81,455.0999,0.0542,0.1667,455.0999
BOE,12,447.0799,0.0300,0.1638,447.0799
BOE,70,373.5421,0.0408,0.1368,373.5421
BOE,106,359.9007,0.0712,0.1318,359.9007
BOE,19,347.4810,0.0389,0.1273,347.4810
BOE,22,336.8820,0.0480,0.1234,336.8820
BOE,57,326.5625,0.0594,0.1196,326.5625
BOE,51,306.5505,0.0333,0.1123,306.5505
BOE,35,305.9215,0.0472,0.1121,305.9215
BOE,15,298.5282,0.0573,0.1094,298.5282
BOE,50,287.0132,0.0196,0.1051,287.0132
BOE,89,278.7538,0.0285,0.1021,278.7538
BOE,78,260.8611,0.0404,0.0956,260.8611
BOE,9,252.6477,0.0274,0.0925,252.6477
BOE,113,249.1872,0.0605,0.0913,249.1872
BOE,28,237.1360,0.0445,0.0869,237.1360
BOE,26,232.6095,0.0485,0.0852,232.6095
BOE,20,223.9033,0.0423,0.0820,223.9033
BOE,61,218.9984,0.0392,0.0802,218.9984
BOE,23,216.8258,0.0421,0.0794,216.8258
BOE,58,215.4260,0.0391,0.0789,215.4260
BOE,2,213.6674,0.0315,0.0783,213.6674
BOE,68,206.4844,0.0244,0.0756,206.4844
BOE,24,205.0908,0.0291,0.0751,205.0908
BOE,72,196.9624,0.0437,0.0721,196.9624
BOE,43,195.4579,0.0311,0.0716,195.4579
BOE,98,194.7241,0.0487,0.0713,194.7241
BOE,101,191.2100,0.0250,0.0700,191.2100
BOE,52,191.1146,0.0270,0.0700,191.1146
BOE,10,188.4831,0.0185,0.0690,188.4831
BOE,82,178.3106,0.0364,0.0653,178.3106
BOE,97,174.4071,0.0469,0.0639,174.4071
BOE,47,168.7638,0.0403,0.0618,168.7638
BOE,116,165.3345,0.0474,0.0606,165.3345
BOE,124,162.4040,0.0351,0.0595,162.4040
BOE,63,158.8365,0.0593,0.0582,158.8365
BOE,33,155.7818,0.0495,0.0571,155.7818
BOE,103,152.8807,0.0197,0.0560,152.8807
BOE,79,152.7469,0.0264,0.0560,152.7469
BOE,46,150.9047,0.0172,0.0553,150.9047
BOE,39,145.8588,0.0372,0.0534,145.8588
BOE,14,139.3226,0.0147,0.0510,139.3226
BOE,40,133.3527,0.0237,0.0488,133.3527
BOE,85,130.0771,0.0328,0.0476,130.0771
BOE,16,123.2242,0.0242,0.0451,123.2242
BOE,83,110.2975,0.0147,0.0404,110.2975
BOE,104,106.7600,0.0176,0.0391,106.7600
BOE,4,106.4417,0.0226,0.0390,106.4417
BOE,7,99.4859,0.0459,0.0364,99.4859
BOE,69,99.2897,0.0207,0.0364,99.2897
BOE,75,90.2744,0.0214,0.0331,90.2744
BOE,59,90.1092,0.0306,0.0330,90.1092
BOE,111,88.0362,0.0274,0.0322,88.0362
BOE,17,86.1463,0.0248,0.0316,86.1463
BOE,77,84.9606,0.0313,0.0311,84.9606
BOE,32,79.5887,0.0322,0.0292,79.5887
BOE,102,77.3407,0.0106,0.0283,77.3407
BOE,108,77.1273,0.0252,0.0283,77.1273
BOE,29,73.2990,0.0112,0.0268,73.2990
BOE,5,70.0079,0.0106,0.0256,70.0079
BOE,100,69.1105,0.0129,0.0253,69.1105
BOE,95,68.9850,0.0180,0.0253,68.9850
BOE,34,67.9858,0.0135,0.0249,67.9858
BOE,112,65.3881,0.0113,0.0240,65.3881
BOE,54,57.1896,0.0126,0.0209,57.1896
BOE,88,56.1872,0.0309,0.0206,56.1872
BOE,122,54.8836,0.0153,0.0201,54.8836
BOE,8,53.6162,0.0215,0.0196,53.6162
BOE,90,50.4000,0.0243,0.0185,50.4000
BOE,65,50.3727,0.0278,0.0185,50.3727
BOE,117,50.3727,0.0265,0.0185,50.3727
BOE,110,49.6537,0.0208,0.0182,49.6537
BOE,6,49.2406,0.0100,0.0180,49.2406
BOE,114,47.4062,0.0157,0.0174,47.4062
BOE,3,47.2894,0.0163,0.0173,47.2894
BOE,38,46.7480,0.0607,0.0171,46.7480
BOE,62,46.4268,0.0220,0.0170,46.4268
BOE,109,43.9458,0.0169,0.0161,43.9458
BOE,36,39.3997,0.0171,0.0144,39.3997
BOE,13,34.3118,0.0199,0.0126,34.3118
BOE,119,31.3091,0.0173,0.0115,31.3091
BOE,45,31.2352,0.0206,0.0114,31.2352
BOE,91,30.9412,0.0155,0.0113,30.9412
BOE,80,30.8995,0.0147,0.0113,30.8995
BOE,31,30.2577,0.0118,0.0111,30.2577
BOE,76,30.1049,0.0164,0.0110,30.1049
BOE,73,28.1554,0.0105,0.0103,28.1554
BOE,105,27.5962,0.0166,0.0101,27.5962
BOE,18,26.9946,0.0089,0.0099,26.9946
BOE,74,26.8283,0.0600,0.0098,26.8283
BOE,121,25.4814,0.0141,0.0093,25.4814
BOE,64,23.2134,0.0135,0.0085,23.2134
BOE,66,23.2134,0.0200,0.0085,23.2134
BOE,87,22.5787,0.0086,0.0083,22.5787
BOE,71,21.0895,0.0176,0.0077,21.0895
BOE,25,18.0836,0.0067,0.0066,18.0836
BOE,30,17.0810,0.0058,0.0063,17.0810
BOE,11,16.8176,0.0065,0.0062,16.8176
BOE,93,15.7691,0.0086,0.0058,15.7691
BOE,49,14.5209,0.0088,0.0053,14.5209
BOE,96,14.4679,0.0088,0.0053,14.4679
BOE,53,13.8781,0.0179,0.0051,13.8781
BOE,86,13.2358,0.0165,0.0048,13.2358
BOE,94,10.2774,0.0199,0.0038,10.2774
BOE,60,9.1195,0.0114,0.0033,9.1195
BOE,44,8.1680,0.0154,0.0030,8.1680
BOE,92,8.0309,0.0089,0.0029,8.0309
BOE,120,6.8801,0.0132,0.0025,6.8801
BOE,48,6.6052,0.0042,0.0024,6.6052
BOE,67,4.8141,0.0120,0.0018,4.8141
BOE,41,4.5378,0.0021,0.0017,4.5378
BOE,99,3.2194,0.0049,0.0012,3.2194
BOE,115,3.0116,0.0072,0.0011,3.0116
BOE,21,2.9486,0.0026,0.0011,2.9486
BOE,84,2.7756,0.0031,0.0010,2.7756
BYD,0,183.0827,0.0067,0.3872,183.0827
BYD,25,133.1608,0.0495,0.2816,133.1608
BYD,1,116.2760,0.0076,0.2459,116.2760
BYD,70,104.2443,0.0114,0.2205,104.2443
BYD,10,104.0147,0.0102,0.2200,104.0147
BYD,50,102.5539,0.0070,0.2169,102.5539
BYD,12,99.1200,0.0066,0.2096,99.1200
BYD,113,95.4969,0.0232,0.2020,95.4969
BYD,118,86.1463,0.0077,0.1822,86.1463
BYD,56,80.0249,0.0064,0.1692,80.0249
BYD,89,75.7109,0.0077,0.1601,75.7109
BYD,78,58.0508,0.0090,0.1228,58.0508
BYD,103,57.9411,0.0074,0.1225,57.9411
BYD,54,57.9135,0.0127,0.1225,57.9135
BYD,81,56.8875,0.0068,0.1203,56.8875
BYD,101,55.9466,0.0073,0.1183,55.9466
BYD,75,53.7170,0.0127,0.1136,53.7170
BYD,51,53.4354,0.0058,0.1130,53.4354
BYD,14,51.9860,0.0055,0.1099,51.9860
BYD,19,49.2265,0.0055,0.1041,49.2265
BYD,43,48.5078,0.0077,0.1026,48.5078
BYD,27,48.1458,0.0037,0.1018,48.1458
BYD,26,47.7342,0.0099,0.1010,47.7342
BYD,68,47.0285,0.0056,0.0995,47.0285
BYD,6,47.0024,0.0095,0.0994,47.0024
BYD,20,45.9476,0.0087,0.0972,45.9476
BYD,61,44.2277,0.0079,0.0935,44.2277
BYD,46,43.8342,0.0050,0.0927,43.8342
BYD,85,42.3328,0.0107,0.0895,42.3328
BYD,28,40.2413,0.0075,0.0851,40.2413
BYD,22,39.2412,0.0056,0.0830,39.2412
BYD,69,38.4844,0.0080,0.0814,38.4844
BYD,55,38.3434,0.0045,0.0811,38.3434
BYD,123,37.9250,0.0039,0.0802,37.9250
BYD,47,37.4182,0.0089,0.0791,37.4182
BYD,40,37.1266,0.0066,0.0785,37.1266
BYD,35,37.0575,0.0057,0.0784,37.0575
BYD,9,36.9199,0.0040,0.0781,36.9199
BYD,24,35.5392,0.0050,0.0752,35.5392
BYD,37,35.0077,0.0036,0.0740,35.0077
BYD,58,34.1820,0.0062,0.0723,34.1820
BYD,102,33.7487,0.0046,0.0714,33.7487
BYD,79,33.3003,0.0057,0.0704,33.3003
BYD,29,31.4138,0.0048,0.0664,31.4138
BYD,16,29.7438,0.0059,0.0629,29.7438
BYD,95,29.4623,0.0077,0.0623,29.4623
BYD,93,29.1729,0.0158,0.0617,29.1729
BYD,83,28.6215,0.0038,0.0605,28.6215
BYD,42,28.3506,0.0039,0.0600,28.3506
BYD,52,28.2328,0.0040,0.0597,28.2328
BYD,33,27.9232,0.0089,0.0591,27.9232
BYD,99,27.9015,0.0423,0.0590,27.9015
BYD,116,27.1883,0.0078,0.0575,27.1883
BYD,114,26.9851,0.0089,0.0571,26.9851
BYD,5,26.3396,0.0040,0.0557,26.3396
BYD,82,26.1124,0.0053,0.0552,26.1124
BYD,23,26.0191,0.0051,0.0550,26.0191
BYD,112,26.0146,0.0045,0.0550,26.0146
BYD,104,25.5622,0.0042,0.0541,25.5622
BYD,111,25.3664,0.0079,0.0536,25.3664
BYD,108,25.2000,0.0082,0.0533,25.2000
BYD,121,23.8374,0.0132,0.0504,23.8374
BYD,34,23.3701,0.0046,0.0494,23.3701
BYD,17,23.1654,0.0067,0.0490,23.1654
BYD,109,21.9729,0.0084,0.0465,21.9729
BYD,100,21.6406,0.0040,0.0458,21.6406
BYD,15,21.2152,0.0041,0.0449,21.2152
BYD,124,20.7816,0.0045,0.0440,20.7816
BYD,2,20.4575,0.0030,0.0433,20.4575
BYD,106,20.4575,0.0040,0.0433,20.4575
BYD,72,19.3978,0.0043,0.0410,19.3978
BYD,80,17.9648,0.0085,0.0380,17.9648
BYD,88,17.7028,0.0097,0.0374,17.7028
BYD,36,17.4268,0.0075,0.0369,17.4268
BYD,45,17.2616,0.0114,0.0365,17.2616
BYD,119,16.0364,0.0089,0.0339,16.0364
BYD,97,15.6419,0.0042,0.0331,15.6419
BYD,98,15.0366,0.0038,0.0318,15.0366
BYD,39,14.8080,0.0038,0.0313,14.8080
BYD,57,14.3960,0.0026,0.0304,14.3960
BYD,122,14.2848,0.0040,0.0302,14.2848
BYD,32,12.4357,0.0050,0.0263,12.4357
BYD,73,10.9493,0.0041,0.0232,10.9493
BYD,74,10.7313,0.0240,0.0227,10.7313
BYD,90,9.1636,0.0044,0.0194,9.1636
BYD,41,9.0756,0.0043,0.0192,9.0756
BYD,38,8.9900,0.0117,0.0190,8.9900
BYD,4,8.6730,0.0018,0.0183,8.6730
BYD,110,8.5342,0.0036,0.0180,8.5342
BYD,71,8.4358,0.0070,0.0178,8.4358
BYD,53,8.3269,0.0107,0.0176,8.3269
BYD,21,7.8630,0.0070,0.0166,7.8630
BYD,18,7.5922,0.0025,0.0161,7.5922
BYD,87,7.5262,0.0029,0.0159,7.5262
BYD,3,7.2136,0.0025,0.0153,7.2136
BYD,63,6.8727,0.0026,0.0145,6.8727
BYD,66,6.6324,0.0057,0.0140,6.6324
BYD,48,6.6052,0.0042,0.0140,6.6052
BYD,31,6.2067,0.0024,0.0131,6.2067
BYD,91,5.8537,0.0029,0.0124,5.8537
BYD,11,5.6059,0.0022,0.0119,5.6059
BYD,84,5.5512,0.0061,0.0117,5.5512
BYD,49,5.4453,0.0033,0.0115,5.4453
BYD,59,5.3455,0.0018,0.0113,5.3455
BYD,62,4.9743,0.0024,0.0105,4.9743
BYD,30,4.4950,0.0015,0.0095,4.4950
BYD,77,4.0076,0.0015,0.0085,4.0076
BYD,65,3.7592,0.0021,0.0080,3.7592
BYD,117,3.7592,0.0020,0.0080,3.7592
BYD,96,3.4042,0.0021,0.0072,3.4042
BYD,76,3.3450,0.0018,0.0071,3.3450
BYD,7,3.3162,0.0015,0.0070,3.3162
BYD,60,3.3162,0.0041,0.0070,3.3162
BYD,115,3.0116,0.0072,0.0064,3.0116
BYD,67,2.8884,0.0072,0.0061,2.8884
BYD,13,2.8593,0.0017,0.0060,2.8593
BYD,94,2.8029,0.0054,0.0059,2.8029
BYD,8,2.5532,0.0010,0.0054,2.5532
BYD,120,1.9658,0.0038,0.0042,1.9658
BYD,86,1.7648,0.0022,0.0037,1.7648
BYD,105,1.6725,0.0010,0.0035,1.6725
BYD,92,1.0039,0.0011,0.0021,1.0039
BYD,64,0.8290,0.0005,0.0018,0.8290
Bosch,38,7.1920,0.0093,0.6569,7.1920
Bosch,14,2.7726,0.0003,0.2532,2.7726
Bosch,50,2.7531,0.0002,0.2514,2.7531
Bosch,89,2.7531,0.0003,0.2514,2.7531
Bosch,19,2.1718,0.0002,0.1984,2.1718
Bosch,29,2.0943,0.0003,0.1913,2.0943
Bosch,4,1.5769,0.0003,0.1440,1.5769
Bosch,110,1.5517,0.0006,0.1417,1.5517
Bosch,34,1.4164,0.0003,0.1294,1.4164
Bosch,102,1.4062,0.0002,0.1284,1.4062
Bosch,112,1.4062,0.0002,0.1284,1.4062
Bosch,83,1.3962,0.0002,0.1275,1.3962
Bosch,100,1.3962,0.0003,0.1275,1.3962
Bosch,103,1.3962,0.0002,0.1275,1.3962
Bosch,5,1.3863,0.0002,0.1266,1.3863
Bosch,0,1.3766,0.0001,0.1257,1.3766
Bosch,13,0.9531,0.0006,0.0870,0.9531
Bosch,11,0.9343,0.0004,0.0853,0.9343
Bosch,30,0.8990,0.0003,0.0821,0.8990
Bosch,8,0.8511,0.0003,0.0777,0.8511
Bosch,58,0.7949,0.0001,0.0726,0.7949
Bosch,108,0.7636,0.0002,0.0697,0.7636
Bosch,119,0.7636,0.0004,0.0697,0.7636
Bosch,2,0.7577,0.0001,0.0692,0.7577
Bosch,36,0.7577,0.0003,0.0692,0.7577
Bosch,65,0.7518,0.0004,0.0687,0.7518
Bosch,117,0.7518,0.0004,0.0687,0.7518
Bosch,122,0.7518,0.0002,0.0687,0.7518
Bosch,6,0.7461,0.0002,0.0681,0.7461
Bosch,78,0.7348,0.0001,0.0671,0.7348
Bosch,114,0.7293,0.0002,0.0666,0.7293
Bosch,17,0.7239,0.0002,0.0661,0.7239
Bosch,52,0.7239,0.0001,0.0661,0.7239
Bosch,54,0.7239,0.0002,0.0661,0.7239
Bosch,79,0.7239,0.0001,0.0661,0.7239
Bosch,46,0.7186,0.0001,0.0656,0.7186
Bosch,1,0.7133,0.0000,0.0652,0.7133
Bosch,61,0.7133,0.0001,0.0652,0.7133
Bosch,16,0.7082,0.0001,0.0647,0.7082
Bosch,56,0.7082,0.0001,0.0647,0.7082
Bosch,101,0.7082,0.0001,0.0647,0.7082
Bosch,10,0.6981,0.0001,0.0638,0.6981
Bosch,12,0.6931,0.0000,0.0633,0.6931
CES,0,322.1155,0.0117,0.4155,322.1155
CES,31,204.8215,0.0800,0.2642,204.8215
CES,77,183.5470,0.0677,0.2368,183.5470
CES,12,179.5251,0.0120,0.2316,179.5251
CES,50,174.1351,0.0119,0.2246,174.1351
CES,70,154.1947,0.0168,0.1989,154.1947
CES,1,154.0836,0.0100,0.1988,154.0836
CES,89,148.6687,0.0152,0.1918,148.6687
CES,27,130.7841,0.0102,0.1687,130.7841
CES,123,130.5495,0.0135,0.1684,130.5495
CES,19,123.7901,0.0138,0.1597,123.7901
CES,56,118.9751,0.0095,0.1535,118.9751
CES,118,117.2749,0.0105,0.1513,117.2749
CES,14,96.3475,0.0102,0.1243,96.3475
CES,29,94.2415,0.0144,0.1216,94.2415
CES,104,93.2270,0.0153,0.1203,93.2270
CES,81,91.8952,0.0109,0.1185,91.8952
CES,51,91.4027,0.0099,0.1179,91.4027
CES,37,88.2485,0.0092,0.1138,88.2485
CES,10,86.5626,0.0085,0.1117,86.5626
CES,103,78.8837,0.0101,0.1018,78.8837
CES,4,78.0573,0.0165,0.1007,78.0573
CES,34,77.1922,0.0153,0.0996,77.1922
CES,5,76.2462,0.0115,0.0984,76.2462
CES,57,74.2532,0.0135,0.0958,74.2532
CES,78,70.5427,0.0109,0.0910,70.5427
CES,46,69.7036,0.0080,0.0899,69.7036
CES,102,68.9036,0.0094,0.0889,68.9036
CES,116,66.8686,0.0192,0.0863,66.8686
CES,22,65.1552,0.0093,0.0840,65.1552
CES,61,64.2015,0.0115,0.0828,64.2015
CES,68,61.7249,0.0073,0.0796,61.7249
CES,28,60.3619,0.0113,0.0779,60.3619
CES,6,59.6856,0.0121,0.0770,59.6856
CES,95,57.4875,0.0150,0.0742,57.4875
CES,20,56.8875,0.0107,0.0734,56.8875
CES,54,55.0178,0.0121,0.0710,55.0178
CES,83,53.7526,0.0072,0.0693,53.7526
CES,8,53.6162,0.0215,0.0692,53.6162
CES,85,53.1084,0.0134,0.0685,53.1084
CES,100,53.0545,0.0099,0.0684,53.0545
CES,43,52.7879,0.0084,0.0681,52.7879
CES,16,52.4057,0.0103,0.0676,52.4057
CES,101,50.9893,0.0067,0.0658,50.9893
CES,55,50.3727,0.0060,0.0650,50.3727
CES,113,48.4945,0.0118,0.0626,48.4945
CES,47,46.5819,0.0111,0.0601,46.5819
CES,42,45.5102,0.0063,0.0587,45.5102
CES,2,45.4611,0.0067,0.0586,45.4611
CES,112,44.9982,0.0078,0.0580,44.9982
CES,15,44.7035,0.0086,0.0577,44.7035
CES,110,44.2228,0.0185,0.0570,44.2228
CES,9,44.1590,0.0048,0.0570,44.1590
CES,33,44.0892,0.0140,0.0569,44.0892
CES,108,43.5273,0.0142,0.0561,43.5273
CES,40,40.1573,0.0071,0.0518,40.1573
CES,106,40.1573,0.0079,0.0518,40.1573
CES,65,39.0952,0.0216,0.0504,39.0952
CES,117,39.0952,0.0205,0.0504,39.0952
CES,17,39.0916,0.0112,0.0504,39.0916
CES,24,37.7604,0.0054,0.0487,37.7604
CES,72,35.8113,0.0079,0.0462,35.8113
CES,26,34.0959,0.0071,0.0440,34.0959
CES,52,34.0242,0.0048,0.0439,34.0242
CES,25,33.7012,0.0125,0.0435,33.7012
CES,76,33.4499,0.0182,0.0431,33.4499
CES,69,33.0966,0.0069,0.0427,33.0966
CES,75,32.0810,0.0076,0.0414,32.0810
CES,79,31.8524,0.0055,0.0411,31.8524
CES,36,31.8228,0.0138,0.0410,31.8228
CES,114,28.4437,0.0094,0.0367,28.4437
CES,90,26.7273,0.0129,0.0345,26.7273
CES,98,26.3141,0.0066,0.0339,26.3141
CES,82,24.6203,0.0050,0.0318,24.6203
CES,35,24.4422,0.0038,0.0315,24.4422
CES,64,24.0424,0.0140,0.0310,24.0424
CES,119,22.9091,0.0127,0.0296,22.9091
CES,58,22.2580,0.0040,0.0287,22.2580
CES,111,21.6360,0.0067,0.0279,21.6360
CES,38,21.5760,0.0280,0.0278,21.5760
CES,105,20.9062,0.0126,0.0270,20.9062
CES,23,20.4999,0.0040,0.0264,20.4999
CES,109,20.4575,0.0079,0.0264,20.4575
CES,80,20.1206,0.0096,0.0260,20.1206
CES,124,19.2422,0.0042,0.0248,19.2422
CES,122,18.7958,0.0053,0.0242,18.7958
CES,18,18.5588,0.0061,0.0239,18.5588
CES,71,18.5588,0.0155,0.0239,18.5588
CES,39,18.5100,0.0047,0.0239,18.5100
CES,73,17.9882,0.0067,0.0232,17.9882
CES,11,17.7519,0.0069,0.0229,17.7519
CES,88,16.9331,0.0093,0.0218,16.9331
CES,93,16.5576,0.0090,0.0214,16.5576
CES,30,16.1820,0.0055,0.0209,16.1820
CES,44,15.4285,0.0292,0.0199,15.4285
CES,62,14.9229,0.0071,0.0192,14.9229
CES,97,14.8598,0.0040,0.0192,14.8598
CES,21,14.7431,0.0132,0.0190,14.7431
CES,63,14.5091,0.0054,0.0187,14.5091
CES,66,13.2648,0.0114,0.0171,13.2648
CES,3,12.8242,0.0044,0.0165,12.8242
CES,45,12.3297,0.0081,0.0159,12.3297
CES,121,12.3297,0.0068,0.0159,12.3297
CES,87,10.8712,0.0041,0.0140,10.8712
CES,120,10.8116,0.0208,0.0139,10.8116
CES,86,10.5887,0.0132,0.0137,10.5887
CES,13,10.4842,0.0061,0.0135,10.4842
CES,41,9.9831,0.0047,0.0129,9.9831
CES,59,9.9273,0.0034,0.0128,9.9273
CES,99,9.6582,0.0147,0.0125,9.6582
CES,67,8.6653,0.0216,0.0112,8.6653
CES,92,7.0271,0.0078,0.0091,7.0271
CES,91,6.6900,0.0034,0.0086,6.6900
CES,32,6.6324,0.0027,0.0086,6.6324
CES,60,6.6324,0.0083,0.0086,6.6324
CES,84,6.4764,0.0071,0.0084,6.4764
CES,48,5.6616,0.0036,0.0073,5.6616
CES,115,5.0193,0.0121,0.0065,5.0193
CES,53,4.6260,0.0060,0.0060,4.6260
CES,49,4.5378,0.0027,0.0059,4.5378
CES,96,2.5532,0.0015,0.0033,2.5532
CES,7,2.4871,0.0011,0.0032,2.4871
CES,74,2.1463,0.0048,0.0028,2.1463
CES,94,0.9343,0.0018,0.0012,0.9343
CSOT,1,567.8265,0.0369,0.3837,567.8265
CSOT,0,511.3928,0.0186,0.3456,511.3928
CSOT,123,428.8442,0.0443,0.2898,428.8442
CSOT,27,371.5130,0.0289,0.2510,371.5130
CSOT,118,356.1681,0.0319,0.2407,356.1681
CSOT,55,336.8201,0.0399,0.2276,336.8201
CSOT,56,319.3915,0.0254,0.2158,319.3915
CSOT,37,309.9639,0.0322,0.2095,309.9639
CSOT,81,272.7682,0.0325,0.1843,272.7682
CSOT,42,265.6008,0.0366,0.1795,265.6008
CSOT,19,223.6909,0.0250,0.1512,223.6909
CSOT,106,216.6981,0.0428,0.1464,216.6981
CSOT,12,216.2619,0.0145,0.1461,216.2619
CSOT,70,204.1451,0.0223,0.1379,204.1451
CSOT,57,193.9675,0.0353,0.1311,193.9675
CSOT,15,181.8446,0.0349,0.1229,181.8446
CSOT,22,173.2536,0.0247,0.1171,173.2536
CSOT,78,163.1300,0.0253,0.1102,163.1300
CSOT,89,148.6687,0.0152,0.1005,148.6687
CSOT,28,137.9700,0.0259,0.0932,137.9700
CSOT,26,134.1104,0.0279,0.0906,134.1104
CSOT,2,126.5335,0.0186,0.0855,126.5335
CSOT,9,123.7901,0.0134,0.0837,123.7901
CSOT,50,121.8257,0.0083,0.0823,121.8257
CSOT,20,120.3389,0.0227,0.0813,120.3389
CSOT,113,117.8790,0.0286,0.0797,117.8790
CSOT,61,114.1360,0.0204,0.0771,114.1360
CSOT,101,113.3096,0.0148,0.0766,113.3096
CSOT,51,112.4956,0.0122,0.0760,112.4956
CSOT,98,104.5045,0.0262,0.0706,104.5045
CSOT,35,100.9225,0.0156,0.0682,100.9225
CSOT,58,97.7764,0.0177,0.0661,97.7764
CSOT,43,97.0156,0.0154,0.0656,97.0156
CSOT,68,96.2614,0.0114,0.0650,96.2614
CSOT,39,94.0308,0.0240,0.0635,94.0308
CSOT,116,93.3221,0.0268,0.0631,93.3221
CSOT,47,93.1637,0.0222,0.0630,93.1637
CSOT,10,92.1473,0.0090,0.0623,92.1473
CSOT,82,88.7823,0.0181,0.0600,88.7823
CSOT,33,85.9739,0.0273,0.0581,85.9739
CSOT,63,84.7637,0.0317,0.0573,84.7637
CSOT,52,79.6311,0.0113,0.0538,79.6311
CSOT,4,75.6919,0.0160,0.0511,75.6919
CSOT,85,75.4294,0.0190,0.0510,75.4294
CSOT,23,72.5381,0.0141,0.0490,72.5381
CSOT,97,70.3885,0.0189,0.0476,70.3885
CSOT,103,69.1105,0.0089,0.0467,69.1105
CSOT,16,68.6940,0.0135,0.0464,68.6940
CSOT,72,68.6384,0.0152,0.0464,68.6384
CSOT,14,66.5421,0.0070,0.0450,66.5421
CSOT,40,65.9187,0.0117,0.0445,65.9187
CSOT,79,63.7049,0.0110,0.0430,63.7049
CSOT,104,60.8983,0.0100,0.0412,60.8983
CSOT,124,60.0356,0.0130,0.0406,60.0356
CSOT,111,58.9395,0.0184,0.0398,58.9395
CSOT,46,58.9247,0.0067,0.0398,58.9247
CSOT,7,58.0334,0.0267,0.0392,58.0334
CSOT,24,52.5684,0.0075,0.0355,52.5684
CSOT,59,49.6364,0.0169,0.0335,49.6364
CSOT,75,49.2406,0.0117,0.0333,49.2406
CSOT,77,48.0909,0.0177,0.0325,48.0909
CSOT,17,42.7112,0.0123,0.0289,42.7112
CSOT,13,41.9366,0.0243,0.0283,41.9366
CSOT,108,37.4182,0.0122,0.0253,37.4182
CSOT,69,34.6359,0.0072,0.0234,34.6359
CSOT,8,34.0420,0.0136,0.0230,34.0420
CSOT,83,32.8100,0.0044,0.0222,32.8100
CSOT,110,30.2577,0.0127,0.0204,30.2577
CSOT,100,29.3196,0.0055,0.0198,29.3196
CSOT,34,29.0356,0.0058,0.0196,29.0356
CSOT,95,28.7438,0.0075,0.0194,28.7438
CSOT,32,28.1877,0.0114,0.0190,28.1877
CSOT,29,27.9234,0.0043,0.0189,27.9234
CSOT,122,27.8177,0.0078,0.0188,27.8177
CSOT,36,27.2767,0.0118,0.0184,27.2767
CSOT,65,27.0659,0.0150,0.0183,27.0659
CSOT,117,27.0659,0.0142,0.0183,27.0659
CSOT,6,26.8585,0.0054,0.0181,26.8585
CSOT,54,26.0611,0.0057,0.0176,26.0611
CSOT,112,26.0146,0.0045,0.0176,26.0146
CSOT,11,25.2263,0.0098,0.0170,25.2263
CSOT,38,24.2730,0.0315,0.0164,24.2730
CSOT,30,22.4750,0.0076,0.0152,22.4750
CSOT,88,22.3209,0.0123,0.0151,22.3209
CSOT,114,21.1505,0.0070,0.0143,21.1505
CSOT,102,21.0929,0.0029,0.0143,21.0929
CSOT,80,20.8392,0.0099,0.0141,20.8392
CSOT,5,20.1013,0.0030,0.0136,20.1013
CSOT,90,19.8546,0.0096,0.0134,19.8546
CSOT,3,19.2364,0.0066,0.0130,19.2364
CSOT,105,17.5612,0.0105,0.0119,17.5612
CSOT,62,17.4100,0.0083,0.0118,17.4100
CSOT,31,17.0685,0.0067,0.0115,17.0685
CSOT,64,15.7519,0.0092,0.0106,15.7519
CSOT,71,15.1844,0.0126,0.0103,15.1844
CSOT,119,14.5091,0.0080,0.0098,14.5091
CSOT,109,14.3960,0.0055,0.0097,14.3960
CSOT,18,14.3409,0.0048,0.0097,14.3409
CSOT,76,14.2162,0.0077,0.0096,14.2162
CSOT,91,14.2162,0.0071,0.0096,14.2162
CSOT,66,12.4357,0.0107,0.0084,12.4357
CSOT,74,10.7313,0.0240,0.0073,10.7313
CSOT,121,10.6857,0.0059,0.0072,10.6857
CSOT,86,10.5887,0.0132,0.0072,10.5887
CSOT,93,9.4615,0.0051,0.0064,9.4615
CSOT,87,8.3625,0.0032,0.0057,8.3625
CSOT,53,8.3269,0.0107,0.0056,8.3269
CSOT,45,8.2198,0.0054,0.0056,8.2198
CSOT,25,7.3978,0.0027,0.0050,7.3978
CSOT,73,7.0389,0.0026,0.0048,7.0389
CSOT,96,6.8084,0.0041,0.0046,6.8084
CSOT,92,5.0193,0.0056,0.0034,5.0193
CSOT,60,4.1452,0.0052,0.0028,4.1452
CSOT,94,3.7372,0.0072,0.0025,3.7372
CSOT,41,3.6302,0.0017,0.0025,3.6302
CSOT,49,3.6302,0.0022,0.0025,3.6302
CSOT,48,1.8872,0.0012,0.0013,1.8872
CSOT,115,1.0039,0.0024,0.0007,1.0039
CSOT,120,0.9829,0.0019,0.0007,0.9829
CSOT,67,0.9628,0.0024,0.0007,0.9628
CSOT,84,0.9252,0.0010,0.0006,0.9252
CSOT,44,0.9076,0.0017,0.0006,0.9076
Continental,37,5.8346,0.0006,0.2476,5.8346
Continental,28,5.7488,0.0011,0.2440,5.7488
Continental,20,5.1053,0.0010,0.2167,5.1053
Continental,123,5.1053,0.0005,0.2167,5.1053
Continental,27,5.0302,0.0004,0.2135,5.0302
Continental,56,4.9573,0.0004,0.2104,4.9573
Continental,10,4.8866,0.0005,0.2074,4.8866
Continental,0,4.8180,0.0002,0.2045,4.8180
Continental,55,4.5110,0.0005,0.1914,4.5110
Continental,68,4.4089,0.0005,0.1871,4.4089
Continental,1,4.2801,0.0003,0.1816,4.2801
Continental,101,4.2491,0.0006,0.1803,4.2491
Continental,12,4.1589,0.0003,0.1765,4.1589
Continental,104,3.7592,0.0006,0.1595,3.7592
Continental,82,3.7303,0.0008,0.1583,3.7303
Continental,70,3.6196,0.0004,0.1536,3.6196
Continental,57,3.0307,0.0006,0.1286,3.0307
Continental,39,2.9616,0.0008,0.1257,2.9616
Continental,9,2.8957,0.0003,0.1229,2.8957
Continental,19,2.8957,0.0003,0.1229,2.8957
Continental,118,2.8957,0.0003,0.1229,2.8957
Continental,46,2.8744,0.0003,0.1220,2.8744
Continental,14,2.7726,0.0003,0.1177,2.7726
Continental,50,2.7531,0.0002,0.1168,2.7531
Continental,58,2.3848,0.0004,0.1012,2.3848
Continental,69,2.3091,0.0005,0.0980,2.3091
Continental,40,2.2731,0.0004,0.0965,2.2731
Continental,106,2.2731,0.0004,0.0965,2.2731
Continental,42,2.2382,0.0003,0.0950,2.2382
Continental,81,2.1880,0.0003,0.0929,2.1880
Continental,52,2.1718,0.0003,0.0922,2.1718
Continental,79,2.1718,0.0004,0.0922,2.1718
Continental,51,2.1093,0.0002,0.0895,2.1093
Continental,29,2.0943,0.0003,0.0889,2.0943
Continental,89,2.0648,0.0002,0.0876,2.0648
Continental,76,1.6725,0.0009,0.0710,1.6725
Continental,60,1.6581,0.0021,0.0704,1.6581
Continental,25,1.6440,0.0006,0.0698,1.6440
Continental,45,1.6440,0.0011,0.0698,1.6440
Continental,4,1.5769,0.0003,0.0669,1.5769
Continental,23,1.5769,0.0003,0.0669,1.5769
Continental,35,1.5769,0.0002,0.0669,1.5769
Continental,73,1.5642,0.0006,0.0664,1.5642
Continental,97,1.5642,0.0004,0.0664,1.5642
Continental,88,1.5394,0.0008,0.0653,1.5394
Continental,124,1.5394,0.0003,0.0653,1.5394
Continental,47,1.5273,0.0004,0.0648,1.5273
Continental,59,1.5273,0.0005,0.0648,1.5273
Continental,2,1.5154,0.0002,0.0643,1.5154
Continental,109,1.5154,0.0006,0.0643,1.5154
Continental,98,1.5037,0.0004,0.0638,1.5037
Continental,75,1.4921,0.0004,0.0633,1.4921
Continental,113,1.4921,0.0004,0.0633,1.4921
Continental,22,1.4808,0.0002,0.0628,1.4808
Continental,33,1.4696,0.0005,0.0624,1.4696
Continental,78,1.4696,0.0002,0.0624,1.4696
Continental,114,1.4587,0.0005,0.0619,1.4587
Continental,54,1.4478,0.0003,0.0614,1.4478
Continental,80,1.4372,0.0007,0.0610,1.4372
Continental,43,1.4267,0.0002,0.0605,1.4267
Continental,61,1.4267,0.0003,0.0605,1.4267
Continental,16,1.4164,0.0003,0.0601,1.4164
Continental,83,1.3962,0.0002,0.0593,1.3962
Continental,5,1.3863,0.0002,0.0588,1.3863
Continental,99,1.0731,0.0016,0.0455,1.0731
Continental,38,0.8990,0.0012,0.0382,0.8990
Continental,86,0.8824,0.0011,0.0374,0.8824
Continental,8,0.8511,0.0003,0.0361,0.8511
Continental,96,0.8511,0.0005,0.0361,0.8511
Continental,71,0.8436,0.0007,0.0358,0.8436
Continental,91,0.8362,0.0004,0.0355,0.8362
Continental,32,0.8290,0.0003,0.0352,0.8290
Continental,93,0.7885,0.0004,0.0335,0.7885
Continental,31,0.7758,0.0003,0.0329,0.7758
Continental,110,0.7758,0.0003,0.0329,0.7758
Continental,85,0.7697,0.0002,0.0327,0.7697
Continental,63,0.7636,0.0003,0.0324,0.7636
Continental,90,0.7636,0.0004,0.0324,0.7636
Continental,108,0.7636,0.0002,0.0324,0.7636
Continental,119,0.7636,0.0004,0.0324,0.7636
Continental,15,0.7577,0.0001,0.0322,0.7577
Continental,26,0.7577,0.0002,0.0322,0.7577
Continental,6,0.7461,0.0002,0.0317,0.7461
Continental,24,0.7404,0.0001,0.0314,0.7404
Continental,116,0.7348,0.0002,0.0312,0.7348
Continental,17,0.7239,0.0002,0.0307,0.7239
Continental,95,0.7186,0.0002,0.0305,0.7186
Continental,34,0.7082,0.0001,0.0301,0.7082
Continental,102,0.7031,0.0001,0.0298,0.7031
Continental,112,0.7031,0.0001,0.0298,0.7031
Continental,100,0.6981,0.0001,0.0296,0.6981
Continental,103,0.6981,0.0001,0.0296,0.6981
Corning,12,6.9315,0.0005,0.4149,6.9315
Corning,0,6.8828,0.0003,0.4120,6.8828
Corning,55,3.7592,0.0004,0.2250,3.7592
Corning,1,3.5667,0.0002,0.2135,3.5667
Corning,14,3.4657,0.0004,0.2074,3.4657
Corning,70,2.8957,0.0003,0.1733,2.8957
Corning,16,2.8327,0.0006,0.1696,2.8327
Corning,51,2.8124,0.0003,0.1683,2.8124
Corning,10,2.7923,0.0003,0.1671,2.7923
Corning,103,2.7923,0.0004,0.1671,2.7923
Corning,50,2.7531,0.0002,0.1648,2.7531
Corning,2,2.2731,0.0003,0.1361,2.2731
Corning,106,2.2731,0.0004,0.1361,2.2731
Corning,82,2.2382,0.0005,0.1340,2.2382
Corning,81,2.1880,0.0003,0.1310,2.1880
Corning,79,2.1718,0.0004,0.1300,2.1718
Corning,118,2.1718,0.0002,0.1300,2.1718
Corning,43,2.1400,0.0003,0.1281,2.1400
Corning,61,2.1400,0.0004,0.1281,2.1400
Corning,112,2.1093,0.0004,0.1263,2.1093
Corning,32,1.6581,0.0007,0.0992,1.6581
Corning,58,1.5899,0.0003,0.0952,1.5899
Corning,23,1.5769,0.0003,0.0944,1.5769
Corning,35,1.5769,0.0002,0.0944,1.5769
Corning,119,1.5273,0.0008,0.0914,1.5273
Corning,57,1.5154,0.0003,0.0907,1.5154
Corning,42,1.4921,0.0002,0.0893,1.4921
Corning,33,1.4696,0.0005,0.0880,1.4696
Corning,116,1.4696,0.0004,0.0880,1.4696
Corning,20,1.4587,0.0003,0.0873,1.4587
Corning,37,1.4587,0.0002,0.0873,1.4587
Corning,123,1.4587,0.0002,0.0873,1.4587
Corning,27,1.4372,0.0001,0.0860,1.4372
Corning,28,1.4372,0.0003,0.0860,1.4372
Corning,102,1.4062,0.0002,0.0842,1.4062
Corning,29,1.3962,0.0002,0.0836,1.3962
Corning,44,0.9076,0.0017,0.0543,0.9076
Corning,71,0.8436,0.0007,0.0505,0.8436
Corning,60,0.8290,0.0010,0.0496,0.8290
Corning,62,0.8290,0.0004,0.0496,0.8290
Corning,121,0.8220,0.0005,0.0492,0.8220
Corning,93,0.7885,0.0004,0.0472,0.7885
Corning,73,0.7821,0.0003,0.0468,0.7821
Corning,97,0.7821,0.0002,0.0468,0.7821
Corning,85,0.7697,0.0002,0.0461,0.7697
Corning,124,0.7697,0.0002,0.0461,0.7697
Corning,47,0.7636,0.0002,0.0457,0.7636
Corning,90,0.7636,0.0004,0.0457,0.7636
Corning,15,0.7577,0.0001,0.0454,0.7577
Corning,36,0.7577,0.0003,0.0454,0.7577
Corning,98,0.7518,0.0002,0.0450,0.7518
Corning,6,0.7461,0.0002,0.0447,0.7461
Corning,111,0.7461,0.0002,0.0447,0.7461
Corning,22,0.7404,0.0001,0.0443,0.7404
Corning,68,0.7348,0.0001,0.0440,0.7348
Corning,78,0.7348,0.0001,0.0440,0.7348
Corning,114,0.7293,0.0002,0.0437,0.7293
Corning,17,0.7239,0.0002,0.0433,0.7239
Corning,19,0.7239,0.0001,0.0433,0.7239
Corning,54,0.7239,0.0002,0.0433,0.7239
Corning,46,0.7186,0.0001,0.0430,0.7186
Corning,80,0.7186,0.0003,0.0430,0.7186
Corning,34,0.7082,0.0001,0.0424,0.7082
Corning,56,0.7082,0.0001,0.0424,0.7082
Corning,83,0.6981,0.0001,0.0418,0.6981
Corning,100,0.6981,0.0001,0.0418,0.6981
Corning,5,0.6931,0.0001,0.0415,0.6931
Corning,89,0.6883,0.0001,0.0412,0.6883
Counterpoint,38,21.5760,0.0280,0.8080,21.5760
Counterpoint,0,6.1945,0.0002,0.2320,6.1945
Counterpoint,2,5.3038,0.0008,0.1986,5.3038
Counterpoint,39,5.1828,0.0013,0.1941,5.1828
Counterpoint,35,3.9423,0.0006,0.1476,3.9423
Counterpoint,100,3.4904,0.0007,0.1307,3.4904
Counterpoint,19,2.8957,0.0003,0.1084,2.8957
Counterpoint,46,2.8744,0.0003,0.1076,2.8744
Counterpoint,50,2.7531,0.0002,0.1031,2.7531
Counterpoint,89,2.7531,0.0003,0.1031,2.7531
Counterpoint,3,2.4045,0.0008,0.0901,2.4045
Counterpoint,23,2.3654,0.0005,0.0886,2.3654
Counterpoint,34,2.1246,0.0004,0.0796,2.1246
Counterpoint,102,2.1093,0.0003,0.0790,2.1093
Counterpoint,112,2.1093,0.0004,0.0790,2.1093
Counterpoint,29,2.0943,0.0003,0.0784,2.0943
Counterpoint,83,2.0943,0.0003,0.0784,2.0943
Counterpoint,5,2.0794,0.0003,0.0779,2.0794
Counterpoint,12,2.0794,0.0001,0.0779,2.0794
Counterpoint,14,2.0794,0.0002,0.0779,2.0794
Counterpoint,18,1.6872,0.0006,0.0632,1.6872
Counterpoint,105,1.6725,0.0010,0.0626,1.6725
Counterpoint,64,1.6581,0.0010,0.0621,1.6581
Counterpoint,58,1.5899,0.0003,0.0595,1.5899
Counterpoint,4,1.5769,0.0003,0.0591,1.5769
Counterpoint,97,1.5642,0.0004,0.0586,1.5642
Counterpoint,55,1.5037,0.0002,0.0563,1.5037
Counterpoint,75,1.4921,0.0004,0.0559,1.4921
Counterpoint,78,1.4696,0.0002,0.0550,1.4696
Counterpoint,81,1.4587,0.0002,0.0546,1.4587
Counterpoint,79,1.4478,0.0002,0.0542,1.4478
Counterpoint,1,1.4267,0.0001,0.0534,1.4267
Counterpoint,16,1.4164,0.0003,0.0530,1.4164
Counterpoint,51,1.4062,0.0002,0.0527,1.4062
Counterpoint,103,1.3962,0.0002,0.0523,1.3962
Counterpoint,94,0.9343,0.0018,0.0350,0.9343
Counterpoint,76,0.8362,0.0005,0.0313,0.8362
Counterpoint,91,0.8362,0.0004,0.0313,0.8362
Counterpoint,32,0.8290,0.0003,0.0310,0.8290
Counterpoint,110,0.7758,0.0003,0.0291,0.7758
Counterpoint,124,0.7697,0.0002,0.0288,0.7697
Counterpoint,59,0.7636,0.0003,0.0286,0.7636
Counterpoint,15,0.7577,0.0001,0.0284,0.7577
Counterpoint,36,0.7577,0.0003,0.0284,0.7577
Counterpoint,57,0.7577,0.0001,0.0284,0.7577
Counterpoint,106,0.7577,0.0001,0.0284,0.7577
Counterpoint,98,0.7518,0.0002,0.0282,0.7518
Counterpoint,42,0.7461,0.0001,0.0279,0.7461
Counterpoint,22,0.7404,0.0001,0.0277,0.7404
Counterpoint,37,0.7293,0.0001,0.0273,0.7293
Counterpoint,123,0.7293,0.0001,0.0273,0.7293
Counterpoint,9,0.7239,0.0001,0.0271,0.7239
Counterpoint,70,0.7239,0.0001,0.0271,0.7239
Counterpoint,118,0.7239,0.0001,0.0271,0.7239
Counterpoint,27,0.7186,0.0001,0.0269,0.7186
Counterpoint,56,0.7082,0.0001,0.0265,0.7082
Counterpoint,101,0.7082,0.0001,0.0265,0.7082
Counterpoint,10,0.6981,0.0001,0.0261,0.6981
Cybersecurity,50,3.4414,0.0002,0.4529,3.4414
Cybersecurity,14,2.7726,0.0003,0.3649,2.7726
Cybersecurity,0,2.7531,0.0001,0.3624,2.7531
Cybersecurity,5,2.0794,0.0003,0.2737,2.0794
Cybersecurity,114,1.4587,0.0005,0.1920,1.4587
Cybersecurity,34,1.4164,0.0003,0.1864,1.4164
Cybersecurity,102,1.4062,0.0002,0.1851,1.4062
Cybersecurity,112,1.4062,0.0002,0.1851,1.4062
Cybersecurity,29,1.3962,0.0002,0.1838,1.3962
Cybersecurity,83,1.3962,0.0002,0.1838,1.3962
Cybersecurity,100,1.3962,0.0003,0.1838,1.3962
Cybersecurity,12,1.3863,0.0001,0.1825,1.3863
Cybersecurity,89,1.3766,0.0001,0.1812,1.3766
Cybersecurity,76,0.8362,0.0005,0.1101,0.8362
Cybersecurity,7,0.8290,0.0004,0.1091,0.8290
Cybersecurity,66,0.8290,0.0007,0.1091,0.8290
Cybersecurity,59,0.7636,0.0003,0.1005,0.7636
Cybersecurity,65,0.7518,0.0004,0.0990,0.7518
Cybersecurity,104,0.7518,0.0001,0.0990,0.7518
Cybersecurity,117,0.7518,0.0004,0.0990,0.7518
Cybersecurity,72,0.7461,0.0002,0.0982,0.7461
Cybersecurity,39,0.7404,0.0002,0.0974,0.7404
Cybersecurity,17,0.7239,0.0002,0.0953,0.7239
Cybersecurity,79,0.7239,0.0001,0.0953,0.7239
Cybersecurity,95,0.7186,0.0002,0.0946,0.7186
Cybersecurity,43,0.7133,0.0001,0.0939,0.7133
Cybersecurity,61,0.7133,0.0001,0.0939,0.7133
Cybersecurity,16,0.7082,0.0001,0.0932,0.7082
DELL,14,14.5561,0.0015,0.3791,14.5561
DELL,102,14.0620,0.0019,0.3662,14.0620
DELL,50,13.0773,0.0009,0.3406,13.0773
DELL,0,12.3891,0.0005,0.3226,12.3891
DELL,12,10.3972,0.0007,0.2708,10.3972
DELL,83,7.6789,0.0010,0.2000,7.6789
DELL,43,7.1335,0.0011,0.1858,7.1335
DELL,10,6.9809,0.0007,0.1818,6.9809
DELL,51,6.3279,0.0007,0.1648,6.3279
DELL,68,5.8786,0.0007,0.1531,5.8786
DELL,95,5.7488,0.0015,0.1497,5.7488
DELL,112,5.6248,0.0010,0.1465,5.6248
DELL,100,5.5847,0.0010,0.1454,5.5847
DELL,89,5.5062,0.0006,0.1434,5.5062
DELL,34,4.9573,0.0010,0.1291,4.9573
DELL,101,4.9573,0.0006,0.1291,4.9573
DELL,29,4.8866,0.0007,0.1273,4.8866
DELL,5,4.8520,0.0007,0.1264,4.8520
DELL,9,4.3435,0.0005,0.1131,4.3435
DELL,27,4.3116,0.0003,0.1123,4.3116
DELL,103,4.1885,0.0005,0.1091,4.1885
DELL,24,3.7020,0.0005,0.0964,3.7020
DELL,40,3.0307,0.0005,0.0789,3.0307
DELL,52,2.8957,0.0004,0.0754,2.8957
DELL,62,2.4871,0.0012,0.0648,2.4871
DELL,90,2.2909,0.0011,0.0597,2.2909
DELL,36,2.2731,0.0010,0.0592,2.2731
DELL,109,2.2731,0.0009,0.0592,2.2731
DELL,39,2.2212,0.0006,0.0578,2.2212
DELL,17,2.1718,0.0006,0.0566,2.1718
DELL,70,2.1718,0.0002,0.0566,2.1718
DELL,118,2.1718,0.0002,0.0566,2.1718
DELL,80,2.1558,0.0010,0.0561,2.1558
DELL,76,1.6725,0.0009,0.0436,1.6725
DELL,60,1.6581,0.0021,0.0432,1.6581
DELL,93,1.5769,0.0009,0.0411,1.5769
DELL,82,1.4921,0.0003,0.0389,1.4921
DELL,113,1.4921,0.0004,0.0389,1.4921
DELL,78,1.4696,0.0002,0.0383,1.4696
DELL,20,1.4587,0.0003,0.0380,1.4587
DELL,123,1.4587,0.0002,0.0380,1.4587
DELL,19,1.4478,0.0002,0.0377,1.4478
DELL,54,1.4478,0.0003,0.0377,1.4478
DELL,79,1.4478,0.0002,0.0377,1.4478
DELL,46,1.4372,0.0002,0.0374,1.4372
DELL,61,1.4267,0.0003,0.0372,1.4267
DELL,16,1.4164,0.0003,0.0369,1.4164
DELL,84,0.9252,0.0010,0.0241,0.9252
DELL,41,0.9076,0.0004,0.0236,0.9076
DELL,71,0.8436,0.0007,0.0220,0.8436
DELL,87,0.8362,0.0003,0.0218,0.8362
DELL,4,0.7885,0.0002,0.0205,0.7885
DELL,73,0.7821,0.0003,0.0204,0.7821
DELL,31,0.7758,0.0003,0.0202,0.7758
DELL,85,0.7697,0.0002,0.0200,0.7697
DELL,88,0.7697,0.0004,0.0200,0.7697
DELL,47,0.7636,0.0002,0.0199,0.7636
DELL,59,0.7636,0.0003,0.0199,0.7636
DELL,65,0.7518,0.0004,0.0196,0.7518
DELL,117,0.7518,0.0004,0.0196,0.7518
DELL,122,0.7518,0.0002,0.0196,0.7518
DELL,72,0.7461,0.0002,0.0194,0.7461
DELL,75,0.7461,0.0002,0.0194,0.7461
DELL,22,0.7404,0.0001,0.0193,0.7404
DELL,37,0.7293,0.0001,0.0190,0.7293
DELL,81,0.7293,0.0001,0.0190,0.7293
DELL,114,0.7293,0.0002,0.0190,0.7293
DELL,28,0.7186,0.0001,0.0187,0.7186
DELL,56,0.7082,0.0001,0.0184,0.7082
DSCC,123,5.8346,0.0006,0.3931,5.8346
DSCC,27,5.0302,0.0004,0.3389,5.0302
DSCC,1,4.2801,0.0003,0.2883,4.2801
DSCC,0,4.1297,0.0002,0.2782,4.1297
DSCC,57,3.7884,0.0007,0.2552,3.7884
DSCC,37,2.9173,0.0003,0.1965,2.9173
DSCC,70,2.8957,0.0003,0.1951,2.8957
DSCC,56,2.8327,0.0002,0.1908,2.8327
DSCC,42,2.2382,0.0003,0.1508,2.2382
DSCC,81,2.1880,0.0003,0.1474,2.1880
DSCC,19,2.1718,0.0002,0.1463,2.1718
DSCC,118,2.1718,0.0002,0.1463,2.1718
DSCC,10,2.0943,0.0002,0.1411,2.0943
DSCC,12,2.0794,0.0001,0.1401,2.0794
DSCC,14,2.0794,0.0002,0.1401,2.0794
DSCC,50,2.0648,0.0001,0.1391,2.0648
DSCC,4,1.5769,0.0003,0.1062,1.5769
DSCC,124,1.5394,0.0003,0.1037,1.5394
DSCC,47,1.5273,0.0004,0.1029,1.5273
DSCC,40,1.5154,0.0003,0.1021,1.5154
DSCC,106,1.5154,0.0003,0.1021,1.5154
DSCC,55,1.5037,0.0002,0.1013,1.5037
DSCC,98,1.5037,0.0004,0.1013,1.5037
DSCC,22,1.4808,0.0002,0.0998,1.4808
DSCC,78,1.4696,0.0002,0.0990,1.4696
DSCC,9,1.4478,0.0002,0.0975,1.4478
DSCC,52,1.4478,0.0002,0.0975,1.4478
DSCC,43,1.4267,0.0002,0.0961,1.4267
DSCC,83,1.3962,0.0002,0.0941,1.3962
DSCC,89,1.3766,0.0001,0.0927,1.3766
DSCC,45,0.8220,0.0005,0.0554,0.8220
DSCC,77,0.8015,0.0003,0.0540,0.8015
DSCC,97,0.7821,0.0002,0.0527,0.7821
DSCC,69,0.7697,0.0002,0.0519,0.7697
DSCC,85,0.7697,0.0002,0.0519,0.7697
DSCC,63,0.7636,0.0003,0.0514,0.7636
DSCC,90,0.7636,0.0004,0.0514,0.7636
DSCC,108,0.7636,0.0002,0.0514,0.7636
DSCC,15,0.7577,0.0001,0.0510,0.7577
DSCC,26,0.7577,0.0002,0.0510,0.7577
DSCC,36,0.7577,0.0003,0.0510,0.7577
DSCC,65,0.7518,0.0004,0.0507,0.7518
DSCC,117,0.7518,0.0004,0.0507,0.7518
DSCC,6,0.7461,0.0002,0.0503,0.7461
DSCC,82,0.7461,0.0002,0.0503,0.7461
DSCC,113,0.7461,0.0002,0.0503,0.7461
DSCC,24,0.7404,0.0001,0.0499,0.7404
DSCC,33,0.7348,0.0002,0.0495,0.7348
DSCC,68,0.7348,0.0001,0.0495,0.7348
DSCC,116,0.7348,0.0002,0.0495,0.7348
DSCC,20,0.7293,0.0001,0.0491,0.7293
DSCC,54,0.7239,0.0002,0.0488,0.7239
DSCC,28,0.7186,0.0001,0.0484,0.7186
DSCC,80,0.7186,0.0003,0.0484,0.7186
DSCC,61,0.7133,0.0001,0.0481,0.7133
DSCC,16,0.7082,0.0001,0.0477,0.7082
DSCC,34,0.7082,0.0001,0.0477,0.7082
DSCC,101,0.7082,0.0001,0.0477,0.7082
DSCC,51,0.7031,0.0001,0.0474,0.7031
DSCC,102,0.7031,0.0001,0.0474,0.7031
DSCC,112,0.7031,0.0001,0.0474,0.7031
DSCC,29,0.6981,0.0001,0.0470,0.6981
DSCC,100,0.6981,0.0001,0.0470,0.6981
DSCC,103,0.6981,0.0001,0.0470,0.6981
DSCC,5,0.6931,0.0001,0.0467,0.6931
Dell,0,211.3023,0.0077,0.4098,211.3023
Dell,112,165.2279,0.0287,0.3205,165.2279
Dell,14,156.6513,0.0165,0.3038,156.6513
Dell,62,141.7674,0.0673,0.2750,141.7674
Dell,50,136.9679,0.0094,0.2656,136.9679
Dell,102,97.7306,0.0134,0.1895,97.7306
Dell,12,90.1091,0.0060,0.1748,90.1091
Dell,1,86.3153,0.0056,0.1674,86.3153
Dell,29,84.4683,0.0129,0.1638,84.4683
Dell,83,73.9971,0.0099,0.1435,73.9971
Dell,89,70.8929,0.0073,0.1375,70.8929
Dell,103,69.8085,0.0090,0.1354,69.8085
Dell,5,68.6216,0.0103,0.1331,68.6216
Dell,27,66.8292,0.0052,0.1296,66.8292
Dell,30,64.7279,0.0218,0.1255,64.7279
Dell,34,63.7367,0.0127,0.1236,63.7367
Dell,100,61.4315,0.0115,0.1191,61.4315
Dell,15,57.5841,0.0110,0.1117,57.5841
Dell,16,55.2384,0.0109,0.1071,55.2384
Dell,13,52.4208,0.0303,0.1017,52.4208
Dell,55,51.1245,0.0061,0.0992,51.1245
Dell,10,50.2622,0.0049,0.0975,50.2622
Dell,51,47.1075,0.0051,0.0914,47.1075
Dell,11,43.9125,0.0170,0.0852,43.9125
Dell,42,43.2720,0.0060,0.0839,43.2720
Dell,111,43.2720,0.0135,0.0839,43.2720
Dell,70,42.7112,0.0047,0.0828,42.7112
Dell,101,42.4911,0.0056,0.0824,42.4911
Dell,106,41.6727,0.0082,0.0808,41.6727
Dell,118,41.2634,0.0037,0.0800,41.2634
Dell,81,39.3836,0.0047,0.0764,39.3836
Dell,123,38.6543,0.0040,0.0750,38.6543
Dell,43,38.5209,0.0061,0.0747,38.5209
Dell,56,38.2420,0.0030,0.0742,38.2420
Dell,114,36.4663,0.0121,0.0707,36.4663
Dell,47,35.8909,0.0086,0.0696,35.8909
Dell,9,35.4720,0.0038,0.0688,35.4720
Dell,108,35.1273,0.0115,0.0681,35.1273
Dell,37,35.0077,0.0036,0.0679,35.0077
Dell,40,33.3382,0.0059,0.0647,33.3382
Dell,85,30.7875,0.0078,0.0597,30.7875
Dell,19,30.4046,0.0034,0.0590,30.4046
Dell,95,30.1809,0.0079,0.0585,30.1809
Dell,68,30.1276,0.0036,0.0584,30.1276
Dell,61,28.5340,0.0051,0.0553,28.5340
Dell,22,26.6544,0.0038,0.0517,26.6544
Dell,93,26.0191,0.0141,0.0505,26.0191
Dell,78,25.7187,0.0040,0.0499,25.7187
Dell,121,25.4814,0.0141,0.0494,25.4814
Dell,39,25.1736,0.0064,0.0488,25.1736
Dell,60,24.8715,0.0311,0.0482,24.8715
Dell,79,24.6132,0.0042,0.0477,24.6132
Dell,80,24.4322,0.0116,0.0474,24.4322
Dell,35,23.6537,0.0036,0.0459,23.6537
Dell,23,22.8653,0.0044,0.0443,22.8653
Dell,76,20.9062,0.0114,0.0405,20.9062
Dell,122,20.2994,0.0057,0.0394,20.2994
Dell,32,19.0681,0.0077,0.0370,19.0681
Dell,17,18.8219,0.0054,0.0365,18.8219
Dell,46,18.6834,0.0021,0.0362,18.6834
Dell,24,18.5100,0.0026,0.0359,18.5100
Dell,119,18.3273,0.0102,0.0355,18.3273
Dell,97,17.9882,0.0048,0.0349,17.9882
Dell,38,17.9800,0.0234,0.0349,17.9800
Dell,72,17.9057,0.0040,0.0347,17.9057
Dell,75,17.1596,0.0041,0.0333,17.1596
Dell,57,16.6691,0.0030,0.0323,16.6691
Dell,86,15.8830,0.0198,0.0308,15.8830
Dell,73,15.6419,0.0059,0.0303,15.6419
Dell,20,15.3159,0.0029,0.0297,15.3159
Dell,109,15.1537,0.0058,0.0294,15.1537
Dell,52,14.4784,0.0020,0.0281,14.4784
Dell,54,14.4784,0.0032,0.0281,14.4784
Dell,116,13.9616,0.0040,0.0271,13.9616
Dell,28,13.6533,0.0026,0.0265,13.6533
Dell,33,13.2268,0.0042,0.0257,13.2268
Dell,31,12.4134,0.0048,0.0241,12.4134
Dell,48,12.2669,0.0078,0.0238,12.2669
Dell,113,11.9371,0.0029,0.0232,11.9371
Dell,59,11.4546,0.0039,0.0222,11.4546
Dell,26,11.3653,0.0024,0.0220,11.3653
Dell,87,10.8712,0.0041,0.0211,10.8712
Dell,69,10.7756,0.0022,0.0209,10.7756
Dell,2,10.6076,0.0016,0.0206,10.6076
Dell,3,9.6182,0.0033,0.0187,9.6182
Dell,49,9.0756,0.0055,0.0176,9.0756
Dell,104,9.0220,0.0015,0.0175,9.0220
Dell,36,8.3345,0.0036,0.0162,8.3345
Dell,84,8.3269,0.0092,0.0161,8.3269
Dell,41,7.2605,0.0034,0.0141,7.2605
Dell,124,6.9272,0.0015,0.0134,6.9272
Dell,8,6.8084,0.0027,0.0132,6.8084
Dell,117,6.7665,0.0036,0.0131,6.7665
Dell,71,6.7486,0.0056,0.0131,6.7486
Dell,6,6.7146,0.0014,0.0130,6.7146
Dell,58,6.3594,0.0012,0.0123,6.3594
Dell,4,6.3077,0.0013,0.0122,6.3077
Dell,65,6.0146,0.0033,0.0117,6.0146
Dell,82,5.9686,0.0012,0.0116,5.9686
Dell,18,5.9051,0.0020,0.0115,5.9051
Dell,7,5.8033,0.0027,0.0113,5.8033
Dell,77,5.6106,0.0021,0.0109,5.6106
Dell,94,5.6059,0.0109,0.0109,5.6059
Dell,110,5.4309,0.0023,0.0105,5.4309
Dell,63,4.5818,0.0017,0.0089,4.5818
Dell,90,4.5818,0.0022,0.0089,4.5818
Dell,64,4.1452,0.0024,0.0080,4.1452
Dell,120,3.9315,0.0076,0.0076,3.9315
Dell,44,3.6302,0.0069,0.0070,3.6302
Dell,91,3.3450,0.0017,0.0065,3.3450
Dell,105,3.3450,0.0020,0.0065,3.3450
Dell,25,3.2879,0.0012,0.0064,3.2879
Dell,98,3.0073,0.0008,0.0058,3.0073
Dell,45,2.4659,0.0016,0.0048,2.4659
Dell,88,2.3091,0.0013,0.0045,2.3091
Dell,92,2.0077,0.0022,0.0039,2.0077
Dell,21,1.9658,0.0018,0.0038,1.9658
Dell,67,1.9256,0.0048,0.0037,1.9256
Dell,96,1.7021,0.0010,0.0033,1.7021
Dell,66,1.6581,0.0014,0.0032,1.6581
Dell,74,1.0731,0.0024,0.0021,1.0731
Dell,115,1.0039,0.0024,0.0019,1.0039
Dell,53,0.9252,0.0012,0.0018,0.9252
ETRI,0,98.4242,0.0036,0.4764,98.4242
ETRI,50,72.9578,0.0050,0.3531,72.9578
ETRI,12,67.2353,0.0045,0.3254,67.2353
ETRI,51,44.9982,0.0049,0.2178,44.9982
ETRI,14,42.2820,0.0045,0.2047,42.2820
ETRI,10,36.3004,0.0036,0.1757,36.3004
ETRI,103,32.8100,0.0042,0.1588,32.8100
ETRI,1,31.3874,0.0020,0.1519,31.3874
ETRI,61,29.2473,0.0052,0.1416,29.2473
ETRI,102,28.8270,0.0039,0.1395,28.8270
ETRI,95,26.5880,0.0069,0.1287,26.5880
ETRI,43,26.3939,0.0042,0.1278,26.3939
ETRI,101,24.0783,0.0032,0.1165,24.0783
ETRI,118,23.8893,0.0021,0.1156,23.8893
ETRI,70,23.1654,0.0025,0.1121,23.1654
ETRI,33,22.7794,0.0072,0.1103,22.7794
ETRI,119,21.3818,0.0118,0.1035,21.3818
ETRI,27,20.8392,0.0016,0.1009,20.8392
ETRI,68,19.8401,0.0023,0.0960,19.8401
ETRI,5,19.4081,0.0029,0.0939,19.4081
ETRI,81,18.9625,0.0023,0.0918,18.9625
ETRI,89,18.5836,0.0019,0.0900,18.5836
ETRI,37,18.2332,0.0019,0.0883,18.2332
ETRI,19,18.0980,0.0020,0.0876,18.0980
ETRI,28,17.9648,0.0034,0.0870,17.9648
ETRI,80,17.9648,0.0085,0.0870,17.9648
ETRI,100,17.4521,0.0033,0.0845,17.4521
ETRI,46,17.2463,0.0020,0.0835,17.2463
ETRI,56,16.9964,0.0014,0.0823,16.9964
ETRI,20,16.7745,0.0032,0.0812,16.7745
ETRI,109,16.6691,0.0064,0.0807,16.6691
ETRI,9,16.6501,0.0018,0.0806,16.6501
ETRI,22,15.5484,0.0022,0.0753,15.5484
ETRI,116,15.4312,0.0044,0.0747,15.4312
ETRI,29,15.3579,0.0024,0.0743,15.3579
ETRI,83,14.6598,0.0020,0.0710,14.6598
ETRI,42,14.1753,0.0020,0.0686,14.1753
ETRI,34,14.1637,0.0028,0.0686,14.1637
ETRI,114,13.8572,0.0046,0.0671,13.8572
ETRI,69,13.8544,0.0029,0.0671,13.8544
ETRI,112,12.6558,0.0022,0.0613,12.6558
ETRI,52,12.3066,0.0017,0.0596,12.3066
ETRI,82,11.9371,0.0024,0.0578,11.9371
ETRI,55,11.2775,0.0013,0.0546,11.2775
ETRI,72,11.1910,0.0025,0.0542,11.1910
ETRI,123,10.9399,0.0011,0.0530,10.9399
ETRI,88,10.7756,0.0059,0.0522,10.7756
ETRI,90,10.6909,0.0051,0.0517,10.6909
ETRI,40,10.6076,0.0019,0.0513,10.6076
ETRI,106,10.6076,0.0021,0.0513,10.6076
ETRI,96,10.2126,0.0062,0.0494,10.2126
ETRI,79,10.1349,0.0017,0.0491,10.1349
ETRI,110,10.0859,0.0042,0.0488,10.0859
ETRI,124,10.0059,0.0022,0.0484,10.0059
ETRI,15,9.8499,0.0019,0.0477,9.8499
ETRI,36,9.8499,0.0043,0.0477,9.8499
ETRI,31,9.3101,0.0036,0.0451,9.3101
ETRI,26,9.0922,0.0019,0.0440,9.0922
ETRI,115,9.0348,0.0217,0.0437,9.0348
ETRI,122,9.0220,0.0025,0.0437,9.0220
ETRI,57,8.3345,0.0015,0.0403,8.3345
ETRI,113,8.2068,0.0020,0.0397,8.2068
ETRI,24,8.1444,0.0012,0.0394,8.1444
ETRI,38,8.0910,0.0105,0.0392,8.0910
ETRI,54,7.9631,0.0018,0.0385,7.9631
ETRI,4,7.8846,0.0017,0.0382,7.8846
ETRI,104,7.5183,0.0012,0.0364,7.5183
ETRI,7,7.4614,0.0034,0.0361,7.4614
ETRI,75,7.4607,0.0018,0.0361,7.4607
ETRI,23,7.0961,0.0014,0.0343,7.0961
ETRI,35,7.0961,0.0011,0.0343,7.0961
ETRI,85,6.9272,0.0017,0.0335,6.9272
ETRI,8,6.8084,0.0027,0.0330,6.8084
ETRI,77,6.4121,0.0024,0.0310,6.4121
ETRI,47,6.1091,0.0015,0.0296,6.1091
ETRI,78,5.8786,0.0009,0.0285,5.8786
ETRI,66,5.8033,0.0050,0.0281,5.8033
ETRI,16,5.6655,0.0011,0.0274,5.6655
ETRI,2,5.3038,0.0008,0.0257,5.3038
ETRI,6,5.2225,0.0011,0.0253,5.2225
ETRI,111,5.2225,0.0016,0.0253,5.2225
ETRI,18,5.0615,0.0017,0.0245,5.0615
ETRI,73,4.6926,0.0018,0.0227,4.6926
ETRI,59,4.5818,0.0016,0.0222,4.5818
ETRI,108,4.5818,0.0015,0.0222,4.5818
ETRI,65,4.5110,0.0025,0.0218,4.5110
ETRI,98,4.5110,0.0011,0.0218,4.5110
ETRI,117,4.5110,0.0024,0.0218,4.5110
ETRI,17,4.3435,0.0012,0.0210,4.3435
ETRI,21,3.9315,0.0035,0.0190,3.9315
ETRI,94,3.7372,0.0072,0.0181,3.7372
ETRI,39,3.7020,0.0009,0.0179,3.7020
ETRI,91,3.3450,0.0017,0.0162,3.3450
ETRI,64,3.3162,0.0019,0.0161,3.3162
ETRI,93,3.1538,0.0017,0.0153,3.1538
ETRI,63,3.0545,0.0011,0.0148,3.0545
ETRI,53,2.7756,0.0036,0.0134,2.7756
ETRI,76,2.5087,0.0014,0.0121,2.5087
ETRI,105,2.5087,0.0015,0.0121,2.5087
ETRI,60,2.4871,0.0031,0.0120,2.4871
ETRI,62,2.4871,0.0012,0.0120,2.4871
ETRI,25,2.4659,0.0009,0.0119,2.4659
ETRI,45,2.4659,0.0016,0.0119,2.4659
ETRI,71,1.6872,0.0014,0.0082,1.6872
ETRI,121,1.6440,0.0009,0.0080,1.6440
ETRI,58,1.5899,0.0003,0.0077,1.5899
ETRI,97,1.5642,0.0004,0.0076,1.5642
ETRI,44,0.9076,0.0017,0.0044,0.9076
ETRI,49,0.9076,0.0005,0.0044,0.9076
ETRI,86,0.8824,0.0011,0.0043,0.8824
ETRI,87,0.8362,0.0003,0.0040,0.8362
ETRI,3,0.8015,0.0003,0.0039,0.8015
HMI,0,20.6484,0.0008,0.4068,20.6484
HMI,50,12.3891,0.0008,0.2441,12.3891
HMI,70,12.3066,0.0013,0.2425,12.3066
HMI,1,11.4136,0.0007,0.2249,11.4136
HMI,12,11.0904,0.0007,0.2185,11.0904
HMI,103,9.7732,0.0013,0.1926,9.7732
HMI,14,9.0109,0.0010,0.1775,9.0109
HMI,51,8.4372,0.0009,0.1662,8.4372
HMI,10,8.3770,0.0008,0.1651,8.3770
HMI,20,8.0226,0.0015,0.1581,8.0226
HMI,27,7.9045,0.0006,0.1557,7.9045
HMI,54,7.2392,0.0016,0.1426,7.2392
HMI,43,7.1335,0.0011,0.1406,7.1335
HMI,55,6.7665,0.0008,0.1333,6.7665
HMI,22,5.9232,0.0008,0.1167,5.9232
HMI,68,5.8786,0.0007,0.1158,5.8786
HMI,19,5.7914,0.0006,0.1141,5.7914
HMI,118,5.7914,0.0005,0.1141,5.7914
HMI,61,5.7068,0.0010,0.1124,5.7068
HMI,16,5.6655,0.0011,0.1116,5.6655
HMI,29,5.5847,0.0009,0.1100,5.5847
HMI,85,5.3878,0.0014,0.1062,5.3878
HMI,6,5.2225,0.0011,0.1029,5.2225
HMI,37,5.1053,0.0005,0.1006,5.1053
HMI,81,5.1053,0.0006,0.1006,5.1053
HMI,123,5.1053,0.0005,0.1006,5.1053
HMI,28,5.0302,0.0009,0.0991,5.0302
HMI,46,5.0302,0.0006,0.0991,5.0302
HMI,56,4.9573,0.0004,0.0977,4.9573
HMI,101,4.9573,0.0006,0.0977,4.9573
HMI,25,4.9319,0.0018,0.0972,4.9319
HMI,89,4.8180,0.0005,0.0949,4.8180
HMI,119,4.5818,0.0025,0.0903,4.5818
HMI,42,4.4764,0.0006,0.0882,4.4764
HMI,95,4.3116,0.0011,0.0850,4.3116
HMI,8,4.2553,0.0017,0.0838,4.2553
HMI,102,4.2186,0.0006,0.0831,4.2186
HMI,47,3.8182,0.0009,0.0752,3.8182
HMI,106,3.7884,0.0007,0.0746,3.7884
HMI,122,3.7592,0.0011,0.0741,3.7592
HMI,72,3.7303,0.0008,0.0735,3.7303
HMI,82,3.7303,0.0008,0.0735,3.7303
HMI,113,3.7303,0.0009,0.0735,3.7303
HMI,114,3.6466,0.0012,0.0719,3.6466
HMI,52,3.6196,0.0005,0.0713,3.6196
HMI,100,3.4904,0.0007,0.0688,3.4904
HMI,5,3.4657,0.0005,0.0683,3.4657
HMI,45,3.2879,0.0022,0.0648,3.2879
HMI,99,3.2194,0.0049,0.0634,3.2194
HMI,110,3.1034,0.0013,0.0611,3.1034
HMI,15,3.0307,0.0006,0.0597,3.0307
HMI,36,3.0307,0.0013,0.0597,3.0307
HMI,40,3.0307,0.0005,0.0597,3.0307
HMI,65,3.0073,0.0017,0.0593,3.0073
HMI,104,3.0073,0.0005,0.0593,3.0073
HMI,117,3.0073,0.0016,0.0593,3.0073
HMI,24,2.9616,0.0004,0.0584,2.9616
HMI,33,2.9393,0.0009,0.0579,2.9393
HMI,116,2.9393,0.0008,0.0579,2.9393
HMI,9,2.8957,0.0003,0.0571,2.8957
HMI,79,2.8957,0.0005,0.0571,2.8957
HMI,112,2.8124,0.0005,0.0554,2.8124
HMI,83,2.7923,0.0004,0.0550,2.7923
HMI,4,2.3654,0.0005,0.0466,2.3654
HMI,57,2.2731,0.0004,0.0448,2.2731
HMI,39,2.2212,0.0006,0.0438,2.2212
HMI,17,2.1718,0.0006,0.0428,2.1718
HMI,34,2.1246,0.0004,0.0419,2.1246
HMI,21,1.9658,0.0018,0.0387,1.9658
HMI,120,1.9658,0.0038,0.0387,1.9658
HMI,11,1.8686,0.0007,0.0368,1.8686
HMI,94,1.8686,0.0036,0.0368,1.8686
HMI,53,1.8504,0.0024,0.0365,1.8504
HMI,84,1.8504,0.0020,0.0365,1.8504
HMI,44,1.8151,0.0034,0.0358,1.8151
HMI,30,1.7980,0.0006,0.0354,1.7980
HMI,18,1.6872,0.0006,0.0332,1.6872
HMI,62,1.6581,0.0008,0.0327,1.6581
HMI,3,1.6030,0.0006,0.0316,1.6030
HMI,35,1.5769,0.0002,0.0311,1.5769
HMI,93,1.5769,0.0009,0.0311,1.5769
HMI,73,1.5642,0.0006,0.0308,1.5642
HMI,31,1.5517,0.0006,0.0306,1.5517
HMI,69,1.5394,0.0003,0.0303,1.5394
HMI,124,1.5394,0.0003,0.0303,1.5394
HMI,63,1.5273,0.0006,0.0301,1.5273
HMI,90,1.5273,0.0007,0.0301,1.5273
HMI,108,1.5273,0.0005,0.0301,1.5273
HMI,2,1.5154,0.0002,0.0299,1.5154
HMI,109,1.5154,0.0006,0.0299,1.5154
HMI,98,1.5037,0.0004,0.0296,1.5037
HMI,75,1.4921,0.0004,0.0294,1.4921
HMI,111,1.4921,0.0005,0.0294,1.4921
HMI,78,1.4696,0.0002,0.0290,1.4696
HMI,80,1.4372,0.0007,0.0283,1.4372
HMI,115,1.0039,0.0024,0.0198,1.0039
HMI,13,0.9531,0.0006,0.0188,0.9531
HMI,71,0.8436,0.0007,0.0166,0.8436
HMI,105,0.8362,0.0005,0.0165,0.8362
HMI,7,0.8290,0.0004,0.0163,0.8290
HMI,32,0.8290,0.0003,0.0163,0.8290
HMI,64,0.8290,0.0005,0.0163,0.8290
HMI,66,0.8290,0.0007,0.0163,0.8290
HMI,121,0.8220,0.0005,0.0162,0.8220
HMI,77,0.8015,0.0003,0.0158,0.8015
HMI,23,0.7885,0.0002,0.0155,0.7885
HMI,88,0.7697,0.0004,0.0152,0.7697
HMI,59,0.7636,0.0003,0.0150,0.7636
HMI,26,0.7577,0.0002,0.0149,0.7577
HP,0,273.2476,0.0099,0.4141,273.2476
HP,112,181.3992,0.0315,0.2749,181.3992
HP,15,156.0833,0.0300,0.2366,156.0833
HP,50,151.4218,0.0104,0.2295,151.4218
HP,1,131.9697,0.0086,0.2000,131.9697
HP,11,127.0661,0.0492,0.1926,127.0661
HP,12,124.7665,0.0084,0.1891,124.7665
HP,14,106.7447,0.0113,0.1618,106.7447
HP,55,103.0008,0.0122,0.1561,103.0008
HP,30,102.4859,0.0346,0.1553,102.4859
HP,27,96.2916,0.0075,0.1459,96.2916
HP,70,96.2812,0.0105,0.1459,96.2812
HP,118,94.8334,0.0085,0.1437,94.8334
HP,13,92.4512,0.0535,0.1401,92.4512
HP,47,85.5274,0.0204,0.1296,85.5274
HP,5,83.1777,0.0125,0.1261,83.1777
HP,103,83.0722,0.0107,0.1259,83.0722
HP,81,81.6846,0.0097,0.1238,81.6846
HP,106,80.3147,0.0159,0.1217,80.3147
HP,102,79.4500,0.0109,0.1204,79.4500
HP,42,77.5912,0.0107,0.1176,77.5912
HP,85,76.1990,0.0192,0.1155,76.1990
HP,123,74.3913,0.0077,0.1127,74.3913
HP,89,73.6461,0.0075,0.1116,73.6461
HP,22,70.3380,0.0100,0.1066,70.3380
HP,10,69.8085,0.0068,0.1058,69.8085
HP,37,67.8274,0.0070,0.1028,67.8274
HP,29,66.3181,0.0102,0.1005,66.3181
HP,83,65.6200,0.0088,0.0995,65.6200
HP,61,62.7748,0.0112,0.0951,62.7748
HP,62,61.3496,0.0291,0.0930,61.3496
HP,19,57.1896,0.0064,0.0867,57.1896
HP,51,56.9509,0.0062,0.0863,56.9509
HP,34,55.2384,0.0110,0.0837,55.2384
HP,101,55.2384,0.0072,0.0837,55.2384
HP,100,55.1488,0.0103,0.0836,55.1488
HP,108,54.9819,0.0180,0.0833,54.9819
HP,56,53.8221,0.0043,0.0816,53.8221
HP,57,51.5226,0.0094,0.0781,51.5226
HP,16,50.2811,0.0099,0.0762,50.2811
HP,78,49.9678,0.0077,0.0757,49.9678
HP,43,42.8010,0.0068,0.0649,42.8010
HP,114,42.3010,0.0140,0.0641,42.3010
HP,39,42.2028,0.0108,0.0640,42.2028
HP,111,41.0338,0.0128,0.0622,41.0338
HP,68,40.4151,0.0048,0.0613,40.4151
HP,2,40.1573,0.0059,0.0609,40.1573
HP,40,40.1573,0.0071,0.0609,40.1573
HP,20,37.1957,0.0070,0.0564,37.1957
HP,17,36.9199,0.0106,0.0560,36.9199
HP,116,36.0062,0.0103,0.0546,36.0062
HP,28,35.2111,0.0066,0.0534,35.2111
HP,80,34.4925,0.0164,0.0523,34.4925
HP,121,32.8792,0.0182,0.0498,32.8792
HP,46,31.6181,0.0036,0.0479,31.6181
HP,58,30.2073,0.0055,0.0458,30.2073
HP,33,29.3928,0.0093,0.0445,29.3928
HP,63,28.2546,0.0106,0.0428,28.2546
HP,109,28.0344,0.0108,0.0425,28.0344
HP,79,26.7850,0.0046,0.0406,26.7850
HP,9,25.3372,0.0027,0.0384,25.3372
HP,69,24.6300,0.0051,0.0373,24.6300
HP,76,24.2512,0.0132,0.0368,24.2512
HP,95,23.7136,0.0062,0.0359,23.7136
HP,122,23.3068,0.0065,0.0353,23.3068
HP,26,21.9729,0.0046,0.0333,21.9729
HP,48,21.7030,0.0138,0.0329,21.7030
HP,75,21.6360,0.0051,0.0328,21.6360
HP,7,21.5553,0.0099,0.0327,21.5553
HP,119,21.3818,0.0118,0.0324,21.3818
HP,117,21.0513,0.0111,0.0319,21.0513
HP,113,20.8899,0.0051,0.0317,20.8899
HP,65,20.2994,0.0112,0.0308,20.2994
HP,24,19.2504,0.0027,0.0292,19.2504
HP,35,18.9230,0.0029,0.0287,18.9230
HP,93,18.9230,0.0103,0.0287,18.9230
HP,82,18.6517,0.0038,0.0283,18.6517
HP,87,18.3975,0.0070,0.0279,18.3975
HP,31,17.8443,0.0070,0.0270,17.8443
HP,3,17.6333,0.0061,0.0267,17.6333
HP,60,17.4100,0.0218,0.0264,17.4100
HP,52,17.3741,0.0025,0.0263,17.3741
HP,6,17.1596,0.0035,0.0260,17.1596
HP,38,17.0810,0.0222,0.0259,17.0810
HP,54,16.6501,0.0037,0.0252,16.6501
HP,23,16.5576,0.0032,0.0251,16.5576
HP,59,16.0364,0.0054,0.0243,16.0364
HP,105,15.8887,0.0095,0.0241,15.8887
HP,98,15.7884,0.0040,0.0239,15.7884
HP,73,15.6419,0.0059,0.0237,15.6419
HP,41,15.4285,0.0073,0.0234,15.4285
HP,32,14.9229,0.0060,0.0226,14.9229
HP,36,14.3960,0.0062,0.0218,14.3960
HP,64,14.0938,0.0082,0.0214,14.0938
HP,97,14.0777,0.0038,0.0213,14.0777
HP,104,13.5330,0.0022,0.0205,13.5330
HP,72,13.4293,0.0030,0.0204,13.4293
HP,90,12.9818,0.0063,0.0197,12.9818
HP,84,12.0277,0.0132,0.0182,12.0277
HP,71,11.8101,0.0098,0.0179,11.8101
HP,49,11.7982,0.0071,0.0179,11.7982
HP,4,10.2499,0.0022,0.0155,10.2499
HP,124,10.0059,0.0022,0.0152,10.0059
HP,53,9.2521,0.0119,0.0140,9.2521
HP,88,9.2362,0.0051,0.0140,9.2362
HP,77,8.8167,0.0033,0.0134,8.8167
HP,67,8.6653,0.0216,0.0131,8.6653
HP,8,8.5105,0.0034,0.0129,8.5105
HP,96,8.5105,0.0052,0.0129,8.5105
HP,94,8.4088,0.0163,0.0127,8.4088
HP,18,7.5922,0.0025,0.0115,7.5922
HP,92,7.0271,0.0078,0.0106,7.0271
HP,110,6.2067,0.0026,0.0094,6.2067
HP,66,5.8033,0.0050,0.0088,5.8033
HP,25,5.7539,0.0021,0.0087,5.7539
HP,45,4.9319,0.0032,0.0075,4.9319
HP,86,4.4119,0.0055,0.0067,4.4119
HP,120,3.9315,0.0076,0.0060,3.9315
HP,21,2.9486,0.0026,0.0045,2.9486
HP,44,1.8151,0.0034,0.0028,1.8151
HP,91,1.6725,0.0008,0.0025,1.6725
HP,99,1.0731,0.0016,0.0016,1.0731
Harman,76,51.8474,0.0282,0.3247,51.8474
Harman,9,51.3982,0.0056,0.3219,51.3982
Harman,37,39.3836,0.0041,0.2467,39.3836
Harman,52,34.7481,0.0049,0.2176,34.7481
Harman,27,34.4925,0.0027,0.2160,34.4925
Harman,12,33.9642,0.0023,0.2127,33.9642
Harman,0,33.7258,0.0012,0.2112,33.7258
Harman,68,33.0669,0.0039,0.2071,33.0669
Harman,50,28.2195,0.0019,0.1767,28.2195
Harman,101,27.6192,0.0036,0.1730,27.6192
Harman,81,25.5264,0.0030,0.1599,25.5264
Harman,56,25.4947,0.0020,0.1597,25.4947
Harman,10,25.1311,0.0025,0.1574,25.1311
Harman,82,23.8742,0.0049,0.1495,23.8742
Harman,1,23.5405,0.0015,0.1474,23.5405
Harman,124,23.0906,0.0050,0.1446,23.0906
Harman,42,22.3821,0.0031,0.1402,22.3821
Harman,118,21.7176,0.0019,0.1360,21.7176
Harman,59,19.8546,0.0067,0.1244,19.8546
Harman,24,17.7696,0.0025,0.1113,17.7696
Harman,20,17.5038,0.0033,0.1096,17.5038
Harman,83,17.4521,0.0023,0.1093,17.4521
Harman,46,17.2463,0.0020,0.1080,17.2463
Harman,39,16.2888,0.0042,0.1020,16.2888
Harman,96,16.1700,0.0098,0.1013,16.1700
Harman,14,15.9424,0.0017,0.0999,15.9424
Harman,54,15.9262,0.0035,0.0997,15.9262
Harman,70,15.9262,0.0017,0.0997,15.9262
Harman,93,15.7691,0.0086,0.0988,15.7691
Harman,51,15.4681,0.0017,0.0969,15.4681
Harman,75,14.1753,0.0034,0.0888,14.1753
Harman,103,13.2636,0.0017,0.0831,13.2636
Harman,89,13.0773,0.0013,0.0819,13.0773
Harman,17,13.0305,0.0037,0.0816,13.0305
Harman,40,12.8807,0.0023,0.0807,12.8807
Harman,61,12.8403,0.0023,0.0804,12.8403
Harman,106,12.1230,0.0024,0.0759,12.1230
Harman,55,12.0293,0.0014,0.0753,12.0293
Harman,29,11.8675,0.0018,0.0743,11.8675
Harman,122,11.2775,0.0032,0.0706,11.2775
Harman,33,11.0223,0.0035,0.0690,11.0223
Harman,116,11.0223,0.0032,0.0690,11.0223
Harman,123,10.9399,0.0011,0.0685,10.9399
Harman,28,10.7789,0.0020,0.0675,10.7789
Harman,100,10.4713,0.0020,0.0656,10.4713
Harman,43,9.9869,0.0016,0.0626,9.9869
Harman,19,9.4109,0.0011,0.0589,9.4109
Harman,34,9.2064,0.0018,0.0577,9.2064
Harman,102,9.1403,0.0013,0.0572,9.1403
Harman,112,9.1403,0.0016,0.0572,9.1403
Harman,98,9.0220,0.0023,0.0565,9.0220
Harman,5,8.3178,0.0013,0.0521,8.3178
Harman,90,6.8727,0.0033,0.0430,6.8727
Harman,6,6.7146,0.0014,0.0421,6.7146
Harman,111,6.7146,0.0021,0.0421,6.7146
Harman,2,6.0615,0.0009,0.0380,6.0615
Harman,78,5.1437,0.0008,0.0322,5.1437
Harman,62,4.9743,0.0024,0.0312,4.9743
Harman,72,4.4764,0.0010,0.0280,4.4764
Harman,110,3.8792,0.0016,0.0243,3.8792
Harman,119,3.8182,0.0021,0.0239,3.8182
Harman,36,3.7884,0.0016,0.0237,3.7884
Harman,79,3.6196,0.0006,0.0227,3.6196
Harman,16,3.5409,0.0007,0.0222,3.5409
Harman,8,3.4042,0.0014,0.0213,3.4042
Harman,18,3.3743,0.0011,0.0211,3.3743
Harman,66,3.3162,0.0029,0.0208,3.3162
Harman,25,3.2879,0.0012,0.0206,3.2879
Harman,3,3.2061,0.0011,0.0201,3.2061
Harman,85,3.0787,0.0008,0.0193,3.0787
Harman,88,3.0787,0.0017,0.0193,3.0787
Harman,65,3.0073,0.0017,0.0188,3.0073
Harman,117,3.0073,0.0016,0.0188,3.0073
Harman,21,2.9486,0.0026,0.0185,2.9486
Harman,95,2.8744,0.0007,0.0180,2.8744
Harman,32,2.4871,0.0010,0.0156,2.4871
Harman,77,2.4045,0.0009,0.0151,2.4045
Harman,4,2.3654,0.0005,0.0148,2.3654
Harman,23,2.3654,0.0005,0.0148,2.3654
Harman,35,2.3654,0.0004,0.0148,2.3654
Harman,31,2.3275,0.0009,0.0146,2.3275
Harman,22,2.2212,0.0003,0.0139,2.2212
Harman,114,2.1880,0.0007,0.0137,2.1880
Harman,120,1.9658,0.0038,0.0123,1.9658
Harman,13,1.9062,0.0011,0.0119,1.9062
Harman,11,1.8686,0.0007,0.0117,1.8686
Harman,49,1.8151,0.0011,0.0114,1.8151
Harman,71,1.6872,0.0014,0.0106,1.6872
Harman,87,1.6725,0.0006,0.0105,1.6725
Harman,91,1.6725,0.0008,0.0105,1.6725
Harman,60,1.6581,0.0021,0.0104,1.6581
Harman,45,1.6440,0.0011,0.0103,1.6440
Harman,121,1.6440,0.0009,0.0103,1.6440
Harman,73,1.5642,0.0006,0.0098,1.5642
Harman,47,1.5273,0.0004,0.0096,1.5273
Harman,108,1.5273,0.0005,0.0096,1.5273
Harman,15,1.5154,0.0003,0.0095,1.5154
Harman,57,1.5154,0.0003,0.0095,1.5154
Harman,109,1.5154,0.0006,0.0095,1.5154
Harman,104,1.5037,0.0002,0.0094,1.5037
Harman,92,1.0039,0.0011,0.0063,1.0039
Harman,115,1.0039,0.0024,0.0063,1.0039
Harman,44,0.9076,0.0017,0.0057,0.9076
Harman,30,0.8990,0.0003,0.0056,0.8990
Harman,38,0.8990,0.0012,0.0056,0.8990
Harman,86,0.8824,0.0011,0.0055,0.8824
Harman,105,0.8362,0.0005,0.0052,0.8362
Harman,64,0.8290,0.0005,0.0052,0.8290
Harman,58,0.7949,0.0001,0.0050,0.7949
Harman,97,0.7821,0.0002,0.0049,0.7821
Harman,69,0.7697,0.0002,0.0048,0.7697
Harman,63,0.7636,0.0003,0.0048,0.7636
Harman,26,0.7577,0.0002,0.0047,0.7577
Harman,80,0.7186,0.0003,0.0045,0.7186
IEC,0,65.3867,0.0024,0.3545,65.3867
IEC,89,55.7508,0.0057,0.3023,55.7508
IEC,50,53.6859,0.0037,0.2911,53.6859
IEC,14,49.9066,0.0053,0.2706,49.9066
IEC,29,47.4698,0.0073,0.2574,47.4698
IEC,12,35.3505,0.0024,0.1917,35.3505
IEC,61,29.2473,0.0052,0.1586,29.2473
IEC,19,28.2328,0.0032,0.1531,28.2328
IEC,10,25.8292,0.0025,0.1400,25.8292
IEC,8,25.5315,0.0102,0.1384,25.5315
IEC,16,23.3701,0.0046,0.1267,23.3701
IEC,34,23.3701,0.0046,0.1267,23.3701
IEC,27,22.9950,0.0018,0.1247,22.9950
IEC,2,22.7306,0.0033,0.1232,22.7306
IEC,51,22.4991,0.0024,0.1220,22.4991
IEC,103,22.3387,0.0029,0.1211,22.3387
IEC,1,20.6871,0.0013,0.1122,20.6871
IEC,6,20.1439,0.0041,0.1092,20.1439
IEC,9,19.5458,0.0021,0.1060,19.5458
IEC,78,19.1053,0.0030,0.1036,19.1053
IEC,100,18.1502,0.0034,0.0984,18.1502
IEC,70,18.0980,0.0020,0.0981,18.0980
IEC,101,17.7046,0.0023,0.0960,17.7046
IEC,110,17.0685,0.0071,0.0925,17.0685
IEC,5,16.6355,0.0025,0.0902,16.6355
IEC,35,16.5576,0.0026,0.0898,16.5576
IEC,83,16.0560,0.0021,0.0871,16.0560
IEC,18,16.0280,0.0053,0.0869,16.0280
IEC,118,15.9262,0.0014,0.0864,15.9262
IEC,56,15.5801,0.0012,0.0845,15.5801
IEC,112,15.4681,0.0027,0.0839,15.4681
IEC,23,14.9807,0.0029,0.0812,14.9807
IEC,97,14.8598,0.0040,0.0806,14.8598
IEC,102,14.7650,0.0020,0.0801,14.7650
IEC,55,14.2848,0.0017,0.0775,14.2848
IEC,37,13.8572,0.0014,0.0751,13.8572
IEC,81,13.8572,0.0017,0.0751,13.8572
IEC,21,13.7603,0.0123,0.0746,13.7603
IEC,79,13.7545,0.0024,0.0746,13.7545
IEC,40,13.6383,0.0024,0.0739,13.6383
IEC,57,13.6383,0.0025,0.0739,13.6383
IEC,98,13.5330,0.0034,0.0734,13.5330
IEC,22,13.3272,0.0019,0.0723,13.3272
IEC,123,13.1279,0.0014,0.0712,13.1279
IEC,108,12.9818,0.0042,0.0704,12.9818
IEC,85,12.3150,0.0031,0.0668,12.3150
IEC,116,11.7571,0.0034,0.0637,11.7571
IEC,20,11.6692,0.0022,0.0633,11.6692
IEC,25,11.5077,0.0043,0.0624,11.5077
IEC,80,11.4975,0.0055,0.0623,11.4975
IEC,95,11.4975,0.0030,0.0623,11.4975
IEC,82,11.1910,0.0023,0.0607,11.1910
IEC,58,11.1290,0.0020,0.0603,11.1290
IEC,60,10.7776,0.0135,0.0584,10.7776
IEC,69,10.7756,0.0022,0.0584,10.7756
IEC,124,10.7756,0.0023,0.0584,10.7756
IEC,119,10.6909,0.0059,0.0580,10.6909
IEC,72,10.4450,0.0023,0.0566,10.4450
IEC,3,10.4197,0.0036,0.0565,10.4197
IEC,39,10.3656,0.0026,0.0562,10.3656
IEC,68,10.2875,0.0012,0.0558,10.2875
IEC,73,10.1672,0.0038,0.0551,10.1672
IEC,52,10.1349,0.0014,0.0550,10.1349
IEC,46,10.0603,0.0011,0.0545,10.0603
IEC,111,9.6989,0.0030,0.0526,9.6989
IEC,43,9.2735,0.0015,0.0503,9.2735
IEC,117,9.0220,0.0047,0.0489,9.0220
IEC,24,8.8848,0.0013,0.0482,8.8848
IEC,114,8.7519,0.0029,0.0475,8.7519
IEC,17,8.6870,0.0025,0.0471,8.6870
IEC,28,8.6231,0.0016,0.0468,8.6231
IEC,88,8.4666,0.0047,0.0459,8.4666
IEC,105,8.3625,0.0050,0.0453,8.3625
IEC,26,8.3345,0.0017,0.0452,8.3345
IEC,62,8.2905,0.0039,0.0450,8.2905
IEC,4,7.8846,0.0017,0.0428,7.8846
IEC,104,7.5183,0.0012,0.0408,7.5183
IEC,64,7.4614,0.0043,0.0405,7.4614
IEC,42,7.4607,0.0010,0.0405,7.4607
IEC,75,7.4607,0.0018,0.0405,7.4607
IEC,47,6.8727,0.0016,0.0373,6.8727
IEC,106,6.8192,0.0013,0.0370,6.8192
IEC,65,6.7665,0.0037,0.0367,6.7665
IEC,7,6.6324,0.0031,0.0360,6.6324
IEC,32,6.6324,0.0027,0.0360,6.6324
IEC,94,6.5402,0.0127,0.0355,6.5402
IEC,44,6.3529,0.0120,0.0344,6.3529
IEC,63,6.1091,0.0023,0.0331,6.1091
IEC,36,6.0615,0.0026,0.0329,6.0615
IEC,33,5.8786,0.0019,0.0319,5.8786
IEC,66,5.8033,0.0050,0.0315,5.8033
IEC,45,5.7539,0.0038,0.0312,5.7539
IEC,121,5.7539,0.0032,0.0312,5.7539
IEC,48,5.6616,0.0036,0.0307,5.6616
IEC,30,5.3940,0.0018,0.0292,5.3940
IEC,15,5.3038,0.0010,0.0288,5.3038
IEC,109,5.3038,0.0020,0.0288,5.3038
IEC,54,5.0674,0.0011,0.0275,5.0674
IEC,59,4.5818,0.0016,0.0248,4.5818
IEC,113,4.4764,0.0011,0.0243,4.4764
IEC,91,4.1812,0.0021,0.0227,4.1812
IEC,120,3.9315,0.0076,0.0213,3.9315
IEC,31,3.8792,0.0015,0.0210,3.8792
IEC,13,3.8124,0.0022,0.0207,3.8124
IEC,11,3.7372,0.0014,0.0203,3.7372
IEC,53,3.7008,0.0048,0.0201,3.7008
IEC,41,3.6302,0.0017,0.0197,3.6302
IEC,96,3.4042,0.0021,0.0185,3.4042
IEC,71,3.3743,0.0028,0.0183,3.3743
IEC,77,3.2061,0.0012,0.0174,3.2061
IEC,93,3.1538,0.0017,0.0171,3.1538
IEC,115,3.0116,0.0072,0.0163,3.0116
IEC,86,2.6472,0.0033,0.0144,2.6472
IEC,76,2.5087,0.0014,0.0136,2.5087
IEC,87,2.5087,0.0010,0.0136,2.5087
IEC,49,1.8151,0.0011,0.0098,1.8151
IEC,90,1.5273,0.0007,0.0083,1.5273
IEC,99,1.0731,0.0016,0.0058,1.0731
IEC,92,1.0039,0.0011,0.0054,1.0039
IEC,67,0.9628,0.0024,0.0052,0.9628
IEC,84,0.9252,0.0010,0.0050,0.9252
IEC,38,0.8990,0.0012,0.0049,0.8990
IEC,122,0.7518,0.0002,0.0041,0.7518
IEEE,0,21.3367,0.0008,0.4488,21.3367
IEEE,14,13.8629,0.0015,0.2916,13.8629
IEEE,50,13.0773,0.0009,0.2751,13.0773
IEEE,12,11.7835,0.0008,0.2479,11.7835
IEEE,103,11.1694,0.0014,0.2349,11.1694
IEEE,29,9.0751,0.0014,0.1909,9.0751
IEEE,10,8.3770,0.0008,0.1762,8.3770
IEEE,19,7.2392,0.0008,0.1523,7.2392
IEEE,70,7.2392,0.0008,0.1523,7.2392
IEEE,1,7.1335,0.0005,0.1500,7.1335
IEEE,101,6.3737,0.0008,0.1341,6.3737
IEEE,89,6.1945,0.0006,0.1303,6.1945
IEEE,20,5.8346,0.0011,0.1227,5.8346
IEEE,43,5.7068,0.0009,0.1200,5.7068
IEEE,16,5.6655,0.0011,0.1192,5.6655
IEEE,56,5.6655,0.0005,0.1192,5.6655
IEEE,51,5.6248,0.0006,0.1183,5.6248
IEEE,122,5.2628,0.0015,0.1107,5.2628
IEEE,54,5.0674,0.0011,0.1066,5.0674
IEEE,28,5.0302,0.0009,0.1058,5.0302
IEEE,61,4.9934,0.0009,0.1050,4.9934
IEEE,102,4.9217,0.0007,0.1035,4.9217
IEEE,112,4.9217,0.0009,0.1035,4.9217
IEEE,83,4.8866,0.0007,0.1028,4.8866
IEEE,100,4.8866,0.0009,0.1028,4.8866
IEEE,110,4.6550,0.0019,0.0979,4.6550
IEEE,119,4.5818,0.0025,0.0964,4.5818
IEEE,46,4.3116,0.0005,0.0907,4.3116
IEEE,34,4.2491,0.0008,0.0894,4.2491
IEEE,5,4.1589,0.0006,0.0875,4.1589
IEEE,4,3.9423,0.0008,0.0829,3.9423
IEEE,21,3.9315,0.0035,0.0827,3.9315
IEEE,85,3.8484,0.0010,0.0809,3.8484
IEEE,78,3.6741,0.0006,0.0773,3.6741
IEEE,9,3.6196,0.0004,0.0761,3.6196
IEEE,118,3.6196,0.0003,0.0761,3.6196
IEEE,8,3.4042,0.0014,0.0716,3.4042
IEEE,47,3.0545,0.0007,0.0643,3.0545
IEEE,2,3.0307,0.0004,0.0637,3.0307
IEEE,109,3.0307,0.0012,0.0637,3.0307
IEEE,55,3.0073,0.0004,0.0633,3.0073
IEEE,104,3.0073,0.0005,0.0633,3.0073
IEEE,6,2.9843,0.0006,0.0628,2.9843
IEEE,113,2.9843,0.0007,0.0628,2.9843
IEEE,79,2.8957,0.0005,0.0609,2.8957
IEEE,80,2.8744,0.0014,0.0605,2.8744
IEEE,95,2.8744,0.0007,0.0605,2.8744
IEEE,94,2.8029,0.0054,0.0590,2.8029
IEEE,73,2.3463,0.0009,0.0494,2.3463
IEEE,108,2.2909,0.0007,0.0482,2.2909
IEEE,26,2.2731,0.0005,0.0478,2.2731
IEEE,36,2.2731,0.0010,0.0478,2.2731
IEEE,117,2.2555,0.0012,0.0474,2.2555
IEEE,72,2.2382,0.0005,0.0471,2.2382
IEEE,22,2.2212,0.0003,0.0467,2.2212
IEEE,24,2.2212,0.0003,0.0467,2.2212
IEEE,81,2.1880,0.0003,0.0460,2.1880
IEEE,114,2.1880,0.0007,0.0460,2.1880
IEEE,123,2.1880,0.0002,0.0460,2.1880
IEEE,17,2.1718,0.0006,0.0457,2.1718
IEEE,52,2.1718,0.0003,0.0457,2.1718
IEEE,115,2.0077,0.0048,0.0422,2.0077
IEEE,120,1.9658,0.0038,0.0413,1.9658
IEEE,13,1.9062,0.0011,0.0401,1.9062
IEEE,53,1.8504,0.0024,0.0389,1.8504
IEEE,18,1.6872,0.0006,0.0355,1.6872
IEEE,105,1.6725,0.0010,0.0352,1.6725
IEEE,64,1.6581,0.0010,0.0349,1.6581
IEEE,3,1.6030,0.0006,0.0337,1.6030
IEEE,77,1.6030,0.0006,0.0337,1.6030
IEEE,93,1.5769,0.0009,0.0332,1.5769
IEEE,31,1.5517,0.0006,0.0326,1.5517
IEEE,88,1.5394,0.0008,0.0324,1.5394
IEEE,90,1.5273,0.0007,0.0321,1.5273
IEEE,106,1.5154,0.0003,0.0319,1.5154
IEEE,65,1.5037,0.0008,0.0316,1.5037
IEEE,42,1.4921,0.0002,0.0314,1.4921
IEEE,111,1.4921,0.0005,0.0314,1.4921
IEEE,33,1.4696,0.0005,0.0309,1.4696
IEEE,68,1.4696,0.0002,0.0309,1.4696
IEEE,116,1.4696,0.0004,0.0309,1.4696
IEEE,37,1.4587,0.0002,0.0307,1.4587
IEEE,27,1.4372,0.0001,0.0302,1.4372
IEEE,92,1.0039,0.0011,0.0211,1.0039
IEEE,11,0.9343,0.0004,0.0197,0.9343
IEEE,84,0.9252,0.0010,0.0195,0.9252
IEEE,44,0.9076,0.0017,0.0191,0.9076
IEEE,30,0.8990,0.0003,0.0189,0.8990
IEEE,38,0.8990,0.0012,0.0189,0.8990
IEEE,96,0.8511,0.0005,0.0179,0.8511
IEEE,7,0.8290,0.0004,0.0174,0.8290
IEEE,32,0.8290,0.0003,0.0174,0.8290
IEEE,60,0.8290,0.0010,0.0174,0.8290
IEEE,62,0.8290,0.0004,0.0174,0.8290
IEEE,66,0.8290,0.0007,0.0174,0.8290
IEEE,25,0.8220,0.0003,0.0173,0.8220
IEEE,121,0.8220,0.0005,0.0173,0.8220
IEEE,23,0.7885,0.0002,0.0166,0.7885
IEEE,35,0.7885,0.0001,0.0166,0.7885
IEEE,124,0.7697,0.0002,0.0162,0.7697
IEEE,59,0.7636,0.0003,0.0161,0.7636
IEEE,63,0.7636,0.0003,0.0161,0.7636
IEEE,15,0.7577,0.0001,0.0159,0.7577
IEEE,57,0.7577,0.0001,0.0159,0.7577
IEEE,98,0.7518,0.0002,0.0158,0.7518
IEEE,82,0.7461,0.0002,0.0157,0.7461
IMID,0,64.6984,0.0024,0.3998,64.6984
IMID,1,49.2211,0.0032,0.3041,49.2211
IMID,81,46.6769,0.0056,0.2884,46.6769
IMID,118,39.8155,0.0036,0.2460,39.8155
IMID,12,35.3505,0.0024,0.2184,35.3505
IMID,55,33.0806,0.0039,0.2044,33.0806
IMID,27,32.3367,0.0025,0.1998,32.3367
IMID,123,32.0904,0.0033,0.1983,32.0904
IMID,37,30.6317,0.0032,0.1893,30.6317
IMID,42,30.5889,0.0042,0.1890,30.5889
IMID,33,30.1276,0.0096,0.1862,30.1276
IMID,70,29.6807,0.0032,0.1834,29.6807
IMID,50,27.5312,0.0019,0.1701,27.5312
IMID,61,24.9672,0.0045,0.1543,24.9672
IMID,106,22.7306,0.0045,0.1404,22.7306
IMID,19,22.4415,0.0025,0.1387,22.4415
IMID,56,21.9537,0.0017,0.1356,21.9537
IMID,116,20.5750,0.0059,0.1271,20.5750
IMID,57,18.9421,0.0034,0.1170,18.9421
IMID,35,18.1345,0.0028,0.1121,18.1345
IMID,15,16.6691,0.0032,0.1030,16.6691
IMID,28,16.5277,0.0031,0.1021,16.5277
IMID,20,16.0452,0.0030,0.0991,16.0452
IMID,22,14.8080,0.0021,0.0915,14.8080
IMID,51,14.7650,0.0016,0.0912,14.7650
IMID,23,12.6153,0.0025,0.0779,12.6153
IMID,38,11.6870,0.0152,0.0722,11.6870
IMID,14,11.0904,0.0012,0.0685,11.0904
IMID,110,10.8617,0.0045,0.0671,10.8617
IMID,89,10.3242,0.0011,0.0638,10.3242
IMID,9,10.1349,0.0011,0.0626,10.1349
IMID,2,9.8499,0.0015,0.0609,9.8499
IMID,78,8.8178,0.0014,0.0545,8.8178
IMID,58,8.7442,0.0016,0.0540,8.7442
IMID,97,8.6030,0.0023,0.0532,8.6030
IMID,10,8.3770,0.0008,0.0518,8.3770
IMID,79,7.9631,0.0014,0.0492,7.9631
IMID,47,7.6364,0.0018,0.0472,7.6364
IMID,119,7.6364,0.0042,0.0472,7.6364
IMID,104,7.5183,0.0012,0.0465,7.5183
IMID,39,7.4040,0.0019,0.0457,7.4040
IMID,43,7.1335,0.0011,0.0441,7.1335
IMID,112,7.0310,0.0012,0.0434,7.0310
IMID,98,6.7665,0.0017,0.0418,6.7665
IMID,52,6.5153,0.0009,0.0403,6.5153
IMID,80,6.4673,0.0031,0.0400,6.4673
IMID,95,6.4673,0.0017,0.0400,6.4673
IMID,83,6.2828,0.0008,0.0388,6.2828
IMID,103,6.2828,0.0008,0.0388,6.2828
IMID,124,6.1575,0.0013,0.0380,6.1575
IMID,26,6.0615,0.0013,0.0375,6.0615
IMID,36,6.0615,0.0026,0.0375,6.0615
IMID,82,5.9686,0.0012,0.0369,5.9686
IMID,114,5.8346,0.0019,0.0361,5.8346
IMID,17,5.7914,0.0017,0.0358,5.7914
IMID,16,5.6655,0.0011,0.0350,5.6655
IMID,100,5.5847,0.0010,0.0345,5.5847
IMID,5,5.5452,0.0008,0.0343,5.5452
IMID,4,5.5192,0.0012,0.0341,5.5192
IMID,113,5.2225,0.0013,0.0323,5.2225
IMID,32,4.9743,0.0020,0.0307,4.9743
IMID,62,4.9743,0.0024,0.0307,4.9743
IMID,34,4.9573,0.0010,0.0306,4.9573
IMID,102,4.9217,0.0007,0.0304,4.9217
IMID,29,4.8866,0.0007,0.0302,4.8866
IMID,77,4.8091,0.0018,0.0297,4.8091
IMID,108,4.5818,0.0015,0.0283,4.5818
IMID,8,4.2553,0.0017,0.0263,4.2553
IMID,60,4.1452,0.0052,0.0256,4.1452
IMID,85,3.8484,0.0010,0.0238,3.8484
IMID,63,3.8182,0.0014,0.0236,3.8182
IMID,101,3.5409,0.0005,0.0219,3.5409
IMID,69,3.0787,0.0006,0.0190,3.0787
IMID,59,3.0545,0.0010,0.0189,3.0545
IMID,72,2.9843,0.0007,0.0184,2.9843
IMID,75,2.9843,0.0007,0.0184,2.9843
IMID,111,2.9843,0.0009,0.0184,2.9843
IMID,24,2.9616,0.0004,0.0183,2.9616
IMID,7,2.4871,0.0011,0.0154,2.4871
IMID,3,2.4045,0.0008,0.0149,2.4045
IMID,6,2.2382,0.0005,0.0138,2.2382
IMID,68,2.2045,0.0003,0.0136,2.2045
IMID,49,1.8151,0.0011,0.0112,1.8151
IMID,71,1.6872,0.0014,0.0104,1.6872
IMID,76,1.6725,0.0009,0.0103,1.6725
IMID,87,1.6725,0.0006,0.0103,1.6725
IMID,45,1.6440,0.0011,0.0102,1.6440
IMID,31,1.5517,0.0006,0.0096,1.5517
IMID,88,1.5394,0.0008,0.0095,1.5394
IMID,46,1.4372,0.0002,0.0089,1.4372
IMID,115,1.0039,0.0024,0.0062,1.0039
IMID,21,0.9829,0.0009,0.0061,0.9829
IMID,13,0.9531,0.0006,0.0059,0.9531
IMID,53,0.9252,0.0012,0.0057,0.9252
IMID,18,0.8436,0.0003,0.0052,0.8436
IMID,93,0.7885,0.0004,0.0049,0.7885
IMID,73,0.7821,0.0003,0.0048,0.7821
IMID,40,0.7577,0.0001,0.0047,0.7577
IMID,54,0.7239,0.0002,0.0045,0.7239
ITU,0,46.1148,0.0017,0.4274,46.1148
ITU,19,39.0916,0.0044,0.3623,39.0916
ITU,8,37.4462,0.0150,0.3471,37.4462
ITU,89,28.2195,0.0029,0.2615,28.2195
ITU,50,25.4664,0.0017,0.2360,25.4664
ITU,110,23.2752,0.0097,0.2157,23.2752
ITU,1,22.1138,0.0014,0.2050,22.1138
ITU,12,20.7944,0.0014,0.1927,20.7944
ITU,14,17.3287,0.0018,0.1606,17.3287
ITU,61,16.4070,0.0029,0.1521,16.4070
ITU,38,15.2830,0.0199,0.1416,15.2830
ITU,102,13.3589,0.0018,0.1238,13.3589
ITU,34,12.7473,0.0025,0.1181,12.7473
ITU,116,12.4919,0.0036,0.1158,12.4919
ITU,56,12.0391,0.0010,0.1116,12.0391
ITU,100,11.8675,0.0022,0.1100,11.8675
ITU,70,11.5827,0.0013,0.1073,11.5827
ITU,118,11.5827,0.0010,0.1073,11.5827
ITU,112,11.2496,0.0020,0.1043,11.2496
ITU,29,11.1694,0.0017,0.1035,11.1694
ITU,83,11.1694,0.0015,0.1035,11.1694
ITU,5,11.0904,0.0017,0.1028,11.0904
ITU,4,11.0384,0.0023,0.1023,11.0384
ITU,81,10.9399,0.0013,0.1014,10.9399
ITU,51,9.8434,0.0011,0.0912,9.8434
ITU,33,8.8178,0.0028,0.0817,8.8178
ITU,31,8.5342,0.0033,0.0791,8.5342
ITU,20,8.0226,0.0015,0.0744,8.0226
ITU,77,8.0152,0.0030,0.0743,8.0152
ITU,17,7.9631,0.0023,0.0738,7.9631
ITU,28,7.9045,0.0015,0.0733,7.9045
ITU,46,7.1859,0.0008,0.0666,7.1859
ITU,16,7.0819,0.0014,0.0656,7.0819
ITU,72,6.7146,0.0015,0.0622,6.7146
ITU,24,6.6636,0.0009,0.0618,6.6636
ITU,78,6.6134,0.0010,0.0613,6.6134
ITU,47,6.1091,0.0015,0.0566,6.1091
ITU,108,6.1091,0.0020,0.0566,6.1091
ITU,22,5.1828,0.0007,0.0480,5.1828
ITU,114,5.1053,0.0017,0.0473,5.1053
ITU,123,5.1053,0.0005,0.0473,5.1053
ITU,6,4.4764,0.0009,0.0415,4.4764
ITU,37,4.3760,0.0005,0.0406,4.3760
ITU,96,4.2553,0.0026,0.0394,4.2553
ITU,27,3.5930,0.0003,0.0333,3.5930
ITU,15,3.0307,0.0006,0.0281,3.0307
ITU,57,3.0307,0.0006,0.0281,3.0307
ITU,106,3.0307,0.0006,0.0281,3.0307
ITU,55,3.0073,0.0004,0.0279,3.0073
ITU,42,2.9843,0.0004,0.0277,2.9843
ITU,10,2.7923,0.0003,0.0259,2.7923
ITU,103,2.7923,0.0004,0.0259,2.7923
ITU,58,2.3848,0.0004,0.0221,2.3848
ITU,119,2.2909,0.0013,0.0212,2.2909
ITU,2,2.2731,0.0003,0.0211,2.2731
ITU,68,2.2045,0.0003,0.0204,2.2045
ITU,80,2.1558,0.0010,0.0200,2.1558
ITU,18,1.6872,0.0006,0.0156,1.6872
ITU,7,1.6581,0.0008,0.0154,1.6581
ITU,73,1.5642,0.0006,0.0145,1.5642
ITU,69,1.5394,0.0003,0.0143,1.5394
ITU,63,1.5273,0.0006,0.0142,1.5273
ITU,36,1.5154,0.0007,0.0140,1.5154
ITU,40,1.5154,0.0003,0.0140,1.5154
ITU,65,1.5037,0.0008,0.0139,1.5037
ITU,117,1.5037,0.0008,0.0139,1.5037
ITU,79,1.4478,0.0002,0.0134,1.4478
ITU,43,1.4267,0.0002,0.0132,1.4267
ITU,86,0.8824,0.0011,0.0082,0.8824
ITU,105,0.8362,0.0005,0.0078,0.8362
ITU,64,0.8290,0.0005,0.0077,0.8290
ITU,23,0.7885,0.0002,0.0073,0.7885
ITU,35,0.7885,0.0001,0.0073,0.7885
ITU,93,0.7885,0.0004,0.0073,0.7885
ITU,97,0.7821,0.0002,0.0072,0.7821
ITU,90,0.7636,0.0004,0.0071,0.7636
ITU,26,0.7577,0.0002,0.0070,0.7577
ITU,104,0.7518,0.0001,0.0070,0.7518
ITU,82,0.7461,0.0002,0.0069,0.7461
ITU,113,0.7461,0.0002,0.0069,0.7461
ITU,52,0.7239,0.0001,0.0067,0.7239
ITU,101,0.7082,0.0001,0.0066,0.7082
Innolux,0,46.1148,0.0017,0.3854,46.1148
Innolux,1,34.2408,0.0022,0.2862,34.2408
Innolux,12,29.8053,0.0020,0.2491,29.8053
Innolux,118,25.3372,0.0023,0.2118,25.3372
Innolux,122,24.8104,0.0069,0.2074,24.8104
Innolux,50,24.0898,0.0016,0.2013,24.0898
Innolux,81,24.0678,0.0029,0.2012,24.0678
Innolux,70,23.1654,0.0025,0.1936,23.1654
Innolux,19,21.7176,0.0024,0.1815,21.7176
Innolux,51,18.9836,0.0021,0.1587,18.9836
Innolux,123,18.9625,0.0020,0.1585,18.9625
Innolux,56,16.9964,0.0014,0.1421,16.9964
Innolux,15,16.6691,0.0032,0.1393,16.6691
Innolux,110,16.2926,0.0068,0.1362,16.2926
Innolux,103,16.0560,0.0021,0.1342,16.0560
Innolux,27,15.8091,0.0012,0.1321,15.8091
Innolux,43,15.6937,0.0025,0.1312,15.6937
Innolux,20,15.3159,0.0029,0.1280,15.3159
Innolux,116,14.6964,0.0042,0.1228,14.6964
Innolux,55,14.2848,0.0017,0.1194,14.2848
Innolux,101,14.1637,0.0019,0.1184,14.1637
Innolux,28,13.6533,0.0026,0.1141,13.6533
Innolux,61,13.5536,0.0024,0.1133,13.5536
Innolux,8,12.7658,0.0051,0.1067,12.7658
Innolux,10,12.5655,0.0012,0.1050,12.5655
Innolux,14,12.4766,0.0013,0.1043,12.4766
Innolux,37,11.6692,0.0012,0.0975,11.6692
Innolux,106,11.3653,0.0022,0.0950,11.3653
Innolux,42,10.4450,0.0014,0.0873,10.4450
Innolux,33,10.2875,0.0033,0.0860,10.2875
Innolux,22,9.6252,0.0014,0.0804,9.6252
Innolux,6,8.9528,0.0018,0.0748,8.9528
Innolux,89,8.9477,0.0009,0.0748,8.9477
Innolux,114,8.7519,0.0029,0.0731,8.7519
Innolux,54,8.6870,0.0019,0.0726,8.6870
Innolux,35,8.6730,0.0013,0.0725,8.6730
Innolux,90,8.4000,0.0040,0.0702,8.4000
Innolux,119,8.4000,0.0047,0.0702,8.4000
Innolux,79,7.9631,0.0014,0.0666,7.9631
Innolux,46,7.9045,0.0009,0.0661,7.9045
Innolux,95,7.9045,0.0021,0.0661,7.9045
Innolux,109,7.5769,0.0029,0.0633,7.5769
Innolux,25,7.3978,0.0027,0.0618,7.3978
Innolux,68,7.3482,0.0009,0.0614,7.3482
Innolux,78,7.3482,0.0011,0.0614,7.3482
Innolux,9,7.2392,0.0008,0.0605,7.2392
Innolux,23,7.0961,0.0014,0.0593,7.0961
Innolux,16,7.0819,0.0014,0.0592,7.0819
Innolux,47,6.8727,0.0016,0.0574,6.8727
Innolux,57,6.8192,0.0012,0.0570,6.8192
Innolux,72,6.7146,0.0015,0.0561,6.7146
Innolux,58,6.3594,0.0012,0.0532,6.3594
Innolux,73,6.2568,0.0023,0.0523,6.2568
Innolux,5,6.2383,0.0009,0.0521,6.2383
Innolux,31,6.2067,0.0024,0.0519,6.2067
Innolux,69,6.1575,0.0013,0.0515,6.1575
Innolux,2,6.0615,0.0009,0.0507,6.0615
Innolux,24,5.9232,0.0008,0.0495,5.9232
Innolux,52,5.7914,0.0008,0.0484,5.7914
Innolux,102,5.6248,0.0008,0.0470,5.6248
Innolux,29,5.5847,0.0009,0.0467,5.5847
Innolux,83,5.5847,0.0007,0.0467,5.5847
Innolux,4,5.5192,0.0012,0.0461,5.5192
Innolux,44,5.4453,0.0103,0.0455,5.4453
Innolux,85,5.3878,0.0014,0.0450,5.3878
Innolux,40,5.3038,0.0009,0.0443,5.3038
Innolux,75,5.2225,0.0012,0.0436,5.2225
Innolux,38,4.4950,0.0058,0.0376,4.4950
Innolux,17,4.3435,0.0012,0.0363,4.3435
Innolux,34,4.2491,0.0008,0.0355,4.2491
Innolux,77,4.0076,0.0015,0.0335,4.0076
Innolux,97,3.9105,0.0011,0.0327,3.9105
Innolux,108,3.8182,0.0012,0.0319,3.8182
Innolux,82,3.7303,0.0008,0.0312,3.7303
Innolux,39,3.7020,0.0009,0.0309,3.7020
Innolux,49,3.6302,0.0022,0.0303,3.6302
Innolux,80,3.5930,0.0017,0.0300,3.5930
Innolux,112,3.5155,0.0006,0.0294,3.5155
Innolux,100,3.4904,0.0007,0.0292,3.4904
Innolux,87,3.3450,0.0013,0.0280,3.3450
Innolux,32,3.3162,0.0013,0.0277,3.3162
Innolux,66,3.3162,0.0029,0.0277,3.3162
Innolux,88,3.0787,0.0017,0.0257,3.0787
Innolux,26,3.0307,0.0006,0.0253,3.0307
Innolux,36,3.0307,0.0013,0.0253,3.0307
Innolux,65,3.0073,0.0017,0.0251,3.0073
Innolux,117,3.0073,0.0016,0.0251,3.0073
Innolux,111,2.9843,0.0009,0.0249,2.9843
Innolux,105,2.5087,0.0015,0.0210,2.5087
Innolux,64,2.4871,0.0014,0.0208,2.4871
Innolux,121,2.4659,0.0014,0.0206,2.4659
Innolux,3,2.4045,0.0008,0.0201,2.4045
Innolux,93,2.3654,0.0013,0.0198,2.3654
Innolux,104,2.2555,0.0004,0.0189,2.2555
Innolux,113,2.2382,0.0005,0.0187,2.2382
Innolux,99,2.1463,0.0033,0.0179,2.1463
Innolux,120,1.9658,0.0038,0.0164,1.9658
Innolux,67,1.9256,0.0048,0.0161,1.9256
Innolux,13,1.9062,0.0011,0.0159,1.9062
Innolux,41,1.8151,0.0009,0.0152,1.8151
Innolux,18,1.6872,0.0006,0.0141,1.6872
Innolux,71,1.6872,0.0014,0.0141,1.6872
Innolux,76,1.6725,0.0009,0.0140,1.6725
Innolux,62,1.6581,0.0008,0.0139,1.6581
Innolux,124,1.5394,0.0003,0.0129,1.5394
Innolux,59,1.5273,0.0005,0.0128,1.5273
Innolux,98,1.5037,0.0004,0.0126,1.5037
Innolux,74,1.0731,0.0024,0.0090,1.0731
Innolux,92,1.0039,0.0011,0.0084,1.0039
Innolux,48,0.9436,0.0006,0.0079,0.9436
Innolux,94,0.9343,0.0018,0.0078,0.9343
Innolux,91,0.8362,0.0004,0.0070,0.8362
Innolux,7,0.8290,0.0004,0.0069,0.8290
Innolux,60,0.8290,0.0010,0.0069,0.8290
Innolux,45,0.8220,0.0005,0.0069,0.8220
Innolux,63,0.7636,0.0003,0.0064,0.7636
IoT,0,427.4225,0.0155,0.3819,427.4225
IoT,50,336.5694,0.0230,0.3007,336.5694
IoT,14,311.2231,0.0329,0.2780,311.2231
IoT,12,286.2698,0.0192,0.2558,286.2698
IoT,10,262.4801,0.0257,0.2345,262.4801
IoT,89,233.3273,0.0239,0.2085,233.3273
IoT,29,208.7276,0.0319,0.1865,208.7276
IoT,70,155.6426,0.0170,0.1391,155.6426
IoT,56,153.6762,0.0122,0.1373,153.6762
IoT,68,153.5774,0.0181,0.1372,153.5774
IoT,101,150.1352,0.0197,0.1341,150.1352
IoT,103,149.3903,0.0192,0.1335,149.3903
IoT,51,142.0257,0.0154,0.1269,142.0257
IoT,19,141.8881,0.0159,0.1268,141.8881
IoT,27,137.2514,0.0107,0.1226,137.2514
IoT,1,136.9632,0.0089,0.1224,136.9632
IoT,34,131.0142,0.0260,0.1170,131.0142
IoT,104,128.5630,0.0211,0.1149,128.5630
IoT,102,118.8235,0.0163,0.1062,118.8235
IoT,78,116.8364,0.0181,0.1044,116.8364
IoT,6,114.8947,0.0233,0.1026,114.8947
IoT,100,112.3918,0.0210,0.1004,112.3918
IoT,16,111.1851,0.0219,0.0993,111.1851
IoT,4,111.1725,0.0236,0.0993,111.1725
IoT,118,108.5878,0.0097,0.0970,108.5878
IoT,46,107.0705,0.0122,0.0957,107.0705
IoT,5,106.0515,0.0160,0.0947,106.0515
IoT,61,104.8624,0.0188,0.0937,104.8624
IoT,28,100.6031,0.0189,0.0899,100.6031
IoT,83,99.8262,0.0133,0.0892,99.8262
IoT,112,99.1367,0.0172,0.0886,99.1367
IoT,20,97.7298,0.0184,0.0873,97.7298
IoT,43,97.7289,0.0155,0.0873,97.7289
IoT,54,94.8334,0.0208,0.0847,94.8334
IoT,9,91.2138,0.0099,0.0815,91.2138
IoT,2,88.6492,0.0131,0.0792,88.6492
IoT,85,85.4353,0.0215,0.0763,85.4353
IoT,88,83.1262,0.0457,0.0743,83.1262
IoT,95,81.9197,0.0214,0.0732,81.9197
IoT,40,78.7993,0.0140,0.0704,78.7993
IoT,108,78.6546,0.0257,0.0703,78.6546
IoT,37,75.8500,0.0079,0.0678,75.8500
IoT,79,73.1158,0.0126,0.0653,73.1158
IoT,8,71.4882,0.0287,0.0639,71.4882
IoT,119,70.2546,0.0389,0.0628,70.2546
IoT,110,69.8255,0.0292,0.0624,69.8255
IoT,81,67.8274,0.0081,0.0606,67.8274
IoT,72,66.4002,0.0147,0.0593,66.4002
IoT,123,65.6394,0.0068,0.0586,65.6394
IoT,24,65.1552,0.0093,0.0582,65.1552
IoT,52,64.4288,0.0091,0.0576,64.4288
IoT,114,61.9928,0.0206,0.0554,61.9928
IoT,113,61.9238,0.0150,0.0553,61.9238
IoT,69,61.5750,0.0128,0.0550,61.5750
IoT,82,61.1777,0.0125,0.0547,61.1777
IoT,25,60.8265,0.0226,0.0543,60.8265
IoT,22,60.7128,0.0087,0.0542,60.7128
IoT,36,59.0995,0.0256,0.0528,59.0995
IoT,47,58.0364,0.0139,0.0518,58.0364
IoT,122,57.1391,0.0160,0.0510,57.1391
IoT,109,54.5534,0.0210,0.0487,54.5534
IoT,17,52.8461,0.0152,0.0472,52.8461
IoT,80,52.4574,0.0249,0.0469,52.4574
IoT,93,52.0382,0.0283,0.0465,52.0382
IoT,124,51.5690,0.0111,0.0461,51.5690
IoT,111,51.4788,0.0160,0.0460,51.4788
IoT,21,51.1096,0.0457,0.0457,51.1096
IoT,73,50.0541,0.0187,0.0447,50.0541
IoT,18,49.7712,0.0165,0.0445,49.7712
IoT,87,49.3386,0.0188,0.0441,49.3386
IoT,75,49.2406,0.0117,0.0440,49.2406
IoT,3,48.0909,0.0166,0.0430,48.0909
IoT,116,44.0892,0.0126,0.0394,44.0892
IoT,35,43.3652,0.0067,0.0387,43.3652
IoT,55,42.8543,0.0051,0.0383,42.8543
IoT,98,42.8543,0.0107,0.0383,42.8543
IoT,31,42.6711,0.0167,0.0381,42.6711
IoT,23,42.5767,0.0083,0.0380,42.5767
IoT,90,42.0000,0.0202,0.0375,42.0000
IoT,33,39.6803,0.0126,0.0355,39.6803
IoT,57,37.1266,0.0068,0.0332,37.1266
IoT,117,34.5842,0.0182,0.0309,34.5842
IoT,41,33.5796,0.0158,0.0300,33.5796
IoT,49,32.6721,0.0197,0.0292,32.6721
IoT,64,32.3329,0.0188,0.0289,32.3329
IoT,58,31.7972,0.0058,0.0284,31.7972
IoT,65,31.5769,0.0174,0.0282,31.5769
IoT,66,31.5039,0.0272,0.0281,31.5039
IoT,105,30.9412,0.0186,0.0276,30.9412
IoT,42,30.5889,0.0042,0.0273,30.5889
IoT,39,30.3564,0.0077,0.0271,30.3564
IoT,26,30.3074,0.0063,0.0271,30.3074
IoT,106,29.5497,0.0058,0.0264,29.5497
IoT,115,28.1083,0.0676,0.0251,28.1083
IoT,77,27.2515,0.0101,0.0243,27.2515
IoT,15,26.5190,0.0051,0.0237,26.5190
IoT,53,24.0554,0.0310,0.0215,24.0554
IoT,60,24.0424,0.0301,0.0215,24.0424
IoT,121,23.0154,0.0127,0.0206,23.0154
IoT,44,22.6889,0.0429,0.0203,22.6889
IoT,48,22.6466,0.0144,0.0202,22.6466
IoT,71,21.9331,0.0183,0.0196,21.9331
IoT,76,21.7424,0.0118,0.0194,21.7424
IoT,120,21.6233,0.0416,0.0193,21.6233
IoT,62,21.5553,0.0102,0.0193,21.5553
IoT,63,21.3818,0.0080,0.0191,21.3818
IoT,45,21.3715,0.0141,0.0191,21.3715
IoT,91,20.0700,0.0101,0.0179,20.0700
IoT,30,19.7780,0.0067,0.0177,19.7780
IoT,97,19.5524,0.0053,0.0175,19.5524
IoT,92,19.0735,0.0212,0.0170,19.0735
IoT,86,18.5302,0.0231,0.0166,18.5302
IoT,32,17.4100,0.0070,0.0156,17.4100
IoT,99,17.1701,0.0261,0.0153,17.1701
IoT,13,17.1559,0.0099,0.0153,17.1559
IoT,11,16.8176,0.0065,0.0150,16.8176
IoT,59,16.0364,0.0054,0.0143,16.0364
IoT,84,15.7285,0.0173,0.0141,15.7285
IoT,107,14.4663,0.1039,0.0129,14.4663
IoT,7,14.0938,0.0065,0.0126,14.0938
IoT,94,14.0146,0.0272,0.0125,14.0146
IoT,96,11.9147,0.0072,0.0106,11.9147
IoT,74,11.8045,0.0264,0.0105,11.8045
IoT,67,9.6281,0.0240,0.0086,9.6281
IoT,38,6.2930,0.0082,0.0056,6.2930
JDI,27,89.1056,0.0069,0.3710,89.1056
JDI,123,75.8500,0.0078,0.3158,75.8500
JDI,37,73.6620,0.0077,0.3067,73.6620
JDI,1,65.6282,0.0043,0.2732,65.6282
JDI,0,60.5687,0.0022,0.2522,60.5687
JDI,55,57.1391,0.0068,0.2379,57.1391
JDI,42,56.7013,0.0078,0.2361,56.7013
JDI,56,45.3238,0.0036,0.1887,45.3238
JDI,118,41.2634,0.0037,0.1718,41.2634
JDI,81,38.6543,0.0046,0.1609,38.6543
JDI,57,35.6112,0.0065,0.1483,35.6112
JDI,9,34.7481,0.0038,0.1447,34.7481
JDI,35,34.6921,0.0054,0.1444,34.6921
JDI,106,33.3382,0.0066,0.1388,33.3382
JDI,52,31.8524,0.0045,0.1326,31.8524
JDI,70,31.1285,0.0034,0.1296,31.1285
JDI,12,28.4190,0.0019,0.1183,28.4190
JDI,68,27.9232,0.0033,0.1163,27.9232
JDI,15,26.5190,0.0051,0.1104,26.5190
JDI,23,24.4422,0.0047,0.1018,24.4422
JDI,124,23.8603,0.0052,0.0993,23.8603
JDI,58,23.8479,0.0043,0.0993,23.8479
JDI,22,22.2120,0.0032,0.0925,22.2120
JDI,59,21.3818,0.0073,0.0890,21.3818
JDI,50,21.3367,0.0015,0.0888,21.3367
JDI,2,21.2152,0.0031,0.0883,21.2152
JDI,82,20.8899,0.0043,0.0870,20.8899
JDI,77,18.4348,0.0068,0.0768,18.4348
JDI,97,17.9882,0.0048,0.0749,17.9882
JDI,39,17.7696,0.0045,0.0740,17.7696
JDI,19,16.6501,0.0019,0.0693,16.6501
JDI,47,15.2727,0.0036,0.0636,15.2727
JDI,98,15.0366,0.0038,0.0626,15.0366
JDI,79,13.7545,0.0024,0.0573,13.7545
JDI,28,13.6533,0.0026,0.0568,13.6533
JDI,40,13.6383,0.0024,0.0568,13.6383
JDI,61,13.5536,0.0024,0.0564,13.5536
JDI,32,13.2648,0.0054,0.0552,13.2648
JDI,10,13.2636,0.0013,0.0552,13.2636
JDI,89,12.3891,0.0013,0.0516,12.3891
JDI,33,11.7571,0.0037,0.0490,11.7571
JDI,85,11.5453,0.0029,0.0481,11.5453
JDI,13,11.4373,0.0066,0.0476,11.4373
JDI,14,11.0904,0.0012,0.0462,11.0904
JDI,116,11.0223,0.0032,0.0459,11.0223
JDI,20,10.9399,0.0021,0.0455,10.9399
JDI,16,10.6228,0.0021,0.0442,10.6228
JDI,51,10.5465,0.0011,0.0439,10.5465
JDI,72,10.4450,0.0023,0.0435,10.4450
JDI,78,10.2875,0.0016,0.0428,10.2875
JDI,43,9.9869,0.0016,0.0416,9.9869
JDI,101,9.2064,0.0012,0.0383,9.2064
JDI,63,9.1636,0.0034,0.0382,9.1636
JDI,103,9.0751,0.0012,0.0378,9.0751
JDI,75,8.9528,0.0021,0.0373,8.9528
JDI,4,8.6730,0.0018,0.0361,8.6730
JDI,46,7.9045,0.0009,0.0329,7.9045
JDI,112,7.7341,0.0013,0.0322,7.7341
JDI,108,7.6364,0.0025,0.0318,7.6364
JDI,26,7.5769,0.0016,0.0315,7.5769
JDI,62,7.4614,0.0035,0.0311,7.4614
JDI,54,7.2392,0.0016,0.0301,7.2392
JDI,83,6.9809,0.0009,0.0291,6.9809
JDI,90,6.8727,0.0033,0.0286,6.8727
JDI,113,6.7146,0.0016,0.0280,6.7146
JDI,24,6.6636,0.0009,0.0277,6.6636
JDI,34,6.3737,0.0013,0.0265,6.3737
JDI,104,6.0146,0.0010,0.0250,6.0146
JDI,3,5.6106,0.0019,0.0234,5.6106
JDI,11,5.6059,0.0022,0.0233,5.6059
JDI,29,5.5847,0.0009,0.0233,5.5847
JDI,100,5.5847,0.0010,0.0233,5.5847
JDI,69,5.3878,0.0011,0.0224,5.3878
JDI,111,5.2225,0.0016,0.0217,5.2225
JDI,17,5.0674,0.0015,0.0211,5.0674
JDI,65,4.5110,0.0025,0.0188,4.5110
JDI,117,4.5110,0.0024,0.0188,4.5110
JDI,30,4.4950,0.0015,0.0187,4.4950
JDI,6,4.4764,0.0009,0.0186,4.4764
JDI,80,4.3116,0.0021,0.0180,4.3116
JDI,8,4.2553,0.0017,0.0177,4.2553
JDI,102,4.2186,0.0006,0.0176,4.2186
JDI,5,4.1589,0.0006,0.0173,4.1589
JDI,7,4.1452,0.0019,0.0173,4.1452
JDI,122,3.7592,0.0011,0.0157,3.7592
JDI,96,3.4042,0.0021,0.0142,3.4042
JDI,31,3.1034,0.0012,0.0129,3.1034
JDI,110,3.1034,0.0013,0.0129,3.1034
JDI,95,2.8744,0.0007,0.0120,2.8744
JDI,18,2.5307,0.0008,0.0105,2.5307
JDI,71,2.5307,0.0021,0.0105,2.5307
JDI,76,2.5087,0.0014,0.0104,2.5087
JDI,36,2.2731,0.0010,0.0095,2.2731
JDI,114,2.1880,0.0007,0.0091,2.1880
JDI,49,1.8151,0.0011,0.0076,1.8151
JDI,60,1.6581,0.0021,0.0069,1.6581
JDI,45,1.6440,0.0011,0.0068,1.6440
JDI,121,1.6440,0.0009,0.0068,1.6440
JDI,93,1.5769,0.0009,0.0066,1.5769
JDI,88,1.5394,0.0008,0.0064,1.5394
JDI,115,1.0039,0.0024,0.0042,1.0039
JDI,53,0.9252,0.0012,0.0039,0.9252
JDI,86,0.8824,0.0011,0.0037,0.8824
JDI,87,0.8362,0.0003,0.0035,0.8362
JDI,91,0.8362,0.0004,0.0035,0.8362
JDI,105,0.8362,0.0005,0.0035,0.8362
JDI,64,0.8290,0.0005,0.0035,0.8290
JDI,73,0.7821,0.0003,0.0033,0.7821
JDI,109,0.7577,0.0003,0.0032,0.7577
JSR,0,4.1297,0.0002,0.4997,4.1297
JSR,12,2.7726,0.0002,0.3355,2.7726
JSR,50,2.7531,0.0002,0.3332,2.7531
JSR,122,2.2555,0.0006,0.2729,2.2555
JSR,14,2.0794,0.0002,0.2516,2.0794
JSR,9,1.4478,0.0002,0.1752,1.4478
JSR,101,1.4164,0.0002,0.1714,1.4164
JSR,51,1.4062,0.0002,0.1702,1.4062
JSR,10,1.3962,0.0001,0.1690,1.3962
JSR,103,1.3962,0.0002,0.1690,1.3962
JSR,66,0.8290,0.0007,0.1003,0.8290
JSR,97,0.7821,0.0002,0.0946,0.7821
JSR,63,0.7636,0.0003,0.0924,0.7636
JSR,57,0.7577,0.0001,0.0917,0.7577
JSR,109,0.7577,0.0003,0.0917,0.7577
JSR,65,0.7518,0.0004,0.0910,0.7518
JSR,98,0.7518,0.0002,0.0910,0.7518
JSR,117,0.7518,0.0004,0.0910,0.7518
JSR,72,0.7461,0.0002,0.0903,0.7461
JSR,75,0.7461,0.0002,0.0903,0.7461
JSR,111,0.7461,0.0002,0.0903,0.7461
JSR,24,0.7404,0.0001,0.0896,0.7404
JSR,39,0.7404,0.0002,0.0896,0.7404
JSR,123,0.7293,0.0001,0.0883,0.7293
JSR,52,0.7239,0.0001,0.0876,0.7239
JSR,54,0.7239,0.0002,0.0876,0.7239
JSR,79,0.7239,0.0001,0.0876,0.7239
JSR,28,0.7186,0.0001,0.0870,0.7186
JSR,46,0.7186,0.0001,0.0870,0.7186
JSR,80,0.7186,0.0003,0.0870,0.7186
JSR,95,0.7186,0.0002,0.0870,0.7186
JSR,1,0.7133,0.0000,0.0863,0.7133
JSR,34,0.7082,0.0001,0.0857,0.7082
JSR,56,0.7082,0.0001,0.0857,0.7082
JSR,102,0.7031,0.0001,0.0851,0.7031
JSR,112,0.7031,0.0001,0.0851,0.7031
JSR,29,0.6981,0.0001,0.0845,0.6981
JSR,83,0.6981,0.0001,0.0845,0.6981
JSR,100,0.6981,0.0001,0.0845,0.6981
JSR,5,0.6931,0.0001,0.0839,0.6931
JSR,89,0.6883,0.0001,0.0833,0.6883
KAIST,0,137.6562,0.0050,0.4591,137.6562
KAIST,50,101.1773,0.0069,0.3374,101.1773
KAIST,12,94.2680,0.0063,0.3144,94.2680
KAIST,14,73.4736,0.0078,0.2450,73.4736
KAIST,10,62.1296,0.0061,0.2072,62.1296
KAIST,80,55.3317,0.0263,0.1845,55.3317
KAIST,61,44.9410,0.0080,0.1499,44.9410
KAIST,51,44.2951,0.0048,0.1477,44.2951
KAIST,1,43.5143,0.0028,0.1451,43.5143
KAIST,70,43.4351,0.0047,0.1449,43.4351
KAIST,102,40.7797,0.0056,0.1360,40.7797
KAIST,103,39.7909,0.0051,0.1327,39.7909
KAIST,118,37.6438,0.0034,0.1255,37.6438
KAIST,5,37.4299,0.0056,0.1248,37.4299
KAIST,33,34.5365,0.0110,0.1152,34.5365
KAIST,68,33.8017,0.0040,0.1127,33.8017
KAIST,27,33.7739,0.0026,0.1126,33.7739
KAIST,101,33.2847,0.0044,0.1110,33.2847
KAIST,89,33.0375,0.0034,0.1102,33.0375
KAIST,104,32.3287,0.0053,0.1078,32.3287
KAIST,20,29.9024,0.0056,0.0997,29.9024
KAIST,29,29.3196,0.0045,0.0978,29.3196
KAIST,46,28.7438,0.0033,0.0959,28.7438
KAIST,43,27.8206,0.0044,0.0928,27.8206
KAIST,28,27.3066,0.0051,0.0911,27.3066
KAIST,81,26.9851,0.0032,0.0900,26.9851
KAIST,56,26.2028,0.0021,0.0874,26.2028
KAIST,22,25.1736,0.0036,0.0840,25.1736
KAIST,25,24.6594,0.0092,0.0822,24.6594
KAIST,116,24.2491,0.0070,0.0809,24.2491
KAIST,83,23.7349,0.0032,0.0792,23.7349
KAIST,112,23.2022,0.0040,0.0774,23.2022
KAIST,100,23.0368,0.0043,0.0768,23.0368
KAIST,34,21.9537,0.0044,0.0732,21.9537
KAIST,79,21.7176,0.0037,0.0724,21.7176
KAIST,54,20.9936,0.0046,0.0700,20.9936
KAIST,95,20.8392,0.0054,0.0695,20.8392
KAIST,114,20.4212,0.0068,0.0681,20.4212
KAIST,123,18.9625,0.0020,0.0632,18.9625
KAIST,4,18.9230,0.0040,0.0631,18.9230
KAIST,119,18.3273,0.0102,0.0611,18.3273
KAIST,40,17.4268,0.0031,0.0581,17.4268
KAIST,113,17.1596,0.0042,0.0572,17.1596
KAIST,69,16.9331,0.0035,0.0565,16.9331
KAIST,16,16.2883,0.0032,0.0543,16.2883
KAIST,108,16.0364,0.0052,0.0535,16.0364
KAIST,36,15.1537,0.0066,0.0505,15.1537
KAIST,24,14.8080,0.0021,0.0494,14.8080
KAIST,37,14.5865,0.0015,0.0486,14.5865
KAIST,47,14.5091,0.0035,0.0484,14.5091
KAIST,52,13.7545,0.0019,0.0459,13.7545
KAIST,15,13.6383,0.0026,0.0455,13.6383
KAIST,6,13.4293,0.0027,0.0448,13.4293
KAIST,31,13.1893,0.0051,0.0440,13.1893
KAIST,57,12.8807,0.0023,0.0430,12.8807
KAIST,109,12.8807,0.0050,0.0430,12.8807
KAIST,55,12.7811,0.0015,0.0426,12.7811
KAIST,122,12.7811,0.0036,0.0426,12.7811
KAIST,63,12.2182,0.0046,0.0407,12.2182
KAIST,117,12.0293,0.0063,0.0401,12.0293
KAIST,9,11.5827,0.0013,0.0386,11.5827
KAIST,65,11.2775,0.0062,0.0376,11.2775
KAIST,42,11.1910,0.0015,0.0373,11.1910
KAIST,75,11.1910,0.0027,0.0373,11.1910
KAIST,82,11.1910,0.0023,0.0373,11.1910
KAIST,38,10.7880,0.0140,0.0360,10.7880
KAIST,106,10.6076,0.0021,0.0354,10.6076
KAIST,78,10.2875,0.0016,0.0343,10.2875
KAIST,17,10.1349,0.0029,0.0338,10.1349
KAIST,19,10.1349,0.0011,0.0338,10.1349
KAIST,90,9.9273,0.0048,0.0331,9.9273
KAIST,111,9.6989,0.0030,0.0323,9.6989
KAIST,85,9.2362,0.0023,0.0308,9.2362
KAIST,2,9.0922,0.0013,0.0303,9.0922
KAIST,98,9.0220,0.0023,0.0301,9.0220
KAIST,72,8.9528,0.0020,0.0299,8.9528
KAIST,26,8.3345,0.0017,0.0278,8.3345
KAIST,77,8.0152,0.0030,0.0267,8.0152
KAIST,58,7.9493,0.0014,0.0265,7.9493
KAIST,21,7.8630,0.0070,0.0262,7.8630
KAIST,73,7.8209,0.0029,0.0261,7.8209
KAIST,60,7.4614,0.0093,0.0249,7.4614
KAIST,35,7.0961,0.0011,0.0237,7.0961
KAIST,93,7.0961,0.0039,0.0237,7.0961
KAIST,23,6.3077,0.0012,0.0210,6.3077
KAIST,87,5.8537,0.0022,0.0195,5.8537
KAIST,66,5.8033,0.0050,0.0194,5.8033
KAIST,45,5.7539,0.0038,0.0192,5.7539
KAIST,3,5.6106,0.0019,0.0187,5.6106
KAIST,88,5.3878,0.0030,0.0180,5.3878
KAIST,96,5.1063,0.0031,0.0170,5.1063
KAIST,115,5.0193,0.0121,0.0167,5.0193
KAIST,7,4.9743,0.0023,0.0166,4.9743
KAIST,53,4.6260,0.0060,0.0154,4.6260
KAIST,8,4.2553,0.0017,0.0142,4.2553
KAIST,18,4.2179,0.0014,0.0141,4.2179
KAIST,76,4.1812,0.0023,0.0139,4.1812
KAIST,91,4.1812,0.0021,0.0139,4.1812
KAIST,32,4.1452,0.0017,0.0138,4.1452
KAIST,62,4.1452,0.0020,0.0138,4.1452
KAIST,97,3.9105,0.0011,0.0130,3.9105
KAIST,110,3.8792,0.0016,0.0129,3.8792
KAIST,41,3.6302,0.0017,0.0121,3.6302
KAIST,49,3.6302,0.0022,0.0121,3.6302
KAIST,30,3.5960,0.0012,0.0120,3.5960
KAIST,86,3.5296,0.0044,0.0118,3.5296
KAIST,121,3.2879,0.0018,0.0110,3.2879
KAIST,99,3.2194,0.0049,0.0107,3.2194
KAIST,124,3.0787,0.0007,0.0103,3.0787
KAIST,67,2.8884,0.0072,0.0096,2.8884
KAIST,71,2.5307,0.0021,0.0084,2.5307
KAIST,59,2.2909,0.0008,0.0076,2.2909
KAIST,39,2.2212,0.0006,0.0074,2.2212
KAIST,92,2.0077,0.0022,0.0067,2.0077
KAIST,13,1.9062,0.0011,0.0064,1.9062
KAIST,11,1.8686,0.0007,0.0062,1.8686
KAIST,74,1.0731,0.0024,0.0036,1.0731
KAIST,120,0.9829,0.0019,0.0033,0.9829
KAIST,48,0.9436,0.0006,0.0031,0.9436
KAIST,94,0.9343,0.0018,0.0031,0.9343
KAIST,84,0.9252,0.0010,0.0031,0.9252
KAIST,44,0.9076,0.0017,0.0030,0.9076
KAIST,64,0.8290,0.0005,0.0028,0.8290
LG디스플레이,27,1679.3538,0.1305,0.3366,1679.3538
LG디스플레이,0,1572.0338,0.0572,0.3151,1572.0338
LG디스플레이,123,1556.3835,0.1606,0.3119,1556.3835
LG디스플레이,1,1414.5728,0.0919,0.2835,1414.5728
LG디스플레이,37,1352.1720,0.1405,0.2710,1352.1720
LG디스플레이,57,999.3874,0.1819,0.2003,999.3874
LG디스플레이,118,983.8057,0.0881,0.1972,983.8057
LG디스플레이,56,929.8470,0.0741,0.1864,929.8470
LG디스플레이,55,927.0072,0.1099,0.1858,927.0072
LG디스플레이,12,858.8094,0.0576,0.1721,858.8094
LG디스플레이,42,854.9957,0.1179,0.1714,854.9957
LG디스플레이,81,809.5528,0.0964,0.1622,809.5528
LG디스플레이,70,689.8947,0.0753,0.1383,689.8947
LG디스플레이,106,609.1793,0.1204,0.1221,609.1793
LG디스플레이,9,604.4722,0.0656,0.1211,604.4722
LG디스플레이,68,553.3194,0.0653,0.1109,553.3194
LG디스플레이,50,552.6896,0.0378,0.1108,552.6896
LG디스플레이,22,539.7516,0.0770,0.1082,539.7516
LG디스플레이,19,527.0129,0.0590,0.1056,527.0129
LG디스플레이,52,502.3997,0.0711,0.1007,502.3997
LG디스플레이,15,486.4342,0.0933,0.0975,486.4342
LG디스플레이,61,480.0845,0.0860,0.0962,480.0845
LG디스플레이,77,462.4743,0.1706,0.0927,462.4743
LG디스플레이,51,430.9988,0.0469,0.0864,430.9988
LG디스플레이,28,430.4377,0.0807,0.0863,430.4377
LG디스플레이,98,430.0472,0.1076,0.0862,430.0472
LG디스플레이,35,428.9208,0.0662,0.0860,428.9208
LG디스플레이,124,424.0977,0.0917,0.0850,424.0977
LG디스플레이,82,387.2101,0.0791,0.0776,387.2101
LG디스플레이,40,377.3275,0.0670,0.0756,377.3275
LG디스플레이,89,376.4897,0.0385,0.0755,376.4897
LG디스플레이,20,363.2048,0.0685,0.0728,363.2048
LG디스플레이,10,346.9485,0.0340,0.0695,346.9485
LG디스플레이,78,343.1609,0.0531,0.0688,343.1609
LG디스플레이,116,340.9564,0.0977,0.0683,340.9564
LG디스플레이,101,335.6797,0.0440,0.0673,335.6797
LG디스플레이,58,317.1770,0.0575,0.0636,317.1770
LG디스플레이,103,316.9308,0.0407,0.0635,316.9308
LG디스플레이,2,312.9242,0.0461,0.0627,312.9242
LG디스플레이,23,310.6522,0.0604,0.0623,310.6522
LG디스플레이,104,306.7469,0.0505,0.0615,306.7469
LG디스플레이,31,306.4564,0.1197,0.0614,306.4564
LG디스플레이,39,303.5640,0.0774,0.0608,303.5640
LG디스플레이,43,293.1868,0.0466,0.0588,293.1868
LG디스플레이,47,290.1821,0.0693,0.0582,290.1821
LG디스플레이,33,273.3530,0.0869,0.0548,273.3530
LG디스플레이,63,270.3275,0.1010,0.0542,270.3275
LG디스플레이,46,269.4727,0.0308,0.0540,269.4727
LG디스플레이,26,253.0670,0.0527,0.0507,253.0670
LG디스플레이,59,250.4730,0.0851,0.0502,250.4730
LG디스플레이,97,250.2703,0.0673,0.0502,250.2703
LG디스플레이,85,248.6090,0.0627,0.0498,248.6090
LG디스플레이,14,247.4535,0.0261,0.0496,247.4535
LG디스플레이,113,243.2187,0.0590,0.0487,243.2187
LG디스플레이,79,236.7215,0.0409,0.0474,236.7215
LG디스플레이,69,236.2940,0.0493,0.0474,236.2940
LG디스플레이,4,233.3834,0.0495,0.0468,233.3834
LG디스플레이,24,230.2644,0.0327,0.0461,230.2644
LG디스플레이,75,203.6770,0.0483,0.0408,203.6770
LG디스플레이,72,191.7399,0.0425,0.0384,191.7399
LG디스플레이,16,177.0463,0.0348,0.0355,177.0463
LG디스플레이,7,164.1517,0.0757,0.0329,164.1517
LG디스플레이,95,162.4022,0.0424,0.0325,162.4022
LG디스플레이,91,162.2321,0.0813,0.0325,162.2321
LG디스플레이,83,161.9558,0.0216,0.0325,161.9558
LG디스플레이,54,157.8143,0.0347,0.0316,157.8143
LG디스플레이,29,151.4845,0.0232,0.0304,151.4845
LG디스플레이,117,150.3661,0.0790,0.0301,150.3661
LG디스플레이,65,148.1106,0.0818,0.0297,148.1106
LG디스플레이,108,145.0910,0.0474,0.0291,145.0910
LG디스플레이,5,142.0952,0.0214,0.0285,142.0952
LG디스플레이,17,132.4771,0.0381,0.0266,132.4771
LG디스플레이,111,125.3397,0.0390,0.0251,125.3397
LG디스플레이,34,121.0996,0.0241,0.0243,121.0996
LG디스플레이,102,118.1204,0.0162,0.0237,118.1204
LG디스플레이,76,117.9110,0.0642,0.0236,117.9110
LG디스플레이,112,116.7142,0.0202,0.0234,116.7142
LG디스플레이,100,115.1841,0.0215,0.0231,115.1841
LG디스플레이,32,108.6054,0.0439,0.0218,108.6054
LG디스플레이,8,107.2323,0.0430,0.0215,107.2323
LG디스플레이,122,101.4971,0.0284,0.0203,101.4971
LG디스플레이,110,100.8591,0.0422,0.0202,100.8591
LG디스플레이,96,98.7218,0.0598,0.0198,98.7218
LG디스플레이,13,94.3574,0.0546,0.0189,94.3574
LG디스플레이,36,93.1953,0.0404,0.0187,93.1953
LG디스플레이,6,87.2901,0.0177,0.0175,87.2901
LG디스플레이,90,84.7637,0.0408,0.0170,84.7637
LG디스플레이,114,74.3913,0.0247,0.0149,74.3913
LG디스플레이,109,71.2225,0.0274,0.0143,71.2225
LG디스플레이,11,70.0732,0.0272,0.0140,70.0732
LG디스플레이,3,69.7318,0.0241,0.0140,69.7318
LG디스플레이,62,64.6658,0.0307,0.0130,64.6658
LG디스플레이,45,61.6485,0.0406,0.0124,61.6485
LG디스플레이,80,59.6433,0.0284,0.0120,59.6433
LG디스플레이,25,59.1826,0.0220,0.0119,59.1826
LG디스플레이,88,57.7265,0.0318,0.0116,57.7265
LG디스플레이,119,56.5091,0.0313,0.0113,56.5091
LG디스플레이,121,55.8946,0.0309,0.0112,55.8946
LG디스플레이,30,53.9400,0.0182,0.0108,53.9400
LG디스플레이,73,43.7973,0.0164,0.0088,43.7973
LG디스플레이,87,42.6486,0.0163,0.0085,42.6486
LG디스플레이,86,39.7075,0.0494,0.0080,39.7075
LG디스플레이,18,37.1175,0.0123,0.0074,37.1175
LG디스플레이,66,35.6491,0.0307,0.0071,35.6491
LG디스플레이,71,35.4304,0.0295,0.0071,35.4304
LG디스플레이,60,32.3329,0.0404,0.0065,32.3329
LG디스플레이,41,30.8569,0.0146,0.0062,30.8569
LG디스플레이,105,30.1049,0.0181,0.0060,30.1049
LG디스플레이,64,29.0167,0.0169,0.0058,29.0167
LG디스플레이,93,26.8076,0.0146,0.0054,26.8076
LG디스플레이,49,25.4116,0.0154,0.0051,25.4116
LG디스플레이,74,20.3895,0.0456,0.0041,20.3895
LG디스플레이,94,17.7519,0.0344,0.0036,17.7519
LG디스플레이,99,17.1701,0.0261,0.0034,17.1701
LG디스플레이,115,17.0657,0.0411,0.0034,17.0657
LG디스플레이,21,16.7089,0.0150,0.0033,16.7089
LG디스플레이,48,15.0977,0.0096,0.0030,15.0977
LG디스플레이,53,14.8033,0.0191,0.0030,14.8033
LG디스플레이,38,14.3840,0.0187,0.0029,14.3840
LG디스플레이,92,14.0541,0.0156,0.0028,14.0541
LG디스플레이,44,10.8907,0.0206,0.0022,10.8907
LG디스플레이,120,9.8288,0.0189,0.0020,9.8288
LG디스플레이,84,9.2521,0.0102,0.0019,9.2521
LG디스플레이,67,4.8141,0.0120,0.0010,4.8141
LG디스플레이,107,1.8083,0.0130,0.0004,1.8083
LG전자,56,1766.2135,0.1407,0.3425,1766.2135
LG전자,0,1680.0939,0.0611,0.3258,1680.0939
LG전자,104,1601.3994,0.2634,0.3105,1601.3994
LG전자,4,1341.1660,0.2842,0.2601,1341.1660
LG전자,68,1136.7663,0.1342,0.2204,1136.7663
LG전자,1,1060.7513,0.0689,0.2057,1060.7513
LG전자,19,974.3948,0.1090,0.1889,974.3948
LG전자,50,973.2293,0.0666,0.1887,973.2293
LG전자,12,835.2424,0.0560,0.1620,835.2424
LG전자,89,799.7825,0.0819,0.1551,799.7825
LG전자,27,723.6240,0.0562,0.1403,723.6240
LG전자,14,702.8512,0.0742,0.1363,702.8512
LG전자,10,672.9544,0.0660,0.1305,672.9544
LG전자,78,671.6254,0.1040,0.1302,671.6254
LG전자,118,618.9506,0.0554,0.1200,618.9506
LG전자,123,611.1759,0.0631,0.1185,611.1759
LG전자,29,593.3726,0.0908,0.1151,593.3726
LG전자,51,517.4798,0.0563,0.1003,517.4798
LG전자,9,507.4671,0.0550,0.0984,507.4671
LG전자,70,506.0193,0.0553,0.0981,506.0193
LG전자,5,503.9180,0.0760,0.0977,503.9180
LG전자,40,498.5572,0.0886,0.0967,498.5572
LG전자,46,480.7393,0.0549,0.0932,480.7393
LG전자,37,476.2504,0.0495,0.0924,476.2504
LG전자,36,451.5807,0.1955,0.0876,451.5807
LG전자,34,447.5730,0.0889,0.0868,447.5730
LG전자,100,437.6996,0.0817,0.0849,437.6996
LG전자,101,437.6584,0.0573,0.0849,437.6584
LG전자,81,434.6788,0.0518,0.0843,434.6788
LG전자,16,427.0356,0.0840,0.0828,427.0356
LG전자,103,419.5494,0.0539,0.0814,419.5494
LG전자,102,410.6089,0.0562,0.0796,410.6089
LG전자,69,407.9342,0.0851,0.0791,407.9342
LG전자,41,403.8629,0.1905,0.0783,403.8629
LG전자,87,398.0541,0.1519,0.0772,398.0541
LG전자,112,394.4377,0.0684,0.0765,394.4377
LG전자,83,381.8527,0.0510,0.0740,381.8527
LG전자,52,380.0574,0.0538,0.0737,380.0574
LG전자,6,367.8123,0.0744,0.0713,367.8123
LG전자,2,365.9622,0.0539,0.0710,365.9622
LG전자,57,342.4739,0.0623,0.0664,342.4739
LG전자,24,336.8820,0.0478,0.0653,336.8820
LG전자,8,326.8033,0.1310,0.0634,326.8033
LG전자,43,323.1475,0.0513,0.0627,323.1475
LG전자,22,317.6316,0.0453,0.0616,317.6316
LG전자,42,301.4121,0.0415,0.0584,301.4121
LG전자,55,298.4768,0.0354,0.0579,298.4768
LG전자,61,293.9002,0.0526,0.0570,293.9002
LG전자,72,293.2053,0.0650,0.0569,293.2053
LG전자,124,291.7115,0.0631,0.0566,291.7115
LG전자,20,285.8961,0.0540,0.0554,285.8961
LG전자,54,284.5001,0.0625,0.0552,284.5001
LG전자,113,282.0143,0.0685,0.0547,282.0143
LG전자,49,279.5276,0.1690,0.0542,279.5276
LG전자,75,270.0772,0.0641,0.0524,270.0772
LG전자,28,257.2566,0.0482,0.0499,257.2566
LG전자,98,256.3743,0.0642,0.0497,256.3743
LG전자,48,250.0557,0.1594,0.0485,250.0557
LG전자,3,244.4621,0.0844,0.0474,244.4621
LG전자,17,238.1693,0.0684,0.0462,238.1693
LG전자,82,235.7580,0.0482,0.0457,235.7580
LG전자,111,233.5198,0.0727,0.0453,233.5198
LG전자,109,231.8518,0.0892,0.0450,231.8518
LG전자,114,229.7380,0.0762,0.0445,229.7380
LG전자,39,228.0432,0.0582,0.0442,228.0432
LG전자,26,224.2750,0.0467,0.0435,224.2750
LG전자,15,222.7596,0.0427,0.0432,222.7596
LG전자,58,218.6057,0.0396,0.0424,218.6057
LG전자,95,218.4525,0.0570,0.0424,218.4525
LG전자,79,212.1082,0.0366,0.0411,212.1082
LG전자,35,212.0950,0.0327,0.0411,212.0950
LG전자,106,210.6366,0.0416,0.0408,210.6366
LG전자,80,204.7992,0.0974,0.0397,204.7992
LG전자,85,204.7368,0.0516,0.0397,204.7368
LG전자,110,203.2698,0.0850,0.0394,203.2698
LG전자,47,196.2547,0.0468,0.0381,196.2547
LG전자,23,193.1721,0.0375,0.0375,193.1721
LG전자,91,184.8108,0.0926,0.0358,184.8108
LG전자,45,184.1235,0.1211,0.0357,184.1235
LG전자,105,183.1383,0.1100,0.0355,183.1383
LG전자,93,175.8260,0.0955,0.0341,175.8260
LG전자,117,175.1765,0.0921,0.0340,175.1765
LG전자,59,172.5820,0.0586,0.0335,172.5820
LG전자,30,171.7089,0.0579,0.0333,171.7089
LG전자,65,169.1619,0.0934,0.0328,169.1619
LG전자,11,167.2414,0.0648,0.0324,167.2414
LG전자,108,166.4729,0.0544,0.0323,166.4729
LG전자,116,163.8648,0.0470,0.0318,163.8648
LG전자,63,158.8365,0.0593,0.0308,158.8365
LG전자,122,154.8771,0.0433,0.0300,154.8771
LG전자,33,152.8425,0.0486,0.0296,152.8425
LG전자,84,148.0330,0.1629,0.0287,148.0330
LG전자,90,138.9819,0.0669,0.0270,138.9819
LG전자,25,137.2707,0.0510,0.0266,137.2707
LG전자,77,134.6546,0.0497,0.0261,134.6546
LG전자,31,134.2201,0.0524,0.0260,134.2201
LG전자,88,125.4590,0.0690,0.0243,125.4590
LG전자,121,124.9410,0.0690,0.0242,124.9410
LG전자,21,120.8938,0.1082,0.0234,120.8938
LG전자,64,117.7250,0.0684,0.0228,117.7250
LG전자,62,107.7764,0.0512,0.0209,107.7764
LG전자,53,101.7727,0.1313,0.0197,101.7727
LG전자,32,90.3664,0.0365,0.0175,90.3664
LG전자,73,89.9409,0.0337,0.0174,89.9409
LG전자,97,88.3767,0.0238,0.0171,88.3767
LG전자,119,87.8183,0.0486,0.0170,87.8183
LG전자,18,86.8888,0.0288,0.0168,86.8888
LG전자,71,85.2016,0.0710,0.0165,85.2016
LG전자,96,85.1050,0.0515,0.0165,85.1050
LG전자,86,79.4150,0.0988,0.0154,79.4150
LG전자,66,69.6401,0.0600,0.0135,69.6401
LG전자,92,64.2475,0.0715,0.0125,64.2475
LG전자,13,63.8580,0.0370,0.0124,63.8580
LG전자,76,61.0461,0.0333,0.0118,61.0461
LG전자,7,55.5463,0.0256,0.0108,55.5463
LG전자,120,53.0753,0.1021,0.0103,53.0753
LG전자,60,45.5977,0.0570,0.0088,45.5977
LG전자,44,41.7476,0.0789,0.0081,41.7476
LG전자,94,39.2410,0.0761,0.0076,39.2410
LG전자,99,33.2671,0.0505,0.0065,33.2671
LG전자,115,29.1121,0.0700,0.0056,29.1121
LG전자,74,25.7552,0.0576,0.0050,25.7552
LG전자,67,20.2190,0.0504,0.0039,20.2190
LG전자,38,11.6870,0.0152,0.0023,11.6870
LG전자,107,5.4249,0.0390,0.0011,5.4249
LG화학,0,359.2827,0.0131,0.3250,359.2827
LG화학,12,295.2807,0.0198,0.2671,295.2807
LG화학,40,287.1629,0.0510,0.2597,287.1629
LG화학,10,273.6495,0.0268,0.2475,273.6495
LG화학,27,252.2264,0.0196,0.2281,252.2264
LG화학,50,241.5866,0.0165,0.2185,241.5866
LG화학,68,213.8326,0.0252,0.1934,213.8326
LG화학,69,208.5852,0.0435,0.1887,208.5852
LG화학,56,189.7936,0.0151,0.1717,189.7936
LG화학,101,184.1281,0.0241,0.1665,184.1281
LG화학,1,171.9173,0.0112,0.1555,171.9173
LG화학,51,163.8217,0.0178,0.1482,163.8217
LG화학,46,163.1208,0.0186,0.1475,163.1208
LG화학,103,162.6539,0.0209,0.1471,162.6539
LG화학,37,159.7226,0.0166,0.1445,159.7226
LG화학,9,156.3665,0.0170,0.1414,156.3665
LG화학,123,156.0759,0.0161,0.1412,156.0759
LG화학,104,146.6070,0.0241,0.1326,146.6070
LG화학,118,146.2316,0.0131,0.1323,146.2316
LG화학,70,133.9250,0.0146,0.1211,133.9250
LG화학,14,133.7774,0.0141,0.1210,133.7774
LG화학,52,131.7532,0.0186,0.1192,131.7532
LG화학,91,127.9459,0.0641,0.1157,127.9459
LG화학,24,123.6468,0.0176,0.1118,123.6468
LG화학,89,116.3195,0.0119,0.1052,116.3195
LG화학,75,104.4497,0.0248,0.0945,104.4497
LG화학,20,104.2937,0.0197,0.0943,104.2937
LG화학,43,103.4357,0.0164,0.0936,103.4357
LG화학,81,100.6471,0.0120,0.0910,100.6471
LG화학,54,96.2812,0.0212,0.0871,96.2812
LG화학,57,95.4684,0.0174,0.0863,95.4684
LG화학,61,92.0221,0.0165,0.0832,92.0221
LG화학,22,89.5884,0.0128,0.0810,89.5884
LG화학,72,89.5283,0.0199,0.0810,89.5283
LG화학,121,88.7738,0.0490,0.0803,88.7738
LG화학,28,88.3870,0.0166,0.0799,88.3870
LG화학,124,87.7443,0.0190,0.0794,87.7443
LG화학,82,85.7980,0.0175,0.0776,85.7980
LG화학,78,79.3605,0.0123,0.0718,79.3605
LG화학,25,77.2661,0.0287,0.0699,77.2661
LG화학,29,76.0913,0.0116,0.0688,76.0913
LG화학,42,73.1148,0.0101,0.0661,73.1148
LG화학,19,72.3919,0.0081,0.0655,72.3919
LG화학,113,69.3845,0.0168,0.0628,69.3845
LG화학,83,67.0162,0.0089,0.0606,67.0162
LG화학,55,66.1611,0.0078,0.0598,66.1611
LG화학,5,65.8490,0.0099,0.0596,65.8490
LG화학,17,62.9809,0.0181,0.0570,62.9809
LG화학,4,60.7112,0.0129,0.0549,60.7112
LG화학,85,59.2659,0.0149,0.0536,59.2659
LG화학,36,59.0995,0.0256,0.0535,59.0995
LG화학,102,58.3571,0.0080,0.0528,58.3571
LG화학,95,57.4875,0.0150,0.0520,57.4875
LG화학,98,54.1318,0.0135,0.0490,54.1318
LG화학,26,53.7957,0.0112,0.0487,53.7957
LG화학,6,53.7170,0.0109,0.0486,53.7170
LG화학,122,53.3800,0.0149,0.0483,53.3800
LG화학,39,53.3088,0.0136,0.0482,53.3088
LG화학,47,48.8728,0.0117,0.0442,48.8728
LG화학,106,47.7342,0.0094,0.0432,47.7342
LG화학,112,47.1075,0.0082,0.0426,47.1075
LG화학,100,46.0736,0.0086,0.0417,46.0736
LG화학,34,44.6157,0.0089,0.0404,44.6157
LG화학,16,43.9075,0.0086,0.0397,43.9075
LG화학,108,43.5273,0.0142,0.0394,43.5273
LG화학,116,43.3544,0.0124,0.0392,43.3544
LG화학,59,41.2364,0.0140,0.0373,41.2364
LG화학,109,40.1573,0.0154,0.0363,40.1573
LG화학,76,40.1399,0.0219,0.0363,40.1399
LG화학,33,39.6803,0.0126,0.0359,39.6803
LG화학,96,39.1483,0.0237,0.0354,39.1483
LG화학,77,37.6712,0.0139,0.0341,37.6712
LG화학,79,36.9199,0.0064,0.0334,36.9199
LG화학,88,36.1753,0.0199,0.0327,36.1753
LG화학,2,35.6112,0.0052,0.0322,35.6112
LG화학,45,35.3451,0.0233,0.0320,35.3451
LG화학,114,31.3611,0.0104,0.0284,31.3611
LG화학,90,30.5455,0.0147,0.0276,30.5455
LG화학,15,30.3074,0.0058,0.0274,30.3074
LG화학,35,28.3845,0.0044,0.0257,28.3845
LG화학,119,28.2546,0.0157,0.0256,28.2546
LG화학,23,25.2306,0.0049,0.0228,25.2306
LG화학,111,24.6203,0.0077,0.0223,24.6203
LG화학,117,23.3068,0.0122,0.0211,23.3068
LG화학,58,23.0530,0.0042,0.0209,23.0530
LG화학,80,22.9950,0.0109,0.0208,22.9950
LG화학,65,22.5549,0.0125,0.0204,22.5549
LG화학,63,22.1455,0.0083,0.0200,22.1455
LG화학,74,20.3895,0.0456,0.0184,20.3895
LG화학,97,20.3345,0.0055,0.0184,20.3345
LG화학,31,19.3960,0.0076,0.0175,19.3960
LG화학,66,18.2391,0.0157,0.0165,18.2391
LG화학,99,16.0970,0.0244,0.0146,16.0970
LG화학,53,12.9529,0.0167,0.0117,12.9529
LG화학,120,12.7774,0.0246,0.0116,12.7774
LG화학,94,12.1460,0.0236,0.0110,12.1460
LG화학,3,12.0227,0.0042,0.0109,12.0227
LG화학,93,11.8269,0.0064,0.0107,11.8269
LG화학,49,11.7982,0.0071,0.0107,11.7982
LG화학,73,11.7314,0.0044,0.0106,11.7314
LG화학,87,11.7075,0.0045,0.0106,11.7075
LG화학,86,11.4711,0.0143,0.0104,11.4711
LG화학,11,11.2117,0.0043,0.0101,11.2117
LG화학,71,10.9665,0.0091,0.0099,10.9665
LG화학,62,10.7776,0.0051,0.0097,10.7776
LG화학,84,10.1773,0.0112,0.0092,10.1773
LG화학,60,9.9486,0.0124,0.0090,9.9486
LG화학,41,9.0756,0.0043,0.0082,9.0756
LG화학,7,8.2905,0.0038,0.0075,8.2905
LG화학,38,8.0910,0.0105,0.0073,8.0910
LG화학,21,7.8630,0.0070,0.0071,7.8630
LG화학,107,7.2332,0.0519,0.0065,7.2332
LG화학,105,6.6900,0.0040,0.0061,6.6900
LG화학,30,6.2930,0.0021,0.0057,6.2930
LG화학,110,6.2067,0.0026,0.0056,6.2067
LG화학,64,5.8033,0.0034,0.0052,5.8033
LG화학,67,5.7769,0.0144,0.0052,5.7769
LG화학,115,5.0193,0.0121,0.0045,5.0193
LG화학,32,4.9743,0.0020,0.0045,4.9743
LG화학,92,4.0155,0.0045,0.0036,4.0155
LG화학,48,3.7744,0.0024,0.0034,3.7744
LG화학,18,3.3743,0.0011,0.0031,3.3743
LG화학,13,2.8593,0.0017,0.0026,2.8593
LG화학,8,2.5532,0.0010,0.0023,2.5532
LG화학,44,1.8151,0.0034,0.0016,1.8151
MOTIE,38,3.5960,0.0047,0.8184,3.5960
MOTIE,17,0.7239,0.0002,0.1648,0.7239
MOTIE,80,0.7186,0.0003,0.1635,0.7186
MOTIE,34,0.7082,0.0001,0.1612,0.7082
MOTIE,102,0.7031,0.0001,0.1600,0.7031
MOTIE,112,0.7031,0.0001,0.1600,0.7031
MOTIE,29,0.6981,0.0001,0.1589,0.6981
MOTIE,83,0.6981,0.0001,0.1589,0.6981
MOTIE,100,0.6981,0.0001,0.1589,0.6981
MOTIE,5,0.6931,0.0001,0.1578,0.6931
MOTIE,14,0.6931,0.0001,0.1578,0.6931
MOTIE,0,0.6883,0.0000,0.1566,0.6883
MOTIE,50,0.6883,0.0000,0.1566,0.6883
MOTIE,89,0.6883,0.0001,0.1566,0.6883
MWC,26,98.4991,0.0205,0.6878,98.4991
MWC,111,40.2878,0.0125,0.2813,40.2878
MWC,0,35.7906,0.0013,0.2499,35.7906
MWC,1,24.2539,0.0016,0.1694,24.2539
MWC,78,24.2491,0.0038,0.1693,24.2491
MWC,2,23.4883,0.0035,0.1640,23.4883
MWC,19,21.7176,0.0024,0.1516,21.7176
MWC,23,21.2883,0.0041,0.1487,21.2883
MWC,35,21.2883,0.0033,0.1487,21.2883
MWC,16,19.1210,0.0038,0.1335,19.1210
MWC,89,18.5836,0.0019,0.1298,18.5836
MWC,56,17.7046,0.0014,0.1236,17.7046
MWC,119,17.5637,0.0097,0.1226,17.5637
MWC,93,17.3461,0.0094,0.1211,17.3461
MWC,51,15.4681,0.0017,0.1080,15.4681
MWC,124,15.3937,0.0033,0.1075,15.3937
MWC,118,15.2023,0.0014,0.1062,15.2023
MWC,55,15.0366,0.0018,0.1050,15.0366
MWC,32,14.9229,0.0060,0.1042,14.9229
MWC,113,14.1753,0.0034,0.0990,14.1753
MWC,43,13.5536,0.0022,0.0946,13.5536
MWC,95,11.4975,0.0030,0.0803,11.4975
MWC,14,10.3972,0.0011,0.0726,10.3972
MWC,123,9.4812,0.0010,0.0662,9.4812
MWC,58,8.7442,0.0016,0.0611,8.7442
MWC,12,8.3178,0.0006,0.0581,8.3178
MWC,9,7.9631,0.0009,0.0556,7.9631
MWC,27,7.9045,0.0006,0.0552,7.9045
MWC,37,7.2933,0.0008,0.0509,7.2933
MWC,50,6.8828,0.0005,0.0481,6.8828
MWC,18,6.7486,0.0022,0.0471,6.7486
MWC,75,6.7146,0.0016,0.0469,6.7146
MWC,101,6.3737,0.0008,0.0445,6.3737
MWC,29,6.2828,0.0010,0.0439,6.2828
MWC,79,5.7914,0.0010,0.0404,5.7914
MWC,3,5.6106,0.0019,0.0392,5.6106
MWC,100,5.5847,0.0010,0.0390,5.5847
MWC,103,5.5847,0.0007,0.0390,5.5847
MWC,73,5.4747,0.0020,0.0382,5.4747
MWC,63,5.3455,0.0020,0.0373,5.3455
MWC,22,5.1828,0.0007,0.0362,5.1828
MWC,10,4.8866,0.0005,0.0341,4.8866
MWC,97,4.6926,0.0013,0.0328,4.6926
MWC,15,4.5461,0.0009,0.0317,4.5461
MWC,57,4.5461,0.0008,0.0317,4.5461
MWC,98,4.5110,0.0011,0.0315,4.5110
MWC,42,4.4764,0.0006,0.0313,4.4764
MWC,39,4.4424,0.0011,0.0310,4.4424
MWC,68,4.4089,0.0005,0.0308,4.4089
MWC,114,4.3760,0.0015,0.0306,4.3760
MWC,46,4.3116,0.0005,0.0301,4.3116
MWC,4,3.9423,0.0008,0.0275,3.9423
MWC,90,3.8182,0.0018,0.0267,3.8182
MWC,106,3.7884,0.0007,0.0265,3.7884
MWC,65,3.7592,0.0021,0.0262,3.7592
MWC,117,3.7592,0.0020,0.0262,3.7592
MWC,6,3.7303,0.0008,0.0260,3.7303
MWC,81,3.6466,0.0004,0.0255,3.6466
MWC,17,3.6196,0.0010,0.0253,3.6196
MWC,70,3.6196,0.0004,0.0253,3.6196
MWC,102,3.5155,0.0005,0.0245,3.5155
MWC,7,3.3162,0.0015,0.0232,3.3162
MWC,36,3.0307,0.0013,0.0212,3.0307
MWC,104,3.0073,0.0005,0.0210,3.0073
MWC,82,2.9843,0.0006,0.0208,2.9843
MWC,21,2.9486,0.0026,0.0206,2.9486
MWC,20,2.9173,0.0006,0.0204,2.9173
MWC,80,2.8744,0.0014,0.0201,2.8744
MWC,34,2.8327,0.0006,0.0198,2.8327
MWC,83,2.7923,0.0004,0.0195,2.7923
MWC,5,2.7726,0.0004,0.0194,2.7726
MWC,41,2.7227,0.0013,0.0190,2.7227
MWC,87,2.5087,0.0010,0.0175,2.5087
MWC,105,2.5087,0.0015,0.0175,2.5087
MWC,64,2.4871,0.0014,0.0174,2.4871
MWC,25,2.4659,0.0009,0.0172,2.4659
MWC,88,2.3091,0.0013,0.0161,2.3091
MWC,47,2.2909,0.0005,0.0160,2.2909
MWC,40,2.2731,0.0004,0.0159,2.2731
MWC,109,2.2731,0.0009,0.0159,2.2731
MWC,52,2.1718,0.0003,0.0152,2.1718
MWC,28,2.1558,0.0004,0.0151,2.1558
MWC,112,2.1093,0.0004,0.0147,2.1093
MWC,48,1.8872,0.0012,0.0132,1.8872
MWC,66,1.6581,0.0014,0.0116,1.6581
MWC,77,1.6030,0.0006,0.0112,1.6030
MWC,31,1.5517,0.0006,0.0108,1.5517
MWC,85,1.5394,0.0004,0.0107,1.5394
MWC,59,1.5273,0.0005,0.0107,1.5273
MWC,108,1.5273,0.0005,0.0107,1.5273
MWC,72,1.4921,0.0003,0.0104,1.4921
MWC,24,1.4808,0.0002,0.0103,1.4808
MWC,116,1.4696,0.0004,0.0103,1.4696
MWC,54,1.4478,0.0003,0.0101,1.4478
MWC,11,0.9343,0.0004,0.0065,0.9343
MWC,94,0.9343,0.0018,0.0065,0.9343
MWC,84,0.9252,0.0010,0.0065,0.9252
MWC,44,0.9076,0.0017,0.0063,0.9076
MWC,49,0.9076,0.0005,0.0063,0.9076
MWC,30,0.8990,0.0003,0.0063,0.8990
MWC,86,0.8824,0.0011,0.0062,0.8824
MWC,96,0.8511,0.0005,0.0059,0.8511
MWC,71,0.8436,0.0007,0.0059,0.8436
MWC,91,0.8362,0.0004,0.0058,0.8362
MWC,62,0.8290,0.0004,0.0058,0.8290
MWC,45,0.8220,0.0005,0.0057,0.8220
MWC,121,0.8220,0.0005,0.0057,0.8220
MWC,110,0.7758,0.0003,0.0054,0.7758
MWC,122,0.7518,0.0002,0.0052,0.7518
MWC,33,0.7348,0.0002,0.0051,0.7348
MWC,61,0.7133,0.0001,0.0050,0.7133
Merck,38,8.9900,0.0117,0.4359,8.9900
Merck,0,8.9477,0.0003,0.4339,8.9477
Merck,72,5.2225,0.0012,0.2532,5.2225
Merck,50,4.8180,0.0003,0.2336,4.8180
Merck,1,4.2801,0.0003,0.2075,4.2801
Merck,12,4.1589,0.0003,0.2017,4.1589
Merck,14,4.1589,0.0004,0.2017,4.1589
Merck,33,3.6741,0.0012,0.1782,3.6741
Merck,118,3.6196,0.0003,0.1755,3.6196
Merck,27,3.5930,0.0003,0.1742,3.5930
Merck,22,2.9616,0.0004,0.1436,2.9616
Merck,37,2.9173,0.0003,0.1415,2.9173
Merck,81,2.9173,0.0003,0.1415,2.9173
Merck,70,2.8957,0.0003,0.1404,2.8957
Merck,15,2.2731,0.0004,0.1102,2.2731
Merck,57,2.2731,0.0004,0.1102,2.2731
Merck,106,2.2731,0.0004,0.1102,2.2731
Merck,55,2.2555,0.0003,0.1094,2.2555
Merck,42,2.2382,0.0003,0.1085,2.2382
Merck,123,2.1880,0.0002,0.1061,2.1880
Merck,61,2.1400,0.0004,0.1038,2.1400
Merck,16,2.1246,0.0004,0.1030,2.1246
Merck,51,2.1093,0.0002,0.1023,2.1093
Merck,69,1.5394,0.0003,0.0746,1.5394
Merck,36,1.5154,0.0007,0.0735,1.5154
Merck,111,1.4921,0.0005,0.0724,1.4921
Merck,116,1.4696,0.0004,0.0713,1.4696
Merck,114,1.4587,0.0005,0.0707,1.4587
Merck,9,1.4478,0.0002,0.0702,1.4478
Merck,95,1.4372,0.0004,0.0697,1.4372
Merck,43,1.4267,0.0002,0.0692,1.4267
Merck,101,1.4164,0.0002,0.0687,1.4164
Merck,10,1.3962,0.0001,0.0677,1.3962
Merck,5,1.3863,0.0002,0.0672,1.3863
Merck,89,1.3766,0.0001,0.0668,1.3766
Merck,115,1.0039,0.0024,0.0487,1.0039
Merck,84,0.9252,0.0010,0.0449,0.9252
Merck,44,0.9076,0.0017,0.0440,0.9076
Merck,76,0.8362,0.0005,0.0405,0.8362
Merck,87,0.8362,0.0003,0.0405,0.8362
Merck,60,0.8290,0.0010,0.0402,0.8290
Merck,3,0.8015,0.0003,0.0389,0.8015
Merck,110,0.7758,0.0003,0.0376,0.7758
Merck,88,0.7697,0.0004,0.0373,0.7697
Merck,90,0.7636,0.0004,0.0370,0.7636
Merck,119,0.7636,0.0004,0.0370,0.7636
Merck,40,0.7577,0.0001,0.0367,0.7577
Merck,65,0.7518,0.0004,0.0365,0.7518
Merck,117,0.7518,0.0004,0.0365,0.7518
Merck,75,0.7461,0.0002,0.0362,0.7461
Merck,24,0.7404,0.0001,0.0359,0.7404
Merck,39,0.7404,0.0002,0.0359,0.7404
Merck,68,0.7348,0.0001,0.0356,0.7348
Merck,20,0.7293,0.0001,0.0354,0.7293
Merck,17,0.7239,0.0002,0.0351,0.7239
Merck,19,0.7239,0.0001,0.0351,0.7239
Merck,79,0.7239,0.0001,0.0351,0.7239
Merck,28,0.7186,0.0001,0.0348,0.7186
Merck,80,0.7186,0.0003,0.0348,0.7186
Merck,34,0.7082,0.0001,0.0343,0.7082
Merck,102,0.7031,0.0001,0.0341,0.7031
Merck,112,0.7031,0.0001,0.0341,0.7031
Merck,29,0.6981,0.0001,0.0339,0.6981
Merck,83,0.6981,0.0001,0.0339,0.6981
Merck,100,0.6981,0.0001,0.0339,0.6981
Merck,103,0.6981,0.0001,0.0339,0.6981
Metaverse,14,3.4657,0.0004,0.3707,3.4657
Metaverse,0,2.7531,0.0001,0.2945,2.7531
Metaverse,50,2.7531,0.0002,0.2945,2.7531
Metaverse,43,2.1400,0.0003,0.2289,2.1400
Metaverse,10,2.0943,0.0002,0.2240,2.0943
Metaverse,12,2.0794,0.0001,0.2224,2.0794
Metaverse,87,1.6725,0.0006,0.1789,1.6725
Metaverse,62,1.6581,0.0008,0.1774,1.6581
Metaverse,104,1.5037,0.0002,0.1609,1.5037
Metaverse,75,1.4921,0.0004,0.1596,1.4921
Metaverse,68,1.4696,0.0002,0.1572,1.4696
Metaverse,9,1.4478,0.0002,0.1549,1.4478
Metaverse,27,1.4372,0.0001,0.1537,1.4372
Metaverse,28,1.4372,0.0003,0.1537,1.4372
Metaverse,95,1.4372,0.0004,0.1537,1.4372
Metaverse,16,1.4164,0.0003,0.1515,1.4164
Metaverse,102,1.4062,0.0002,0.1504,1.4062
Metaverse,100,1.3962,0.0003,0.1494,1.3962
Metaverse,115,1.0039,0.0024,0.1074,1.0039
Metaverse,41,0.9076,0.0004,0.0971,0.9076
Metaverse,49,0.9076,0.0005,0.0971,0.9076
Metaverse,96,0.8511,0.0005,0.0910,0.8511
Metaverse,18,0.8436,0.0003,0.0902,0.8436
Metaverse,71,0.8436,0.0007,0.0902,0.8436
Metaverse,32,0.8290,0.0003,0.0887,0.8290
Metaverse,60,0.8290,0.0010,0.0887,0.8290
Metaverse,93,0.7885,0.0004,0.0843,0.7885
Metaverse,73,0.7821,0.0003,0.0837,0.7821
Metaverse,88,0.7697,0.0004,0.0823,0.7697
Metaverse,108,0.7636,0.0002,0.0817,0.7636
Metaverse,36,0.7577,0.0003,0.0811,0.7577
Metaverse,40,0.7577,0.0001,0.0811,0.7577
Metaverse,6,0.7461,0.0002,0.0798,0.7461
Metaverse,111,0.7461,0.0002,0.0798,0.7461
Metaverse,113,0.7461,0.0002,0.0798,0.7461
Metaverse,116,0.7348,0.0002,0.0786,0.7348
Metaverse,20,0.7293,0.0001,0.0780,0.7293
Metaverse,114,0.7293,0.0002,0.0780,0.7293
Metaverse,17,0.7239,0.0002,0.0774,0.7239
Metaverse,79,0.7239,0.0001,0.0774,0.7239
Metaverse,118,0.7239,0.0001,0.0774,0.7239
Metaverse,1,0.7133,0.0000,0.0763,0.7133
Metaverse,61,0.7133,0.0001,0.0763,0.7133
Metaverse,34,0.7082,0.0001,0.0758,0.7082
Metaverse,56,0.7082,0.0001,0.0758,0.7082
Metaverse,101,0.7082,0.0001,0.0758,0.7082
Metaverse,51,0.7031,0.0001,0.0752,0.7031
Metaverse,112,0.7031,0.0001,0.0752,0.7031
Metaverse,29,0.6981,0.0001,0.0747,0.6981
Metaverse,83,0.6981,0.0001,0.0747,0.6981
Metaverse,103,0.6981,0.0001,0.0747,0.6981
Metaverse,5,0.6931,0.0001,0.0741,0.6931
Metaverse,89,0.6883,0.0001,0.0736,0.6883
Nitto,0,4.1297,0.0002,0.4997,4.1297
Nitto,12,2.7726,0.0002,0.3355,2.7726
Nitto,50,2.7531,0.0002,0.3332,2.7531
Nitto,122,2.2555,0.0006,0.2729,2.2555
Nitto,14,2.0794,0.0002,0.2516,2.0794
Nitto,9,1.4478,0.0002,0.1752,1.4478
Nitto,101,1.4164,0.0002,0.1714,1.4164
Nitto,51,1.4062,0.0002,0.1702,1.4062
Nitto,10,1.3962,0.0001,0.1690,1.3962
Nitto,103,1.3962,0.0002,0.1690,1.3962
Nitto,66,0.8290,0.0007,0.1003,0.8290
Nitto,97,0.7821,0.0002,0.0946,0.7821
Nitto,63,0.7636,0.0003,0.0924,0.7636
Nitto,57,0.7577,0.0001,0.0917,0.7577
Nitto,109,0.7577,0.0003,0.0917,0.7577
Nitto,65,0.7518,0.0004,0.0910,0.7518
Nitto,98,0.7518,0.0002,0.0910,0.7518
Nitto,117,0.7518,0.0004,0.0910,0.7518
Nitto,72,0.7461,0.0002,0.0903,0.7461
Nitto,75,0.7461,0.0002,0.0903,0.7461
Nitto,111,0.7461,0.0002,0.0903,0.7461
Nitto,24,0.7404,0.0001,0.0896,0.7404
Nitto,39,0.7404,0.0002,0.0896,0.7404
Nitto,123,0.7293,0.0001,0.0883,0.7293
Nitto,52,0.7239,0.0001,0.0876,0.7239
Nitto,54,0.7239,0.0002,0.0876,0.7239
Nitto,79,0.7239,0.0001,0.0876,0.7239
Nitto,28,0.7186,0.0001,0.0870,0.7186
Nitto,46,0.7186,0.0001,0.0870,0.7186
Nitto,80,0.7186,0.0003,0.0870,0.7186
Nitto,95,0.7186,0.0002,0.0870,0.7186
Nitto,1,0.7133,0.0000,0.0863,0.7133
Nitto,34,0.7082,0.0001,0.0857,0.7082
Nitto,56,0.7082,0.0001,0.0857,0.7082
Nitto,102,0.7031,0.0001,0.0851,0.7031
Nitto,112,0.7031,0.0001,0.0851,0.7031
Nitto,29,0.6981,0.0001,0.0845,0.6981
Nitto,83,0.6981,0.0001,0.0845,0.6981
Nitto,100,0.6981,0.0001,0.0845,0.6981
Nitto,5,0.6931,0.0001,0.0839,0.6931
Nitto,89,0.6883,0.0001,0.0833,0.6883
POSTECH,95,2.8744,0.0007,0.3827,2.8744
POSTECH,51,2.1093,0.0002,0.2808,2.1093
POSTECH,5,2.0794,0.0003,0.2769,2.0794
POSTECH,0,2.0648,0.0001,0.2749,2.0648
POSTECH,50,2.0648,0.0001,0.2749,2.0648
POSTECH,77,1.6030,0.0006,0.2134,1.6030
POSTECH,114,1.4587,0.0005,0.1942,1.4587
POSTECH,43,1.4267,0.0002,0.1900,1.4267
POSTECH,61,1.4267,0.0003,0.1900,1.4267
POSTECH,29,1.3962,0.0002,0.1859,1.3962
POSTECH,103,1.3962,0.0002,0.1859,1.3962
POSTECH,12,1.3863,0.0001,0.1846,1.3863
POSTECH,96,0.8511,0.0005,0.1133,0.8511
POSTECH,91,0.8362,0.0004,0.1113,0.8362
POSTECH,66,0.8290,0.0007,0.1104,0.8290
POSTECH,25,0.8220,0.0003,0.1094,0.8220
POSTECH,45,0.8220,0.0005,0.1094,0.8220
POSTECH,31,0.7758,0.0003,0.1033,0.7758
POSTECH,69,0.7697,0.0002,0.1025,0.7697
POSTECH,85,0.7697,0.0002,0.1025,0.7697
POSTECH,47,0.7636,0.0002,0.1017,0.7636
POSTECH,108,0.7636,0.0002,0.1017,0.7636
POSTECH,119,0.7636,0.0004,0.1017,0.7636
POSTECH,109,0.7577,0.0003,0.1009,0.7577
POSTECH,104,0.7518,0.0001,0.1001,0.7518
POSTECH,75,0.7461,0.0002,0.0993,0.7461
POSTECH,33,0.7348,0.0002,0.0978,0.7348
POSTECH,123,0.7293,0.0001,0.0971,0.7293
POSTECH,17,0.7239,0.0002,0.0964,0.7239
POSTECH,70,0.7239,0.0001,0.0964,0.7239
POSTECH,27,0.7186,0.0001,0.0957,0.7186
POSTECH,80,0.7186,0.0003,0.0957,0.7186
POSTECH,16,0.7082,0.0001,0.0943,0.7082
POSTECH,34,0.7082,0.0001,0.0943,0.7082
POSTECH,102,0.7031,0.0001,0.0936,0.7031
POSTECH,112,0.7031,0.0001,0.0936,0.7031
POSTECH,10,0.6981,0.0001,0.0929,0.6981
POSTECH,83,0.6981,0.0001,0.0929,0.6981
POSTECH,100,0.6981,0.0001,0.0929,0.6981
POSTECH,14,0.6931,0.0001,0.0923,0.6931
POSTECH,89,0.6883,0.0001,0.0916,0.6883
SEMI,122,6.0146,0.0017,0.3689,6.0146
SEMI,0,5.5062,0.0002,0.3377,5.5062
SEMI,1,4.9934,0.0003,0.3063,4.9934
SEMI,12,4.8520,0.0003,0.2976,4.8520
SEMI,56,3.5409,0.0003,0.2172,3.5409
SEMI,101,3.5409,0.0005,0.2172,3.5409
SEMI,50,3.4414,0.0002,0.2111,3.4414
SEMI,118,2.8957,0.0003,0.1776,2.8957
SEMI,46,2.8744,0.0003,0.1763,2.8744
SEMI,43,2.8534,0.0005,0.1750,2.8534
SEMI,10,2.7923,0.0003,0.1713,2.7923
SEMI,103,2.7923,0.0004,0.1713,2.7923
SEMI,20,2.1880,0.0004,0.1342,2.1880
SEMI,81,2.1880,0.0003,0.1342,2.1880
SEMI,123,2.1880,0.0002,0.1342,2.1880
SEMI,28,2.1558,0.0004,0.1322,2.1558
SEMI,14,2.0794,0.0002,0.1275,2.0794
SEMI,89,2.0648,0.0002,0.1266,2.0648
SEMI,15,1.5154,0.0003,0.0929,1.5154
SEMI,26,1.5154,0.0003,0.0929,1.5154
SEMI,109,1.5154,0.0006,0.0929,1.5154
SEMI,42,1.4921,0.0002,0.0915,1.4921
SEMI,111,1.4921,0.0005,0.0915,1.4921
SEMI,113,1.4921,0.0004,0.0915,1.4921
SEMI,39,1.4808,0.0004,0.0908,1.4808
SEMI,78,1.4696,0.0002,0.0901,1.4696
SEMI,9,1.4478,0.0002,0.0888,1.4478
SEMI,19,1.4478,0.0002,0.0888,1.4478
SEMI,52,1.4478,0.0002,0.0888,1.4478
SEMI,54,1.4478,0.0003,0.0888,1.4478
SEMI,95,1.4372,0.0004,0.0881,1.4372
SEMI,61,1.4267,0.0003,0.0875,1.4267
SEMI,51,1.4062,0.0002,0.0862,1.4062
SEMI,76,0.8362,0.0005,0.0513,0.8362
SEMI,91,0.8362,0.0004,0.0513,0.8362
SEMI,59,0.7636,0.0003,0.0468,0.7636
SEMI,90,0.7636,0.0004,0.0468,0.7636
SEMI,106,0.7577,0.0001,0.0465,0.7577
SEMI,55,0.7518,0.0001,0.0461,0.7518
SEMI,65,0.7518,0.0004,0.0461,0.7518
SEMI,104,0.7518,0.0001,0.0461,0.7518
SEMI,117,0.7518,0.0004,0.0461,0.7518
SEMI,82,0.7461,0.0002,0.0458,0.7461
SEMI,33,0.7348,0.0002,0.0451,0.7348
SEMI,68,0.7348,0.0001,0.0451,0.7348
SEMI,116,0.7348,0.0002,0.0451,0.7348
SEMI,37,0.7293,0.0001,0.0447,0.7293
SEMI,70,0.7239,0.0001,0.0444,0.7239
SEMI,27,0.7186,0.0001,0.0441,0.7186
SEMI,80,0.7186,0.0003,0.0441,0.7186
SEMI,16,0.7082,0.0001,0.0434,0.7082
SEMI,34,0.7082,0.0001,0.0434,0.7082
SEMI,102,0.7031,0.0001,0.0431,0.7031
SEMI,112,0.7031,0.0001,0.0431,0.7031
SEMI,29,0.6981,0.0001,0.0428,0.6981
SEMI,83,0.6981,0.0001,0.0428,0.6981
SEMI,100,0.6981,0.0001,0.0428,0.6981
SEMI,5,0.6931,0.0001,0.0425,0.6931
SFA,26,6.0615,0.0013,0.4369,6.0615
SFA,28,4.3116,0.0008,0.3108,4.3116
SFA,111,3.7303,0.0012,0.2689,3.7303
SFA,0,3.4414,0.0001,0.2481,3.4414
SFA,12,2.7726,0.0002,0.1998,2.7726
SFA,41,2.7227,0.0013,0.1962,2.7227
SFA,2,2.2731,0.0003,0.1638,2.2731
SFA,20,2.1880,0.0004,0.1577,2.1880
SFA,118,2.1718,0.0002,0.1565,2.1718
SFA,74,2.1463,0.0048,0.1547,2.1463
SFA,1,2.1400,0.0001,0.1543,2.1400
SFA,43,2.1400,0.0003,0.1543,2.1400
SFA,10,2.0943,0.0002,0.1510,2.0943
SFA,50,2.0648,0.0001,0.1488,2.0648
SFA,48,1.8872,0.0012,0.1360,1.8872
SFA,87,1.6725,0.0006,0.1206,1.6725
SFA,23,1.5769,0.0003,0.1137,1.5769
SFA,35,1.5769,0.0002,0.1137,1.5769
SFA,93,1.5769,0.0009,0.1137,1.5769
SFA,124,1.5394,0.0003,0.1110,1.5394
SFA,90,1.5273,0.0007,0.1101,1.5273
SFA,119,1.5273,0.0008,0.1101,1.5273
SFA,109,1.5154,0.0006,0.1092,1.5154
SFA,39,1.4808,0.0004,0.1067,1.4808
SFA,116,1.4696,0.0004,0.1059,1.4696
SFA,81,1.4587,0.0002,0.1051,1.4587
SFA,9,1.4478,0.0002,0.1044,1.4478
SFA,54,1.4478,0.0003,0.1044,1.4478
SFA,95,1.4372,0.0004,0.1036,1.4372
SFA,16,1.4164,0.0003,0.1021,1.4164
SFA,101,1.4164,0.0002,0.1021,1.4164
SFA,51,1.4062,0.0002,0.1014,1.4062
SFA,53,0.9252,0.0012,0.0667,0.9252
SFA,105,0.8362,0.0005,0.0603,0.8362
SFA,32,0.8290,0.0003,0.0598,0.8290
SFA,64,0.8290,0.0005,0.0598,0.8290
SFA,66,0.8290,0.0007,0.0598,0.8290
SFA,45,0.8220,0.0005,0.0592,0.8220
SFA,3,0.8015,0.0003,0.0578,0.8015
SFA,58,0.7949,0.0001,0.0573,0.7949
SFA,31,0.7758,0.0003,0.0559,0.7758
SFA,59,0.7636,0.0003,0.0550,0.7636
SFA,55,0.7518,0.0001,0.0542,0.7518
SFA,104,0.7518,0.0001,0.0542,0.7518
SFA,122,0.7518,0.0002,0.0542,0.7518
SFA,75,0.7461,0.0002,0.0538,0.7461
SFA,113,0.7461,0.0002,0.0538,0.7461
SFA,33,0.7348,0.0002,0.0530,0.7348
SFA,78,0.7348,0.0001,0.0530,0.7348
SFA,37,0.7293,0.0001,0.0526,0.7293
SFA,114,0.7293,0.0002,0.0526,0.7293
SFA,17,0.7239,0.0002,0.0522,0.7239
SFA,19,0.7239,0.0001,0.0522,0.7239
SFA,52,0.7239,0.0001,0.0522,0.7239
SFA,70,0.7239,0.0001,0.0522,0.7239
SFA,27,0.7186,0.0001,0.0518,0.7186
SFA,46,0.7186,0.0001,0.0518,0.7186
SFA,80,0.7186,0.0003,0.0518,0.7186
SFA,61,0.7133,0.0001,0.0514,0.7133
SFA,56,0.7082,0.0001,0.0510,0.7082
SFA,103,0.6981,0.0001,0.0503,0.6981
SFA,89,0.6883,0.0001,0.0496,0.6883
SID,31,193.1839,0.0754,0.4415,193.1839
SID,77,177.1349,0.0653,0.4048,177.1349
SID,0,142.4742,0.0052,0.3256,142.4742
SID,123,128.3615,0.0132,0.2934,128.3615
SID,27,108.5077,0.0084,0.2480,108.5077
SID,12,98.4269,0.0066,0.2249,98.4269
SID,37,91.1659,0.0095,0.2083,91.1659
SID,1,85.6020,0.0056,0.1956,85.6020
SID,118,81.0789,0.0073,0.1853,81.0789
SID,81,69.2860,0.0083,0.1583,69.2860
SID,57,68.1917,0.0124,0.1558,68.1917
SID,70,67.3245,0.0074,0.1539,67.3245
SID,116,60.2552,0.0173,0.1377,60.2552
SID,55,45.1098,0.0053,0.1031,45.1098
SID,28,42.3970,0.0079,0.0969,42.3970
SID,61,41.3743,0.0074,0.0946,41.3743
SID,42,41.0338,0.0057,0.0938,41.0338
SID,50,39.2320,0.0027,0.0897,39.2320
SID,33,38.9455,0.0124,0.0890,38.9455
SID,51,38.6704,0.0042,0.0884,38.6704
SID,20,38.6543,0.0073,0.0883,38.6543
SID,106,37.8843,0.0075,0.0866,37.8843
SID,15,37.1266,0.0071,0.0848,37.1266
SID,22,37.0200,0.0053,0.0846,37.0200
SID,76,34.2862,0.0187,0.0784,34.2862
SID,103,30.7158,0.0039,0.0702,30.7158
SID,65,26.3141,0.0145,0.0601,26.3141
SID,117,26.3141,0.0138,0.0601,26.3141
SID,95,25.1508,0.0066,0.0575,25.1508
SID,56,19.8292,0.0016,0.0453,19.8292
SID,104,18.7958,0.0031,0.0430,18.7958
SID,19,16.6501,0.0019,0.0381,16.6501
SID,9,10.8588,0.0012,0.0248,10.8588
SID,43,10.7002,0.0017,0.0245,10.7002
SID,98,10.5256,0.0026,0.0241,10.5256
SID,47,9.9273,0.0024,0.0227,9.9273
SID,89,8.9477,0.0009,0.0204,8.9477
SID,52,8.6870,0.0012,0.0199,8.6870
SID,35,8.6730,0.0013,0.0198,8.6730
SID,110,8.5342,0.0036,0.0195,8.5342
SID,85,8.4666,0.0021,0.0193,8.4666
SID,2,8.3345,0.0012,0.0190,8.3345
SID,26,8.3345,0.0017,0.0190,8.3345
SID,78,8.0830,0.0013,0.0185,8.0830
SID,17,7.9631,0.0023,0.0182,7.9631
SID,97,7.8209,0.0021,0.0179,7.8209
SID,82,7.4607,0.0015,0.0171,7.4607
SID,80,7.1859,0.0034,0.0164,7.1859
SID,58,7.1544,0.0013,0.0164,7.1544
SID,124,6.9272,0.0015,0.0158,6.9272
SID,63,6.8727,0.0026,0.0157,6.8727
SID,72,6.7146,0.0015,0.0153,6.7146
SID,24,6.6636,0.0009,0.0152,6.6636
SID,39,6.6636,0.0017,0.0152,6.6636
SID,60,6.6324,0.0083,0.0152,6.6324
SID,113,5.9686,0.0014,0.0136,5.9686
SID,68,5.8786,0.0007,0.0134,5.8786
SID,79,5.7914,0.0010,0.0132,5.7914
SID,13,5.7186,0.0033,0.0131,5.7186
SID,101,5.6655,0.0007,0.0129,5.6655
SID,108,5.3455,0.0017,0.0122,5.3455
SID,8,5.1063,0.0020,0.0117,5.1063
SID,14,4.8520,0.0005,0.0111,4.8520
SID,23,4.7307,0.0009,0.0108,4.7307
SID,73,4.6926,0.0018,0.0107,4.6926
SID,16,4.2491,0.0008,0.0097,4.2491
SID,11,3.7372,0.0014,0.0085,3.7372
SID,30,3.5960,0.0012,0.0082,3.5960
SID,10,3.4904,0.0003,0.0080,3.4904
SID,7,3.3162,0.0015,0.0076,3.3162
SID,4,3.1538,0.0007,0.0072,3.1538
SID,69,3.0787,0.0006,0.0070,3.0787
SID,59,3.0545,0.0010,0.0070,3.0545
SID,40,3.0307,0.0005,0.0069,3.0307
SID,122,3.0073,0.0008,0.0069,3.0073
SID,5,2.7726,0.0004,0.0063,2.7726
SID,18,2.5307,0.0008,0.0058,2.5307
SID,32,2.4871,0.0010,0.0057,2.4871
SID,45,2.4659,0.0016,0.0056,2.4659
SID,90,2.2909,0.0011,0.0052,2.2909
SID,119,2.2909,0.0013,0.0052,2.2909
SID,111,2.2382,0.0007,0.0051,2.2382
SID,54,2.1718,0.0005,0.0050,2.1718
SID,46,2.1558,0.0002,0.0049,2.1558
SID,74,2.1463,0.0048,0.0049,2.1463
SID,29,2.0943,0.0003,0.0048,2.0943
SID,100,2.0943,0.0004,0.0048,2.0943
SID,38,1.7980,0.0023,0.0041,1.7980
SID,86,1.7648,0.0022,0.0040,1.7648
SID,96,1.7021,0.0010,0.0039,1.7021
SID,71,1.6872,0.0014,0.0039,1.6872
SID,91,1.6725,0.0008,0.0038,1.6725
SID,66,1.6581,0.0014,0.0038,1.6581
SID,36,1.5154,0.0007,0.0035,1.5154
SID,109,1.5154,0.0006,0.0035,1.5154
SID,75,1.4921,0.0004,0.0034,1.4921
SID,114,1.4587,0.0005,0.0033,1.4587
SID,83,1.3962,0.0002,0.0032,1.3962
SID,94,0.9343,0.0018,0.0021,0.9343
SID,84,0.9252,0.0010,0.0021,0.9252
SID,44,0.9076,0.0017,0.0021,0.9076
SID,105,0.8362,0.0005,0.0019,0.8362
SID,62,0.8290,0.0004,0.0019,0.8290
SID,64,0.8290,0.0005,0.0019,0.8290
SID,121,0.8220,0.0005,0.0019,0.8220
SID,3,0.8015,0.0003,0.0018,0.8015
SID,88,0.7697,0.0004,0.0018,0.7697
SID,6,0.7461,0.0002,0.0017,0.7461
SID,34,0.7082,0.0001,0.0016,0.7082
SID,102,0.7031,0.0001,0.0016,0.7031
SID,112,0.7031,0.0001,0.0016,0.7031
SK하이닉스,0,830.7552,0.0302,0.3521,830.7552
SK하이닉스,12,662.6487,0.0444,0.2808,662.6487
SK하이닉스,50,612.5701,0.0419,0.2596,612.5701
SK하이닉스,10,555.6760,0.0545,0.2355,555.6760
SK하이닉스,9,552.3501,0.0599,0.2341,552.3501
SK하이닉스,46,475.7091,0.0543,0.2016,475.7091
SK하이닉스,52,416.9773,0.0590,0.1767,416.9773
SK하이닉스,101,405.0819,0.0531,0.1717,405.0819
SK하이닉스,103,382.5508,0.0492,0.1621,382.5508
SK하이닉스,27,378.6990,0.0294,0.1605,378.6990
SK하이닉스,56,374.6299,0.0298,0.1588,374.6299
SK하이닉스,24,372.4212,0.0529,0.1578,372.4212
SK하이닉스,68,356.3876,0.0421,0.1510,356.3876
SK하이닉스,51,342.4085,0.0372,0.1451,342.4085
SK하이닉스,1,330.9943,0.0215,0.1403,330.9943
SK하이닉스,40,304.5897,0.0541,0.1291,304.5897
SK하이닉스,37,301.9413,0.0314,0.1280,301.9413
SK하이닉스,83,298.0825,0.0398,0.1263,298.0825
SK하이닉스,14,295.9738,0.0313,0.1254,295.9738
SK하이닉스,118,283.7762,0.0254,0.1203,283.7762
SK하이닉스,102,276.3173,0.0378,0.1171,276.3173
SK하이닉스,122,269.9072,0.0754,0.1144,269.9072
SK하이닉스,69,258.6149,0.0539,0.1096,258.6149
SK하이닉스,89,256.0405,0.0262,0.1085,256.0405
SK하이닉스,5,250.9193,0.0378,0.1063,250.9193
SK하이닉스,82,246.9490,0.0504,0.1047,246.9490
SK하이닉스,70,243.2367,0.0266,0.1031,243.2367
SK하이닉스,54,242.5128,0.0533,0.1028,242.5128
SK하이닉스,43,228.2720,0.0363,0.0967,228.2720
SK하이닉스,81,218.0687,0.0260,0.0924,218.0687
SK하이닉스,28,209.8294,0.0393,0.0889,209.8294
SK하이닉스,20,209.3168,0.0395,0.0887,209.3168
SK하이닉스,29,208.7276,0.0319,0.0885,208.7276
SK하이닉스,124,203.9671,0.0441,0.0864,203.9671
SK하이닉스,123,191.8130,0.0198,0.0813,191.8130
SK하이닉스,104,183.4467,0.0302,0.0777,183.4467
SK하이닉스,22,181.3980,0.0259,0.0769,181.3980
SK하이닉스,100,171.7290,0.0320,0.0728,171.7290
SK하이닉스,61,169.7773,0.0304,0.0719,169.7773
SK하이닉스,112,162.4155,0.0282,0.0688,162.4155
SK하이닉스,42,160.4050,0.0221,0.0680,160.4050
SK하이닉스,2,157.5986,0.0232,0.0668,157.5986
SK하이닉스,98,156.3808,0.0391,0.0663,156.3808
SK하이닉스,75,155.1825,0.0368,0.0658,155.1825
SK하이닉스,34,154.3843,0.0307,0.0654,154.3843
SK하이닉스,6,153.6903,0.0311,0.0651,153.6903
SK하이닉스,72,144.7375,0.0321,0.0613,144.7375
SK하이닉스,19,144.0598,0.0161,0.0610,144.0598
SK하이닉스,55,134.5777,0.0160,0.0570,134.5777
SK하이닉스,26,127.2912,0.0265,0.0539,127.2912
SK하이닉스,96,126.8065,0.0768,0.0537,126.8065
SK하이닉스,95,124.3167,0.0324,0.0527,124.3167
SK하이닉스,76,122.0922,0.0665,0.0517,122.0922
SK하이닉스,113,121.6093,0.0295,0.0515,121.6093
SK하이닉스,78,119.0408,0.0184,0.0504,119.0408
SK하이닉스,39,116.9832,0.0298,0.0496,116.9832
SK하이닉스,59,116.8365,0.0397,0.0495,116.8365
SK하이닉스,16,107.6441,0.0212,0.0456,107.6441
SK하이닉스,57,107.5914,0.0196,0.0456,107.5914
SK하이닉스,109,103.8029,0.0399,0.0440,103.8029
SK하이닉스,79,100.6247,0.0174,0.0426,100.6247
SK하이닉스,90,98.5092,0.0474,0.0417,98.5092
SK하이닉스,17,94.1094,0.0270,0.0399,94.1094
SK하이닉스,4,93.0380,0.0197,0.0394,93.0380
SK하이닉스,85,90.0534,0.0227,0.0382,90.0534
SK하이닉스,116,83.7695,0.0240,0.0355,83.7695
SK하이닉스,15,82.5877,0.0158,0.0350,82.5877
SK하이닉스,106,81.0724,0.0160,0.0344,81.0724
SK하이닉스,35,79.6342,0.0123,0.0337,79.6342
SK하이닉스,47,78.6546,0.0188,0.0333,78.6546
SK하이닉스,33,77.8909,0.0248,0.0330,77.8909
SK하이닉스,91,75.2623,0.0377,0.0319,75.2623
SK하이닉스,63,71.0182,0.0265,0.0301,71.0182
SK하이닉스,111,70.8766,0.0221,0.0300,70.8766
SK하이닉스,23,68.5958,0.0133,0.0291,68.5958
SK하이닉스,114,68.5567,0.0227,0.0291,68.5567
SK하이닉스,108,67.2001,0.0220,0.0285,67.2001
SK하이닉스,58,65.9792,0.0120,0.0280,65.9792
SK하이닉스,97,65.6960,0.0177,0.0278,65.6960
SK하이닉스,88,65.4234,0.0360,0.0277,65.4234
SK하이닉스,121,64.1144,0.0354,0.0272,64.1144
SK하이닉스,36,60.6149,0.0262,0.0257,60.6149
SK하이닉스,80,57.4875,0.0273,0.0244,57.4875
SK하이닉스,117,55.6355,0.0292,0.0236,55.6355
SK하이닉스,25,55.0727,0.0205,0.0233,55.0727
SK하이닉스,65,54.1318,0.0299,0.0229,54.1318
SK하이닉스,64,50.5720,0.0294,0.0214,50.5720
SK하이닉스,105,45.9936,0.0276,0.0195,45.9936
SK하이닉스,77,45.6864,0.0168,0.0194,45.6864
SK하이닉스,3,44.0833,0.0152,0.0187,44.0833
SK하이닉스,31,43.4470,0.0170,0.0184,43.4470
SK하이닉스,7,43.1106,0.0199,0.0183,43.1106
SK하이닉스,73,43.0152,0.0161,0.0182,43.0152
SK하이닉스,18,41.3354,0.0137,0.0175,41.3354
SK하이닉스,119,39.7091,0.0220,0.0168,39.7091
SK하이닉스,110,39.5678,0.0165,0.0168,39.5678
SK하이닉스,66,38.9653,0.0336,0.0165,38.9653
SK하이닉스,45,35.3451,0.0233,0.0150,35.3451
SK하이닉스,62,32.3329,0.0153,0.0137,32.3329
SK하이닉스,74,30.0477,0.0671,0.0127,30.0477
SK하이닉스,87,27.5962,0.0105,0.0117,27.5962
SK하이닉스,8,24.6805,0.0099,0.0105,24.6805
SK하이닉스,41,23.5965,0.0111,0.0100,23.5965
SK하이닉스,32,23.2134,0.0094,0.0098,23.2134
SK하이닉스,93,22.0768,0.0120,0.0094,22.0768
SK하이닉스,53,21.2797,0.0274,0.0090,21.2797
SK하이닉스,115,20.0773,0.0483,0.0085,20.0773
SK하이닉스,49,19.9663,0.0121,0.0085,19.9663
SK하이닉스,30,19.7780,0.0067,0.0084,19.7780
SK하이닉스,84,19.4293,0.0214,0.0082,19.4293
SK하이닉스,86,18.5302,0.0231,0.0079,18.5302
SK하이닉스,120,17.6918,0.0340,0.0075,17.6918
SK하이닉스,94,16.8176,0.0326,0.0071,16.8176
SK하이닉스,21,16.7089,0.0150,0.0071,16.7089
SK하이닉스,48,16.0413,0.0102,0.0068,16.0413
SK하이닉스,44,15.4285,0.0292,0.0065,15.4285
SK하이닉스,67,13.4794,0.0336,0.0057,13.4794
SK하이닉스,60,13.2648,0.0166,0.0056,13.2648
SK하이닉스,92,12.0464,0.0134,0.0051,12.0464
SK하이닉스,71,11.8101,0.0098,0.0050,11.8101
SK하이닉스,11,10.2774,0.0040,0.0044,10.2774
SK하이닉스,107,9.0414,0.0649,0.0038,9.0414
SK하이닉스,13,8.5779,0.0050,0.0036,8.5779
SK하이닉스,38,4.4950,0.0058,0.0019,4.4950
Semiconductor,0,60.5687,0.0022,0.3929,60.5687
Semiconductor,12,45.7477,0.0031,0.2968,45.7477
Semiconductor,50,41.2969,0.0028,0.2679,41.2969
Semiconductor,10,38.3947,0.0038,0.2491,38.3947
Semiconductor,103,32.8100,0.0042,0.2128,32.8100
Semiconductor,101,32.5765,0.0043,0.2113,32.5765
Semiconductor,9,28.2328,0.0031,0.1831,28.2328
Semiconductor,51,23.9053,0.0026,0.1551,23.9053
Semiconductor,1,23.5405,0.0015,0.1527,23.5405
Semiconductor,20,23.3385,0.0044,0.1514,23.3385
Semiconductor,122,22.5549,0.0063,0.1463,22.5549
Semiconductor,46,22.2764,0.0025,0.1445,22.2764
Semiconductor,118,21.7176,0.0019,0.1409,21.7176
Semiconductor,70,20.9936,0.0023,0.1362,20.9936
Semiconductor,27,20.8392,0.0016,0.1352,20.8392
Semiconductor,68,20.5750,0.0024,0.1335,20.5750
Semiconductor,56,19.8292,0.0016,0.1286,19.8292
Semiconductor,52,19.5458,0.0028,0.1268,19.5458
Semiconductor,14,19.4081,0.0020,0.1259,19.4081
Semiconductor,54,18.0980,0.0040,0.1174,18.0980
Semiconductor,28,17.9648,0.0034,0.1165,17.9648
Semiconductor,43,17.8337,0.0028,0.1157,17.8337
Semiconductor,19,17.3741,0.0019,0.1127,17.3741
Semiconductor,37,16.7745,0.0017,0.1088,16.7745
Semiconductor,89,16.5187,0.0017,0.1072,16.5187
Semiconductor,72,16.4135,0.0036,0.1065,16.4135
Semiconductor,81,15.3159,0.0018,0.0994,15.3159
Semiconductor,119,15.2727,0.0085,0.0991,15.2727
Semiconductor,6,14.9214,0.0030,0.0968,14.9214
Semiconductor,124,13.0847,0.0028,0.0849,13.0847
Semiconductor,61,12.8403,0.0023,0.0833,12.8403
Semiconductor,82,12.6832,0.0026,0.0823,12.6832
Semiconductor,95,12.2161,0.0032,0.0792,12.2161
Semiconductor,24,11.1060,0.0016,0.0720,11.1060
Semiconductor,102,10.5465,0.0014,0.0684,10.5465
Semiconductor,78,10.2875,0.0016,0.0667,10.2875
Semiconductor,110,10.0859,0.0042,0.0654,10.0859
Semiconductor,2,9.8499,0.0015,0.0639,9.8499
Semiconductor,26,9.8499,0.0021,0.0639,9.8499
Semiconductor,16,9.2064,0.0018,0.0597,9.2064
Semiconductor,112,9.1403,0.0016,0.0593,9.1403
Semiconductor,83,9.0751,0.0012,0.0589,9.0751
Semiconductor,5,9.0109,0.0014,0.0585,9.0109
Semiconductor,75,8.9528,0.0021,0.0581,8.9528
Semiconductor,113,8.9528,0.0022,0.0581,8.9528
Semiconductor,33,8.8178,0.0028,0.0572,8.8178
Semiconductor,116,8.8178,0.0025,0.0572,8.8178
Semiconductor,69,8.4666,0.0018,0.0549,8.4666
Semiconductor,85,8.4666,0.0021,0.0549,8.4666
Semiconductor,91,8.3625,0.0042,0.0542,8.3625
Semiconductor,34,7.7900,0.0015,0.0505,7.7900
Semiconductor,100,7.6789,0.0014,0.0498,7.6789
Semiconductor,40,7.5769,0.0013,0.0491,7.5769
Semiconductor,98,7.5183,0.0019,0.0488,7.5183
Semiconductor,104,7.5183,0.0012,0.0488,7.5183
Semiconductor,79,7.2392,0.0012,0.0470,7.2392
Semiconductor,80,7.1859,0.0034,0.0466,7.1859
Semiconductor,29,6.9809,0.0011,0.0453,6.9809
Semiconductor,88,6.9272,0.0038,0.0449,6.9272
Semiconductor,47,6.8727,0.0016,0.0446,6.8727
Semiconductor,42,6.7146,0.0009,0.0436,6.7146
Semiconductor,39,6.6636,0.0017,0.0432,6.6636
Semiconductor,123,6.5639,0.0007,0.0426,6.5639
Semiconductor,111,5.9686,0.0019,0.0387,5.9686
Semiconductor,22,5.9232,0.0008,0.0384,5.9232
Semiconductor,25,5.7539,0.0021,0.0373,5.7539
Semiconductor,23,5.5192,0.0011,0.0358,5.5192
Semiconductor,35,5.5192,0.0009,0.0358,5.5192
Semiconductor,59,5.3455,0.0018,0.0347,5.3455
Semiconductor,90,5.3455,0.0026,0.0347,5.3455
Semiconductor,15,5.3038,0.0010,0.0344,5.3038
Semiconductor,109,5.3038,0.0020,0.0344,5.3038
Semiconductor,55,5.2628,0.0006,0.0341,5.2628
Semiconductor,17,5.0674,0.0015,0.0329,5.0674
Semiconductor,115,5.0193,0.0121,0.0326,5.0193
Semiconductor,57,4.5461,0.0008,0.0295,4.5461
Semiconductor,114,4.3760,0.0015,0.0284,4.3760
Semiconductor,8,4.2553,0.0017,0.0276,4.2553
Semiconductor,76,4.1812,0.0023,0.0271,4.1812
Semiconductor,105,4.1812,0.0025,0.0271,4.1812
Semiconductor,64,4.1452,0.0024,0.0269,4.1452
Semiconductor,3,4.0076,0.0014,0.0260,4.0076
Semiconductor,4,3.9423,0.0008,0.0256,3.9423
Semiconductor,93,3.9423,0.0021,0.0256,3.9423
Semiconductor,36,3.7884,0.0016,0.0246,3.7884
Semiconductor,65,3.7592,0.0021,0.0244,3.7592
Semiconductor,117,3.7592,0.0020,0.0244,3.7592
Semiconductor,44,3.6302,0.0069,0.0235,3.6302
Semiconductor,38,3.5960,0.0047,0.0233,3.5960
Semiconductor,96,3.4042,0.0021,0.0221,3.4042
Semiconductor,66,3.3162,0.0029,0.0215,3.3162
Semiconductor,31,3.1034,0.0012,0.0201,3.1034
Semiconductor,120,2.9486,0.0057,0.0191,2.9486
Semiconductor,94,2.8029,0.0054,0.0182,2.8029
Semiconductor,53,2.7756,0.0036,0.0180,2.7756
Semiconductor,62,2.4871,0.0012,0.0161,2.4871
Semiconductor,121,2.4659,0.0014,0.0160,2.4659
Semiconductor,77,2.4045,0.0009,0.0156,2.4045
Semiconductor,58,2.3848,0.0004,0.0155,2.3848
Semiconductor,106,2.2731,0.0004,0.0147,2.2731
Semiconductor,67,1.9256,0.0048,0.0125,1.9256
Semiconductor,18,1.6872,0.0006,0.0109,1.6872
Semiconductor,7,1.6581,0.0008,0.0108,1.6581
Semiconductor,60,1.6581,0.0021,0.0108,1.6581
Semiconductor,45,1.6440,0.0011,0.0107,1.6440
Semiconductor,108,1.5273,0.0005,0.0099,1.5273
Semiconductor,21,0.9829,0.0009,0.0064,0.9829
Semiconductor,13,0.9531,0.0006,0.0062,0.9531
Semiconductor,48,0.9436,0.0006,0.0061,0.9436
Semiconductor,84,0.9252,0.0010,0.0060,0.9252
Semiconductor,41,0.9076,0.0004,0.0059,0.9076
Semiconductor,71,0.8436,0.0007,0.0055,0.8436
Semiconductor,87,0.8362,0.0003,0.0054,0.8362
Semiconductor,32,0.8290,0.0003,0.0054,0.8290
Semiconductor,73,0.7821,0.0003,0.0051,0.7821
Semiconductor,97,0.7821,0.0002,0.0051,0.7821
Semiconductor,63,0.7636,0.0003,0.0050,0.7636
TCL,0,604.3107,0.0220,0.3848,604.3107
TCL,1,527.8789,0.0343,0.3362,527.8789
TCL,56,498.5623,0.0397,0.3175,498.5623
TCL,19,458.2406,0.0513,0.2918,458.2406
TCL,89,364.1006,0.0373,0.2319,364.1006
TCL,78,357.8573,0.0554,0.2279,357.8573
TCL,118,340.2419,0.0305,0.2167,340.2419
TCL,104,308.2506,0.0507,0.1963,308.2506
TCL,4,263.3448,0.0558,0.1677,263.3448
TCL,123,251.6178,0.0260,0.1602,251.6178
TCL,27,242.8847,0.0189,0.1547,242.8847
TCL,12,203.0921,0.0136,0.1293,203.0921
TCL,50,202.3546,0.0138,0.1289,202.3546
TCL,81,200.5649,0.0239,0.1277,200.5649
TCL,37,177.9557,0.0185,0.1133,177.9557
TCL,42,174.5803,0.0241,0.1112,174.5803
TCL,26,160.6294,0.0335,0.1023,160.6294
TCL,55,157.1326,0.0186,0.1001,157.1326
TCL,29,156.3711,0.0239,0.0996,156.3711
TCL,113,149.2139,0.0362,0.0950,149.2139
TCL,68,145.4943,0.0172,0.0927,145.4943
TCL,9,143.3359,0.0155,0.0913,143.3359
TCL,51,137.1040,0.0149,0.0873,137.1040
TCL,38,130.3549,0.1694,0.0830,130.3549
TCL,8,130.2107,0.0522,0.0829,130.2107
TCL,70,125.9619,0.0138,0.0802,125.9619
TCL,111,114.1486,0.0355,0.0727,114.1486
TCL,106,111.3798,0.0220,0.0709,111.3798
TCL,14,110.9035,0.0117,0.0706,110.9035
TCL,10,103.3166,0.0101,0.0658,103.3166
TCL,57,102.2876,0.0186,0.0651,102.2876
TCL,2,101.5299,0.0150,0.0647,101.5299
TCL,72,99.2273,0.0220,0.0632,99.2273
TCL,39,99.2136,0.0253,0.0632,99.2136
TCL,16,97.7295,0.0192,0.0622,97.7295
TCL,24,95.5116,0.0136,0.0608,95.5116
TCL,6,94.7508,0.0192,0.0603,94.7508
TCL,110,94.6523,0.0396,0.0603,94.6523
TCL,46,92.6986,0.0106,0.0590,92.6986
TCL,101,91.3559,0.0120,0.0582,91.3559
TCL,52,90.4899,0.0128,0.0576,90.4899
TCL,22,90.3288,0.0129,0.0575,90.3288
TCL,43,89.1687,0.0142,0.0568,89.1687
TCL,15,87.1339,0.0167,0.0555,87.1339
TCL,61,82.7486,0.0148,0.0527,82.7486
TCL,34,82.1495,0.0163,0.0523,82.1495
TCL,40,75.7686,0.0135,0.0482,75.7686
TCL,28,73.2966,0.0137,0.0467,73.2966
TCL,103,72.6009,0.0093,0.0462,72.6009
TCL,17,71.6680,0.0206,0.0456,71.6680
TCL,20,70.0154,0.0132,0.0446,70.0154
TCL,83,68.4124,0.0091,0.0436,68.4124
TCL,100,67.0162,0.0125,0.0427,67.0162
TCL,98,66.1611,0.0166,0.0421,66.1611
TCL,116,65.3990,0.0187,0.0416,65.3990
TCL,112,63.2788,0.0110,0.0403,63.2788
TCL,5,63.0764,0.0095,0.0402,63.0764
TCL,82,61.9238,0.0127,0.0394,61.9238
TCL,36,59.8572,0.0259,0.0381,59.8572
TCL,102,59.0602,0.0081,0.0376,59.0602
TCL,124,58.4962,0.0126,0.0373,58.4962
TCL,33,55.1115,0.0175,0.0351,55.1115
TCL,59,54.9819,0.0187,0.0350,54.9819
TCL,105,54.3561,0.0326,0.0346,54.3561
TCL,79,54.2939,0.0094,0.0346,54.2939
TCL,58,54.0552,0.0098,0.0344,54.0552
TCL,75,52.9709,0.0126,0.0337,52.9709
TCL,114,48.8649,0.0162,0.0311,48.8649
TCL,95,48.8644,0.0127,0.0311,48.8644
TCL,35,46.5190,0.0072,0.0296,46.5190
TCL,64,45.5977,0.0265,0.0290,45.5977
TCL,77,41.6788,0.0154,0.0265,41.6788
TCL,69,41.5631,0.0087,0.0265,41.5631
TCL,63,40.4728,0.0151,0.0258,40.4728
TCL,11,39.2410,0.0152,0.0250,39.2410
TCL,47,38.9455,0.0093,0.0248,38.9455
TCL,30,38.6570,0.0130,0.0246,38.6570
TCL,23,36.2690,0.0070,0.0231,36.2690
TCL,97,31.2838,0.0084,0.0199,31.2838
TCL,31,31.0336,0.0121,0.0198,31.0336
TCL,3,29.6561,0.0102,0.0189,29.6561
TCL,71,28.6817,0.0239,0.0183,28.6817
TCL,122,28.5696,0.0080,0.0182,28.5696
TCL,90,27.4909,0.0132,0.0175,27.4909
TCL,85,26.9391,0.0068,0.0172,26.9391
TCL,108,25.9637,0.0085,0.0165,25.9637
TCL,18,25.3074,0.0084,0.0161,25.3074
TCL,73,25.0270,0.0094,0.0159,25.0270
TCL,13,24.7807,0.0143,0.0158,24.7807
TCL,117,24.0586,0.0126,0.0153,24.0586
TCL,54,23.8893,0.0053,0.0152,23.8893
TCL,87,23.4149,0.0089,0.0149,23.4149
TCL,65,23.3068,0.0129,0.0148,23.3068
TCL,7,22.3843,0.0103,0.0143,22.3843
TCL,88,22.3209,0.0123,0.0142,22.3209
TCL,76,20.9062,0.0114,0.0133,20.9062
TCL,45,19.7275,0.0130,0.0126,19.7275
TCL,80,17.9648,0.0085,0.0114,17.9648
TCL,21,17.6918,0.0158,0.0113,17.6918
TCL,91,17.5612,0.0088,0.0112,17.5612
TCL,32,17.4100,0.0070,0.0111,17.4100
TCL,119,16.8000,0.0093,0.0107,16.8000
TCL,109,16.6691,0.0064,0.0106,16.6691
TCL,93,16.5576,0.0090,0.0105,16.5576
TCL,49,16.3360,0.0099,0.0104,16.3360
TCL,92,15.0580,0.0168,0.0096,15.0580
TCL,41,13.6134,0.0064,0.0087,13.6134
TCL,62,12.4357,0.0059,0.0079,12.4357
TCL,25,12.3297,0.0046,0.0079,12.3297
TCL,86,10.5887,0.0132,0.0067,10.5887
TCL,48,9.4361,0.0060,0.0060,9.4361
TCL,66,9.1195,0.0079,0.0058,9.1195
TCL,84,8.3269,0.0092,0.0053,8.3269
TCL,60,8.2905,0.0104,0.0053,8.2905
TCL,96,6.8084,0.0041,0.0043,6.8084
TCL,94,6.5402,0.0127,0.0042,6.5402
TCL,121,4.9319,0.0027,0.0031,4.9319
TCL,120,4.9144,0.0095,0.0031,4.9144
TCL,44,4.5378,0.0086,0.0029,4.5378
TCL,74,4.2925,0.0096,0.0027,4.2925
TCL,53,3.7008,0.0048,0.0024,3.7008
TCL,99,3.2194,0.0049,0.0021,3.2194
TCL,67,1.9256,0.0048,0.0012,1.9256
TCL,115,1.0039,0.0024,0.0006,1.0039
TSMC,0,176.8882,0.0064,0.3613,176.8882
TSMC,50,129.3968,0.0089,0.2643,129.3968
TSMC,12,117.8350,0.0079,0.2407,117.8350
TSMC,10,110.2975,0.0108,0.2253,110.2975
TSMC,9,110.0357,0.0119,0.2248,110.0357
TSMC,122,107.5118,0.0300,0.2196,107.5118
TSMC,46,95.5730,0.0109,0.1952,95.5730
TSMC,101,94.1886,0.0123,0.1924,94.1886
TSMC,51,90.6996,0.0099,0.1853,90.6996
TSMC,83,83.7703,0.0112,0.1711,83.7703
TSMC,24,81.4440,0.0116,0.1664,81.4440
TSMC,103,79.5817,0.0102,0.1626,79.5817
TSMC,52,78.9072,0.0112,0.1612,78.9072
TSMC,102,76.6376,0.0105,0.1566,76.6376
TSMC,14,74.8599,0.0079,0.1529,74.8599
TSMC,27,65.3920,0.0051,0.1336,65.3920
TSMC,43,61.3481,0.0097,0.1253,61.3481
TSMC,68,60.9900,0.0072,0.1246,60.9900
TSMC,56,60.9039,0.0049,0.1244,60.9039
TSMC,89,58.5039,0.0060,0.1195,58.5039
TSMC,1,57.0680,0.0037,0.1166,57.0680
TSMC,118,55.0178,0.0049,0.1124,55.0178
TSMC,5,51.2929,0.0077,0.1048,51.2929
TSMC,37,48.8649,0.0051,0.0998,48.8649
TSMC,112,48.5137,0.0084,0.0991,48.5137
TSMC,82,47.0024,0.0096,0.0960,47.0024
TSMC,54,45.6069,0.0100,0.0932,45.6069
TSMC,29,42.5832,0.0065,0.0870,42.5832
TSMC,72,41.7799,0.0093,0.0853,41.7799
TSMC,75,40.2878,0.0096,0.0823,40.2878
TSMC,79,39.0916,0.0067,0.0799,39.0916
TSMC,28,38.8041,0.0073,0.0793,38.8041
TSMC,35,37.0575,0.0057,0.0757,37.0575
TSMC,81,36.4663,0.0043,0.0745,36.4663
TSMC,100,35.6024,0.0066,0.0727,35.6024
TSMC,69,35.4056,0.0074,0.0723,35.4056
TSMC,124,35.4056,0.0077,0.0723,35.4056
TSMC,95,35.2111,0.0092,0.0719,35.2111
TSMC,26,34.8535,0.0073,0.0712,34.8535
TSMC,70,34.0242,0.0037,0.0695,34.0242
TSMC,34,33.9929,0.0068,0.0694,33.9929
TSMC,61,33.5274,0.0060,0.0685,33.5274
TSMC,42,32.0810,0.0044,0.0655,32.0810
TSMC,2,31.8228,0.0047,0.0650,31.8228
TSMC,78,30.8624,0.0048,0.0630,30.8624
TSMC,22,30.3564,0.0043,0.0620,30.3564
TSMC,123,29.9024,0.0031,0.0611,29.9024
TSMC,20,29.1731,0.0055,0.0596,29.1731
TSMC,23,29.1729,0.0057,0.0596,29.1729
TSMC,40,28.7921,0.0051,0.0588,28.7921
TSMC,58,28.6175,0.0052,0.0585,28.6175
TSMC,55,27.0659,0.0032,0.0553,27.0659
TSMC,98,27.0659,0.0068,0.0553,27.0659
TSMC,113,26.8585,0.0065,0.0549,26.8585
TSMC,19,26.7850,0.0030,0.0547,26.7850
TSMC,15,23.4883,0.0045,0.0480,23.4883
TSMC,91,23.4149,0.0117,0.0478,23.4149
TSMC,16,23.3701,0.0046,0.0477,23.3701
TSMC,97,21.8987,0.0059,0.0447,21.8987
TSMC,17,21.7176,0.0062,0.0444,21.7176
TSMC,6,20.1439,0.0041,0.0411,20.1439
TSMC,76,20.0700,0.0109,0.0410,20.0700
TSMC,39,19.9908,0.0051,0.0408,19.9908
TSMC,25,19.7275,0.0073,0.0403,19.7275
TSMC,109,19.6998,0.0076,0.0402,19.6998
TSMC,90,19.0909,0.0092,0.0390,19.0909
TSMC,88,18.4725,0.0102,0.0377,18.4725
TSMC,32,17.4100,0.0070,0.0356,17.4100
TSMC,59,16.8000,0.0057,0.0343,16.8000
TSMC,104,16.5403,0.0027,0.0338,16.5403
TSMC,80,15.8091,0.0075,0.0323,15.8091
TSMC,111,14.9214,0.0046,0.0305,14.9214
TSMC,47,14.5091,0.0035,0.0296,14.5091
TSMC,114,13.8572,0.0046,0.0283,13.8572
TSMC,121,13.1517,0.0073,0.0269,13.1517
TSMC,85,13.0847,0.0033,0.0267,13.0847
TSMC,116,11.7571,0.0034,0.0240,11.7571
TSMC,66,11.6067,0.0100,0.0237,11.6067
TSMC,57,11.3653,0.0021,0.0232,11.3653
TSMC,106,11.3653,0.0022,0.0232,11.3653
TSMC,105,10.8712,0.0065,0.0222,10.8712
TSMC,30,10.7880,0.0036,0.0220,10.7880
TSMC,64,10.7776,0.0063,0.0220,10.7776
TSMC,33,10.2875,0.0033,0.0210,10.2875
TSMC,108,9.9273,0.0032,0.0203,9.9273
TSMC,73,9.3851,0.0035,0.0192,9.3851
TSMC,62,9.1195,0.0043,0.0186,9.1195
TSMC,93,8.6730,0.0047,0.0177,8.6730
TSMC,31,8.5342,0.0033,0.0174,8.5342
TSMC,65,8.2701,0.0046,0.0169,8.2701
TSMC,117,8.2701,0.0043,0.0169,8.2701
TSMC,3,7.2136,0.0025,0.0147,7.2136
TSMC,119,6.8727,0.0038,0.0140,6.8727
TSMC,96,6.8084,0.0041,0.0139,6.8084
TSMC,18,6.7486,0.0022,0.0138,6.7486
TSMC,7,6.6324,0.0031,0.0135,6.6324
TSMC,45,6.5758,0.0043,0.0134,6.5758
TSMC,74,6.4388,0.0144,0.0132,6.4388
TSMC,63,6.1091,0.0023,0.0125,6.1091
TSMC,87,5.8537,0.0022,0.0120,5.8537
TSMC,36,5.3038,0.0023,0.0108,5.3038
TSMC,60,4.9743,0.0062,0.0102,4.9743
TSMC,94,4.6715,0.0091,0.0095,4.6715
TSMC,110,4.6550,0.0019,0.0095,4.6550
TSMC,41,3.6302,0.0017,0.0074,3.6302
TSMC,77,3.2061,0.0012,0.0065,3.2061
TSMC,21,2.9486,0.0026,0.0060,2.9486
TSMC,120,2.9486,0.0057,0.0060,2.9486
TSMC,53,2.7756,0.0036,0.0057,2.7756
TSMC,49,2.7227,0.0016,0.0056,2.7227
TSMC,86,2.6472,0.0033,0.0054,2.6472
TSMC,8,2.5532,0.0010,0.0052,2.5532
TSMC,48,1.8872,0.0012,0.0039,1.8872
TSMC,11,1.8686,0.0007,0.0038,1.8686
TSMC,4,1.5769,0.0003,0.0032,1.5769
TSMC,92,1.0039,0.0011,0.0021,1.0039
TSMC,115,1.0039,0.0024,0.0021,1.0039
TSMC,67,0.9628,0.0024,0.0020,0.9628
TSMC,84,0.9252,0.0010,0.0019,0.9252
TSMC,38,0.8990,0.0012,0.0018,0.8990
TSMC,71,0.8436,0.0007,0.0017,0.8436
Tianma,0,70.2047,0.0026,0.4061,70.2047
Tianma,1,68.4816,0.0044,0.3961,68.4816
Tianma,118,46.3308,0.0041,0.2680,46.3308
Tianma,27,36.6483,0.0028,0.2120,36.6483
Tianma,123,36.4663,0.0038,0.2109,36.4663
Tianma,81,35.0077,0.0042,0.2025,35.0077
Tianma,42,32.8271,0.0045,0.1899,32.8271
Tianma,37,32.0904,0.0033,0.1856,32.0904
Tianma,12,31.8848,0.0021,0.1844,31.8848
Tianma,56,31.1601,0.0025,0.1802,31.1601
Tianma,55,30.8251,0.0037,0.1783,30.8251
Tianma,19,28.2328,0.0032,0.1633,28.2328
Tianma,70,26.7850,0.0029,0.1549,26.7850
Tianma,106,25.7613,0.0051,0.1490,25.7613
Tianma,22,22.9524,0.0033,0.1328,22.9524
Tianma,15,21.2152,0.0041,0.1227,21.2152
Tianma,51,21.0929,0.0023,0.1220,21.0929
Tianma,57,19.6998,0.0036,0.1140,19.6998
Tianma,101,19.1210,0.0025,0.1106,19.1210
Tianma,78,17.6357,0.0027,0.1020,17.6357
Tianma,103,16.7541,0.0022,0.0969,16.7541
Tianma,50,15.8305,0.0011,0.0916,15.8305
Tianma,89,15.8305,0.0016,0.0916,15.8305
Tianma,38,15.2830,0.0199,0.0884,15.2830
Tianma,2,15.1537,0.0022,0.0877,15.1537
Tianma,9,14.4784,0.0016,0.0838,14.4784
Tianma,26,14.3960,0.0030,0.0833,14.3960
Tianma,116,13.9616,0.0040,0.0808,13.9616
Tianma,28,12.9347,0.0024,0.0748,12.9347
Tianma,113,12.6832,0.0031,0.0734,12.6832
Tianma,20,12.3986,0.0023,0.0717,12.3986
Tianma,43,12.1269,0.0019,0.0701,12.1269
Tianma,39,11.1060,0.0028,0.0642,11.1060
Tianma,61,10.7002,0.0019,0.0619,10.7002
Tianma,111,10.4450,0.0033,0.0604,10.4450
Tianma,68,10.2875,0.0012,0.0595,10.2875
Tianma,16,9.9146,0.0020,0.0574,9.9146
Tianma,72,9.6989,0.0022,0.0561,9.6989
Tianma,33,9.5527,0.0030,0.0553,9.5527
Tianma,36,9.0922,0.0039,0.0526,9.0922
Tianma,10,9.0751,0.0009,0.0525,9.0751
Tianma,52,8.6870,0.0012,0.0503,8.6870
Tianma,122,7.5183,0.0021,0.0435,7.5183
Tianma,7,7.4614,0.0034,0.0432,7.4614
Tianma,82,7.4607,0.0015,0.0432,7.4607
Tianma,95,7.1859,0.0019,0.0416,7.1859
Tianma,4,7.0961,0.0015,0.0410,7.0961
Tianma,110,6.9826,0.0029,0.0404,6.9826
Tianma,63,6.8727,0.0026,0.0398,6.8727
Tianma,124,6.1575,0.0013,0.0356,6.1575
Tianma,8,5.9574,0.0024,0.0345,5.9574
Tianma,24,5.9232,0.0008,0.0343,5.9232
Tianma,46,5.7488,0.0007,0.0333,5.7488
Tianma,14,5.5452,0.0006,0.0321,5.5452
Tianma,35,5.5192,0.0009,0.0319,5.5192
Tianma,85,5.3878,0.0014,0.0312,5.3878
Tianma,47,5.3455,0.0013,0.0309,5.3455
Tianma,75,5.2225,0.0012,0.0302,5.2225
Tianma,69,4.6181,0.0010,0.0267,4.6181
Tianma,88,4.6181,0.0025,0.0267,4.6181
Tianma,59,4.5818,0.0016,0.0265,4.5818
Tianma,90,4.5818,0.0022,0.0265,4.5818
Tianma,109,4.5461,0.0017,0.0263,4.5461
Tianma,98,4.5110,0.0011,0.0261,4.5110
Tianma,54,4.3435,0.0010,0.0251,4.3435
Tianma,66,4.1452,0.0036,0.0240,4.1452
Tianma,77,4.0076,0.0015,0.0232,4.0076
Tianma,6,3.7303,0.0008,0.0216,3.7303
Tianma,79,3.6196,0.0006,0.0209,3.6196
Tianma,112,3.5155,0.0006,0.0203,3.5155
Tianma,83,3.4904,0.0005,0.0202,3.4904
Tianma,100,3.4904,0.0007,0.0202,3.4904
Tianma,58,3.1797,0.0006,0.0184,3.1797
Tianma,23,3.1538,0.0006,0.0182,3.1538
Tianma,73,3.1284,0.0012,0.0181,3.1284
Tianma,40,3.0307,0.0005,0.0175,3.0307
Tianma,104,3.0073,0.0005,0.0174,3.0073
Tianma,114,2.9173,0.0010,0.0169,2.9173
Tianma,5,2.7726,0.0004,0.0160,2.7726
Tianma,41,2.7227,0.0013,0.0157,2.7227
Tianma,44,2.7227,0.0051,0.0157,2.7227
Tianma,49,2.7227,0.0016,0.0157,2.7227
Tianma,87,2.5087,0.0010,0.0145,2.5087
Tianma,25,2.4659,0.0009,0.0143,2.4659
Tianma,3,2.4045,0.0008,0.0139,2.4045
Tianma,34,2.1246,0.0004,0.0123,2.1246
Tianma,102,2.1093,0.0003,0.0122,2.1093
Tianma,29,2.0943,0.0003,0.0121,2.0943
Tianma,53,1.8504,0.0024,0.0107,1.8504
Tianma,18,1.6872,0.0006,0.0098,1.6872
Tianma,105,1.6725,0.0010,0.0097,1.6725
Tianma,32,1.6581,0.0007,0.0096,1.6581
Tianma,60,1.6581,0.0021,0.0096,1.6581
Tianma,64,1.6581,0.0010,0.0096,1.6581
Tianma,108,1.5273,0.0005,0.0088,1.5273
Tianma,65,1.5037,0.0008,0.0087,1.5037
Tianma,117,1.5037,0.0008,0.0087,1.5037
Tianma,17,1.4478,0.0004,0.0084,1.4478
Tianma,92,1.0039,0.0011,0.0058,1.0039
Tianma,67,0.9628,0.0024,0.0056,0.9628
Tianma,94,0.9343,0.0018,0.0054,0.9343
Tianma,84,0.9252,0.0010,0.0054,0.9252
Tianma,71,0.8436,0.0007,0.0049,0.8436
Tianma,91,0.8362,0.0004,0.0048,0.8362
Tianma,62,0.8290,0.0004,0.0048,0.8290
Tianma,45,0.8220,0.0005,0.0048,0.8220
Tianma,121,0.8220,0.0005,0.0048,0.8220
Tianma,93,0.7885,0.0004,0.0046,0.7885
Tianma,31,0.7758,0.0003,0.0045,0.7758
Tianma,119,0.7636,0.0004,0.0044,0.7636
Tianma,80,0.7186,0.0003,0.0042,0.7186
Toray,0,11.7008,0.0004,0.3350,11.7008
Toray,101,8.4982,0.0011,0.2433,8.4982
Toray,10,8.3770,0.0008,0.2398,8.3770
Toray,12,8.3178,0.0006,0.2382,8.3178
Toray,50,7.5711,0.0005,0.2168,7.5711
Toray,1,7.1335,0.0005,0.2042,7.1335
Toray,55,6.7665,0.0008,0.1937,6.7665
Toray,42,6.7146,0.0009,0.1923,6.7146
Toray,75,6.7146,0.0016,0.1923,6.7146
Toray,37,6.5639,0.0007,0.1879,6.5639
Toray,118,6.5153,0.0006,0.1865,6.5153
Toray,27,6.4673,0.0005,0.1852,6.4673
Toray,81,5.1053,0.0006,0.1462,5.1053
Toray,123,5.1053,0.0005,0.1462,5.1053
Toray,9,5.0674,0.0005,0.1451,5.0674
Toray,28,5.0302,0.0009,0.1440,5.0302
Toray,70,4.3435,0.0005,0.1244,4.3435
Toray,43,4.2801,0.0007,0.1225,4.2801
Toray,56,4.2491,0.0003,0.1217,4.2491
Toray,103,4.1885,0.0005,0.1199,4.1885
Toray,82,3.7303,0.0008,0.1068,3.7303
Toray,68,3.6741,0.0004,0.1052,3.6741
Toray,52,3.6196,0.0005,0.1036,3.6196
Toray,38,3.5960,0.0047,0.1030,3.5960
Toray,61,3.5667,0.0006,0.1021,3.5667
Toray,51,3.5155,0.0004,0.1007,3.5155
Toray,14,3.4657,0.0004,0.0992,3.4657
Toray,25,3.2879,0.0012,0.0941,3.2879
Toray,58,3.1797,0.0006,0.0910,3.1797
Toray,2,3.0307,0.0004,0.0868,3.0307
Toray,26,3.0307,0.0006,0.0868,3.0307
Toray,98,3.0073,0.0008,0.0861,3.0073
Toray,72,2.9843,0.0007,0.0854,2.9843
Toray,39,2.9616,0.0008,0.0848,2.9616
Toray,78,2.9393,0.0005,0.0842,2.9393
Toray,20,2.9173,0.0006,0.0835,2.9173
Toray,19,2.8957,0.0003,0.0829,2.8957
Toray,79,2.8957,0.0005,0.0829,2.8957
Toray,3,2.4045,0.0008,0.0688,2.4045
Toray,35,2.3654,0.0004,0.0677,2.3654
Toray,110,2.3275,0.0010,0.0666,2.3275
Toray,69,2.3091,0.0005,0.0661,2.3091
Toray,124,2.3091,0.0005,0.0661,2.3091
Toray,15,2.2731,0.0004,0.0651,2.2731
Toray,57,2.2731,0.0004,0.0651,2.2731
Toray,106,2.2731,0.0004,0.0651,2.2731
Toray,109,2.2731,0.0009,0.0651,2.2731
Toray,113,2.2382,0.0005,0.0641,2.2382
Toray,22,2.2212,0.0003,0.0636,2.2212
Toray,24,2.2212,0.0003,0.0636,2.2212
Toray,17,2.1718,0.0006,0.0622,2.1718
Toray,46,2.1558,0.0002,0.0617,2.1558
Toray,80,2.1558,0.0010,0.0617,2.1558
Toray,16,2.1246,0.0004,0.0608,2.1246
Toray,89,2.0648,0.0002,0.0591,2.0648
Toray,8,1.7021,0.0007,0.0487,1.7021
Toray,87,1.6725,0.0006,0.0479,1.6725
Toray,121,1.6440,0.0009,0.0471,1.6440
Toray,97,1.5642,0.0004,0.0448,1.5642
Toray,88,1.5394,0.0008,0.0441,1.5394
Toray,47,1.5273,0.0004,0.0437,1.5273
Toray,108,1.5273,0.0005,0.0437,1.5273
Toray,104,1.5037,0.0002,0.0431,1.5037
Toray,6,1.4921,0.0003,0.0427,1.4921
Toray,111,1.4921,0.0005,0.0427,1.4921
Toray,114,1.4587,0.0005,0.0418,1.4587
Toray,54,1.4478,0.0003,0.0415,1.4478
Toray,95,1.4372,0.0004,0.0411,1.4372
Toray,67,0.9628,0.0024,0.0276,0.9628
Toray,53,0.9252,0.0012,0.0265,0.9252
Toray,49,0.9076,0.0005,0.0260,0.9076
Toray,18,0.8436,0.0003,0.0242,0.8436
Toray,91,0.8362,0.0004,0.0239,0.8362
Toray,32,0.8290,0.0003,0.0237,0.8290
Toray,60,0.8290,0.0010,0.0237,0.8290
Toray,62,0.8290,0.0004,0.0237,0.8290
Toray,66,0.8290,0.0007,0.0237,0.8290
Toray,77,0.8015,0.0003,0.0229,0.8015
Toray,23,0.7885,0.0002,0.0226,0.7885
Toray,31,0.7758,0.0003,0.0222,0.7758
Toray,85,0.7697,0.0002,0.0220,0.7697
Toray,59,0.7636,0.0003,0.0219,0.7636
Toray,63,0.7636,0.0003,0.0219,0.7636
Toray,90,0.7636,0.0004,0.0219,0.7636
Toray,119,0.7636,0.0004,0.0219,0.7636
Toray,36,0.7577,0.0003,0.0217,0.7577
Toray,40,0.7577,0.0001,0.0217,0.7577
Toray,122,0.7518,0.0002,0.0215,0.7518
Toray,33,0.7348,0.0002,0.0210,0.7348
Toray,116,0.7348,0.0002,0.0210,0.7348
Toray,102,0.7031,0.0001,0.0201,0.7031
Toray,29,0.6981,0.0001,0.0200,0.6981
Toray,83,0.6981,0.0001,0.0200,0.6981
Toray,100,0.6981,0.0001,0.0200,0.6981
Toray,5,0.6931,0.0001,0.0198,0.6931
UDC,0,35.1023,0.0013,0.4301,35.1023
UDC,1,21.4005,0.0014,0.2622,21.4005
UDC,70,19.5458,0.0021,0.2395,19.5458
UDC,12,19.4081,0.0013,0.2378,19.4081
UDC,118,18.8219,0.0017,0.2306,18.8219
UDC,55,16.5403,0.0020,0.2027,16.5403
UDC,27,15.8091,0.0012,0.1937,15.8091
UDC,81,15.3159,0.0018,0.1877,15.3159
UDC,37,13.1279,0.0014,0.1609,13.1279
UDC,123,13.1279,0.0014,0.1609,13.1279
UDC,97,11.7314,0.0032,0.1437,11.7314
UDC,2,11.3653,0.0017,0.1393,11.3653
UDC,42,11.1910,0.0015,0.1371,11.1910
UDC,50,11.0125,0.0008,0.1349,11.0125
UDC,106,10.6076,0.0021,0.1300,10.6076
UDC,58,10.3341,0.0019,0.1266,10.3341
UDC,35,10.2499,0.0016,0.1256,10.2499
UDC,20,10.2106,0.0019,0.1251,10.2106
UDC,85,10.0059,0.0025,0.1226,10.0059
UDC,61,9.9869,0.0018,0.1224,9.9869
UDC,15,9.8499,0.0019,0.1207,9.8499
UDC,51,9.8434,0.0011,0.1206,9.8434
UDC,47,9.1636,0.0022,0.1123,9.1636
UDC,10,9.0751,0.0009,0.1112,9.0751
UDC,22,8.8848,0.0013,0.1089,8.8848
UDC,101,8.4982,0.0011,0.1041,8.4982
UDC,57,8.3345,0.0015,0.1021,8.3345
UDC,72,8.2068,0.0018,0.1006,8.2068
UDC,33,8.0830,0.0026,0.0990,8.0830
UDC,79,7.9631,0.0014,0.0976,7.9631
UDC,28,7.9045,0.0015,0.0969,7.9045
UDC,56,7.7900,0.0006,0.0954,7.7900
UDC,103,7.6789,0.0010,0.0941,7.6789
UDC,68,7.3482,0.0009,0.0900,7.3482
UDC,116,7.3482,0.0021,0.0900,7.3482
UDC,23,7.0961,0.0014,0.0869,7.0961
UDC,19,5.7914,0.0006,0.0710,5.7914
UDC,89,5.5062,0.0006,0.0675,5.5062
UDC,39,5.1828,0.0013,0.0635,5.1828
UDC,16,4.9573,0.0010,0.0607,4.9573
UDC,14,4.8520,0.0005,0.0595,4.8520
UDC,82,4.4764,0.0009,0.0548,4.4764
UDC,24,4.4424,0.0006,0.0544,4.4424
UDC,78,4.4089,0.0007,0.0540,4.4089
UDC,54,4.3435,0.0010,0.0532,4.3435
UDC,46,4.3116,0.0005,0.0528,4.3116
UDC,43,4.2801,0.0007,0.0524,4.2801
UDC,108,3.8182,0.0012,0.0468,3.8182
UDC,36,3.7884,0.0016,0.0464,3.7884
UDC,40,3.7884,0.0007,0.0464,3.7884
UDC,6,3.7303,0.0008,0.0457,3.7303
UDC,114,3.6466,0.0012,0.0447,3.6466
UDC,9,3.6196,0.0004,0.0443,3.6196
UDC,29,3.4904,0.0005,0.0428,3.4904
UDC,105,3.3450,0.0020,0.0410,3.3450
UDC,119,3.0545,0.0017,0.0374,3.0545
UDC,26,3.0307,0.0006,0.0371,3.0307
UDC,113,2.9843,0.0007,0.0366,2.9843
UDC,7,2.4871,0.0011,0.0305,2.4871
UDC,64,2.4871,0.0014,0.0305,2.4871
UDC,77,2.4045,0.0009,0.0295,2.4045
UDC,73,2.3463,0.0009,0.0287,2.3463
UDC,69,2.3091,0.0005,0.0283,2.3091
UDC,63,2.2909,0.0009,0.0281,2.2909
UDC,104,2.2555,0.0004,0.0276,2.2555
UDC,75,2.2382,0.0005,0.0274,2.2382
UDC,80,2.1558,0.0010,0.0264,2.1558
UDC,95,2.1558,0.0006,0.0264,2.1558
UDC,83,2.0943,0.0003,0.0257,2.0943
UDC,38,1.7980,0.0023,0.0220,1.7980
UDC,25,1.6440,0.0006,0.0201,1.6440
UDC,121,1.6440,0.0009,0.0201,1.6440
UDC,4,1.5769,0.0003,0.0193,1.5769
UDC,88,1.5394,0.0008,0.0189,1.5394
UDC,124,1.5394,0.0003,0.0189,1.5394
UDC,59,1.5273,0.0005,0.0187,1.5273
UDC,65,1.5037,0.0008,0.0184,1.5037
UDC,98,1.5037,0.0004,0.0184,1.5037
UDC,117,1.5037,0.0008,0.0184,1.5037
UDC,17,1.4478,0.0004,0.0177,1.4478
UDC,52,1.4478,0.0002,0.0177,1.4478
UDC,34,1.4164,0.0003,0.0174,1.4164
UDC,102,1.4062,0.0002,0.0172,1.4062
UDC,100,1.3962,0.0003,0.0171,1.3962
UDC,115,1.0039,0.0024,0.0123,1.0039
UDC,11,0.9343,0.0004,0.0114,0.9343
UDC,94,0.9343,0.0018,0.0114,0.9343
UDC,53,0.9252,0.0012,0.0113,0.9252
UDC,30,0.8990,0.0003,0.0110,0.8990
UDC,8,0.8511,0.0003,0.0104,0.8511
UDC,96,0.8511,0.0005,0.0104,0.8511
UDC,18,0.8436,0.0003,0.0103,0.8436
UDC,91,0.8362,0.0004,0.0102,0.8362
UDC,32,0.8290,0.0003,0.0102,0.8290
UDC,60,0.8290,0.0010,0.0102,0.8290
UDC,62,0.8290,0.0004,0.0102,0.8290
UDC,45,0.8220,0.0005,0.0101,0.8220
UDC,3,0.8015,0.0003,0.0098,0.8015
UDC,93,0.7885,0.0004,0.0097,0.7885
UDC,31,0.7758,0.0003,0.0095,0.7758
UDC,110,0.7758,0.0003,0.0095,0.7758
UDC,122,0.7518,0.0002,0.0092,0.7518
UDC,111,0.7461,0.0002,0.0091,0.7461
UDC,112,0.7031,0.0001,0.0086,0.7031
UDC,5,0.6931,0.0001,0.0085,0.6931
UL,0,71.5812,0.0026,0.3996,71.5812
UL,19,51.3982,0.0058,0.2869,51.3982
UL,1,46.3677,0.0030,0.2588,46.3677
UL,50,41.2969,0.0028,0.2305,41.2969
UL,12,38.8162,0.0026,0.2167,38.8162
UL,8,36.5952,0.0147,0.2043,36.5952
UL,89,36.4789,0.0037,0.2036,36.4789
UL,56,31.1601,0.0025,0.1739,31.1601
UL,118,29.6807,0.0027,0.1657,29.6807
UL,81,29.1731,0.0035,0.1628,29.1731
UL,14,28.4190,0.0030,0.1586,28.4190
UL,10,27.2253,0.0027,0.1520,27.2253
UL,70,26.7850,0.0029,0.1495,26.7850
UL,123,24.0678,0.0025,0.1344,24.0678
UL,110,24.0510,0.0101,0.1343,24.0510
UL,27,22.9950,0.0018,0.1284,22.9950
UL,116,22.7794,0.0065,0.1272,22.7794
UL,37,20.4212,0.0021,0.1140,20.4212
UL,20,18.2332,0.0034,0.1018,18.2332
UL,103,18.1502,0.0023,0.1013,18.1502
UL,4,18.1345,0.0038,0.1012,18.1345
UL,61,17.1204,0.0031,0.0956,17.1204
UL,34,16.9964,0.0034,0.0949,16.9964
UL,102,16.8743,0.0023,0.0942,16.8743
UL,28,16.5277,0.0031,0.0923,16.5277
UL,29,16.0560,0.0025,0.0896,16.0560
UL,55,15.7884,0.0019,0.0881,15.7884
UL,16,15.5801,0.0031,0.0870,15.5801
UL,51,15.4681,0.0017,0.0863,15.4681
UL,46,15.0905,0.0017,0.0842,15.0905
UL,42,14.9214,0.0021,0.0833,14.9214
UL,112,14.7650,0.0026,0.0824,14.7650
UL,83,14.6598,0.0020,0.0818,14.6598
UL,100,14.6598,0.0027,0.0818,14.6598
UL,108,14.5091,0.0047,0.0810,14.5091
UL,9,14.4784,0.0016,0.0808,14.4784
UL,38,14.3840,0.0187,0.0803,14.3840
UL,78,13.9616,0.0022,0.0779,13.9616
UL,6,13.4293,0.0027,0.0750,13.4293
UL,33,13.2268,0.0042,0.0738,13.2268
UL,17,13.0305,0.0037,0.0727,13.0305
UL,106,12.8807,0.0025,0.0719,12.8807
UL,101,12.7473,0.0017,0.0712,12.7473
UL,72,12.6832,0.0028,0.0708,12.6832
UL,47,12.2182,0.0029,0.0682,12.2182
UL,15,12.1230,0.0023,0.0677,12.1230
UL,5,11.7835,0.0018,0.0658,11.7835
UL,2,11.3653,0.0017,0.0634,11.3653
UL,22,11.1060,0.0016,0.0620,11.1060
UL,24,11.1060,0.0016,0.0620,11.1060
UL,57,10.6076,0.0019,0.0592,10.6076
UL,75,9.6989,0.0023,0.0541,9.6989
UL,68,8.8178,0.0010,0.0492,8.8178
UL,77,8.8167,0.0033,0.0492,8.8167
UL,79,8.6870,0.0015,0.0485,8.6870
UL,43,8.5602,0.0014,0.0478,8.5602
UL,104,8.2701,0.0014,0.0462,8.2701
UL,113,8.2068,0.0020,0.0458,8.2068
UL,31,7.7584,0.0030,0.0433,7.7584
UL,98,7.5183,0.0019,0.0420,7.5183
UL,122,7.5183,0.0021,0.0420,7.5183
UL,121,7.3978,0.0041,0.0413,7.3978
UL,90,6.8727,0.0033,0.0384,6.8727
UL,52,6.5153,0.0009,0.0364,6.5153
UL,54,6.5153,0.0014,0.0364,6.5153
UL,58,6.3594,0.0012,0.0355,6.3594
UL,35,6.3077,0.0010,0.0352,6.3077
UL,85,6.1575,0.0016,0.0344,6.1575
UL,36,6.0615,0.0026,0.0338,6.0615
UL,114,5.8346,0.0019,0.0326,5.8346
UL,25,5.7539,0.0021,0.0321,5.7539
UL,13,5.7186,0.0033,0.0319,5.7186
UL,3,5.6106,0.0019,0.0313,5.6106
UL,23,5.5192,0.0011,0.0308,5.5192
UL,26,5.3038,0.0011,0.0296,5.3038
UL,39,5.1828,0.0013,0.0289,5.1828
UL,71,5.0615,0.0042,0.0283,5.0615
UL,53,4.6260,0.0060,0.0258,4.6260
UL,109,4.5461,0.0017,0.0254,4.5461
UL,65,4.5110,0.0025,0.0252,4.5110
UL,117,4.5110,0.0024,0.0252,4.5110
UL,82,4.4764,0.0009,0.0250,4.4764
UL,111,4.4764,0.0014,0.0250,4.4764
UL,86,4.4119,0.0055,0.0246,4.4119
UL,95,4.3116,0.0011,0.0241,4.3116
UL,18,4.2179,0.0014,0.0235,4.2179
UL,32,4.1452,0.0017,0.0231,4.1452
UL,62,4.1452,0.0020,0.0231,4.1452
UL,45,4.1099,0.0027,0.0229,4.1099
UL,93,3.9423,0.0021,0.0220,3.9423
UL,124,3.8484,0.0008,0.0215,3.8484
UL,63,3.8182,0.0014,0.0213,3.8182
UL,30,3.5960,0.0012,0.0201,3.5960
UL,96,3.4042,0.0021,0.0190,3.4042
UL,60,3.3162,0.0041,0.0185,3.3162
UL,64,3.3162,0.0019,0.0185,3.3162
UL,73,3.1284,0.0012,0.0175,3.1284
UL,69,3.0787,0.0006,0.0172,3.0787
UL,59,3.0545,0.0010,0.0171,3.0545
UL,119,3.0545,0.0017,0.0171,3.0545
UL,40,3.0307,0.0005,0.0169,3.0307
UL,115,3.0116,0.0072,0.0168,3.0116
UL,120,2.9486,0.0057,0.0165,2.9486
UL,80,2.8744,0.0014,0.0160,2.8744
UL,11,2.8029,0.0011,0.0156,2.8029
UL,105,2.5087,0.0015,0.0140,2.5087
UL,97,2.3463,0.0006,0.0131,2.3463
UL,88,2.3091,0.0013,0.0129,2.3091
UL,21,1.9658,0.0018,0.0110,1.9658
UL,91,1.6725,0.0008,0.0093,1.6725
UL,7,1.6581,0.0008,0.0093,1.6581
UL,99,1.0731,0.0016,0.0060,1.0731
UL,44,0.9076,0.0017,0.0051,0.9076
UL,49,0.9076,0.0005,0.0051,0.9076
UL,76,0.8362,0.0005,0.0047,0.8362
UL,87,0.8362,0.0003,0.0047,0.8362
V2X,0,110.1250,0.0040,0.3842,110.1250
V2X,27,72.5780,0.0056,0.2532,72.5780
V2X,12,71.3942,0.0048,0.2491,71.3942
V2X,10,71.2047,0.0070,0.2484,71.2047
V2X,50,66.7633,0.0046,0.2329,66.7633
V2X,1,61.3481,0.0040,0.2140,61.3481
V2X,68,58.0508,0.0069,0.2025,58.0508
V2X,101,52.4057,0.0069,0.1828,52.4057
V2X,9,48.5026,0.0053,0.1692,48.5026
V2X,56,47.4484,0.0038,0.1655,47.4484
V2X,20,47.4062,0.0089,0.1654,47.4062
V2X,118,45.6069,0.0041,0.1591,45.6069
V2X,103,44.6775,0.0057,0.1559,44.6775
V2X,51,41.4828,0.0045,0.1447,41.4828
V2X,46,40.9598,0.0047,0.1429,40.9598
V2X,37,40.8423,0.0042,0.1425,40.8423
V2X,28,39.5227,0.0074,0.1379,39.5227
V2X,70,39.0916,0.0043,0.1364,39.0916
V2X,123,35.7370,0.0037,0.1247,35.7370
V2X,14,32.5779,0.0034,0.1137,32.5779
V2X,89,32.3492,0.0033,0.1129,32.3492
V2X,52,30.4046,0.0043,0.1061,30.4046
V2X,54,30.4046,0.0067,0.1061,30.4046
V2X,40,30.3074,0.0054,0.1057,30.3074
V2X,104,29.3214,0.0048,0.1023,29.3214
V2X,55,27.8177,0.0033,0.0971,27.8177
V2X,82,25.3664,0.0052,0.0885,25.3664
V2X,24,25.1736,0.0036,0.0878,25.1736
V2X,81,24.7971,0.0030,0.0865,24.7971
V2X,122,24.0586,0.0067,0.0839,24.0586
V2X,102,23.2022,0.0032,0.0810,23.2022
V2X,72,23.1282,0.0051,0.0807,23.1282
V2X,43,22.8272,0.0036,0.0796,22.8272
V2X,42,21.6360,0.0030,0.0755,21.6360
V2X,6,20.8899,0.0042,0.0729,20.8899
V2X,19,18.8219,0.0021,0.0657,18.8219
V2X,61,18.5471,0.0033,0.0647,18.5471
V2X,79,18.0980,0.0031,0.0631,18.0980
V2X,124,17.7028,0.0038,0.0618,17.7028
V2X,29,17.4521,0.0027,0.0609,17.4521
V2X,83,16.7541,0.0022,0.0585,16.7541
V2X,2,16.6691,0.0025,0.0582,16.6691
V2X,62,16.5810,0.0079,0.0579,16.5810
V2X,113,16.4135,0.0040,0.0573,16.4135
V2X,57,15.9114,0.0029,0.0555,15.9114
V2X,98,15.7884,0.0040,0.0551,15.7884
V2X,22,15.5484,0.0022,0.0542,15.5484
V2X,85,15.3937,0.0039,0.0537,15.3937
V2X,100,15.3579,0.0029,0.0536,15.3579
V2X,119,15.2727,0.0085,0.0533,15.2727
V2X,106,15.1537,0.0030,0.0529,15.1537
V2X,34,14.8719,0.0030,0.0519,14.8719
V2X,78,14.6964,0.0023,0.0513,14.6964
V2X,26,14.3960,0.0030,0.0502,14.3960
V2X,112,14.0620,0.0024,0.0491,14.0620
V2X,5,13.8629,0.0021,0.0484,13.8629
V2X,47,13.7455,0.0033,0.0480,13.7455
V2X,95,13.6533,0.0036,0.0476,13.6533
V2X,35,12.6153,0.0019,0.0440,12.6153
V2X,116,12.4919,0.0036,0.0436,12.4919
V2X,39,11.8464,0.0030,0.0413,11.8464
V2X,33,11.7571,0.0037,0.0410,11.7571
V2X,109,11.3653,0.0044,0.0397,11.3653
V2X,105,10.8712,0.0065,0.0379,10.8712
V2X,15,10.6076,0.0020,0.0370,10.6076
V2X,64,9.9486,0.0058,0.0347,9.9486
V2X,23,9.4615,0.0018,0.0330,9.4615
V2X,16,9.2064,0.0018,0.0321,9.2064
V2X,108,9.1636,0.0030,0.0320,9.1636
V2X,111,8.9528,0.0028,0.0312,8.9528
V2X,88,8.4666,0.0047,0.0295,8.4666
V2X,59,8.4000,0.0029,0.0293,8.4000
V2X,115,8.0309,0.0193,0.0280,8.0309
V2X,58,7.9493,0.0014,0.0277,7.9493
V2X,80,7.9045,0.0038,0.0276,7.9045
V2X,4,7.8846,0.0017,0.0275,7.8846
V2X,63,7.6364,0.0029,0.0266,7.6364
V2X,36,7.5769,0.0033,0.0264,7.5769
V2X,75,7.4607,0.0018,0.0260,7.4607
V2X,73,7.0389,0.0026,0.0246,7.0389
V2X,69,6.9272,0.0014,0.0242,6.9272
V2X,25,6.5758,0.0024,0.0229,6.5758
V2X,18,5.9051,0.0020,0.0206,5.9051
V2X,93,5.5192,0.0030,0.0193,5.5192
V2X,90,5.3455,0.0026,0.0187,5.3455
V2X,114,5.1053,0.0017,0.0178,5.1053
V2X,17,5.0674,0.0015,0.0177,5.0674
V2X,77,4.8091,0.0018,0.0168,4.8091
V2X,97,4.6926,0.0013,0.0164,4.6926
V2X,110,4.6550,0.0019,0.0162,4.6550
V2X,53,4.6260,0.0060,0.0161,4.6260
V2X,44,4.5378,0.0086,0.0158,4.5378
V2X,65,4.5110,0.0025,0.0157,4.5110
V2X,117,4.5110,0.0024,0.0157,4.5110
V2X,66,4.1452,0.0036,0.0145,4.1452
V2X,121,4.1099,0.0023,0.0143,4.1099
V2X,3,4.0076,0.0014,0.0140,4.0076
V2X,94,3.7372,0.0072,0.0130,3.7372
V2X,84,3.7008,0.0041,0.0129,3.7008
V2X,38,3.5960,0.0047,0.0125,3.5960
V2X,86,3.5296,0.0044,0.0123,3.5296
V2X,8,3.4042,0.0014,0.0119,3.4042
V2X,7,3.3162,0.0015,0.0116,3.3162
V2X,60,3.3162,0.0041,0.0116,3.3162
V2X,21,2.9486,0.0026,0.0103,2.9486
V2X,71,2.5307,0.0021,0.0088,2.5307
V2X,32,2.4871,0.0010,0.0087,2.4871
V2X,120,1.9658,0.0038,0.0069,1.9658
V2X,11,1.8686,0.0007,0.0065,1.8686
V2X,30,1.7980,0.0006,0.0063,1.7980
V2X,76,1.6725,0.0009,0.0058,1.6725
V2X,45,1.6440,0.0011,0.0057,1.6440
V2X,99,1.0731,0.0016,0.0037,1.0731
V2X,92,1.0039,0.0011,0.0035,1.0039
V2X,48,0.9436,0.0006,0.0033,0.9436
V2X,41,0.9076,0.0004,0.0032,0.9076
V2X,31,0.7758,0.0003,0.0027,0.7758
Visionox,0,102.5539,0.0037,0.3693,102.5539
Visionox,1,97.0156,0.0063,0.3493,97.0156
Visionox,27,69.7036,0.0054,0.2510,69.7036
Visionox,118,68.7723,0.0062,0.2476,68.7723
Visionox,55,65.4093,0.0078,0.2355,65.4093
Visionox,42,64.9081,0.0089,0.2337,64.9081
Visionox,123,63.4514,0.0065,0.2285,63.4514
Visionox,37,59.0755,0.0061,0.2127,59.0755
Visionox,12,56.1449,0.0038,0.2022,56.1449
Visionox,81,51.7822,0.0062,0.1865,51.7822
Visionox,106,48.4919,0.0096,0.1746,48.4919
Visionox,56,43.9075,0.0035,0.1581,43.9075
Visionox,70,43.4351,0.0047,0.1564,43.4351
Visionox,28,33.7739,0.0063,0.1216,33.7739
Visionox,15,33.3382,0.0064,0.1200,33.3382
Visionox,19,32.5763,0.0036,0.1173,32.5763
Visionox,57,31.0651,0.0057,0.1119,31.0651
Visionox,22,30.3564,0.0043,0.1093,30.3564
Visionox,20,29.1731,0.0055,0.1051,29.1731
Visionox,51,27.4208,0.0030,0.0987,27.4208
Visionox,78,26.4535,0.0041,0.0953,26.4535
Visionox,89,26.1547,0.0027,0.0942,26.1547
Visionox,35,26.0191,0.0040,0.0937,26.0191
Visionox,68,25.7187,0.0030,0.0926,25.7187
Visionox,50,24.7781,0.0017,0.0892,24.7781
Visionox,101,24.0783,0.0032,0.0867,24.0783
Visionox,9,23.1654,0.0025,0.0834,23.1654
Visionox,26,22.7306,0.0047,0.0819,22.7306
Visionox,61,22.1138,0.0040,0.0796,22.1138
Visionox,113,20.8899,0.0051,0.0752,20.8899
Visionox,58,20.6682,0.0037,0.0744,20.6682
Visionox,10,20.2445,0.0020,0.0729,20.2445
Visionox,47,19.8546,0.0047,0.0715,19.8546
Visionox,103,19.5464,0.0025,0.0704,19.5464
Visionox,116,19.1053,0.0055,0.0688,19.1053
Visionox,2,18.9421,0.0028,0.0682,18.9421
Visionox,23,18.1345,0.0035,0.0653,18.1345
Visionox,52,18.0980,0.0026,0.0652,18.0980
Visionox,85,17.7028,0.0045,0.0637,17.7028
Visionox,33,17.6357,0.0056,0.0635,17.6357
Visionox,43,17.1204,0.0027,0.0616,17.1204
Visionox,82,16.4135,0.0034,0.0591,16.4135
Visionox,39,14.8080,0.0038,0.0533,14.8080
Visionox,98,13.5330,0.0034,0.0487,13.5330
Visionox,97,13.2956,0.0036,0.0479,13.2956
Visionox,79,13.0305,0.0022,0.0469,13.0305
Visionox,14,12.4766,0.0013,0.0449,12.4766
Visionox,59,10.6909,0.0036,0.0385,10.6909
Visionox,16,10.6228,0.0021,0.0383,10.6228
Visionox,100,10.4713,0.0020,0.0377,10.4713
Visionox,124,10.0059,0.0022,0.0360,10.0059
Visionox,111,9.6989,0.0030,0.0349,9.6989
Visionox,7,9.1195,0.0042,0.0328,9.1195
Visionox,108,8.4000,0.0027,0.0302,8.4000
Visionox,24,8.1444,0.0012,0.0293,8.1444
Visionox,54,7.9631,0.0018,0.0287,7.9631
Visionox,32,7.4614,0.0030,0.0269,7.4614
Visionox,77,7.2136,0.0027,0.0260,7.2136
Visionox,83,6.9809,0.0009,0.0251,6.9809
Visionox,88,6.9272,0.0038,0.0249,6.9272
Visionox,63,6.8727,0.0026,0.0247,6.8727
Visionox,40,6.8192,0.0012,0.0246,6.8192
Visionox,18,6.7486,0.0022,0.0243,6.7486
Visionox,75,6.7146,0.0016,0.0242,6.7146
Visionox,17,6.5153,0.0019,0.0235,6.5153
Visionox,112,6.3279,0.0011,0.0228,6.3279
Visionox,72,5.9686,0.0013,0.0215,5.9686
Visionox,8,5.9574,0.0024,0.0215,5.9574
Visionox,46,5.7488,0.0007,0.0207,5.7488
Visionox,3,5.6106,0.0019,0.0202,5.6106
Visionox,38,5.3940,0.0070,0.0194,5.3940
Visionox,122,5.2628,0.0015,0.0190,5.2628
Visionox,95,5.0302,0.0013,0.0181,5.0302
Visionox,62,4.9743,0.0024,0.0179,4.9743
Visionox,66,4.9743,0.0043,0.0179,4.9743
Visionox,102,4.9217,0.0007,0.0177,4.9217
Visionox,29,4.8866,0.0007,0.0176,4.8866
Visionox,4,4.7307,0.0010,0.0170,4.7307
Visionox,73,4.6926,0.0018,0.0169,4.6926
Visionox,53,4.6260,0.0060,0.0167,4.6260
Visionox,34,4.2491,0.0008,0.0153,4.2491
Visionox,5,4.1589,0.0006,0.0150,4.1589
Visionox,110,3.8792,0.0016,0.0140,3.8792
Visionox,74,3.2194,0.0072,0.0116,3.2194
Visionox,90,3.0545,0.0015,0.0110,3.0545
Visionox,13,2.8593,0.0017,0.0103,2.8593
Visionox,71,2.5307,0.0021,0.0091,2.5307
Visionox,76,2.5087,0.0014,0.0090,2.5087
Visionox,69,2.3091,0.0005,0.0083,2.3091
Visionox,119,2.2909,0.0013,0.0082,2.2909
Visionox,36,2.2731,0.0010,0.0082,2.2731
Visionox,104,2.2555,0.0004,0.0081,2.2555
Visionox,11,1.8686,0.0007,0.0067,1.8686
Visionox,86,1.7648,0.0022,0.0064,1.7648
Visionox,96,1.7021,0.0010,0.0061,1.7021
Visionox,45,1.6440,0.0011,0.0059,1.6440
Visionox,121,1.6440,0.0009,0.0059,1.6440
Visionox,93,1.5769,0.0009,0.0057,1.5769
Visionox,31,1.5517,0.0006,0.0056,1.5517
Visionox,6,1.4921,0.0003,0.0054,1.4921
Visionox,114,1.4587,0.0005,0.0053,1.4587
Visionox,80,1.4372,0.0007,0.0052,1.4372
Visionox,48,0.9436,0.0006,0.0034,0.9436
Visionox,94,0.9343,0.0018,0.0034,0.9343
Visionox,41,0.9076,0.0004,0.0033,0.9076
Visionox,44,0.9076,0.0017,0.0033,0.9076
Visionox,30,0.8990,0.0003,0.0032,0.8990
Visionox,91,0.8362,0.0004,0.0030,0.8362
Visionox,60,0.8290,0.0010,0.0030,0.8290
Visionox,25,0.8220,0.0003,0.0030,0.8220
Visionox,65,0.7518,0.0004,0.0027,0.7518
Visionox,117,0.7518,0.0004,0.0027,0.7518
구글,0,753.6677,0.0274,0.3853,753.6677
구글,18,539.0479,0.1786,0.2755,539.0479
구글,73,443.4477,0.1660,0.2267,443.4477
구글,50,441.1881,0.0302,0.2255,441.1881
구글,14,378.4584,0.0400,0.1935,378.4584
구글,79,370.6464,0.0640,0.1895,370.6464
구글,12,347.2667,0.0233,0.1775,347.2667
구글,5,314.6888,0.0474,0.1609,314.6888
구글,35,312.2291,0.0482,0.1596,312.2291
구글,51,300.9257,0.0327,0.1538,300.9257
구글,100,291.7997,0.0545,0.1492,291.7997
구글,102,284.7545,0.0390,0.1456,284.7545
구글,83,281.3284,0.0375,0.1438,281.3284
구글,58,272.6609,0.0495,0.1394,272.6609
구글,89,271.8710,0.0278,0.1390,271.8710
구글,2,267.4631,0.0394,0.1367,267.4631
구글,46,265.8797,0.0304,0.1359,265.8797
구글,29,255.4993,0.0391,0.1306,255.4993
구글,23,245.2102,0.0476,0.1253,245.2102
구글,1,228.9853,0.0149,0.1171,228.9853
구글,103,228.2739,0.0293,0.1167,228.2739
구글,10,226.1797,0.0222,0.1156,226.1797
구글,27,221.3269,0.0172,0.1131,221.3269
구글,112,217.2571,0.0377,0.1111,217.2571
구글,16,208.2064,0.0410,0.1064,208.2064
구글,34,205.3737,0.0408,0.1050,205.3737
구글,56,199.0000,0.0158,0.1017,199.0000
구글,118,191.8385,0.0172,0.0981,191.8385
구글,43,191.1778,0.0304,0.0977,191.1778
구글,9,188.9428,0.0205,0.0966,188.9428
구글,24,185.1000,0.0263,0.0946,185.1000
구글,19,173.7405,0.0194,0.0888,173.7405
구글,101,172.7972,0.0226,0.0883,172.7972
구글,40,171.9947,0.0306,0.0879,171.9947
구글,68,171.2130,0.0202,0.0875,171.2130
구글,70,158.5382,0.0173,0.0810,158.5382
구글,69,156.2465,0.0326,0.0799,156.2465
구글,22,149.5608,0.0213,0.0765,149.5608
구글,97,148.5980,0.0400,0.0760,148.5980
구글,52,143.3359,0.0203,0.0733,143.3359
구글,55,139.8405,0.0166,0.0715,139.8405
구글,114,137.8428,0.0457,0.0705,137.8428
구글,72,134.2925,0.0298,0.0686,134.2925
구글,17,131.0293,0.0376,0.0670,131.0293
구글,95,129.3469,0.0337,0.0661,129.3469
구글,6,129.0700,0.0261,0.0660,129.0700
구글,81,128.3615,0.0153,0.0656,128.3615
구글,37,127.6322,0.0133,0.0652,127.6322
구글,32,126.8445,0.0512,0.0648,126.8445
구글,78,110.2230,0.0171,0.0563,110.2230
구글,3,109.8076,0.0379,0.0561,109.8076
구글,61,107.0025,0.0192,0.0547,107.0025
구글,26,103.8029,0.0216,0.0531,103.8029
구글,82,101.4655,0.0207,0.0519,101.4655
구글,28,97.0102,0.0182,0.0496,97.0102
구글,109,96.9838,0.0373,0.0496,96.9838
구글,124,95.4412,0.0206,0.0488,95.4412
구글,123,94.0832,0.0097,0.0481,94.0832
구글,54,91.2138,0.0201,0.0466,91.2138
구글,104,90.9715,0.0150,0.0465,90.9715
구글,119,90.1092,0.0499,0.0461,90.1092
구글,20,89.7072,0.0169,0.0459,89.7072
구글,42,88.7823,0.0122,0.0454,88.7823
구글,111,88.7823,0.0276,0.0454,88.7823
구글,31,88.4456,0.0345,0.0452,88.4456
구글,122,87.9642,0.0246,0.0450,87.9642
구글,15,81.8301,0.0157,0.0418,81.8301
구글,80,81.2011,0.0386,0.0415,81.2011
구글,30,76.4149,0.0258,0.0391,76.4149
구글,87,76.0986,0.0290,0.0389,76.0986
구글,11,75.6790,0.0293,0.0387,75.6790
구글,75,73.8609,0.0175,0.0378,73.8609
구글,92,73.2823,0.0816,0.0375,73.2823
구글,85,73.1203,0.0184,0.0374,73.1203
구글,4,72.5381,0.0154,0.0371,72.5381
구글,62,71.2982,0.0338,0.0364,71.2982
구글,93,70.9612,0.0385,0.0363,70.9612
구글,77,67.3273,0.0248,0.0344,67.3273
구글,44,67.1592,0.1269,0.0343,67.1592
구글,39,66.6360,0.0170,0.0341,66.6360
구글,98,66.1611,0.0166,0.0338,66.1611
구글,110,65.1705,0.0273,0.0333,65.1705
구글,64,64.6658,0.0376,0.0331,64.6658
구글,113,64.1620,0.0156,0.0328,64.1620
구글,57,63.6456,0.0116,0.0325,63.6456
구글,106,61.3725,0.0121,0.0314,61.3725
구글,84,58.2880,0.0642,0.0298,58.2880
구글,121,57.5386,0.0318,0.0294,57.5386
구글,36,56.8264,0.0246,0.0290,56.8264
구글,8,56.1693,0.0225,0.0287,56.1693
구글,105,54.3561,0.0326,0.0278,54.3561
구글,116,52.9070,0.0152,0.0270,52.9070
구글,66,52.2301,0.0450,0.0267,52.2301
구글,33,52.1722,0.0166,0.0267,52.1722
구글,47,51.9273,0.0124,0.0265,51.9273
구글,108,51.1637,0.0167,0.0262,51.1637
구글,88,50.0297,0.0275,0.0256,50.0297
구글,59,49.6364,0.0169,0.0254,49.6364
구글,90,48.8728,0.0235,0.0250,48.8728
구글,25,46.8529,0.0174,0.0239,46.8529
구글,41,44.4703,0.0210,0.0227,44.4703
구글,71,43.0226,0.0358,0.0220,43.0226
구글,49,41.7476,0.0252,0.0213,41.7476
구글,117,41.3507,0.0217,0.0211,41.3507
구글,76,40.9762,0.0223,0.0209,40.9762
구글,65,38.3434,0.0212,0.0196,38.3434
구글,91,37.6312,0.0189,0.0192,37.6312
구글,38,35.9600,0.0467,0.0184,35.9600
구글,63,35.8909,0.0134,0.0183,35.8909
구글,53,30.5318,0.0394,0.0156,30.5318
구글,96,27.2336,0.0165,0.0139,27.2336
구글,45,27.1253,0.0178,0.0139,27.1253
구글,94,27.0950,0.0525,0.0139,27.0950
구글,60,26.5296,0.0332,0.0136,26.5296
구글,48,25.4774,0.0162,0.0130,25.4774
구글,21,21.6233,0.0193,0.0111,21.6233
구글,7,17.4100,0.0080,0.0089,17.4100
구글,13,16.2028,0.0094,0.0083,16.2028
구글,115,15.0580,0.0362,0.0077,15.0580
구글,86,13.2358,0.0165,0.0068,13.2358
구글,120,11.7945,0.0227,0.0060,11.7945
구글,99,10.7313,0.0163,0.0055,10.7313
구글,67,7.7025,0.0192,0.0039,7.7025
구글,74,4.2925,0.0096,0.0022,4.2925
기아,0,396.4499,0.0144,0.3378,428.5623
기아,10,321.8174,0.0315,0.2742,347.8846
기아,50,298.0257,0.0204,0.2540,322.1657
기아,12,295.2807,0.0198,0.2516,319.1984
기아,70,255.5434,0.0279,0.2178,276.2424
기아,27,196.8947,0.0153,0.1678,212.8432
기아,75,192.4860,0.0457,0.1640,208.0773
기아,68,189.5835,0.0224,0.1616,204.9398
기아,1,181.9042,0.0118,0.1550,196.6385
기아,25,180.8356,0.0672,0.1541,195.4833
기아,103,178.7099,0.0230,0.1523,193.1854
기아,101,174.2135,0.0228,0.1485,188.3248
기아,54,173.0166,0.0380,0.1474,187.0309
기아,24,170.2920,0.0242,0.1451,184.0857
기아,56,169.9644,0.0135,0.1448,183.7315
기아,9,165.7774,0.0180,0.1413,179.2054
기아,118,154.9186,0.0139,0.1320,167.4670
기아,14,145.5609,0.0154,0.1240,157.3513
기아,37,145.1360,0.0151,0.1237,156.8921
기아,51,143.4319,0.0156,0.1222,155.0499
기아,89,141.0976,0.0144,0.1202,152.5265
기아,52,138.9924,0.0197,0.1184,150.2508
기아,20,129.0909,0.0244,0.1100,139.5472
기아,81,129.0909,0.0154,0.1100,139.5472
기아,83,117.2784,0.0157,0.0999,126.7779
기아,28,111.3820,0.0209,0.0949,120.4040
기아,6,110.4183,0.0223,0.0941,119.3622
기아,85,106.9865,0.0270,0.0912,115.6524
기아,43,105.5758,0.0168,0.0900,114.1274
기아,82,105.1958,0.0215,0.0896,113.7167
기아,61,104.8624,0.0188,0.0894,113.3563
기아,19,103.5204,0.0116,0.0882,111.9055
기아,46,97.7288,0.0112,0.0833,105.6448
기아,123,97.0005,0.0100,0.0827,104.8575
기아,47,96.9819,0.0231,0.0826,104.8374
기아,104,93.2270,0.0153,0.0794,100.7784
기아,29,92.8454,0.0142,0.0791,100.3658
기아,78,91.1177,0.0141,0.0776,98.4982
기아,108,89.3455,0.0292,0.0761,96.5825
기아,102,86.4810,0.0118,0.0737,93.4860
기아,40,84.8608,0.0151,0.0723,91.7345
기아,16,83.5658,0.0164,0.0712,90.3347
기아,109,83.3454,0.0321,0.0710,90.0964
기아,2,81.0724,0.0119,0.0691,87.6392
기아,42,80.5755,0.0111,0.0687,87.1021
기아,5,80.4051,0.0121,0.0685,86.9179
기아,124,79.2778,0.0171,0.0676,85.6993
기아,22,74.7804,0.0107,0.0637,80.8376
기아,69,73.1203,0.0153,0.0623,79.0430
기아,72,72.3687,0.0160,0.0617,78.2306
기아,55,71.4239,0.0085,0.0609,77.2093
기아,121,70.6903,0.0391,0.0602,76.4162
기아,96,68.9351,0.0418,0.0587,74.5188
기아,39,66.6360,0.0170,0.0568,72.0335
기아,113,66.4002,0.0161,0.0566,71.7786
기아,34,65.8612,0.0131,0.0561,71.1960
기아,100,65.6200,0.0122,0.0559,70.9353
기아,95,64.6734,0.0169,0.0551,69.9120
기아,122,64.6574,0.0181,0.0551,69.8947
기아,17,64.4288,0.0185,0.0549,69.6475
기아,114,63.4514,0.0210,0.0541,68.5910
기아,26,62.1302,0.0129,0.0529,67.1628
기아,57,62.1302,0.0113,0.0529,67.1628
기아,59,58.8001,0.0200,0.0501,63.5629
기아,112,58.3571,0.0101,0.0497,63.0840
기아,90,57.2728,0.0276,0.0488,61.9119
기아,79,57.1896,0.0099,0.0487,61.8219
기아,98,56.3873,0.0141,0.0480,60.9547
기아,116,52.9070,0.0152,0.0451,57.1925
기아,87,51.8474,0.0198,0.0442,56.0470
기아,106,51.5226,0.0102,0.0439,55.6960
기아,93,51.2497,0.0278,0.0437,55.4010
기아,15,50.7649,0.0097,0.0433,54.8769
기아,36,49.2496,0.0213,0.0420,53.2388
기아,33,47.7633,0.0152,0.0407,51.6321
기아,88,46.9509,0.0258,0.0400,50.7539
기아,99,46.1447,0.0700,0.0393,49.8825
기아,58,46.1059,0.0084,0.0393,49.8405
기아,4,45.7305,0.0097,0.0390,49.4347
기아,45,45.2089,0.0297,0.0385,48.8708
기아,35,44.1536,0.0068,0.0376,47.7301
기아,31,42.6711,0.0167,0.0364,46.1275
기아,76,42.6486,0.0232,0.0363,46.1032
기아,110,40.3436,0.0169,0.0344,43.6115
기아,80,39.5227,0.0188,0.0337,42.7240
기아,23,39.4229,0.0077,0.0336,42.6161
기아,3,39.2742,0.0136,0.0335,42.4555
기아,119,38.9455,0.0216,0.0332,42.1001
기아,117,37.5915,0.0198,0.0320,40.6364
기아,111,36.5574,0.0114,0.0312,39.5186
기아,49,36.3023,0.0219,0.0309,39.2428
기아,65,35.3360,0.0195,0.0301,38.1983
기아,77,34.4652,0.0127,0.0294,37.2568
기아,73,33.6301,0.0126,0.0287,36.3541
기아,41,32.6721,0.0154,0.0278,35.3185
기아,91,31.7774,0.0159,0.0271,34.3514
기아,63,30.5455,0.0114,0.0260,33.0197
기아,97,30.5017,0.0082,0.0260,32.9723
기아,21,26.5377,0.0237,0.0226,28.6872
기아,18,24.4638,0.0081,0.0208,26.4454
기아,60,24.0424,0.0301,0.0205,25.9899
기아,48,23.5902,0.0150,0.0201,25.5010
기아,71,22.7767,0.0190,0.0194,24.6216
기아,66,22.3843,0.0193,0.0191,24.1975
기아,120,20.6404,0.0397,0.0176,22.3123
기아,11,19.6205,0.0076,0.0167,21.2098
기아,107,18.0829,0.1299,0.0154,19.5476
기아,30,17.9800,0.0061,0.0153,19.4364
기아,53,17.5789,0.0227,0.0150,19.0028
기아,64,16.5810,0.0096,0.0141,17.9240
기아,92,15.0580,0.0168,0.0128,16.2777
기아,13,14.2966,0.0083,0.0122,15.4546
기아,115,14.0541,0.0338,0.0120,15.1925
기아,84,13.8781,0.0153,0.0118,15.0022
기아,62,13.2648,0.0063,0.0113,14.3392
기아,86,13.2358,0.0165,0.0113,14.3079
기아,8,12.7658,0.0051,0.0109,13.7998
기아,67,12.5165,0.0312,0.0107,13.5304
기아,32,10.7776,0.0044,0.0092,11.6506
기아,7,9.9486,0.0046,0.0085,10.7544
기아,105,9.1987,0.0055,0.0078,9.9438
기아,94,8.4088,0.0163,0.0072,9.0899
기아,74,7.5119,0.0168,0.0064,8.1204
기아,38,6.2930,0.0082,0.0054,6.8027
기아,44,3.6302,0.0069,0.0031,3.9243
기아자동차,0,26.1547,0.0010,0.3407,26.1547
기아자동차,10,23.0368,0.0023,0.3001,23.0368
기아자동차,70,16.6501,0.0018,0.2169,16.6501
기아자동차,50,15.8305,0.0011,0.2062,15.8305
기아자동차,25,14.7956,0.0055,0.1927,14.7956
기아자동차,1,14.2670,0.0009,0.1858,14.2670
기아자동차,12,13.8629,0.0009,0.1806,13.8629
기아자동차,43,13.5536,0.0022,0.1765,13.5536
기아자동차,101,13.4555,0.0018,0.1753,13.4555
기아자동차,51,11.9527,0.0013,0.1557,11.9527
기아자동차,118,11.5827,0.0010,0.1509,11.5827
기아자동차,69,11.5453,0.0024,0.1504,11.5453
기아자동차,46,11.4975,0.0013,0.1498,11.4975
기아자동차,68,11.0223,0.0013,0.1436,11.0223
기아자동차,89,11.0125,0.0011,0.1434,11.0125
기아자동차,103,10.4713,0.0013,0.1364,10.4713
기아자동차,27,10.0603,0.0008,0.1310,10.0603
기아자동차,56,9.9146,0.0008,0.1291,9.9146
기아자동차,14,9.7041,0.0010,0.1264,9.7041
기아자동차,75,9.6989,0.0023,0.1263,9.6989
기아자동차,54,9.4109,0.0021,0.1226,9.4109
기아자동차,40,9.0922,0.0016,0.1184,9.0922
기아자동차,72,8.2068,0.0018,0.1069,8.2068
기아자동차,9,7.9631,0.0009,0.1037,7.9631
기아자동차,19,7.9631,0.0009,0.1037,7.9631
기아자동차,109,7.5769,0.0029,0.0987,7.5769
기아자동차,82,7.4607,0.0015,0.0972,7.4607
기아자동차,24,7.4040,0.0011,0.0964,7.4040
기아자동차,81,7.2933,0.0009,0.0950,7.2933
기아자동차,79,7.2392,0.0012,0.0943,7.2392
기아자동차,6,6.7146,0.0014,0.0875,6.7146
기아자동차,22,6.6636,0.0010,0.0868,6.6636
기아자동차,60,6.6324,0.0083,0.0864,6.6324
기아자동차,78,6.6134,0.0010,0.0861,6.6134
기아자동차,121,6.5758,0.0036,0.0857,6.5758
기아자동차,37,6.5639,0.0007,0.0855,6.5639
기아자동차,123,6.5639,0.0007,0.0855,6.5639
기아자동차,58,6.3594,0.0012,0.0828,6.3594
기아자동차,35,6.3077,0.0010,0.0822,6.3077
기아자동차,85,6.1575,0.0016,0.0802,6.1575
기아자동차,61,5.7068,0.0010,0.0743,5.7068
기아자동차,5,5.5452,0.0008,0.0722,5.5452
기아자동차,47,5.3455,0.0013,0.0696,5.3455
기아자동차,2,5.3038,0.0008,0.0691,5.3038
기아자동차,26,5.3038,0.0011,0.0691,5.3038
기아자동차,55,5.2628,0.0006,0.0685,5.2628
기아자동차,117,5.2628,0.0028,0.0685,5.2628
기아자동차,113,5.2225,0.0013,0.0680,5.2225
기아자동차,114,5.1053,0.0017,0.0665,5.1053
기아자동차,17,5.0674,0.0015,0.0660,5.0674
기아자동차,52,5.0674,0.0007,0.0660,5.0674
기아자동차,80,5.0302,0.0024,0.0655,5.0302
기아자동차,16,4.9573,0.0010,0.0646,4.9573
기아자동차,23,4.7307,0.0009,0.0616,4.7307
기아자동차,31,4.6550,0.0018,0.0606,4.6550
기아자동차,108,4.5818,0.0015,0.0597,4.5818
기아자동차,119,4.5818,0.0025,0.0597,4.5818
기아자동차,65,4.5110,0.0025,0.0588,4.5110
기아자동차,111,4.4764,0.0014,0.0583,4.4764
기아자동차,28,4.3116,0.0008,0.0562,4.3116
기아자동차,95,4.3116,0.0011,0.0562,4.3116
기아자동차,102,4.2186,0.0006,0.0549,4.2186
기아자동차,29,4.1885,0.0006,0.0546,4.1885
기아자동차,88,3.8484,0.0021,0.0501,3.8484
기아자동차,124,3.8484,0.0008,0.0501,3.8484
기아자동차,57,3.7884,0.0007,0.0493,3.7884
기아자동차,106,3.7884,0.0007,0.0493,3.7884
기아자동차,104,3.7592,0.0006,0.0490,3.7592
기아자동차,39,3.7020,0.0009,0.0482,3.7020
기아자동차,83,3.4904,0.0005,0.0455,3.4904
기아자동차,99,3.2194,0.0049,0.0419,3.2194
기아자동차,4,3.1538,0.0007,0.0411,3.1538
기아자동차,97,3.1284,0.0008,0.0407,3.1284
기아자동차,90,3.0545,0.0015,0.0398,3.0545
기아자동차,98,3.0073,0.0008,0.0392,3.0073
기아자동차,20,2.9173,0.0006,0.0380,2.9173
기아자동차,112,2.8124,0.0005,0.0366,2.8124
기아자동차,41,2.7227,0.0013,0.0355,2.7227
기아자동차,71,2.5307,0.0021,0.0330,2.5307
기아자동차,87,2.5087,0.0010,0.0327,2.5087
기아자동차,7,2.4871,0.0011,0.0324,2.4871
기아자동차,45,2.4659,0.0016,0.0321,2.4659
기아자동차,93,2.3654,0.0013,0.0308,2.3654
기아자동차,63,2.2909,0.0009,0.0298,2.2909
기아자동차,15,2.2731,0.0004,0.0296,2.2731
기아자동차,122,2.2555,0.0006,0.0294,2.2555
기아자동차,42,2.2382,0.0003,0.0292,2.2382
기아자동차,33,2.2045,0.0007,0.0287,2.2045
기아자동차,116,2.2045,0.0006,0.0287,2.2045
기아자동차,34,2.1246,0.0004,0.0277,2.1246
기아자동차,100,2.0943,0.0004,0.0273,2.0943
기아자동차,53,1.8504,0.0024,0.0241,1.8504
기아자동차,84,1.8504,0.0020,0.0241,1.8504
기아자동차,8,1.7021,0.0007,0.0222,1.7021
기아자동차,76,1.6725,0.0009,0.0218,1.6725
기아자동차,64,1.6581,0.0010,0.0216,1.6581
기아자동차,3,1.6030,0.0006,0.0209,1.6030
기아자동차,77,1.6030,0.0006,0.0209,1.6030
기아자동차,110,1.5517,0.0006,0.0202,1.5517
기아자동차,67,0.9628,0.0024,0.0125,0.9628
기아자동차,48,0.9436,0.0006,0.0123,0.9436
기아자동차,49,0.9076,0.0005,0.0118,0.9076
기아자동차,91,0.8362,0.0004,0.0109,0.8362
기아자동차,105,0.8362,0.0005,0.0109,0.8362
기아자동차,62,0.8290,0.0004,0.0108,0.8290
기아자동차,73,0.7821,0.0003,0.0102,0.7821
기아자동차,59,0.7636,0.0003,0.0099,0.7636
기아차,87,13.3800,0.0051,0.2767,13.3800
기아차,0,13.0773,0.0005,0.2704,13.0773
기아차,41,10.8907,0.0051,0.2252,10.8907
기아차,50,10.3242,0.0007,0.2135,10.3242
기아차,78,10.2875,0.0016,0.2127,10.2875
기아차,10,9.7732,0.0010,0.2021,9.7732
기아차,48,9.4361,0.0060,0.1951,9.4361
기아차,51,9.1403,0.0010,0.1890,9.1403
기아차,3,8.8167,0.0030,0.1823,8.8167
기아차,70,8.6870,0.0009,0.1796,8.6870
기아차,89,8.2594,0.0008,0.1708,8.2594
기아차,27,7.9045,0.0006,0.1635,7.9045
기아차,12,7.6246,0.0005,0.1577,7.6246
기아차,26,7.5769,0.0016,0.1567,7.5769
기아차,6,7.4607,0.0015,0.1543,7.4607
기아차,25,7.3978,0.0027,0.1530,7.3978
기아차,68,7.3482,0.0009,0.1519,7.3482
기아차,1,7.1335,0.0005,0.1475,7.1335
기아차,101,7.0819,0.0009,0.1464,7.0819
기아차,75,6.7146,0.0016,0.1388,6.7146
기아차,43,6.4201,0.0010,0.1328,6.4201
기아차,16,6.3737,0.0013,0.1318,6.3737
기아차,49,6.3529,0.0038,0.1314,6.3529
기아차,29,6.2828,0.0010,0.1299,6.2828
기아차,19,5.7914,0.0006,0.1198,5.7914
기아차,9,5.0674,0.0005,0.1048,5.0674
기아차,103,4.8866,0.0006,0.1010,4.8866
기아차,118,4.3435,0.0004,0.0898,4.3435
기아차,56,4.2491,0.0003,0.0879,4.2491
기아차,31,3.8792,0.0015,0.0802,3.8792
기아차,85,3.8484,0.0010,0.0796,3.8484
기아차,88,3.8484,0.0021,0.0796,3.8484
기아차,90,3.8182,0.0018,0.0790,3.8182
기아차,109,3.7884,0.0015,0.0783,3.7884
기아차,82,3.7303,0.0008,0.0771,3.7303
기아차,24,3.7020,0.0005,0.0766,3.7020
기아차,17,3.6196,0.0010,0.0748,3.6196
기아차,54,3.6196,0.0008,0.0748,3.6196
기아차,46,3.5930,0.0004,0.0743,3.5930
기아차,61,3.5667,0.0006,0.0738,3.5667
기아차,77,3.2061,0.0012,0.0663,3.2061
기아차,93,3.1538,0.0017,0.0652,3.1538
기아차,69,3.0787,0.0006,0.0637,3.0787
기아차,47,3.0545,0.0007,0.0632,3.0545
기아차,108,3.0545,0.0010,0.0632,3.0545
기아차,40,3.0307,0.0005,0.0627,3.0307
기아차,65,3.0073,0.0017,0.0622,3.0073
기아차,98,3.0073,0.0008,0.0622,3.0073
기아차,117,3.0073,0.0016,0.0622,3.0073
기아차,111,2.9843,0.0009,0.0617,2.9843
기아차,113,2.9843,0.0007,0.0617,2.9843
기아차,114,2.9173,0.0010,0.0603,2.9173
기아차,28,2.8744,0.0005,0.0594,2.8744
기아차,34,2.8327,0.0006,0.0586,2.8327
기아차,4,2.3654,0.0005,0.0489,2.3654
기아차,72,2.2382,0.0005,0.0463,2.2382
기아차,22,2.2212,0.0003,0.0459,2.2212
기아차,20,2.1880,0.0004,0.0452,2.1880
기아차,37,2.1880,0.0002,0.0452,2.1880
기아차,81,2.1880,0.0003,0.0452,2.1880
기아차,52,2.1718,0.0003,0.0449,2.1718
기아차,95,2.1558,0.0006,0.0446,2.1558
기아차,102,2.1093,0.0003,0.0436,2.1093
기아차,83,2.0943,0.0003,0.0433,2.0943
기아차,5,2.0794,0.0003,0.0430,2.0794
기아차,14,2.0794,0.0002,0.0430,2.0794
기아차,67,1.9256,0.0048,0.0398,1.9256
기아차,107,1.8083,0.0130,0.0374,1.8083
기아차,96,1.7021,0.0010,0.0352,1.7021
기아차,76,1.6725,0.0009,0.0346,1.6725
기아차,66,1.6581,0.0014,0.0343,1.6581
기아차,121,1.6440,0.0009,0.0340,1.6440
기아차,124,1.5394,0.0003,0.0318,1.5394
기아차,63,1.5273,0.0006,0.0316,1.5273
기아차,119,1.5273,0.0008,0.0316,1.5273
기아차,2,1.5154,0.0002,0.0313,1.5154
기아차,36,1.5154,0.0007,0.0313,1.5154
기아차,57,1.5154,0.0003,0.0313,1.5154
기아차,55,1.5037,0.0002,0.0311,1.5037
기아차,104,1.5037,0.0002,0.0311,1.5037
기아차,39,1.4808,0.0004,0.0306,1.4808
기아차,123,1.4587,0.0002,0.0302,1.4587
기아차,80,1.4372,0.0007,0.0297,1.4372
기아차,99,1.0731,0.0016,0.0222,1.0731
기아차,92,1.0039,0.0011,0.0208,1.0039
기아차,21,0.9829,0.0009,0.0203,0.9829
기아차,11,0.9343,0.0004,0.0193,0.9343
기아차,53,0.9252,0.0012,0.0191,0.9252
기아차,44,0.9076,0.0017,0.0188,0.9076
기아차,30,0.8990,0.0003,0.0186,0.8990
기아차,105,0.8362,0.0005,0.0173,0.8362
기아차,7,0.8290,0.0004,0.0171,0.8290
기아차,60,0.8290,0.0010,0.0171,0.8290
기아차,64,0.8290,0.0005,0.0171,0.8290
기아차,58,0.7949,0.0001,0.0164,0.7949
기아차,23,0.7885,0.0002,0.0163,0.7885
기아차,35,0.7885,0.0001,0.0163,0.7885
기아차,73,0.7821,0.0003,0.0162,0.7821
기아차,110,0.7758,0.0003,0.0160,0.7758
기아차,59,0.7636,0.0003,0.0158,0.7636
기아차,15,0.7577,0.0001,0.0157,0.7577
기아차,106,0.7577,0.0001,0.0157,0.7577
기아차,122,0.7518,0.0002,0.0155,0.7518
기아차,42,0.7461,0.0001,0.0154,0.7461
기아차,33,0.7348,0.0002,0.0152,0.7348
기아차,116,0.7348,0.0002,0.0152,0.7348
기아차,79,0.7239,0.0001,0.0150,0.7239
기아차,112,0.7031,0.0001,0.0145,0.7031
기아차,100,0.6981,0.0001,0.0144,0.6981
네이버,0,529.9764,0.0193,0.3927,529.9764
네이버,50,306.9733,0.0210,0.2274,306.9733
네이버,14,271.7137,0.0287,0.2013,271.7137
네이버,12,258.5439,0.0173,0.1916,258.5439
네이버,102,219.3664,0.0300,0.1625,219.3664
네이버,1,214.0050,0.0139,0.1586,214.0050
네이버,5,207.2510,0.0312,0.1536,207.2510
네이버,10,196.8601,0.0193,0.1459,196.8601
네이버,27,196.1761,0.0152,0.1454,196.1761
네이버,51,193.3518,0.0210,0.1433,193.3518
네이버,46,184.6786,0.0211,0.1368,184.6786
네이버,89,176.8882,0.0181,0.1311,176.8882
네이버,70,173.7405,0.0190,0.1287,173.7405
네이버,103,172.4271,0.0222,0.1278,172.4271
네이버,56,165.0071,0.0131,0.1223,165.0071
네이버,83,161.2577,0.0215,0.1195,161.2577
네이버,118,157.0904,0.0141,0.1164,157.0904
네이버,16,155.8007,0.0306,0.1154,155.8007
네이버,9,154.9186,0.0168,0.1148,154.9186
네이버,100,153.5788,0.0287,0.1138,153.5788
네이버,29,152.1826,0.0233,0.1128,152.1826
네이버,35,152.1723,0.0235,0.1127,152.1723
네이버,101,148.0107,0.0194,0.1097,148.0107
네이버,19,145.5077,0.0163,0.1078,145.5077
네이버,69,145.4709,0.0303,0.1078,145.4709
네이버,112,144.8381,0.0251,0.1073,144.8381
네이버,43,141.2433,0.0224,0.1046,141.2433
네이버,81,139.3014,0.0166,0.1032,139.3014
네이버,52,137.5446,0.0195,0.1019,137.5446
네이버,68,135.9417,0.0161,0.1007,135.9417
네이버,2,135.6257,0.0200,0.1005,135.6257
네이버,37,132.7375,0.0138,0.0983,132.7375
네이버,79,131.7532,0.0227,0.0976,131.7532
네이버,6,131.3082,0.0266,0.0973,131.3082
네이버,22,131.0508,0.0187,0.0971,131.0508
네이버,24,129.5700,0.0184,0.0960,129.5700
네이버,18,127.3806,0.0422,0.0944,127.3806
네이버,23,126.9416,0.0247,0.0941,126.9416
네이버,34,125.3488,0.0249,0.0929,125.3488
네이버,55,118.7892,0.0141,0.0880,118.7892
네이버,58,116.0598,0.0210,0.0860,116.0598
네이버,123,115.9630,0.0120,0.0859,115.9630
네이버,40,114.4105,0.0203,0.0848,114.4105
네이버,95,111.3820,0.0290,0.0825,111.3820
네이버,87,111.2210,0.0425,0.0824,111.2210
네이버,67,105.9092,0.2638,0.0785,105.9092
네이버,73,105.5828,0.0395,0.0782,105.5828
네이버,111,102.9576,0.0321,0.0763,102.9576
네이버,78,100.6703,0.0156,0.0746,100.6703
네이버,114,99.9178,0.0331,0.0740,99.9178
네이버,54,99.1769,0.0218,0.0735,99.1769
네이버,41,98.9237,0.0467,0.0733,98.9237
네이버,3,98.5864,0.0340,0.0730,98.5864
네이버,61,98.4423,0.0176,0.0729,98.4423
네이버,93,94.6149,0.0514,0.0701,94.6149
네이버,15,92.4377,0.0177,0.0685,92.4377
네이버,42,91.0205,0.0125,0.0674,91.0205
네이버,31,90.7732,0.0354,0.0673,90.7732
네이버,75,88.7823,0.0211,0.0658,88.7823
네이버,17,87.5942,0.0252,0.0649,87.5942
네이버,57,85.6185,0.0156,0.0634,85.6185
네이버,77,84.1591,0.0310,0.0624,84.1591
네이버,124,83.8959,0.0181,0.0622,83.8959
네이버,97,78.2095,0.0210,0.0579,78.2095
네이버,72,76.8452,0.0170,0.0569,76.8452
네이버,104,76.6867,0.0126,0.0568,76.6867
네이버,26,75.0109,0.0156,0.0556,75.0109
네이버,4,74.1150,0.0157,0.0549,74.1150
네이버,119,74.0728,0.0410,0.0549,74.0728
네이버,25,73.9782,0.0275,0.0548,73.9782
네이버,48,73.6013,0.0469,0.0545,73.6013
네이버,82,73.1148,0.0149,0.0542,73.1148
네이버,28,72.5780,0.0136,0.0538,72.5780
네이버,20,72.2034,0.0136,0.0535,72.2034
네이버,47,71.7819,0.0171,0.0532,71.7819
네이버,85,71.5809,0.0181,0.0530,71.5809
네이버,91,70.2448,0.0352,0.0520,70.2448
네이버,106,69.7071,0.0138,0.0516,69.7071
네이버,109,68.1917,0.0262,0.0505,68.1917
네이버,108,67.9637,0.0222,0.0504,67.9637
네이버,49,67.1592,0.0406,0.0498,67.1592
네이버,98,66.9129,0.0167,0.0496,66.9129
네이버,39,65.8956,0.0168,0.0488,65.8956
네이버,45,65.7584,0.0433,0.0487,65.7584
네이버,32,65.4949,0.0265,0.0485,65.4949
네이버,117,62.4019,0.0328,0.0462,62.4019
네이버,36,59.8572,0.0259,0.0443,59.8572
네이버,92,57.2204,0.0637,0.0424,57.2204
네이버,122,57.1391,0.0160,0.0423,57.1391
네이버,80,56.7689,0.0270,0.0421,56.7689
네이버,65,54.8836,0.0303,0.0407,54.8836
네이버,59,53.4546,0.0182,0.0396,53.4546
네이버,90,52.6910,0.0254,0.0390,52.6910
네이버,63,51.9273,0.0194,0.0385,51.9273
네이버,110,50.4295,0.0211,0.0374,50.4295
네이버,66,49.7430,0.0429,0.0369,49.7430
네이버,11,48.5841,0.0188,0.0360,48.5841
네이버,113,47.7485,0.0116,0.0354,47.7485
네이버,88,47.7206,0.0263,0.0354,47.7206
네이버,116,45.5588,0.0131,0.0338,45.5588
네이버,121,45.2089,0.0250,0.0335,45.2089
네이버,7,43.9396,0.0203,0.0326,43.9396
네이버,8,43.4036,0.0174,0.0322,43.4036
네이버,62,43.1106,0.0205,0.0319,43.1106
네이버,33,41.8847,0.0133,0.0310,41.8847
네이버,30,40.4550,0.0137,0.0300,40.4550
네이버,64,38.9653,0.0227,0.0289,38.9653
네이버,96,34.8931,0.0211,0.0259,34.8931
네이버,105,32.6137,0.0196,0.0242,32.6137
네이버,21,32.4349,0.0290,0.0240,32.4349
네이버,13,27.6400,0.0160,0.0205,27.6400
네이버,71,26.1510,0.0218,0.0194,26.1510
네이버,44,22.6889,0.0429,0.0168,22.6889
네이버,76,22.5787,0.0123,0.0167,22.5787
네이버,53,21.2797,0.0274,0.0158,21.2797
네이버,115,20.0773,0.0483,0.0149,20.0773
네이버,60,19.8972,0.0249,0.0147,19.8972
네이버,84,19.4293,0.0214,0.0144,19.4293
네이버,120,18.6747,0.0359,0.0138,18.6747
네이버,86,17.6478,0.0220,0.0131,17.6478
네이버,99,16.0970,0.0244,0.0119,16.0970
네이버,74,10.7313,0.0240,0.0080,10.7313
네이버,94,10.2774,0.0199,0.0076,10.2774
네이버,38,3.5960,0.0047,0.0027,3.5960
네이버,107,1.8083,0.0130,0.0013,1.8083
니오,1,6.4201,0.0004,0.3065,6.4201
니오,0,6.1945,0.0002,0.2957,6.1945
니오,43,4.9934,0.0008,0.2384,4.9934
니오,70,4.3435,0.0005,0.2073,4.3435
니오,56,4.2491,0.0003,0.2028,4.2491
니오,101,4.2491,0.0006,0.2028,4.2491
니오,89,4.1297,0.0004,0.1971,4.1297
니오,25,4.1099,0.0015,0.1962,4.1099
니오,6,3.7303,0.0008,0.1781,3.7303
니오,79,3.6196,0.0006,0.1728,3.6196
니오,118,3.6196,0.0003,0.1728,3.6196
니오,14,3.4657,0.0004,0.1654,3.4657
니오,75,2.9843,0.0007,0.1425,2.9843
니오,78,2.9393,0.0005,0.1403,2.9393
니오,81,2.9173,0.0003,0.1393,2.9173
니오,123,2.9173,0.0003,0.1393,2.9173
니오,19,2.8957,0.0003,0.1382,2.8957
니오,95,2.8744,0.0007,0.1372,2.8744
니오,61,2.8534,0.0005,0.1362,2.8534
니오,10,2.7923,0.0003,0.1333,2.7923
니오,12,2.7726,0.0002,0.1323,2.7726
니오,50,2.7531,0.0002,0.1314,2.7531
니오,58,2.3848,0.0004,0.1138,2.3848
니오,35,2.3654,0.0004,0.1129,2.3654
니오,26,2.2731,0.0005,0.1085,2.2731
니오,113,2.2382,0.0005,0.1068,2.2382
니오,54,2.1718,0.0005,0.1037,2.1718
니오,28,2.1558,0.0004,0.1029,2.1558
니오,46,2.1558,0.0002,0.1029,2.1558
니오,16,2.1246,0.0004,0.1014,2.1246
니오,51,2.1093,0.0002,0.1007,2.1093
니오,103,2.0943,0.0003,0.1000,2.0943
니오,60,1.6581,0.0021,0.0791,1.6581
니오,64,1.6581,0.0010,0.0791,1.6581
니오,121,1.6440,0.0009,0.0785,1.6440
니오,23,1.5769,0.0003,0.0753,1.5769
니오,97,1.5642,0.0004,0.0747,1.5642
니오,2,1.5154,0.0002,0.0723,1.5154
니오,72,1.4921,0.0003,0.0712,1.4921
니오,22,1.4808,0.0002,0.0707,1.4808
니오,24,1.4808,0.0002,0.0707,1.4808
니오,33,1.4696,0.0005,0.0702,1.4696
니오,68,1.4696,0.0002,0.0702,1.4696
니오,116,1.4696,0.0004,0.0702,1.4696
니오,20,1.4587,0.0003,0.0696,1.4587
니오,114,1.4587,0.0005,0.0696,1.4587
니오,17,1.4478,0.0004,0.0691,1.4478
니오,27,1.4372,0.0001,0.0686,1.4372
니오,80,1.4372,0.0007,0.0686,1.4372
니오,5,1.3863,0.0002,0.0662,1.3863
니오,99,1.0731,0.0016,0.0512,1.0731
니오,48,0.9436,0.0006,0.0450,0.9436
니오,41,0.9076,0.0004,0.0433,0.9076
니오,49,0.9076,0.0005,0.0433,0.9076
니오,87,0.8362,0.0003,0.0399,0.8362
니오,66,0.8290,0.0007,0.0396,0.8290
니오,45,0.8220,0.0005,0.0392,0.8220
니오,93,0.7885,0.0004,0.0376,0.7885
니오,73,0.7821,0.0003,0.0373,0.7821
니오,31,0.7758,0.0003,0.0370,0.7758
니오,110,0.7758,0.0003,0.0370,0.7758
니오,69,0.7697,0.0002,0.0367,0.7697
니오,85,0.7697,0.0002,0.0367,0.7697
니오,124,0.7697,0.0002,0.0367,0.7697
니오,47,0.7636,0.0002,0.0365,0.7636
니오,63,0.7636,0.0003,0.0365,0.7636
니오,90,0.7636,0.0004,0.0365,0.7636
니오,119,0.7636,0.0004,0.0365,0.7636
니오,106,0.7577,0.0001,0.0362,0.7577
니오,109,0.7577,0.0003,0.0362,0.7577
니오,55,0.7518,0.0001,0.0359,0.7518
니오,65,0.7518,0.0004,0.0359,0.7518
니오,98,0.7518,0.0002,0.0359,0.7518
니오,104,0.7518,0.0001,0.0359,0.7518
니오,117,0.7518,0.0004,0.0359,0.7518
니오,122,0.7518,0.0002,0.0359,0.7518
니오,42,0.7461,0.0001,0.0356,0.7461
니오,82,0.7461,0.0002,0.0356,0.7461
니오,111,0.7461,0.0002,0.0356,0.7461
니오,39,0.7404,0.0002,0.0353,0.7404
니오,37,0.7293,0.0001,0.0348,0.7293
니오,9,0.7239,0.0001,0.0346,0.7239
니오,52,0.7239,0.0001,0.0346,0.7239
니오,29,0.6981,0.0001,0.0333,0.6981
도우인시스,12,12.4766,0.0008,0.3225,12.4766
도우인시스,0,11.7008,0.0004,0.3024,11.7008
도우인시스,55,9.0220,0.0011,0.2332,9.0220
도우인시스,101,8.4982,0.0011,0.2196,8.4982
도우인시스,2,8.3345,0.0012,0.2154,8.3345
도우인시스,20,7.2933,0.0014,0.1885,7.2933
도우인시스,37,7.2933,0.0008,0.1885,7.2933
도우인시스,1,7.1335,0.0005,0.1844,7.1335
도우인시스,10,6.9809,0.0007,0.1804,6.9809
도우인시스,82,6.7146,0.0014,0.1735,6.7146
도우인시스,118,6.5153,0.0006,0.1684,6.5153
도우인시스,27,6.4673,0.0005,0.1672,6.4673
도우인시스,81,5.8346,0.0007,0.1508,5.8346
도우인시스,52,5.7914,0.0008,0.1497,5.7914
도우인시스,51,5.6248,0.0006,0.1454,5.6248
도우인시스,123,5.1053,0.0005,0.1320,5.1053
도우인시스,9,5.0674,0.0005,0.1310,5.0674
도우인시스,16,4.9573,0.0010,0.1281,4.9573
도우인시스,56,4.9573,0.0004,0.1281,4.9573
도우인시스,50,4.8180,0.0003,0.1245,4.8180
도우인시스,70,4.3435,0.0005,0.1123,4.3435
도우인시스,28,4.3116,0.0008,0.1114,4.3116
도우인시스,46,4.3116,0.0005,0.1114,4.3116
도우인시스,91,4.1812,0.0021,0.1081,4.1812
도우인시스,58,3.9746,0.0007,0.1027,3.9746
도우인시스,35,3.9423,0.0006,0.1019,3.9423
도우인시스,97,3.9105,0.0011,0.1011,3.9105
도우인시스,69,3.8484,0.0008,0.0995,3.8484
도우인시스,42,3.7303,0.0005,0.0964,3.7303
도우인시스,22,3.7020,0.0005,0.0957,3.7020
도우인시스,24,3.7020,0.0005,0.0957,3.7020
도우인시스,39,3.7020,0.0009,0.0957,3.7020
도우인시스,68,3.6741,0.0004,0.0950,3.6741
도우인시스,19,3.6196,0.0004,0.0936,3.6196
도우인시스,61,3.5667,0.0006,0.0922,3.5667
도우인시스,23,3.1538,0.0006,0.0815,3.1538
도우인시스,124,3.0787,0.0007,0.0796,3.0787
도우인시스,47,3.0545,0.0007,0.0789,3.0545
도우인시스,106,3.0307,0.0006,0.0783,3.0307
도우인시스,78,2.9393,0.0005,0.0760,2.9393
도우인시스,79,2.8957,0.0005,0.0748,2.8957
도우인시스,43,2.8534,0.0005,0.0737,2.8534
도우인시스,103,2.7923,0.0004,0.0722,2.7923
도우인시스,14,2.7726,0.0003,0.0717,2.7726
도우인시스,96,2.5532,0.0015,0.0660,2.5532
도우인시스,7,2.4871,0.0011,0.0643,2.4871
도우인시스,3,2.4045,0.0008,0.0621,2.4045
도우인시스,85,2.3091,0.0006,0.0597,2.3091
도우인시스,15,2.2731,0.0004,0.0587,2.2731
도우인시스,26,2.2731,0.0005,0.0587,2.2731
도우인시스,40,2.2731,0.0004,0.0587,2.2731
도우인시스,57,2.2731,0.0004,0.0587,2.2731
도우인시스,98,2.2555,0.0006,0.0583,2.2555
도우인시스,33,2.2045,0.0007,0.0570,2.2045
도우인시스,116,2.2045,0.0006,0.0570,2.2045
도우인시스,54,2.1718,0.0005,0.0561,2.1718
도우인시스,94,1.8686,0.0036,0.0483,1.8686
도우인시스,76,1.6725,0.0009,0.0432,1.6725
도우인시스,60,1.6581,0.0021,0.0429,1.6581
도우인시스,66,1.6581,0.0014,0.0429,1.6581
도우인시스,31,1.5517,0.0006,0.0401,1.5517
도우인시스,88,1.5394,0.0008,0.0398,1.5394
도우인시스,59,1.5273,0.0005,0.0395,1.5273
도우인시스,63,1.5273,0.0006,0.0395,1.5273
도우인시스,119,1.5273,0.0008,0.0395,1.5273
도우인시스,6,1.4921,0.0003,0.0386,1.4921
도우인시스,113,1.4921,0.0004,0.0386,1.4921
도우인시스,114,1.4587,0.0005,0.0377,1.4587
도우인시스,95,1.4372,0.0004,0.0371,1.4372
도우인시스,83,1.3962,0.0002,0.0361,1.3962
도우인시스,5,1.3863,0.0002,0.0358,1.3863
도우인시스,89,1.3766,0.0001,0.0356,1.3766
도우인시스,74,1.0731,0.0024,0.0277,1.0731
도우인시스,44,0.9076,0.0017,0.0235,0.9076
도우인시스,18,0.8436,0.0003,0.0218,0.8436
도우인시스,87,0.8362,0.0003,0.0216,0.8362
도우인시스,105,0.8362,0.0005,0.0216,0.8362
도우인시스,32,0.8290,0.0003,0.0214,0.8290
도우인시스,64,0.8290,0.0005,0.0214,0.8290
도우인시스,77,0.8015,0.0003,0.0207,0.8015
도우인시스,110,0.7758,0.0003,0.0201,0.7758
도우인시스,108,0.7636,0.0002,0.0197,0.7636
도우인시스,109,0.7577,0.0003,0.0196,0.7577
도우인시스,65,0.7518,0.0004,0.0194,0.7518
도우인시스,117,0.7518,0.0004,0.0194,0.7518
도우인시스,122,0.7518,0.0002,0.0194,0.7518
도우인시스,72,0.7461,0.0002,0.0193,0.7461
도우인시스,75,0.7461,0.0002,0.0193,0.7461
도우인시스,111,0.7461,0.0002,0.0193,0.7461
도우인시스,17,0.7239,0.0002,0.0187,0.7239
도우인시스,112,0.7031,0.0001,0.0182,0.7031
도우인시스,100,0.6981,0.0001,0.0180,0.6981
두산로보틱스,91,106.2035,0.0532,0.4562,106.2035
두산로보틱스,10,72.6009,0.0071,0.3119,72.6009
두산로보틱스,12,66.5421,0.0045,0.2858,66.5421
두산로보틱스,0,61.2570,0.0022,0.2631,61.2570
두산로보틱스,50,59.1922,0.0040,0.2543,59.1922
두산로보틱스,101,43.1993,0.0057,0.1856,43.1993
두산로보틱스,68,41.1499,0.0049,0.1768,41.1499
두산로보틱스,14,38.1231,0.0040,0.1638,38.1231
두산로보틱스,70,37.6438,0.0041,0.1617,37.6438
두산로보틱스,51,35.1549,0.0038,0.1510,35.1549
두산로보틱스,27,31.6181,0.0025,0.1358,31.6181
두산로보틱스,43,31.3874,0.0050,0.1348,31.3874
두산로보틱스,56,30.4520,0.0024,0.1308,30.4520
두산로보틱스,54,30.4046,0.0067,0.1306,30.4046
두산로보틱스,20,29.1731,0.0055,0.1253,29.1731
두산로보틱스,103,28.6215,0.0037,0.1229,28.6215
두산로보틱스,104,27.8177,0.0046,0.1195,27.8177
두산로보틱스,46,27.3066,0.0031,0.1173,27.3066
두산로보틱스,89,26.1547,0.0027,0.1124,26.1547
두산로보틱스,37,24.0678,0.0025,0.1034,24.0678
두산로보틱스,28,23.7136,0.0044,0.1019,23.7136
두산로보틱스,1,23.5405,0.0015,0.1011,23.5405
두산로보틱스,118,23.1654,0.0021,0.0995,23.1654
두산로보틱스,123,22.6091,0.0023,0.0971,22.6091
두산로보틱스,52,20.9936,0.0030,0.0902,20.9936
두산로보틱스,25,20.5495,0.0076,0.0883,20.5495
두산로보틱스,109,18.9421,0.0073,0.0814,18.9421
두산로보틱스,113,18.6517,0.0045,0.0801,18.6517
두산로보틱스,24,18.5100,0.0026,0.0795,18.5100
두산로보틱스,102,18.2805,0.0025,0.0785,18.2805
두산로보틱스,29,17.4521,0.0027,0.0750,17.4521
두산로보틱스,75,17.1596,0.0041,0.0737,17.1596
두산로보틱스,61,16.4070,0.0029,0.0705,16.4070
두산로보틱스,85,16.1634,0.0041,0.0694,16.1634
두산로보틱스,9,15.2023,0.0016,0.0653,15.2023
두산로보틱스,6,14.9214,0.0030,0.0641,14.9214
두산로보틱스,108,13.7455,0.0045,0.0590,13.7455
두산로보틱스,122,13.5330,0.0038,0.0581,13.5330
두산로보틱스,72,13.4293,0.0030,0.0577,13.4293
두산로보틱스,81,13.1279,0.0016,0.0564,13.1279
두산로보틱스,17,13.0305,0.0037,0.0560,13.0305
두산로보틱스,83,12.5655,0.0017,0.0540,12.5655
두산로보틱스,69,11.5453,0.0024,0.0496,11.5453
두산로보틱스,90,11.4546,0.0055,0.0492,11.4546
두산로보틱스,40,11.3653,0.0020,0.0488,11.3653
두산로보틱스,47,10.6909,0.0026,0.0459,10.6909
두산로보틱스,112,10.5465,0.0018,0.0453,10.5465
두산로보틱스,55,10.5256,0.0012,0.0452,10.5256
두산로보틱스,82,10.4450,0.0021,0.0449,10.4450
두산로보틱스,78,10.2875,0.0016,0.0442,10.2875
두산로보틱스,79,10.1349,0.0017,0.0435,10.1349
두산로보틱스,95,10.0603,0.0026,0.0432,10.0603
두산로보틱스,100,9.7732,0.0018,0.0420,9.7732
두산로보틱스,116,9.5527,0.0027,0.0410,9.5527
두산로보틱스,35,9.4615,0.0015,0.0406,9.4615
두산로보틱스,34,9.2064,0.0018,0.0395,9.2064
두산로보틱스,36,9.0922,0.0039,0.0391,9.0922
두산로보틱스,5,9.0109,0.0014,0.0387,9.0109
두산로보틱스,22,8.8848,0.0013,0.0382,8.8848
두산로보틱스,23,8.6730,0.0017,0.0373,8.6730
두산로보틱스,57,8.3345,0.0015,0.0358,8.3345
두산로보틱스,121,8.2198,0.0045,0.0353,8.2198
두산로보틱스,33,8.0830,0.0026,0.0347,8.0830
두산로보틱스,19,7.9631,0.0009,0.0342,7.9631
두산로보틱스,93,7.8846,0.0043,0.0339,7.8846
두산로보틱스,124,7.6969,0.0017,0.0331,7.6969
두산로보틱스,119,7.6364,0.0042,0.0328,7.6364
두산로보틱스,26,7.5769,0.0016,0.0325,7.5769
두산로보틱스,42,7.4607,0.0010,0.0320,7.4607
두산로보틱스,53,7.4016,0.0095,0.0318,7.4016
두산로보틱스,88,6.9272,0.0038,0.0298,6.9272
두산로보틱스,2,6.8192,0.0010,0.0293,6.8192
두산로보틱스,106,6.8192,0.0013,0.0293,6.8192
두산로보틱스,74,6.4388,0.0144,0.0277,6.4388
두산로보틱스,96,5.9574,0.0036,0.0256,5.9574
두산로보틱스,4,5.5192,0.0012,0.0237,5.5192
두산로보틱스,99,5.3657,0.0081,0.0230,5.3657
두산로보틱스,114,5.1053,0.0017,0.0219,5.1053
두산로보틱스,80,5.0302,0.0024,0.0216,5.0302
두산로보틱스,39,4.4424,0.0011,0.0191,4.4424
두산로보틱스,86,4.4119,0.0055,0.0190,4.4119
두산로보틱스,16,4.2491,0.0008,0.0183,4.2491
두산로보틱스,58,3.9746,0.0007,0.0171,3.9746
두산로보틱스,111,3.7303,0.0012,0.0160,3.7303
두산로보틱스,15,3.0307,0.0006,0.0130,3.0307
두산로보틱스,115,3.0116,0.0072,0.0129,3.0116
두산로보틱스,98,3.0073,0.0008,0.0129,3.0073
두산로보틱스,76,2.5087,0.0014,0.0108,2.5087
두산로보틱스,32,2.4871,0.0010,0.0107,2.4871
두산로보틱스,45,2.4659,0.0016,0.0106,2.4659
두산로보틱스,77,2.4045,0.0009,0.0103,2.4045
두산로보틱스,97,2.3463,0.0006,0.0101,2.3463
두산로보틱스,63,2.2909,0.0009,0.0098,2.2909
두산로보틱스,21,1.9658,0.0018,0.0084,1.9658
두산로보틱스,8,1.7021,0.0007,0.0073,1.7021
두산로보틱스,105,1.6725,0.0010,0.0072,1.6725
두산로보틱스,62,1.6581,0.0008,0.0071,1.6581
두산로보틱스,64,1.6581,0.0010,0.0071,1.6581
두산로보틱스,3,1.6030,0.0006,0.0069,1.6030
두산로보틱스,73,1.5642,0.0006,0.0067,1.5642
두산로보틱스,31,1.5517,0.0006,0.0067,1.5517
두산로보틱스,110,1.5517,0.0006,0.0067,1.5517
두산로보틱스,59,1.5273,0.0005,0.0066,1.5273
두산로보틱스,120,0.9829,0.0019,0.0042,0.9829
두산로보틱스,13,0.9531,0.0006,0.0041,0.9531
두산로보틱스,11,0.9343,0.0004,0.0040,0.9343
두산로보틱스,94,0.9343,0.0018,0.0040,0.9343
두산로보틱스,84,0.9252,0.0010,0.0040,0.9252
두산로보틱스,44,0.9076,0.0017,0.0039,0.9076
두산로보틱스,30,0.8990,0.0003,0.0039,0.8990
두산로보틱스,18,0.8436,0.0003,0.0036,0.8436
두산로보틱스,71,0.8436,0.0007,0.0036,0.8436
두산로보틱스,60,0.8290,0.0010,0.0036,0.8290
두산로보틱스,65,0.7518,0.0004,0.0032,0.7518
두산로보틱스,117,0.7518,0.0004,0.0032,0.7518
디지타임스,0,23.4016,0.0009,0.4328,23.4016
디지타임스,1,16.4070,0.0011,0.3034,16.4070
디지타임스,55,14.2848,0.0017,0.2642,14.2848
디지타임스,12,11.7835,0.0008,0.2179,11.7835
디지타임스,35,11.0384,0.0017,0.2041,11.0384
디지타임스,56,10.6228,0.0008,0.1965,10.6228
디지타임스,50,10.3242,0.0007,0.1909,10.3242
디지타임스,118,9.4109,0.0008,0.1740,9.4109
디지타임스,51,7.7341,0.0008,0.1430,7.7341
디지타임스,122,7.5183,0.0021,0.1390,7.5183
디지타임스,27,7.1859,0.0006,0.1329,7.1859
디지타임스,58,7.1544,0.0013,0.1323,7.1544
디지타임스,23,7.0961,0.0014,0.1312,7.0961
디지타임스,97,7.0389,0.0019,0.1302,7.0389
디지타임스,10,6.9809,0.0007,0.1291,6.9809
디지타임스,2,6.8192,0.0010,0.1261,6.8192
디지타임스,123,6.5639,0.0007,0.1214,6.5639
디지타임스,9,6.5153,0.0007,0.1205,6.5153
디지타임스,28,6.4673,0.0012,0.1196,6.4673
디지타임스,101,6.3737,0.0008,0.1179,6.3737
디지타임스,103,6.2828,0.0008,0.1162,6.2828
디지타임스,42,5.9686,0.0008,0.1104,5.9686
디지타임스,37,5.8346,0.0006,0.1079,5.8346
디지타임스,81,5.8346,0.0007,0.1079,5.8346
디지타임스,70,5.7914,0.0006,0.1071,5.7914
디지타임스,79,5.7914,0.0010,0.1071,5.7914
디지타임스,43,5.7068,0.0009,0.1055,5.7068
디지타임스,89,5.5062,0.0006,0.1018,5.5062
디지타임스,106,5.3038,0.0010,0.0981,5.3038
디지타임스,20,5.1053,0.0010,0.0944,5.1053
디지타임스,46,5.0302,0.0006,0.0930,5.0302
디지타임스,14,4.8520,0.0005,0.0897,4.8520
디지타임스,15,4.5461,0.0009,0.0841,4.5461
디지타임스,72,4.4764,0.0010,0.0828,4.4764
디지타임스,113,4.4764,0.0011,0.0828,4.4764
디지타임스,24,4.4424,0.0006,0.0822,4.4424
디지타임스,68,4.4089,0.0005,0.0815,4.4089
디지타임스,19,4.3435,0.0005,0.0803,4.3435
디지타임스,61,4.2801,0.0008,0.0792,4.2801
디지타임스,90,3.8182,0.0018,0.0706,3.8182
디지타임스,26,3.7884,0.0008,0.0701,3.7884
디지타임스,22,3.7020,0.0005,0.0685,3.7020
디지타임스,78,3.6741,0.0006,0.0679,3.6741
디지타임스,116,3.6741,0.0011,0.0679,3.6741
디지타임스,95,3.5930,0.0009,0.0664,3.5930
디지타임스,102,3.5155,0.0005,0.0650,3.5155
디지타임스,5,3.4657,0.0005,0.0641,3.4657
디지타임스,82,2.9843,0.0006,0.0552,2.9843
디지타임스,39,2.9616,0.0008,0.0548,2.9616
디지타임스,33,2.9393,0.0009,0.0544,2.9393
디지타임스,52,2.8957,0.0004,0.0536,2.8957
디지타임스,16,2.8327,0.0006,0.0524,2.8327
디지타임스,29,2.7923,0.0004,0.0516,2.7923
디지타임스,83,2.7923,0.0004,0.0516,2.7923
디지타임스,32,2.4871,0.0010,0.0460,2.4871
디지타임스,40,2.2731,0.0004,0.0420,2.2731
디지타임스,57,2.2731,0.0004,0.0420,2.2731
디지타임스,114,2.1880,0.0007,0.0405,2.1880
디지타임스,54,2.1718,0.0005,0.0402,2.1718
디지타임스,34,2.1246,0.0004,0.0393,2.1246
디지타임스,112,2.1093,0.0004,0.0390,2.1093
디지타임스,100,2.0943,0.0004,0.0387,2.0943
디지타임스,87,1.6725,0.0006,0.0309,1.6725
디지타임스,62,1.6581,0.0008,0.0307,1.6581
디지타임스,3,1.6030,0.0006,0.0296,1.6030
디지타임스,73,1.5642,0.0006,0.0289,1.5642
디지타임스,88,1.5394,0.0008,0.0285,1.5394
디지타임스,124,1.5394,0.0003,0.0285,1.5394
디지타임스,47,1.5273,0.0004,0.0282,1.5273
디지타임스,104,1.5037,0.0002,0.0278,1.5037
디지타임스,111,1.4921,0.0005,0.0276,1.4921
디지타임스,17,1.4478,0.0004,0.0268,1.4478
디지타임스,76,0.8362,0.0005,0.0155,0.8362
디지타임스,91,0.8362,0.0004,0.0155,0.8362
디지타임스,7,0.8290,0.0004,0.0153,0.8290
디지타임스,66,0.8290,0.0007,0.0153,0.8290
디지타임스,121,0.8220,0.0005,0.0152,0.8220
디지타임스,4,0.7885,0.0002,0.0146,0.7885
디지타임스,69,0.7697,0.0002,0.0142,0.7697
디지타임스,85,0.7697,0.0002,0.0142,0.7697
디지타임스,59,0.7636,0.0003,0.0141,0.7636
디지타임스,63,0.7636,0.0003,0.0141,0.7636
디지타임스,108,0.7636,0.0002,0.0141,0.7636
디지타임스,109,0.7577,0.0003,0.0140,0.7577
디지타임스,65,0.7518,0.0004,0.0139,0.7518
디지타임스,98,0.7518,0.0002,0.0139,0.7518
디지타임스,117,0.7518,0.0004,0.0139,0.7518
디지타임스,75,0.7461,0.0002,0.0138,0.7461
딥엑스,0,2.7531,0.0001,0.4561,2.7531
딥엑스,122,1.5037,0.0004,0.2491,1.5037
딥엑스,46,1.4372,0.0002,0.2381,1.4372
딥엑스,102,1.4062,0.0002,0.2329,1.4062
딥엑스,112,1.4062,0.0002,0.2329,1.4062
딥엑스,29,1.3962,0.0002,0.2313,1.3962
딥엑스,103,1.3962,0.0002,0.2313,1.3962
딥엑스,12,1.3863,0.0001,0.2296,1.3863
딥엑스,14,1.3863,0.0001,0.2296,1.3863
딥엑스,50,1.3766,0.0001,0.2280,1.3766
딥엑스,30,0.8990,0.0003,0.1489,0.8990
딥엑스,105,0.8362,0.0005,0.1385,0.8362
딥엑스,64,0.8290,0.0005,0.1373,0.8290
딥엑스,97,0.7821,0.0002,0.1296,0.7821
딥엑스,2,0.7577,0.0001,0.1255,0.7577
딥엑스,6,0.7461,0.0002,0.1236,0.7461
딥엑스,52,0.7239,0.0001,0.1199,0.7239
딥엑스,54,0.7239,0.0002,0.1199,0.7239
딥엑스,80,0.7186,0.0003,0.1190,0.7186
딥엑스,95,0.7186,0.0002,0.1190,0.7186
딥엑스,43,0.7133,0.0001,0.1182,0.7133
딥엑스,34,0.7082,0.0001,0.1173,0.7082
딥엑스,56,0.7082,0.0001,0.1173,0.7082
딥엑스,101,0.7082,0.0001,0.1173,0.7082
딥엑스,51,0.7031,0.0001,0.1165,0.7031
딥엑스,10,0.6981,0.0001,0.1156,0.6981
딥엑스,83,0.6981,0.0001,0.1156,0.6981
딥엑스,100,0.6981,0.0001,0.1156,0.6981
딥엑스,5,0.6931,0.0001,0.1148,0.6931
딥엑스,89,0.6883,0.0001,0.1140,0.6883
레노버,30,246.3258,0.0831,0.5488,246.3258
레노버,48,184.9469,0.1179,0.4121,184.9469
레노버,11,114.9200,0.0445,0.2560,114.9200
레노버,41,108.9068,0.0514,0.2426,108.9068
레노버,0,82.5937,0.0030,0.1840,82.5937
레노버,87,78.6073,0.0300,0.1751,78.6073
레노버,13,67.6704,0.0392,0.1508,67.6704
레노버,3,66.5258,0.0230,0.1482,66.5258
레노버,112,56.9509,0.0099,0.1269,56.9509
레노버,81,56.8875,0.0068,0.1267,56.8875
레노버,62,54.7172,0.0260,0.1219,54.7172
레노버,22,54.0492,0.0077,0.1204,54.0492
레노버,102,46.4044,0.0064,0.1034,46.4044
레노버,14,45.7477,0.0048,0.1019,45.7477
레노버,39,42.2028,0.0108,0.0940,42.2028
레노버,1,42.0876,0.0027,0.0938,42.0876
레노버,50,41.9851,0.0029,0.0935,41.9851
레노버,35,41.7882,0.0064,0.0931,41.7882
레노버,23,40.2113,0.0078,0.0896,40.2113
레노버,79,38.3677,0.0066,0.0855,38.3677
레노버,58,38.1566,0.0069,0.0850,38.1566
레노버,12,36.0437,0.0024,0.0803,36.0437
레노버,77,35.2667,0.0130,0.0786,35.2667
레노버,29,34.9043,0.0053,0.0778,34.9043
레노버,31,33.3611,0.0130,0.0743,33.3611
레노버,83,32.1119,0.0043,0.0715,32.1119
레노버,27,31.6181,0.0025,0.0704,31.6181
레노버,49,29.9494,0.0181,0.0667,29.9494
레노버,118,29.6807,0.0027,0.0661,29.6807
레노버,5,29.1122,0.0044,0.0649,29.1122
레노버,75,29.0967,0.0069,0.0648,29.0967
레노버,89,28.9078,0.0030,0.0644,28.9078
레노버,92,28.1083,0.0313,0.0626,28.1083
레노버,80,28.0252,0.0133,0.0624,28.0252
레노버,109,27.2767,0.0105,0.0608,27.2767
레노버,123,26.9851,0.0028,0.0601,26.9851
레노버,59,25.9637,0.0088,0.0578,25.9637
레노버,55,25.5622,0.0030,0.0570,25.5622
레노버,103,25.1311,0.0032,0.0560,25.1311
레노버,15,25.0036,0.0048,0.0557,25.0036
레노버,32,24.8715,0.0100,0.0554,24.8715
레노버,70,24.6132,0.0027,0.0548,24.6132
레노버,78,24.2491,0.0038,0.0540,24.2491
레노버,97,24.2449,0.0065,0.0540,24.2449
레노버,56,24.0783,0.0019,0.0536,24.0783
레노버,2,23.4883,0.0035,0.0523,23.4883
레노버,9,23.1654,0.0025,0.0516,23.1654
레노버,19,23.1654,0.0026,0.0516,23.1654
레노버,42,23.1282,0.0032,0.0515,23.1282
레노버,37,22.6091,0.0023,0.0504,22.6091
레노버,34,21.9537,0.0044,0.0489,21.9537
레노버,51,21.7960,0.0024,0.0486,21.7960
레노버,17,21.7176,0.0062,0.0484,21.7176
레노버,88,21.5512,0.0119,0.0480,21.5512
레노버,46,20.8392,0.0024,0.0464,20.8392
레노버,106,20.4575,0.0040,0.0456,20.4575
레노버,100,20.2445,0.0038,0.0451,20.2445
레노버,43,19.9738,0.0032,0.0445,19.9738
레노버,101,19.1210,0.0025,0.0426,19.1210
레노버,114,18.9625,0.0063,0.0422,18.9625
레노버,10,18.1502,0.0018,0.0404,18.1502
레노버,73,17.9882,0.0067,0.0401,17.9882
레노버,16,16.9964,0.0033,0.0379,16.9964
레노버,95,15.8091,0.0041,0.0352,15.8091
레노버,111,15.6675,0.0049,0.0349,15.6675
레노버,69,15.3937,0.0032,0.0343,15.3937
레노버,68,13.2268,0.0016,0.0295,13.2268
레노버,40,12.8807,0.0023,0.0287,12.8807
레노버,93,12.6153,0.0069,0.0281,12.6153
레노버,47,11.4546,0.0027,0.0255,11.4546
레노버,57,11.3653,0.0021,0.0253,11.3653
레노버,113,10.4450,0.0025,0.0233,10.4450
레노버,54,10.1349,0.0022,0.0226,10.1349
레노버,91,10.0350,0.0050,0.0224,10.0350
레노버,26,9.8499,0.0021,0.0219,9.8499
레노버,52,9.4109,0.0013,0.0210,9.4109
레노버,85,9.2362,0.0023,0.0206,9.2362
레노버,104,9.0220,0.0015,0.0201,9.0220
레노버,117,9.0220,0.0047,0.0201,9.0220
레노버,20,8.7519,0.0017,0.0195,8.7519
레노버,61,8.5602,0.0015,0.0191,8.5602
레노버,65,8.2701,0.0046,0.0184,8.2701
레노버,122,8.2701,0.0023,0.0184,8.2701
레노버,24,8.1444,0.0012,0.0181,8.1444
레노버,4,7.8846,0.0017,0.0176,7.8846
레노버,71,7.5922,0.0063,0.0169,7.5922
레노버,36,7.5769,0.0033,0.0169,7.5769
레노버,98,7.5183,0.0019,0.0168,7.5183
레노버,84,7.4016,0.0081,0.0165,7.4016
레노버,28,7.1859,0.0013,0.0160,7.1859
레노버,90,6.8727,0.0033,0.0153,6.8727
레노버,119,6.8727,0.0038,0.0153,6.8727
레노버,7,6.6324,0.0031,0.0148,6.6324
레노버,108,6.1091,0.0020,0.0136,6.1091
레노버,72,5.9686,0.0013,0.0133,5.9686
레노버,120,5.8973,0.0113,0.0131,5.8973
레노버,124,5.3878,0.0012,0.0120,5.3878
레노버,6,5.2225,0.0011,0.0116,5.2225
레노버,82,5.2225,0.0011,0.0116,5.2225
레노버,33,5.1437,0.0016,0.0115,5.1437
레노버,116,5.1437,0.0015,0.0115,5.1437
레노버,76,5.0175,0.0027,0.0112,5.0175
레노버,45,4.9319,0.0032,0.0110,4.9319
레노버,121,4.9319,0.0027,0.0110,4.9319
레노버,66,4.1452,0.0036,0.0092,4.1452
레노버,67,3.8512,0.0096,0.0086,3.8512
레노버,63,3.8182,0.0014,0.0085,3.8182
레노버,44,3.6302,0.0069,0.0081,3.6302
레노버,105,3.3450,0.0020,0.0075,3.3450
레노버,60,3.3162,0.0041,0.0074,3.3162
레노버,25,3.2879,0.0012,0.0073,3.2879
레노버,110,3.1034,0.0013,0.0069,3.1034
레노버,94,2.8029,0.0054,0.0062,2.8029
레노버,96,2.5532,0.0015,0.0057,2.5532
레노버,18,2.5307,0.0008,0.0056,2.5307
레노버,74,2.1463,0.0048,0.0048,2.1463
레노버,53,1.8504,0.0024,0.0041,1.8504
레노버,86,1.7648,0.0022,0.0039,1.7648
레노버,8,1.7021,0.0007,0.0038,1.7021
레노버,64,1.6581,0.0010,0.0037,1.6581
레노버,99,1.0731,0.0016,0.0024,1.0731
레노버,21,0.9829,0.0009,0.0022,0.9829
레노버,38,0.8990,0.0012,0.0020,0.8990
리벨리온,14,36.7368,0.0039,0.4058,36.7368
리벨리온,50,31.6609,0.0022,0.3497,31.6609
리벨리온,0,27.5312,0.0010,0.3041,27.5312
리벨리온,29,23.0368,0.0035,0.2545,23.0368
리벨리온,12,18.7150,0.0013,0.2067,18.7150
리벨리온,102,15.4681,0.0021,0.1709,15.4681
리벨리온,89,14.4539,0.0015,0.1597,14.4539
리벨리온,10,13.9617,0.0014,0.1542,13.9617
리벨리온,103,13.2636,0.0017,0.1465,13.2636
리벨리온,68,13.2268,0.0016,0.1461,13.2268
리벨리온,108,12.9818,0.0042,0.1434,12.9818
리벨리온,46,12.9347,0.0015,0.1429,12.9347
리벨리온,5,12.4766,0.0019,0.1378,12.4766
리벨리온,27,12.2161,0.0009,0.1349,12.2161
리벨리온,122,12.0293,0.0034,0.1329,12.0293
리벨리온,22,11.1060,0.0016,0.1227,11.1060
리벨리온,52,10.8588,0.0015,0.1199,10.8588
리벨리온,54,10.8588,0.0024,0.1199,10.8588
리벨리온,101,10.6228,0.0014,0.1173,10.6228
리벨리온,112,10.5465,0.0018,0.1165,10.5465
리벨리온,100,10.4713,0.0020,0.1157,10.4713
리벨리온,6,10.4450,0.0021,0.1154,10.4450
리벨리온,47,9.9273,0.0024,0.1097,9.9273
리벨리온,34,9.9146,0.0020,0.1095,9.9146
리벨리온,83,9.7732,0.0013,0.1080,9.7732
리벨리온,16,9.2064,0.0018,0.1017,9.2064
리벨리온,40,9.0922,0.0016,0.1004,9.0922
리벨리온,70,8.6870,0.0009,0.0960,8.6870
리벨리온,73,8.6030,0.0032,0.0950,8.6030
리벨리온,95,7.9045,0.0021,0.0873,7.9045
리벨리온,43,7.8468,0.0012,0.0867,7.8468
리벨리온,51,7.7341,0.0008,0.0854,7.7341
리벨리온,85,7.6969,0.0019,0.0850,7.6969
리벨리온,9,7.2392,0.0008,0.0800,7.2392
리벨리온,119,6.8727,0.0038,0.0759,6.8727
리벨리온,79,6.5153,0.0011,0.0720,6.5153
리벨리온,1,6.4201,0.0004,0.0709,6.4201
리벨리온,82,5.9686,0.0012,0.0659,5.9686
리벨리온,69,5.3878,0.0011,0.0595,5.3878
리벨리온,36,5.3038,0.0023,0.0586,5.3038
리벨리온,118,5.0674,0.0005,0.0560,5.0674
리벨리온,61,4.9934,0.0009,0.0552,4.9934
리벨리온,15,4.5461,0.0009,0.0502,4.5461
리벨리온,24,4.4424,0.0006,0.0491,4.4424
리벨리온,37,4.3760,0.0005,0.0483,4.3760
리벨리온,81,4.3760,0.0005,0.0483,4.3760
리벨리온,123,4.3760,0.0005,0.0483,4.3760
리벨리온,19,4.3435,0.0005,0.0480,4.3435
리벨리온,56,4.2491,0.0003,0.0469,4.2491
리벨리온,2,3.7884,0.0006,0.0418,3.7884
리벨리온,20,3.6466,0.0007,0.0403,3.6466
리벨리온,114,3.6466,0.0012,0.0403,3.6466
리벨리온,8,3.4042,0.0014,0.0376,3.4042
리벨리온,3,3.2061,0.0011,0.0354,3.2061
리벨리온,4,3.1538,0.0007,0.0348,3.1538
리벨리온,124,3.0787,0.0007,0.0340,3.0787
리벨리온,63,3.0545,0.0011,0.0337,3.0545
리벨리온,57,3.0307,0.0006,0.0335,3.0307
리벨리온,106,3.0307,0.0006,0.0335,3.0307
리벨리온,55,3.0073,0.0004,0.0332,3.0073
리벨리온,65,3.0073,0.0017,0.0332,3.0073
리벨리온,104,3.0073,0.0005,0.0332,3.0073
리벨리온,117,3.0073,0.0016,0.0332,3.0073
리벨리온,42,2.9843,0.0004,0.0330,2.9843
리벨리온,78,2.9393,0.0005,0.0325,2.9393
리벨리온,17,2.8957,0.0008,0.0320,2.8957
리벨리온,28,2.8744,0.0005,0.0317,2.8744
리벨리온,49,2.7227,0.0016,0.0301,2.7227
리벨리온,96,2.5532,0.0015,0.0282,2.5532
리벨리온,76,2.5087,0.0014,0.0277,2.5087
리벨리온,87,2.5087,0.0010,0.0277,2.5087
리벨리온,7,2.4871,0.0011,0.0275,2.4871
리벨리온,64,2.4871,0.0014,0.0275,2.4871
리벨리온,93,2.3654,0.0013,0.0261,2.3654
리벨리온,110,2.3275,0.0010,0.0257,2.3275
리벨리온,90,2.2909,0.0011,0.0253,2.2909
리벨리온,98,2.2555,0.0006,0.0249,2.2555
리벨리온,72,2.2382,0.0005,0.0247,2.2382
리벨리온,75,2.2382,0.0005,0.0247,2.2382
리벨리온,21,1.9658,0.0018,0.0217,1.9658
리벨리온,44,1.8151,0.0034,0.0200,1.8151
리벨리온,18,1.6872,0.0006,0.0186,1.6872
리벨리온,71,1.6872,0.0014,0.0186,1.6872
리벨리온,105,1.6725,0.0010,0.0185,1.6725
리벨리온,60,1.6581,0.0021,0.0183,1.6581
리벨리온,62,1.6581,0.0008,0.0183,1.6581
리벨리온,66,1.6581,0.0014,0.0183,1.6581
리벨리온,25,1.6440,0.0006,0.0182,1.6440
리벨리온,23,1.5769,0.0003,0.0174,1.5769
리벨리온,35,1.5769,0.0002,0.0174,1.5769
리벨리온,31,1.5517,0.0006,0.0171,1.5517
리벨리온,88,1.5394,0.0008,0.0170,1.5394
리벨리온,59,1.5273,0.0005,0.0169,1.5273
리벨리온,109,1.5154,0.0006,0.0167,1.5154
리벨리온,111,1.4921,0.0005,0.0165,1.4921
리벨리온,33,1.4696,0.0005,0.0162,1.4696
리벨리온,116,1.4696,0.0004,0.0162,1.4696
리벨리온,80,1.4372,0.0007,0.0159,1.4372
리벨리온,99,1.0731,0.0016,0.0119,1.0731
리벨리온,115,1.0039,0.0024,0.0111,1.0039
리벨리온,48,0.9436,0.0006,0.0104,0.9436
리벨리온,53,0.9252,0.0012,0.0102,0.9252
리벨리온,41,0.9076,0.0004,0.0100,0.9076
리벨리온,91,0.8362,0.0004,0.0092,0.8362
리벨리온,121,0.8220,0.0005,0.0091,0.8220
리벨리온,77,0.8015,0.0003,0.0089,0.8015
리벨리온,58,0.7949,0.0001,0.0088,0.7949
리벨리온,97,0.7821,0.0002,0.0086,0.7821
리벨리온,26,0.7577,0.0002,0.0084,0.7577
리벨리온,113,0.7461,0.0002,0.0082,0.7461
리벨리온,39,0.7404,0.0002,0.0082,0.7404
리오토,0,9.6359,0.0004,0.3163,9.6359
리오토,1,7.8468,0.0005,0.2576,7.8468
리오토,25,7.3978,0.0027,0.2428,7.3978
리오토,70,7.2392,0.0008,0.2376,7.2392
리오토,27,7.1859,0.0006,0.2359,7.1859
리오토,89,6.8828,0.0007,0.2259,6.8828
리오토,56,6.3737,0.0005,0.2092,6.3737
리오토,47,6.1091,0.0015,0.2005,6.1091
리오토,75,5.9686,0.0014,0.1959,5.9686
리오토,118,5.7914,0.0005,0.1901,5.7914
리오토,78,5.1437,0.0008,0.1688,5.1437
리오토,43,4.9934,0.0008,0.1639,4.9934
리오토,85,4.6181,0.0012,0.1516,4.6181
리오토,123,4.3760,0.0005,0.1436,4.3760
리오토,19,4.3435,0.0005,0.1426,4.3435
리오토,54,4.3435,0.0010,0.1426,4.3435
리오토,108,3.8182,0.0012,0.1253,3.8182
리오토,26,3.7884,0.0008,0.1244,3.7884
리오토,55,3.7592,0.0004,0.1234,3.7592
리오토,6,3.7303,0.0008,0.1224,3.7303
리오토,42,3.7303,0.0005,0.1224,3.7303
리오토,9,3.6196,0.0004,0.1188,3.6196
리오토,3,3.2061,0.0011,0.1052,3.2061
리오토,69,3.0787,0.0006,0.1011,3.0787
리오토,113,2.9843,0.0007,0.0980,2.9843
리오토,22,2.9616,0.0004,0.0972,2.9616
리오토,37,2.9173,0.0003,0.0958,2.9173
리오토,67,2.8884,0.0072,0.0948,2.8884
리오토,5,2.7726,0.0004,0.0910,2.7726
리오토,14,2.7726,0.0003,0.0910,2.7726
리오토,50,2.7531,0.0002,0.0904,2.7531
리오토,87,2.5087,0.0010,0.0823,2.5087
리오토,93,2.3654,0.0013,0.0776,2.3654
리오토,40,2.2731,0.0004,0.0746,2.2731
리오토,106,2.2731,0.0004,0.0746,2.2731
리오토,39,2.2212,0.0006,0.0729,2.2212
리오토,68,2.2045,0.0003,0.0724,2.2045
리오토,20,2.1880,0.0004,0.0718,2.1880
리오토,81,2.1880,0.0003,0.0718,2.1880
리오토,16,2.1246,0.0004,0.0697,2.1246
리오토,51,2.1093,0.0002,0.0692,2.1093
리오토,102,2.1093,0.0003,0.0692,2.1093
리오토,112,2.1093,0.0004,0.0692,2.1093
리오토,10,2.0943,0.0002,0.0687,2.0943
리오토,103,2.0943,0.0003,0.0687,2.0943
리오토,12,2.0794,0.0001,0.0683,2.0794
리오토,48,1.8872,0.0012,0.0619,1.8872
리오토,41,1.8151,0.0009,0.0596,1.8151
리오토,49,1.8151,0.0011,0.0596,1.8151
리오토,91,1.6725,0.0008,0.0549,1.6725
리오토,7,1.6581,0.0008,0.0544,1.6581
리오토,121,1.6440,0.0009,0.0540,1.6440
리오토,59,1.5273,0.0005,0.0501,1.5273
리오토,63,1.5273,0.0006,0.0501,1.5273
리오토,15,1.5154,0.0003,0.0497,1.5154
리오토,111,1.4921,0.0005,0.0490,1.4921
리오토,114,1.4587,0.0005,0.0479,1.4587
리오토,95,1.4372,0.0004,0.0472,1.4372
리오토,61,1.4267,0.0003,0.0468,1.4267
리오토,34,1.4164,0.0003,0.0465,1.4164
리오토,29,1.3962,0.0002,0.0458,1.3962
리오토,83,1.3962,0.0002,0.0458,1.3962
리오토,100,1.3962,0.0003,0.0458,1.3962
리오토,99,1.0731,0.0016,0.0352,1.0731
리오토,38,0.8990,0.0012,0.0295,0.8990
리오토,4,0.7885,0.0002,0.0259,0.7885
리오토,110,0.7758,0.0003,0.0255,0.7758
리오토,88,0.7697,0.0004,0.0253,0.7697
리오토,124,0.7697,0.0002,0.0253,0.7697
리오토,90,0.7636,0.0004,0.0251,0.7636
리오토,2,0.7577,0.0001,0.0249,0.7577
리오토,36,0.7577,0.0003,0.0249,0.7577
리오토,57,0.7577,0.0001,0.0249,0.7577
리오토,109,0.7577,0.0003,0.0249,0.7577
리오토,65,0.7518,0.0004,0.0247,0.7518
리오토,98,0.7518,0.0002,0.0247,0.7518
리오토,104,0.7518,0.0001,0.0247,0.7518
리오토,117,0.7518,0.0004,0.0247,0.7518
리오토,72,0.7461,0.0002,0.0245,0.7461
리오토,82,0.7461,0.0002,0.0245,0.7461
리오토,24,0.7404,0.0001,0.0243,0.7404
리오토,33,0.7348,0.0002,0.0241,0.7348
리오토,116,0.7348,0.0002,0.0241,0.7348
리오토,17,0.7239,0.0002,0.0238,0.7239
리오토,52,0.7239,0.0001,0.0238,0.7239
리오토,28,0.7186,0.0001,0.0236,0.7186
리오토,46,0.7186,0.0001,0.0236,0.7186
리오토,80,0.7186,0.0003,0.0236,0.7186
리오토,101,0.7082,0.0001,0.0232,0.7082
마이크로소프트,0,527.2232,0.0192,0.3988,527.2232
마이크로소프트,83,372.7776,0.0497,0.2820,372.7776
마이크로소프트,50,319.3624,0.0218,0.2416,319.3624
마이크로소프트,24,318.3720,0.0452,0.2408,318.3720
마이크로소프트,102,295.3010,0.0404,0.2234,295.3010
마이크로소프트,51,293.1917,0.0319,0.2218,293.1917
마이크로소프트,14,261.3165,0.0276,0.1977,261.3165
마이크로소프트,12,253.6919,0.0170,0.1919,253.6919
마이크로소프트,112,227.1005,0.0394,0.1718,227.1005
마이크로소프트,5,222.5002,0.0335,0.1683,222.5002
마이크로소프트,89,202.3546,0.0207,0.1531,202.3546
마이크로소프트,9,201.2494,0.0218,0.1522,201.2494
마이크로소프트,43,191.1778,0.0304,0.1446,191.1778
마이크로소프트,29,181.5022,0.0278,0.1373,181.5022
마이크로소프트,10,168.9367,0.0166,0.1278,168.9367
마이크로소프트,34,165.7153,0.0329,0.1254,165.7153
마이크로소프트,103,164.0501,0.0211,0.1241,164.0501
마이크로소프트,52,162.8817,0.0231,0.1232,162.8817
마이크로소프트,56,148.7189,0.0118,0.1125,148.7189
마이크로소프트,101,147.3025,0.0193,0.1114,147.3025
마이크로소프트,1,146.2367,0.0095,0.1106,146.2367
마이크로소프트,100,141.7113,0.0264,0.1072,141.7113
마이크로소프트,27,132.9399,0.0103,0.1006,132.9399
마이크로소프트,68,131.5328,0.0155,0.0995,131.5328
마이크로소프트,46,130.7841,0.0149,0.0989,130.7841
마이크로소프트,72,126.8318,0.0281,0.0959,126.8318
마이크로소프트,79,125.9619,0.0217,0.0953,125.9619
마이크로소프트,95,115.6936,0.0302,0.0875,115.6936
마이크로소프트,118,112.2074,0.0100,0.0849,112.2074
마이크로소프트,19,105.6922,0.0118,0.0800,105.6922
마이크로소프트,35,102.4995,0.0158,0.0775,102.4995
마이크로소프트,70,101.3486,0.0111,0.0767,101.3486
마이크로소프트,40,97.7415,0.0174,0.0739,97.7415
마이크로소프트,124,96.2109,0.0208,0.0728,96.2109
마이크로소프트,62,94.5116,0.0449,0.0715,94.5116
마이크로소프트,16,93.4804,0.0184,0.0707,93.4804
마이크로소프트,82,91.0205,0.0186,0.0689,91.0205
마이크로소프트,69,90.0534,0.0188,0.0681,90.0534
마이크로소프트,58,83.4676,0.0151,0.0631,83.4676
마이크로소프트,104,79.6941,0.0131,0.0603,79.6941
마이크로소프트,37,75.8500,0.0079,0.0574,75.8500
마이크로소프트,114,74.3913,0.0247,0.0563,74.3913
마이크로소프트,26,73.4955,0.0153,0.0556,73.4955
마이크로소프트,54,73.1158,0.0161,0.0553,73.1158
마이크로소프트,122,72.9276,0.0204,0.0552,72.9276
마이크로소프트,2,71.2225,0.0105,0.0539,71.2225
마이크로소프트,30,71.0209,0.0240,0.0537,71.0209
마이크로소프트,23,70.9612,0.0138,0.0537,70.9612
마이크로소프트,81,70.0154,0.0083,0.0530,70.0154
마이크로소프트,17,68.7723,0.0198,0.0520,68.7723
마이크로소프트,55,68.4166,0.0081,0.0518,68.4166
마이크로소프트,98,67.6648,0.0169,0.0512,67.6648
마이크로소프트,78,65.3990,0.0101,0.0495,65.3990
마이크로소프트,6,64.9081,0.0131,0.0491,64.9081
마이크로소프트,76,63.5548,0.0346,0.0481,63.5548
마이크로소프트,111,61.9238,0.0193,0.0468,61.9238
마이크로소프트,75,60.4316,0.0143,0.0457,60.4316
마이크로소프트,73,60.2213,0.0225,0.0456,60.2213
마이크로소프트,61,59.9214,0.0107,0.0453,59.9214
마이크로소프트,42,59.6856,0.0082,0.0452,59.6856
마이크로소프트,22,59.2320,0.0084,0.0448,59.2320
마이크로소프트,97,58.6571,0.0158,0.0444,58.6571
마이크로소프트,18,53.1456,0.0176,0.0402,53.1456
마이크로소프트,32,53.0591,0.0214,0.0401,53.0591
마이크로소프트,59,51.9273,0.0176,0.0393,51.9273
마이크로소프트,4,48.8844,0.0104,0.0370,48.8844
마이크로소프트,123,48.8649,0.0050,0.0370,48.8649
마이크로소프트,113,48.4945,0.0118,0.0367,48.4945
마이크로소프트,15,48.4919,0.0093,0.0367,48.4919
마이크로소프트,90,48.1091,0.0232,0.0364,48.1091
마이크로소프트,93,47.3074,0.0257,0.0358,47.3074
마이크로소프트,91,45.9936,0.0231,0.0348,45.9936
마이크로소프트,20,45.9476,0.0087,0.0348,45.9476
마이크로소프트,39,45.9048,0.0117,0.0347,45.9048
마이크로소프트,28,44.5528,0.0084,0.0337,44.5528
마이크로소프트,31,43.4470,0.0170,0.0329,43.4470
마이크로소프트,47,42.7637,0.0102,0.0324,42.7637
마이크로소프트,109,42.4304,0.0163,0.0321,42.4304
마이크로소프트,106,41.6727,0.0082,0.0315,41.6727
마이크로소프트,88,41.5631,0.0229,0.0314,41.5631
마이크로소프트,108,41.2364,0.0135,0.0312,41.2364
마이크로소프트,96,40.8504,0.0247,0.0309,40.8504
마이크로소프트,85,40.0237,0.0101,0.0303,40.0237
마이크로소프트,60,39.7944,0.0497,0.0301,39.7944
마이크로소프트,8,39.1483,0.0157,0.0296,39.1483
마이크로소프트,80,38.0855,0.0181,0.0288,38.0855
마이크로소프트,11,34.5694,0.0134,0.0262,34.5694
마이크로소프트,13,34.3118,0.0199,0.0260,34.3118
마이크로소프트,110,34.1369,0.0143,0.0258,34.1369
마이크로소프트,121,33.7012,0.0186,0.0255,33.7012
마이크로소프트,92,31.1199,0.0346,0.0235,31.1199
마이크로소프트,64,28.1877,0.0164,0.0213,28.1877
마이크로소프트,45,27.9473,0.0184,0.0211,27.9473
마이크로소프트,117,27.8177,0.0146,0.0210,27.8177
마이크로소프트,25,27.1253,0.0101,0.0205,27.1253
마이크로소프트,41,26.3192,0.0124,0.0199,26.3192
마이크로소프트,36,25.7613,0.0112,0.0195,25.7613
마이크로소프트,116,25.7187,0.0074,0.0195,25.7187
마이크로소프트,65,25.5622,0.0141,0.0193,25.5622
마이크로소프트,119,25.2000,0.0140,0.0191,25.2000
마이크로소프트,87,25.0874,0.0096,0.0190,25.0874
마이크로소프트,57,25.0036,0.0046,0.0189,25.0036
마이크로소프트,86,24.7069,0.0307,0.0187,24.7069
마이크로소프트,33,24.2491,0.0077,0.0183,24.2491
마이크로소프트,3,24.0455,0.0083,0.0182,24.0455
마이크로소프트,48,21.7030,0.0138,0.0164,21.7030
마이크로소프트,77,21.6409,0.0080,0.0164,21.6409
마이크로소프트,105,20.0700,0.0121,0.0152,20.0700
마이크로소프트,66,19.0681,0.0164,0.0144,19.0681
마이크로소프트,71,18.5588,0.0155,0.0140,18.5588
마이크로소프트,63,15.2727,0.0057,0.0116,15.2727
마이크로소프트,84,14.8033,0.0163,0.0112,14.8033
마이크로소프트,21,11.7945,0.0106,0.0089,11.7945
마이크로소프트,49,10.8907,0.0066,0.0082,10.8907
마이크로소프트,120,7.8630,0.0151,0.0059,7.8630
마이크로소프트,53,6.4764,0.0084,0.0049,6.4764
마이크로소프트,44,6.3529,0.0120,0.0048,6.3529
마이크로소프트,67,5.7769,0.0144,0.0044,5.7769
마이크로소프트,99,5.3657,0.0081,0.0041,5.3657
마이크로소프트,7,4.9743,0.0023,0.0038,4.9743
마이크로소프트,115,2.0077,0.0048,0.0015,2.0077
마이크로소프트,38,1.7980,0.0023,0.0014,1.7980
마이크로소프트,74,1.0731,0.0024,0.0008,1.0731
마이크로소프트,94,0.9343,0.0018,0.0007,0.9343
메타,0,538.2357,0.0196,0.4020,538.2357
메타,79,325.7635,0.0562,0.2433,325.7635
메타,50,313.1679,0.0214,0.2339,313.1679
메타,83,297.3844,0.0397,0.2221,297.3844
메타,12,280.0315,0.0188,0.2091,280.0315
메타,51,264.3647,0.0287,0.1974,264.3647
메타,24,249.5148,0.0354,0.1863,249.5148
메타,5,244.6810,0.0369,0.1827,244.6810
메타,14,222.5002,0.0235,0.1662,222.5002
메타,102,220.7726,0.0302,0.1649,220.7726
메타,18,192.3363,0.0637,0.1436,192.3363
메타,100,180.8041,0.0337,0.1350,180.8041
메타,35,178.9798,0.0276,0.1337,178.9798
메타,73,176.7534,0.0662,0.1320,176.7534
메타,43,172.6307,0.0274,0.1289,172.6307
메타,89,172.0702,0.0176,0.1285,172.0702
메타,103,169.6348,0.0218,0.1267,169.6348
메타,10,168.2386,0.0165,0.1256,168.2386
메타,29,167.5405,0.0256,0.1251,167.5405
메타,9,165.0535,0.0179,0.1233,165.0535
메타,27,162.4022,0.0126,0.1213,162.4022
메타,52,162.1578,0.0229,0.1211,162.1578
메타,46,158.0906,0.0181,0.1181,158.0906
메타,1,157.6503,0.0102,0.1177,157.6503
메타,58,156.6012,0.0284,0.1169,156.6012
메타,112,139.9164,0.0243,0.1045,139.9164
메타,101,138.8043,0.0182,0.1037,138.8043
메타,56,136.6797,0.0109,0.1021,136.6797
메타,118,136.0967,0.0122,0.1016,136.0967
메타,34,133.1388,0.0264,0.0994,133.1388
메타,68,131.5328,0.0155,0.0982,131.5328
메타,23,120.6340,0.0234,0.0901,120.6340
메타,2,118.1990,0.0174,0.0883,118.1990
메타,95,111.3820,0.0290,0.0832,111.3820
메타,72,108.9262,0.0242,0.0813,108.9262
메타,20,105.0231,0.0198,0.0784,105.0231
메타,16,102.6868,0.0202,0.0767,102.6868
메타,19,99.9008,0.0112,0.0746,99.9008
메타,70,99.1769,0.0108,0.0741,99.1769
메타,37,98.4591,0.0102,0.0735,98.4591
메타,81,98.4591,0.0117,0.0735,98.4591
메타,97,96.1976,0.0259,0.0718,96.1976
메타,124,95.4412,0.0206,0.0713,95.4412
메타,61,94.8755,0.0170,0.0709,94.8755
메타,82,94.0048,0.0192,0.0702,94.0048
메타,40,87.1339,0.0155,0.0651,87.1339
메타,22,81.4440,0.0116,0.0608,81.4440
메타,55,80.4459,0.0095,0.0601,80.4459
메타,26,78.7993,0.0164,0.0588,78.7993
메타,42,76.8452,0.0106,0.0574,76.8452
메타,6,76.0991,0.0154,0.0568,76.0991
메타,69,75.4294,0.0157,0.0563,75.4294
메타,17,75.2876,0.0216,0.0562,75.2876
메타,122,75.1831,0.0210,0.0561,75.1831
메타,28,74.0152,0.0139,0.0553,74.0152
메타,32,72.1273,0.0291,0.0539,72.1273
메타,98,71.4239,0.0179,0.0533,71.4239
메타,54,68.7723,0.0151,0.0514,68.7723
메타,114,66.3687,0.0220,0.0496,66.3687
메타,119,61.8546,0.0343,0.0462,61.8546
메타,123,59.8048,0.0062,0.0447,59.8048
메타,78,58.7856,0.0091,0.0439,58.7856
메타,104,55.6355,0.0092,0.0415,55.6355
메타,59,54.9819,0.0187,0.0411,54.9819
메타,39,52.5684,0.0134,0.0393,52.5684
메타,75,50.7327,0.0120,0.0379,50.7327
메타,15,50.0073,0.0096,0.0373,50.0073
메타,113,48.4945,0.0118,0.0362,48.4945
메타,31,48.1020,0.0188,0.0359,48.1020
메타,110,48.1020,0.0201,0.0359,48.1020
메타,116,46.2937,0.0133,0.0346,46.2937
메타,8,44.2546,0.0177,0.0330,44.2546
메타,33,42.6196,0.0135,0.0318,42.6196
메타,111,42.5260,0.0132,0.0318,42.5260
메타,106,42.4304,0.0084,0.0317,42.4304
메타,109,42.4304,0.0163,0.0317,42.4304
메타,57,40.9150,0.0074,0.0306,40.9150
메타,76,37.6312,0.0205,0.0281,37.6312
메타,80,37.3669,0.0178,0.0279,37.3669
메타,3,36.0682,0.0125,0.0269,36.0682
메타,88,35.4056,0.0195,0.0264,35.4056
메타,91,35.1224,0.0176,0.0262,35.1224
메타,85,34.6359,0.0087,0.0259,34.6359
메타,77,33.6636,0.0124,0.0251,33.6636
메타,62,33.1620,0.0157,0.0248,33.1620
메타,96,30.6378,0.0186,0.0229,30.6378
메타,30,30.5660,0.0103,0.0228,30.5660
메타,4,29.9614,0.0063,0.0224,29.9614
메타,121,29.5913,0.0163,0.0221,29.5913
메타,66,29.0167,0.0250,0.0217,29.0167
메타,93,28.3845,0.0154,0.0212,28.3845
메타,90,26.7273,0.0129,0.0200,26.7273
메타,64,26.5296,0.0154,0.0198,26.5296
메타,47,25.9637,0.0062,0.0194,25.9637
메타,108,23.6727,0.0077,0.0177,23.6727
메타,105,22.5787,0.0136,0.0169,22.5787
메타,63,22.1455,0.0083,0.0165,22.1455
메타,92,22.0851,0.0246,0.0165,22.0851
메타,117,21.8031,0.0115,0.0163,21.8031
메타,45,21.3715,0.0141,0.0160,21.3715
메타,87,20.9062,0.0080,0.0156,20.9062
메타,65,20.2994,0.0112,0.0152,20.2994
메타,36,19.6998,0.0085,0.0147,19.6998
메타,71,19.4023,0.0162,0.0145,19.4023
메타,44,19.0587,0.0360,0.0142,19.0587
메타,11,14.9489,0.0058,0.0112,14.9489
메타,60,14.0938,0.0176,0.0105,14.0938
메타,49,13.6134,0.0082,0.0102,13.6134
메타,7,13.2648,0.0061,0.0099,13.2648
메타,25,13.1517,0.0049,0.0098,13.1517
메타,94,13.0803,0.0254,0.0098,13.0803
메타,84,12.0277,0.0132,0.0090,12.0277
메타,41,10.8907,0.0051,0.0081,10.8907
메타,86,8.8239,0.0110,0.0066,8.8239
메타,53,8.3269,0.0107,0.0062,8.3269
메타,48,7.5489,0.0048,0.0056,7.5489
메타,99,6.4388,0.0098,0.0048,6.4388
메타,120,4.9144,0.0095,0.0037,4.9144
메타,67,3.8512,0.0096,0.0029,3.8512
메타,13,3.8124,0.0022,0.0028,3.8124
메타,21,2.9486,0.0026,0.0022,2.9486
메타,38,2.6970,0.0035,0.0020,2.6970
메타,74,2.1463,0.0048,0.0016,2.1463
메타,115,2.0077,0.0048,0.0015,2.0077
미디어텍,0,50.9328,0.0019,0.4190,50.9328
미디어텍,9,26.0611,0.0028,0.2144,26.0611
미디어텍,50,24.7781,0.0017,0.2039,24.7781
미디어텍,12,23.5670,0.0016,0.1939,23.5670
미디어텍,10,21.6406,0.0021,0.1780,21.6406
미디어텍,103,20.9426,0.0027,0.1723,20.9426
미디어텍,1,20.6871,0.0013,0.1702,20.6871
미디어텍,56,20.5374,0.0016,0.1690,20.5374
미디어텍,2,20.4575,0.0030,0.1683,20.4575
미디어텍,118,20.2697,0.0018,0.1668,20.2697
미디어텍,46,20.1206,0.0023,0.1655,20.1206
미디어텍,122,19.5476,0.0055,0.1608,19.5476
미디어텍,27,19.4020,0.0015,0.1596,19.4020
미디어텍,35,18.1345,0.0028,0.1492,18.1345
미디어텍,89,17.8953,0.0018,0.1472,17.8953
미디어텍,101,16.2883,0.0021,0.1340,16.2883
미디어텍,51,16.1712,0.0018,0.1330,16.1712
미디어텍,68,16.1660,0.0019,0.1330,16.1660
미디어텍,19,15.2023,0.0017,0.1251,15.2023
미디어텍,102,14.7650,0.0020,0.1215,14.7650
미디어텍,14,13.8629,0.0015,0.1141,13.8629
미디어텍,37,13.1279,0.0014,0.1080,13.1279
미디어텍,52,13.0305,0.0018,0.1072,13.0305
미디어텍,111,12.6832,0.0039,0.1043,12.6832
미디어텍,24,12.5868,0.0018,0.1036,12.5868
미디어텍,100,12.5655,0.0023,0.1034,12.5655
미디어텍,124,12.3150,0.0027,0.1013,12.3150
미디어텍,23,11.8269,0.0023,0.0973,11.8269
미디어텍,78,11.7571,0.0018,0.0967,11.7571
미디어텍,70,11.5827,0.0013,0.0953,11.5827
미디어텍,29,10.4713,0.0016,0.0862,10.4713
미디어텍,83,10.4713,0.0014,0.0862,10.4713
미디어텍,6,10.4450,0.0021,0.0859,10.4450
미디어텍,42,10.4450,0.0014,0.0859,10.4450
미디어텍,3,10.4197,0.0036,0.0857,10.4197
미디어텍,28,10.0603,0.0019,0.0828,10.0603
미디어텍,119,9.9273,0.0055,0.0817,9.9273
미디어텍,16,9.9146,0.0020,0.0816,9.9146
미디어텍,82,9.6989,0.0020,0.0798,9.6989
미디어텍,58,9.5392,0.0017,0.0785,9.5392
미디어텍,79,9.4109,0.0016,0.0774,9.4109
미디어텍,18,9.2794,0.0031,0.0763,9.2794
미디어텍,34,9.2064,0.0018,0.0757,9.2064
미디어텍,112,9.1403,0.0016,0.0752,9.1403
미디어텍,26,9.0922,0.0019,0.0748,9.0922
미디어텍,72,8.9528,0.0020,0.0737,8.9528
미디어텍,15,8.3345,0.0016,0.0686,8.3345
미디어텍,5,8.3178,0.0013,0.0684,8.3178
미디어텍,32,8.2905,0.0033,0.0682,8.2905
미디어텍,22,8.1444,0.0012,0.0670,8.1444
미디어텍,17,7.9631,0.0023,0.0655,7.9631
미디어텍,54,7.9631,0.0018,0.0655,7.9631
미디어텍,43,7.8468,0.0012,0.0646,7.8468
미디어텍,8,7.6595,0.0031,0.0630,7.6595
미디어텍,81,7.2933,0.0009,0.0600,7.2933
미디어텍,123,7.2933,0.0008,0.0600,7.2933
미디어텍,97,7.0389,0.0019,0.0579,7.0389
미디어텍,110,6.9826,0.0029,0.0574,6.9826
미디어텍,40,6.8192,0.0012,0.0561,6.8192
미디어텍,55,6.7665,0.0008,0.0557,6.7665
미디어텍,113,6.7146,0.0016,0.0552,6.7146
미디어텍,105,6.6900,0.0040,0.0550,6.6900
미디어텍,95,6.4673,0.0017,0.0532,6.4673
미디어텍,106,6.0615,0.0012,0.0499,6.0615
미디어텍,98,6.0146,0.0015,0.0495,6.0146
미디어텍,64,5.8033,0.0034,0.0477,5.8033
미디어텍,59,5.3455,0.0018,0.0440,5.3455
미디어텍,57,5.3038,0.0010,0.0436,5.3038
미디어텍,75,5.2225,0.0012,0.0430,5.2225
미디어텍,39,5.1828,0.0013,0.0426,5.1828
미디어텍,20,5.1053,0.0010,0.0420,5.1053
미디어텍,115,5.0193,0.0121,0.0413,5.0193
미디어텍,93,4.7307,0.0026,0.0389,4.7307
미디어텍,85,4.6181,0.0012,0.0380,4.6181
미디어텍,90,4.5818,0.0022,0.0377,4.5818
미디어텍,109,4.5461,0.0017,0.0374,4.5461
미디어텍,65,4.5110,0.0025,0.0371,4.5110
미디어텍,117,4.5110,0.0024,0.0371,4.5110
미디어텍,80,4.3116,0.0021,0.0355,4.3116
미디어텍,61,4.2801,0.0008,0.0352,4.2801
미디어텍,71,4.2179,0.0035,0.0347,4.2179
미디어텍,62,4.1452,0.0020,0.0341,4.1452
미디어텍,25,4.1099,0.0015,0.0338,4.1099
미디어텍,38,3.5960,0.0047,0.0296,3.5960
미디어텍,121,3.2879,0.0018,0.0271,3.2879
미디어텍,4,3.1538,0.0007,0.0259,3.1538
미디어텍,88,3.0787,0.0017,0.0253,3.0787
미디어텍,47,3.0545,0.0007,0.0251,3.0545
미디어텍,63,3.0545,0.0011,0.0251,3.0545
미디어텍,104,3.0073,0.0005,0.0247,3.0073
미디어텍,21,2.9486,0.0026,0.0243,2.9486
미디어텍,116,2.9393,0.0008,0.0242,2.9393
미디어텍,114,2.9173,0.0010,0.0240,2.9173
미디어텍,87,2.5087,0.0010,0.0206,2.5087
미디어텍,73,2.3463,0.0009,0.0193,2.3463
미디어텍,31,2.3275,0.0009,0.0191,2.3275
미디어텍,36,2.2731,0.0010,0.0187,2.2731
미디어텍,120,1.9658,0.0038,0.0162,1.9658
미디어텍,44,1.8151,0.0034,0.0149,1.8151
미디어텍,49,1.8151,0.0011,0.0149,1.8151
미디어텍,96,1.7021,0.0010,0.0140,1.7021
미디어텍,91,1.6725,0.0008,0.0138,1.6725
미디어텍,66,1.6581,0.0014,0.0136,1.6581
미디어텍,45,1.6440,0.0011,0.0135,1.6440
미디어텍,69,1.5394,0.0003,0.0127,1.5394
미디어텍,33,1.4696,0.0005,0.0121,1.4696
미디어텍,13,0.9531,0.0006,0.0078,0.9531
미디어텍,11,0.9343,0.0004,0.0077,0.9343
미디어텍,53,0.9252,0.0012,0.0076,0.9252
미디어텍,30,0.8990,0.0003,0.0074,0.8990
미디어텍,86,0.8824,0.0011,0.0073,0.8824
미디어텍,7,0.8290,0.0004,0.0068,0.8290
미디어텍,77,0.8015,0.0003,0.0066,0.8015
미디어텍,108,0.7636,0.0002,0.0063,0.7636
바이두,0,11.7008,0.0004,0.3444,11.7008
바이두,39,8.1444,0.0021,0.2398,8.1444
바이두,9,7.2392,0.0008,0.2131,7.2392
바이두,43,7.1335,0.0011,0.2100,7.1335
바이두,50,6.8828,0.0005,0.2026,6.8828
바이두,78,6.6134,0.0010,0.1947,6.6134
바이두,12,6.2383,0.0004,0.1836,6.2383
바이두,89,6.1945,0.0006,0.1824,6.1945
바이두,118,5.7914,0.0005,0.1705,5.7914
바이두,27,5.7488,0.0004,0.1692,5.7488
바이두,51,5.6248,0.0006,0.1656,5.6248
바이두,14,5.5452,0.0006,0.1632,5.5452
바이두,26,5.3038,0.0011,0.1561,5.3038
바이두,68,5.1437,0.0006,0.1514,5.1437
바이두,37,5.1053,0.0005,0.1503,5.1053
바이두,56,4.9573,0.0004,0.1459,4.9573
바이두,5,4.8520,0.0007,0.1428,4.8520
바이두,69,4.6181,0.0010,0.1359,4.6181
바이두,75,4.4764,0.0011,0.1318,4.4764
바이두,19,4.3435,0.0005,0.1279,4.3435
바이두,52,4.3435,0.0006,0.1279,4.3435
바이두,1,4.2801,0.0003,0.1260,4.2801
바이두,101,4.2491,0.0006,0.1251,4.2491
바이두,112,4.2186,0.0007,0.1242,4.2186
바이두,10,4.1885,0.0004,0.1233,4.1885
바이두,59,3.8182,0.0013,0.1124,3.8182
바이두,40,3.7884,0.0007,0.1115,3.7884
바이두,113,3.7303,0.0009,0.1098,3.7303
바이두,24,3.7020,0.0005,0.1090,3.7020
바이두,81,3.6466,0.0004,0.1073,3.6466
바이두,17,3.6196,0.0010,0.1066,3.6196
바이두,83,3.4904,0.0005,0.1028,3.4904
바이두,82,2.9843,0.0006,0.0879,2.9843
바이두,22,2.9616,0.0004,0.0872,2.9616
바이두,67,2.8884,0.0072,0.0850,2.8884
바이두,46,2.8744,0.0003,0.0846,2.8744
바이두,95,2.8744,0.0007,0.0846,2.8744
바이두,16,2.8327,0.0006,0.0834,2.8327
바이두,34,2.8327,0.0006,0.0834,2.8327
바이두,48,2.8308,0.0018,0.0833,2.8308
바이두,102,2.8124,0.0004,0.0828,2.8124
바이두,29,2.7923,0.0004,0.0822,2.7923
바이두,100,2.7923,0.0005,0.0822,2.7923
바이두,93,2.3654,0.0013,0.0696,2.3654
바이두,124,2.3091,0.0005,0.0680,2.3091
바이두,90,2.2909,0.0011,0.0674,2.2909
바이두,65,2.2555,0.0012,0.0664,2.2555
바이두,117,2.2555,0.0012,0.0664,2.2555
바이두,79,2.1718,0.0004,0.0639,2.1718
바이두,103,2.0943,0.0003,0.0617,2.0943
바이두,41,1.8151,0.0009,0.0534,1.8151
바이두,49,1.8151,0.0011,0.0534,1.8151
바이두,71,1.6872,0.0014,0.0497,1.6872
바이두,87,1.6725,0.0006,0.0492,1.6725
바이두,3,1.6030,0.0006,0.0472,1.6030
바이두,88,1.5394,0.0008,0.0453,1.5394
바이두,119,1.5273,0.0008,0.0450,1.5273
바이두,98,1.5037,0.0004,0.0443,1.5037
바이두,6,1.4921,0.0003,0.0439,1.4921
바이두,42,1.4921,0.0002,0.0439,1.4921
바이두,72,1.4921,0.0003,0.0439,1.4921
바이두,20,1.4587,0.0003,0.0429,1.4587
바이두,54,1.4478,0.0003,0.0426,1.4478
바이두,70,1.4478,0.0002,0.0426,1.4478
바이두,28,1.4372,0.0003,0.0423,1.4372
바이두,61,1.4267,0.0003,0.0420,1.4267
바이두,11,0.9343,0.0004,0.0275,0.9343
바이두,84,0.9252,0.0010,0.0272,0.9252
바이두,30,0.8990,0.0003,0.0265,0.8990
바이두,86,0.8824,0.0011,0.0260,0.8824
바이두,91,0.8362,0.0004,0.0246,0.8362
바이두,25,0.8220,0.0003,0.0242,0.8220
바이두,45,0.8220,0.0005,0.0242,0.8220
바이두,110,0.7758,0.0003,0.0228,0.7758
바이두,36,0.7577,0.0003,0.0223,0.7577
바이두,109,0.7577,0.0003,0.0223,0.7577
바이두,122,0.7518,0.0002,0.0221,0.7518
바이두,111,0.7461,0.0002,0.0220,0.7461
바이두,33,0.7348,0.0002,0.0216,0.7348
바이두,116,0.7348,0.0002,0.0216,0.7348
바이두,114,0.7293,0.0002,0.0215,0.7293
바이두,123,0.7293,0.0001,0.0215,0.7293
바이두,80,0.7186,0.0003,0.0212,0.7186
벤츠,0,73.6461,0.0027,0.3702,73.6461
벤츠,99,56.8761,0.0863,0.2859,56.8761
벤츠,70,55.0178,0.0060,0.2766,55.0178
벤츠,25,46.0309,0.0171,0.2314,46.0309
벤츠,1,39.9476,0.0026,0.2008,39.9476
벤츠,27,37.3669,0.0029,0.1878,37.3669
벤츠,50,35.1023,0.0024,0.1765,35.1023
벤츠,12,32.5779,0.0022,0.1638,32.5779
벤츠,54,31.1285,0.0068,0.1565,31.1285
벤츠,118,30.4046,0.0027,0.1528,30.4046
벤츠,123,26.9851,0.0028,0.1357,26.9851
벤츠,85,26.9391,0.0068,0.1354,26.9391
벤츠,75,26.8585,0.0064,0.1350,26.8585
벤츠,47,25.2000,0.0060,0.1267,25.2000
벤츠,37,24.7971,0.0026,0.1247,24.7971
벤츠,89,24.0898,0.0025,0.1211,24.0898
벤츠,10,23.7349,0.0023,0.1193,23.7349
벤츠,19,23.1654,0.0026,0.1164,23.1654
벤츠,6,22.3821,0.0045,0.1125,22.3821
벤츠,56,21.9537,0.0017,0.1104,21.9537
벤츠,101,21.9537,0.0029,0.1104,21.9537
벤츠,81,21.8798,0.0026,0.1100,21.8798
벤츠,51,21.0929,0.0023,0.1060,21.0929
벤츠,78,19.8401,0.0031,0.0997,19.8401
벤츠,93,19.7114,0.0107,0.0991,19.7114
벤츠,2,19.6998,0.0029,0.0990,19.6998
벤츠,22,19.2504,0.0027,0.0968,19.2504
벤츠,16,19.1210,0.0038,0.0961,19.1210
벤츠,103,18.8483,0.0024,0.0947,18.8483
벤츠,9,18.8219,0.0020,0.0946,18.8219
벤츠,46,18.6834,0.0021,0.0939,18.6834
벤츠,42,17.9057,0.0025,0.0900,17.9057
벤츠,14,17.3287,0.0018,0.0871,17.3287
벤츠,69,16.9331,0.0035,0.0851,16.9331
벤츠,55,16.5403,0.0020,0.0831,16.5403
벤츠,87,15.8887,0.0061,0.0799,15.8887
벤츠,72,15.6675,0.0035,0.0788,15.6675
벤츠,68,15.4312,0.0018,0.0776,15.4312
벤츠,114,15.3159,0.0051,0.0770,15.3159
벤츠,79,15.2023,0.0026,0.0764,15.2023
벤츠,40,15.1537,0.0027,0.0762,15.1537
벤츠,104,15.0366,0.0025,0.0756,15.0366
벤츠,61,14.9803,0.0027,0.0753,14.9803
벤츠,57,14.3960,0.0026,0.0724,14.3960
벤츠,58,14.3087,0.0026,0.0719,14.3087
벤츠,52,13.7545,0.0019,0.0691,13.7545
벤츠,108,13.7455,0.0045,0.0691,13.7455
벤츠,15,13.6383,0.0026,0.0686,13.6383
벤츠,3,13.6258,0.0047,0.0685,13.6258
벤츠,24,13.3272,0.0019,0.0670,13.3272
벤츠,23,12.6153,0.0025,0.0634,12.6153
벤츠,17,12.3066,0.0035,0.0619,12.3066
벤츠,111,11.9371,0.0037,0.0600,11.9371
벤츠,39,11.8464,0.0030,0.0596,11.8464
벤츠,5,11.7835,0.0018,0.0592,11.7835
벤츠,73,11.7314,0.0044,0.0590,11.7314
벤츠,43,11.4136,0.0018,0.0574,11.4136
벤츠,106,11.3653,0.0022,0.0571,11.3653
벤츠,41,10.8907,0.0051,0.0547,10.8907
벤츠,31,10.8617,0.0042,0.0546,10.8617
벤츠,29,10.4713,0.0016,0.0526,10.4713
벤츠,20,10.2106,0.0019,0.0513,10.2106
벤츠,28,10.0603,0.0019,0.0506,10.0603
벤츠,77,9.6182,0.0035,0.0483,9.6182
벤츠,35,9.4615,0.0015,0.0476,9.4615
벤츠,18,9.2794,0.0031,0.0466,9.2794
벤츠,124,9.2362,0.0020,0.0464,9.2362
벤츠,7,9.1195,0.0042,0.0458,9.1195
벤츠,60,9.1195,0.0114,0.0458,9.1195
벤츠,116,8.8178,0.0025,0.0443,8.8178
벤츠,48,8.4925,0.0054,0.0427,8.4925
벤츠,26,8.3345,0.0017,0.0419,8.3345
벤츠,113,8.2068,0.0020,0.0413,8.2068
벤츠,33,8.0830,0.0026,0.0406,8.0830
벤츠,102,7.7341,0.0011,0.0389,7.7341
벤츠,83,7.6789,0.0010,0.0386,7.6789
벤츠,82,7.4607,0.0015,0.0375,7.4607
벤츠,121,7.3978,0.0041,0.0372,7.3978
벤츠,49,7.2605,0.0044,0.0365,7.2605
벤츠,95,7.1859,0.0019,0.0361,7.1859
벤츠,4,7.0961,0.0015,0.0357,7.0961
벤츠,97,7.0389,0.0019,0.0354,7.0389
벤츠,100,6.9809,0.0013,0.0351,6.9809
벤츠,36,6.8192,0.0030,0.0343,6.8192
벤츠,98,6.7665,0.0017,0.0340,6.7665
벤츠,110,6.2067,0.0026,0.0312,6.2067
벤츠,59,6.1091,0.0021,0.0307,6.1091
벤츠,63,6.1091,0.0023,0.0307,6.1091
벤츠,90,6.1091,0.0029,0.0307,6.1091
벤츠,109,6.0615,0.0023,0.0305,6.0615
벤츠,71,5.9051,0.0049,0.0297,5.9051
벤츠,80,5.7488,0.0027,0.0289,5.7488
벤츠,53,5.5512,0.0072,0.0279,5.5512
벤츠,65,5.2628,0.0029,0.0265,5.2628
벤츠,117,5.2628,0.0028,0.0265,5.2628
벤츠,32,4.9743,0.0020,0.0250,4.9743
벤츠,34,4.9573,0.0010,0.0249,4.9573
벤츠,88,4.6181,0.0025,0.0232,4.6181
벤츠,76,4.1812,0.0023,0.0210,4.1812
벤츠,91,4.1812,0.0021,0.0210,4.1812
벤츠,105,4.1812,0.0025,0.0210,4.1812
벤츠,64,4.1452,0.0024,0.0208,4.1452
벤츠,122,3.7592,0.0011,0.0189,3.7592
벤츠,30,3.5960,0.0012,0.0181,3.5960
벤츠,112,3.5155,0.0006,0.0177,3.5155
벤츠,66,3.3162,0.0029,0.0167,3.3162
벤츠,45,3.2879,0.0022,0.0165,3.2879
벤츠,119,3.0545,0.0017,0.0154,3.0545
벤츠,21,2.9486,0.0026,0.0148,2.9486
벤츠,11,2.8029,0.0011,0.0141,2.8029
벤츠,86,2.6472,0.0033,0.0133,2.6472
벤츠,92,2.0077,0.0022,0.0101,2.0077
벤츠,120,1.9658,0.0038,0.0099,1.9658
벤츠,67,1.9256,0.0048,0.0097,1.9256
벤츠,13,1.9062,0.0011,0.0096,1.9062
벤츠,96,1.7021,0.0010,0.0086,1.7021
벤츠,62,1.6581,0.0008,0.0083,1.6581
벤츠,74,1.0731,0.0024,0.0054,1.0731
벤츠,94,0.9343,0.0018,0.0047,0.9343
벤츠,84,0.9252,0.0010,0.0047,0.9252
벤츠,44,0.9076,0.0017,0.0046,0.9076
벤츠,8,0.8511,0.0003,0.0043,0.8511
비보,42,78.3373,0.0108,0.3168,78.3373
비보,0,77.0875,0.0028,0.3118,77.0875
비보,35,62.2881,0.0096,0.2519,62.2881
비보,1,61.3481,0.0040,0.2481,61.3481
비보,55,60.8983,0.0072,0.2463,60.8983
비보,23,55.9805,0.0109,0.2264,55.9805
비보,2,54.5534,0.0080,0.2206,54.5534
비보,27,53.8945,0.0042,0.2180,53.8945
비보,123,49.5942,0.0051,0.2006,49.5942
비보,37,45.2183,0.0047,0.1829,45.2183
비보,56,43.1993,0.0034,0.1747,43.1993
비보,118,39.0916,0.0035,0.1581,39.0916
비보,58,38.1566,0.0069,0.1543,38.1566
비보,97,35.9764,0.0097,0.1455,35.9764
비보,19,34.0242,0.0038,0.1376,34.0242
비보,12,33.2711,0.0022,0.1346,33.2711
비보,78,30.8624,0.0048,0.1248,30.8624
비보,79,28.9568,0.0050,0.1171,28.9568
비보,81,27.7144,0.0033,0.1121,27.7144
비보,70,24.6132,0.0027,0.0996,24.6132
비보,106,24.2459,0.0048,0.0981,24.2459
비보,103,22.3387,0.0029,0.0904,22.3387
비보,124,22.3209,0.0048,0.0903,22.3209
비보,15,21.9729,0.0042,0.0889,21.9729
비보,26,21.9729,0.0046,0.0889,21.9729
비보,51,21.7960,0.0024,0.0882,21.7960
비보,9,21.7176,0.0024,0.0878,21.7176
비보,3,21.6409,0.0075,0.0875,21.6409
비보,16,21.2456,0.0042,0.0859,21.2456
비보,68,20.5750,0.0024,0.0832,20.5750
비보,22,19.9908,0.0029,0.0809,19.9908
비보,89,19.2719,0.0020,0.0779,19.2719
비보,47,19.0909,0.0046,0.0772,19.0909
비보,17,18.0980,0.0052,0.0732,18.0980
비보,32,17.4100,0.0070,0.0704,17.4100
비보,113,17.1596,0.0042,0.0694,17.1596
비보,10,16.7541,0.0016,0.0678,16.7541
비보,39,16.2888,0.0042,0.0659,16.2888
비보,52,15.9262,0.0023,0.0644,15.9262
비보,11,15.8833,0.0062,0.0642,15.8833
비보,18,15.1844,0.0050,0.0614,15.1844
비보,57,15.1537,0.0028,0.0613,15.1537
비보,20,14.5865,0.0028,0.0590,14.5865
비보,50,14.4539,0.0010,0.0585,14.4539
비보,28,14.3719,0.0027,0.0581,14.3719
비보,46,14.3719,0.0016,0.0581,14.3719
비보,101,14.1637,0.0019,0.0573,14.1637
비보,77,13.6258,0.0050,0.0551,13.6258
비보,111,13.4293,0.0042,0.0543,13.4293
비보,108,12.9818,0.0042,0.0525,12.9818
비보,61,12.8403,0.0023,0.0519,12.8403
비보,100,12.5655,0.0023,0.0508,12.5655
비보,62,12.4357,0.0059,0.0503,12.4357
비보,85,12.3150,0.0031,0.0498,12.3150
비보,59,12.2182,0.0041,0.0494,12.2182
비보,69,11.5453,0.0024,0.0467,11.5453
비보,40,11.3653,0.0020,0.0460,11.3653
비보,33,10.2875,0.0033,0.0416,10.2875
비보,116,10.2875,0.0029,0.0416,10.2875
비보,5,9.0109,0.0014,0.0364,9.0109
비보,30,8.9900,0.0030,0.0364,8.9900
비보,43,8.5602,0.0014,0.0346,8.5602
비보,14,8.3178,0.0009,0.0336,8.3178
비보,6,8.2068,0.0017,0.0332,8.2068
비보,82,8.2068,0.0017,0.0332,8.2068
비보,114,8.0226,0.0027,0.0324,8.0226
비보,112,7.7341,0.0013,0.0313,7.7341
비보,122,7.5183,0.0021,0.0304,7.5183
비보,72,7.4607,0.0017,0.0302,7.4607
비보,13,6.6717,0.0039,0.0270,6.6717
비보,24,6.6636,0.0009,0.0270,6.6636
비보,64,6.6324,0.0039,0.0268,6.6324
비보,73,6.2568,0.0023,0.0253,6.2568
비보,119,6.1091,0.0034,0.0247,6.1091
비보,87,5.8537,0.0022,0.0237,5.8537
비보,105,5.8537,0.0035,0.0237,5.8537
비보,54,5.7914,0.0013,0.0234,5.7914
비보,41,5.4453,0.0026,0.0220,5.4453
비보,95,5.0302,0.0013,0.0203,5.0302
비보,83,4.8866,0.0007,0.0198,4.8866
비보,31,4.6550,0.0018,0.0188,4.6550
비보,63,4.5818,0.0017,0.0185,4.5818
비보,98,4.5110,0.0011,0.0182,4.5110
비보,91,4.1812,0.0021,0.0169,4.1812
비보,121,4.1099,0.0023,0.0166,4.1099
비보,88,3.8484,0.0021,0.0156,3.8484
비보,94,3.7372,0.0072,0.0151,3.7372
비보,75,3.7303,0.0009,0.0151,3.7303
비보,102,3.5155,0.0005,0.0142,3.5155
비보,7,3.3162,0.0015,0.0134,3.3162
비보,93,3.1538,0.0017,0.0128,3.1538
비보,110,3.1034,0.0013,0.0126,3.1034
비보,90,3.0545,0.0015,0.0124,3.0545
비보,109,3.0307,0.0012,0.0123,3.0307
비보,104,3.0073,0.0005,0.0122,3.0073
비보,21,2.9486,0.0026,0.0119,2.9486
비보,34,2.8327,0.0006,0.0115,2.8327
비보,29,2.7923,0.0004,0.0113,2.7923
비보,96,2.5532,0.0015,0.0103,2.5532
비보,71,2.5307,0.0021,0.0102,2.5307
비보,76,2.5087,0.0014,0.0101,2.5087
비보,60,2.4871,0.0031,0.0101,2.4871
비보,4,2.3654,0.0005,0.0096,2.3654
비보,65,2.2555,0.0012,0.0091,2.2555
비보,117,2.2555,0.0012,0.0091,2.2555
비보,80,2.1558,0.0010,0.0087,2.1558
비보,84,1.8504,0.0020,0.0075,1.8504
비보,86,1.7648,0.0022,0.0071,1.7648
비보,66,1.6581,0.0014,0.0067,1.6581
비보,25,1.6440,0.0006,0.0066,1.6440
비보,45,1.6440,0.0011,0.0066,1.6440
비보,36,1.5154,0.0007,0.0061,1.5154
비보,74,1.0731,0.0024,0.0043,1.0731
비보,67,0.9628,0.0024,0.0039,0.9628
비보,53,0.9252,0.0012,0.0037,0.9252
비보,44,0.9076,0.0017,0.0037,0.9076
비보,38,0.8990,0.0012,0.0036,0.8990
비보,8,0.8511,0.0003,0.0034,0.8511
삼성디스플레이,0,1817.7501,0.0661,0.3663,1908.6376
삼성디스플레이,1,1426.6998,0.0927,0.2875,1498.0348
삼성디스플레이,22,1106.1577,0.1577,0.2229,1161.4656
삼성디스플레이,27,1100.1672,0.0855,0.2217,1155.1755
삼성디스플레이,118,1097.4610,0.0983,0.2211,1152.3340
삼성디스플레이,55,1060.8331,0.1257,0.2138,1113.8747
삼성디스플레이,12,993.2799,0.0666,0.2001,1042.9439
삼성디스플레이,123,970.7340,0.1002,0.1956,1019.2707
삼성디스플레이,70,896.9354,0.0980,0.1807,941.7822
삼성디스플레이,37,895.6134,0.0931,0.1805,940.3940
삼성디스플레이,7,852.2626,0.3928,0.1717,894.8757
삼성디스플레이,81,848.2071,0.1010,0.1709,890.6175
삼성디스플레이,42,760.9910,0.1049,0.1533,799.0405
삼성디스플레이,56,728.0142,0.0580,0.1467,764.4150
삼성디스플레이,15,717.5284,0.1377,0.1446,753.4048
삼성디스플레이,57,701.6170,0.1277,0.1414,736.6978
삼성디스플레이,63,672.7642,0.2513,0.1356,706.4025
삼성디스플레이,50,662.8146,0.0453,0.1336,695.9553
삼성디스플레이,47,634.5824,0.1515,0.1279,666.3115
삼성디스플레이,106,621.3023,0.1228,0.1252,652.3674
삼성디스플레이,85,584.1926,0.1473,0.1177,613.4023
삼성디스플레이,61,557.8396,0.0999,0.1124,585.7316
삼성디스플레이,19,506.0193,0.0566,0.1020,531.3202
삼성디스플레이,28,503.7343,0.0944,0.1015,528.9210
삼성디스플레이,20,495.9422,0.0936,0.0999,520.7394
삼성디스플레이,46,464.2116,0.0530,0.0935,487.4222
삼성디스플레이,9,456.0689,0.0495,0.0919,478.8723
삼성디스플레이,89,448.0709,0.0459,0.0903,470.4745
삼성디스플레이,98,439.0691,0.1099,0.0885,461.0226
삼성디스플레이,2,435.6693,0.0642,0.0878,457.4527
삼성디스플레이,10,421.6436,0.0413,0.0850,442.7258
삼성디스플레이,108,388.6913,0.1270,0.0783,408.1258
삼성디스플레이,116,376.2278,0.1079,0.0758,395.0392
삼성디스플레이,51,373.3448,0.0406,0.0752,392.0120
삼성디스플레이,101,368.9644,0.0483,0.0743,387.4126
삼성디스플레이,78,368.1448,0.0570,0.0742,386.5520
삼성디스플레이,35,359.5366,0.0555,0.0724,377.5134
삼성디스플레이,68,357.1225,0.0422,0.0720,374.9786
삼성디스플레이,33,351.9787,0.1119,0.0709,369.5777
삼성디스플레이,103,349.0427,0.0449,0.0703,366.4949
삼성디스플레이,52,336.6223,0.0476,0.0678,353.4534
삼성디스플레이,58,330.6908,0.0600,0.0666,347.2254
삼성디스플레이,82,321.5560,0.0657,0.0648,337.6338
삼성디스플레이,26,316.7126,0.0660,0.0638,332.5483
삼성디스플레이,11,313.9279,0.1217,0.0633,329.6243
삼성디스플레이,43,308.8805,0.0491,0.0622,324.3245
삼성디스플레이,97,278.4257,0.0749,0.0561,292.3470
삼성디스플레이,113,276.7918,0.0672,0.0558,290.6314
삼성디스플레이,23,261.7678,0.0509,0.0527,274.8562
삼성디스플레이,39,245.8128,0.0627,0.0495,258.1035
삼성디스플레이,79,244.6846,0.0422,0.0493,256.9188
삼성디스플레이,40,243.9748,0.0433,0.0492,256.1735
삼성디스플레이,14,241.9084,0.0255,0.0487,254.0038
삼성디스플레이,124,241.6818,0.0522,0.0487,253.7659
삼성디스플레이,117,233.8193,0.1229,0.0471,245.5103
삼성디스플레이,65,227.0529,0.1254,0.0458,238.4055
삼성디스플레이,54,222.2431,0.0489,0.0448,233.3552
삼성디스플레이,16,198.2918,0.0390,0.0400,208.2064
삼성디스플레이,69,189.3431,0.0395,0.0382,198.8102
삼성디스플레이,72,185.7713,0.0412,0.0374,195.0599
삼성디스플레이,6,183.5331,0.0371,0.0370,192.7098
삼성디스플레이,13,179.1837,0.1037,0.0361,188.1429
삼성디스플레이,59,155.0183,0.0526,0.0312,162.7692
삼성디스플레이,75,149.9600,0.0356,0.0302,157.4580
삼성디스플레이,5,149.0266,0.0225,0.0300,156.4780
삼성디스플레이,114,147.3240,0.0488,0.0297,154.6902
삼성디스플레이,29,147.2960,0.0225,0.0297,154.6608
삼성디스플레이,83,139.6171,0.0186,0.0281,146.5979
삼성디스플레이,100,138.9190,0.0259,0.0280,145.8650
삼성디스플레이,24,137.7144,0.0196,0.0277,144.6001
삼성디스플레이,30,136.6479,0.0461,0.0275,143.4803
삼성디스플레이,112,134.9947,0.0234,0.0272,141.7445
삼성디스플레이,102,134.2916,0.0184,0.0271,141.0062
삼성디스플레이,17,128.1336,0.0368,0.0258,134.5403
삼성디스플레이,104,124.8039,0.0205,0.0251,131.0441
삼성디스플레이,77,124.2349,0.0458,0.0250,130.4466
삼성디스플레이,122,123.3002,0.0345,0.0248,129.4652
삼성디스플레이,25,122.4750,0.0455,0.0247,128.5988
삼성디스플레이,4,122.2109,0.0259,0.0246,128.3214
삼성디스플레이,34,116.1423,0.0231,0.0234,121.9495
삼성디스플레이,95,111.3820,0.0290,0.0224,116.9511
삼성디스플레이,111,97.7351,0.0304,0.0197,102.6219
삼성디스플레이,3,95.3803,0.0329,0.0192,100.1493
삼성디스플레이,32,92.8535,0.0375,0.0187,97.4962
삼성디스플레이,45,88.7738,0.0584,0.0179,93.2125
삼성디스플레이,110,86.1181,0.0360,0.0174,90.4240
삼성디스플레이,121,84.6639,0.0468,0.0171,88.8971
삼성디스플레이,8,80.8498,0.0324,0.0163,84.8923
삼성디스플레이,64,74.6144,0.0434,0.0150,78.3451
삼성디스플레이,105,74.4261,0.0447,0.0150,78.1474
삼성디스플레이,66,73.7854,0.0636,0.0149,77.4746
삼성디스플레이,109,72.7378,0.0280,0.0147,76.3747
삼성디스플레이,80,71.1408,0.0338,0.0143,74.6978
삼성디스플레이,31,70.6013,0.0276,0.0142,74.1314
삼성디스플레이,36,69.7071,0.0302,0.0140,73.1924
삼성디스플레이,99,66.5343,0.1010,0.0134,69.8610
삼성디스플레이,62,66.3239,0.0315,0.0134,69.6401
삼성디스플레이,90,64.9091,0.0313,0.0131,68.1546
삼성디스플레이,88,64.6537,0.0356,0.0130,67.8864
삼성디스플레이,18,59.8942,0.0198,0.0121,62.8889
삼성디스플레이,76,56.0286,0.0305,0.0113,58.8300
삼성디스플레이,119,51.9273,0.0288,0.0105,54.5237
삼성디스플레이,87,50.1749,0.0192,0.0101,52.6836
삼성디스플레이,91,50.1749,0.0251,0.0101,52.6836
삼성디스플레이,73,42.2331,0.0158,0.0085,44.3448
삼성디스플레이,53,38.8587,0.0501,0.0078,40.8016
삼성디스플레이,71,32.8996,0.0274,0.0066,34.5446
삼성디스플레이,41,27.2267,0.0128,0.0055,28.5880
삼성디스플레이,49,27.2267,0.0165,0.0055,28.5880
삼성디스플레이,48,25.4774,0.0162,0.0051,26.7512
삼성디스플레이,93,23.6537,0.0128,0.0048,24.8364
삼성디스플레이,74,21.4627,0.0480,0.0043,22.5358
삼성디스플레이,96,21.2763,0.0129,0.0043,22.3401
삼성디스플레이,86,18.5302,0.0231,0.0037,19.4567
삼성디스플레이,60,17.4100,0.0218,0.0035,18.2805
삼성디스플레이,94,16.8176,0.0326,0.0034,17.6584
삼성디스플레이,92,14.0541,0.0156,0.0028,14.7568
삼성디스플레이,67,12.5165,0.0312,0.0025,13.1424
삼성디스플레이,21,10.8116,0.0097,0.0022,11.3522
삼성디스플레이,84,10.1773,0.0112,0.0021,10.6861
삼성디스플레이,44,9.9831,0.0189,0.0020,10.4823
삼성디스플레이,38,9.8890,0.0129,0.0020,10.3834
삼성디스플레이,120,7.8630,0.0151,0.0016,8.2562
삼성디스플레이,115,6.0232,0.0145,0.0012,6.3244
삼성전자,0,3901.8649,0.1419,0.4050,3901.8649
삼성전자,46,2201.7715,0.2515,0.2286,2201.7715
삼성전자,50,2135.0476,0.1460,0.2216,2135.0476
삼성전자,12,2018.4446,0.1353,0.2095,2018.4446
삼성전자,1,1852.5697,0.1203,0.1923,1852.5697
삼성전자,56,1647.9466,0.1312,0.1711,1647.9466
삼성전자,89,1552.0736,0.1588,0.1611,1552.0736
삼성전자,19,1540.4993,0.1723,0.1599,1540.4993
삼성전자,6,1442.1525,0.2919,0.1497,1442.1525
삼성전자,9,1418.1570,0.1538,0.1472,1418.1570
삼성전자,27,1413.4741,0.1099,0.1467,1413.4741
삼성전자,2,1341.8614,0.1976,0.1393,1341.8614
삼성전자,118,1339.9738,0.1200,0.1391,1339.9738
삼성전자,10,1327.0605,0.1301,0.1378,1327.0605
삼성전자,14,1318.3659,0.1392,0.1369,1318.3659
삼성전자,37,1155.9830,0.1201,0.1200,1155.9830
삼성전자,29,1149.0487,0.1759,0.1193,1149.0487
삼성전자,51,1141.1273,0.1241,0.1185,1141.1273
삼성전자,22,1108.3789,0.1580,0.1151,1108.3789
삼성전자,102,1087.6919,0.1489,0.1129,1087.6919
삼성전자,5,1066.0604,0.1607,0.1107,1066.0604
삼성전자,70,1042.4431,0.1139,0.1082,1042.4431
삼성전자,81,1037.1028,0.1235,0.1077,1037.1028
삼성전자,52,1032.3083,0.1461,0.1072,1032.3083
삼성전자,83,1029.6761,0.1374,0.1069,1029.6761
삼성전자,68,1019.9300,0.1204,0.1059,1019.9300
삼성전자,24,1005.4633,0.1428,0.1044,1005.4633
삼성전자,101,1002.7900,0.1313,0.1041,1002.7900
삼성전자,123,1002.0951,0.1034,0.1040,1002.0951
삼성전자,103,966.8484,0.1243,0.1004,966.8484
삼성전자,55,965.3506,0.1144,0.1002,965.3506
삼성전자,100,916.5862,0.1711,0.0951,916.5862
삼성전자,34,895.8541,0.1779,0.0930,895.8541
삼성전자,3,860.8273,0.2973,0.0894,860.8273
삼성전자,78,846.5125,0.1310,0.0879,846.5125
삼성전자,40,821.3313,0.1459,0.0853,821.3313
삼성전자,43,808.2254,0.1284,0.0839,808.2254
삼성전자,42,804.2630,0.1109,0.0835,804.2630
삼성전자,112,802.9374,0.1393,0.0833,802.9374
삼성전자,61,741.8839,0.1329,0.0770,741.8839
삼성전자,104,720.2538,0.1185,0.0748,720.2538
삼성전자,4,719.0731,0.1524,0.0746,719.0731
삼성전자,69,716.5788,0.1495,0.0744,716.5788
삼성전자,16,713.1424,0.1403,0.0740,713.1424
삼성전자,87,699.9396,0.2672,0.0727,699.9396
삼성전자,28,696.3174,0.1305,0.0723,696.3174
삼성전자,82,691.6065,0.1413,0.0718,691.6065
삼성전자,20,686.2966,0.1295,0.0712,686.2966
삼성전자,8,678.2870,0.2719,0.0704,678.2870
삼성전자,79,660.9379,0.1141,0.0686,660.9379
삼성전자,72,637.8895,0.1414,0.0662,637.8895
삼성전자,15,631.9099,0.1213,0.0656,631.9099
삼성전자,58,624.8149,0.1133,0.0649,624.8149
삼성전자,54,622.5702,0.1369,0.0646,622.5702
삼성전자,35,604.7468,0.0933,0.0628,604.7468
삼성전자,47,588.7642,0.1405,0.0611,588.7642
삼성전자,124,586.5017,0.1268,0.0609,586.5017
삼성전자,110,578.7758,0.2421,0.0601,578.7758
삼성전자,17,578.4112,0.1662,0.0600,578.4112
삼성전자,26,574.3258,0.1196,0.0596,574.3258
삼성전자,106,572.0527,0.1131,0.0594,572.0527
삼성전자,39,568.6273,0.1450,0.0590,568.6273
삼성전자,57,565.2335,0.1029,0.0587,565.2335
삼성전자,75,547.6151,0.1300,0.0568,547.6151
삼성전자,122,542.0699,0.1515,0.0563,542.0699
삼성전자,95,535.3524,0.1396,0.0556,535.3524
삼성전자,18,517.9584,0.1716,0.0538,517.9584
삼성전자,98,514.2522,0.1287,0.0534,514.2522
삼성전자,41,506.4168,0.2389,0.0526,506.4168
삼성전자,64,504.8909,0.2935,0.0524,504.8909
삼성전자,49,503.6942,0.3044,0.0523,503.6942
삼성전자,116,490.1249,0.1405,0.0509,490.1249
삼성전자,23,484.1128,0.0941,0.0503,484.1128
삼성전자,105,467.4626,0.2808,0.0485,467.4626
삼성전자,113,461.8171,0.1121,0.0479,461.8171
삼성전자,108,442.1459,0.1444,0.0459,442.1459
삼성전자,85,435.6430,0.1099,0.0452,435.6430
삼성전자,97,431.7163,0.1162,0.0448,431.7163
삼성전자,11,426.9793,0.1655,0.0443,426.9793
삼성전자,21,411.8252,0.3685,0.0427,411.8252
삼성전자,33,411.4991,0.1308,0.0427,411.4991
삼성전자,48,397.2584,0.2533,0.0412,397.2584
삼성전자,59,397.0913,0.1349,0.0412,397.0913
삼성전자,73,352.7247,0.1320,0.0366,352.7247
삼성전자,90,329.1276,0.1585,0.0342,329.1276
삼성전자,111,328.2706,0.1022,0.0341,328.2706
삼성전자,114,326.7384,0.1083,0.0339,326.7384
삼성전자,63,325.3094,0.1215,0.0338,325.3094
삼성전자,36,318.9857,0.1381,0.0331,318.9857
삼성전자,96,315.7396,0.1912,0.0328,315.7396
삼성전자,7,310.8934,0.1433,0.0323,310.8934
삼성전자,109,299.2859,0.1151,0.0311,299.2859
삼성전자,25,288.5150,0.1072,0.0299,288.5150
삼성전자,91,285.1606,0.1429,0.0296,285.1606
삼성전자,31,273.0953,0.1066,0.0283,273.0953
삼성전자,77,270.1106,0.0996,0.0280,270.1106
삼성전자,30,269.6998,0.0910,0.0280,269.6998
삼성전자,76,240.0032,0.1308,0.0249,240.0032
삼성전자,71,237.8897,0.1982,0.0247,237.8897
삼성전자,80,233.5430,0.1111,0.0242,233.5430
삼성전자,13,233.5107,0.1351,0.0242,233.5107
삼성전자,45,219.4687,0.1444,0.0228,219.4687
삼성전자,32,216.3818,0.0874,0.0225,216.3818
삼성전자,117,215.7754,0.1134,0.0224,215.7754
삼성전자,88,206.2762,0.1135,0.0214,206.2762
삼성전자,65,205.2498,0.1134,0.0213,205.2498
삼성전자,62,188.1942,0.0893,0.0195,188.1942
삼성전자,86,176.4778,0.2195,0.0183,176.4778
삼성전자,121,168.5059,0.0931,0.0175,168.5059
삼성전자,93,166.3645,0.0904,0.0173,166.3645
삼성전자,119,159.6001,0.0884,0.0166,159.6001
삼성전자,92,155.5994,0.1732,0.0162,155.5994
삼성전자,66,140.9384,0.1215,0.0146,140.9384
삼성전자,38,89.8999,0.1168,0.0093,89.8999
삼성전자,53,84.1938,0.1086,0.0087,84.1938
삼성전자,84,80.4929,0.0886,0.0084,80.4929
삼성전자,60,67.1530,0.0839,0.0070,67.1530
삼성전자,44,65.3441,0.1235,0.0068,65.3441
삼성전자,115,60.2320,0.1449,0.0063,60.2320
삼성전자,120,56.0240,0.1078,0.0058,56.0240
삼성전자,94,53.2556,0.1033,0.0055,53.2556
삼성전자,74,39.7059,0.0887,0.0041,39.7059
삼성전자,67,36.5868,0.0911,0.0038,36.5868
삼성전자,99,27.9015,0.0423,0.0029,27.9015
삼성전자,107,14.4663,0.1039,0.0015,14.4663
샤오미,0,388.1905,0.0141,0.3633,651.8495
샤오미,26,383.3890,0.0799,0.3588,643.7868
샤오미,1,296.7536,0.0193,0.2778,498.3086
샤오미,111,255.9019,0.0797,0.2395,429.7104
샤오미,56,235.8256,0.0188,0.2207,395.9984
샤오미,19,222.9670,0.0249,0.2087,374.4062
샤오미,78,210.1585,0.0325,0.1967,352.8981
샤오미,118,199.0777,0.0178,0.1863,334.2912
샤오미,89,181.7062,0.0186,0.1701,305.1210
샤오미,2,173.5100,0.0256,0.1624,291.3580
샤오미,35,168.7299,0.0260,0.1579,283.3312
샤오미,42,152.9443,0.0211,0.1432,256.8240
샤오미,55,145.1033,0.0172,0.1358,243.6575
샤오미,27,144.4374,0.0112,0.1352,242.5392
샤오미,123,141.4894,0.0146,0.1324,237.5890
샤오미,23,136.4031,0.0265,0.1277,229.0481
샤오미,12,135.1637,0.0091,0.1265,226.9669
샤오미,16,124.6406,0.0245,0.1167,209.2964
샤오미,37,121.7976,0.0127,0.1140,204.5225
샤오미,50,115.6312,0.0079,0.1082,194.1679
샤오미,81,109.3990,0.0130,0.1024,183.7028
샤오미,113,107.4340,0.0261,0.1006,180.4032
샤오미,51,103.3553,0.0112,0.0967,173.5543
샤오미,58,103.3409,0.0187,0.0967,173.5300
샤오미,9,99.1769,0.0108,0.0928,166.5378
샤오미,14,95.6543,0.0101,0.0895,160.6227
샤오미,79,92.6616,0.0160,0.0867,155.5974
샤오미,97,90.7230,0.0244,0.0849,152.3420
샤오미,70,85.4224,0.0093,0.0800,143.4413
샤오미,124,83.1262,0.0180,0.0778,139.5856
샤오미,104,79.6941,0.0131,0.0746,133.8223
샤오미,4,79.6342,0.0169,0.0745,133.7217
샤오미,68,79.3605,0.0094,0.0743,133.2622
샤오미,103,77.4875,0.0100,0.0725,130.1170
샤오미,22,74.7804,0.0107,0.0700,125.5713
샤오미,46,74.0152,0.0085,0.0693,124.2863
샤오미,106,71.2225,0.0141,0.0667,119.5967
샤오미,43,70.6216,0.0112,0.0661,118.5879
샤오미,10,68.4124,0.0067,0.0640,114.8781
샤오미,39,68.1168,0.0174,0.0638,114.3817
샤오미,101,66.5694,0.0087,0.0623,111.7833
샤오미,52,65.1527,0.0092,0.0610,109.4044
샤오미,17,61.5331,0.0177,0.0576,103.3264
샤오미,29,61.4315,0.0094,0.0575,103.1558
샤오미,57,57.5841,0.0105,0.0539,96.6952
샤오미,100,57.2430,0.0107,0.0536,96.1225
샤오미,5,55.4518,0.0084,0.0519,93.1146
샤오미,15,52.2803,0.0100,0.0489,87.7891
샤오미,32,52.2301,0.0211,0.0489,87.7048
샤오미,82,52.2249,0.0107,0.0489,87.6960
샤오미,6,50.7327,0.0103,0.0475,85.1904
샤오미,40,50.0073,0.0089,0.0468,83.9722
샤오미,75,49.9867,0.0119,0.0468,83.9376
샤오미,20,49.5942,0.0094,0.0464,83.2786
샤오미,28,49.5830,0.0093,0.0464,83.2597
샤오미,3,48.8924,0.0169,0.0458,82.1002
샤오미,61,47.0811,0.0084,0.0441,79.0586
샤오미,83,46.7717,0.0062,0.0438,78.5391
샤오미,18,46.3969,0.0154,0.0434,77.9097
샤오미,93,44.9421,0.0244,0.0421,75.4667
샤오미,112,44.2951,0.0077,0.0415,74.3804
샤오미,24,43.6836,0.0062,0.0409,73.3535
샤오미,34,43.1993,0.0086,0.0404,72.5402
샤오미,102,42.1859,0.0058,0.0395,70.8385
샤오미,119,42.0000,0.0233,0.0393,70.5265
샤오미,95,38.8041,0.0101,0.0363,65.1598
샤오미,25,38.6331,0.0144,0.0362,64.8726
샤오미,98,37.5915,0.0094,0.0352,63.1237
샤오미,116,37.4758,0.0107,0.0351,62.9294
샤오미,59,37.4182,0.0127,0.0350,62.8327
샤오미,72,36.5574,0.0081,0.0342,61.3872
샤오미,47,34.3637,0.0082,0.0322,57.7035
샤오미,33,33.8017,0.0107,0.0316,56.7598
샤오미,69,32.3269,0.0067,0.0303,54.2833
샤오미,110,31.8094,0.0133,0.0298,53.4143
샤오미,85,31.5572,0.0080,0.0295,52.9908
샤오미,63,30.5455,0.0114,0.0286,51.2920
샤오미,114,29.1731,0.0097,0.0273,48.9874
샤오미,71,28.6817,0.0239,0.0268,48.1624
샤오미,73,26.5912,0.0100,0.0249,44.6520
샤오미,62,26.5296,0.0126,0.0248,44.5485
샤오미,54,25.3372,0.0056,0.0237,42.5462
샤오미,117,24.0586,0.0126,0.0225,40.3992
샤오미,65,23.3068,0.0129,0.0218,39.1367
샤오미,8,22.9784,0.0092,0.0215,38.5853
샤오미,122,22.5549,0.0063,0.0211,37.8742
샤오미,36,21.9729,0.0095,0.0206,36.8969
샤오미,108,21.3818,0.0070,0.0200,35.9044
샤오미,77,20.8394,0.0077,0.0195,34.9935
샤오미,105,19.2337,0.0116,0.0180,32.2972
샤오미,87,18.3975,0.0070,0.0172,30.8930
샤오미,109,17.4268,0.0067,0.0163,29.2630
샤오미,7,17.4100,0.0080,0.0163,29.2349
샤오미,91,16.7250,0.0084,0.0157,28.0846
샤오미,21,16.7089,0.0150,0.0156,28.0576
샤오미,88,16.1634,0.0089,0.0151,27.1416
샤오미,80,15.0905,0.0072,0.0141,25.3399
샤오미,90,14.5091,0.0070,0.0136,24.3637
샤오미,64,13.2648,0.0077,0.0124,22.2742
샤오미,45,13.1517,0.0087,0.0123,22.0843
샤오미,31,12.4134,0.0048,0.0116,20.8446
샤오미,49,11.7982,0.0071,0.0110,19.8116
샤오미,60,11.6067,0.0145,0.0109,19.4900
샤오미,48,11.3233,0.0072,0.0106,19.0140
샤오미,41,10.8907,0.0051,0.0102,18.2876
샤오미,121,10.6857,0.0059,0.0100,17.9435
샤오미,11,9.3431,0.0036,0.0087,15.6889
샤오미,94,9.3431,0.0181,0.0087,15.6889
샤오미,86,8.8239,0.0110,0.0083,14.8171
샤오미,76,8.3625,0.0046,0.0078,14.0423
샤오미,84,8.3269,0.0092,0.0078,13.9825
샤오미,30,6.2930,0.0021,0.0059,10.5672
샤오미,92,6.0232,0.0067,0.0056,10.1142
샤오미,66,5.8033,0.0050,0.0054,9.7450
샤오미,44,5.4453,0.0103,0.0051,9.1438
샤오미,120,4.9144,0.0095,0.0046,8.2522
샤오미,13,4.7655,0.0028,0.0045,8.0023
샤오미,96,4.2553,0.0026,0.0040,7.1454
샤오미,115,4.0155,0.0097,0.0038,6.7428
샤오미,67,2.8884,0.0072,0.0027,4.8503
샤오미,53,2.7756,0.0036,0.0026,4.6608
샤오미,99,2.1463,0.0033,0.0020,3.6040
샤오미,38,1.7980,0.0023,0.0017,3.0192
샤오미,74,1.0731,0.0024,0.0010,1.8020
샤오펑,0,31.6609,0.0012,0.3731,31.6609
샤오펑,25,28.7693,0.0107,0.3390,28.7693
샤오펑,89,19.9601,0.0020,0.2352,19.9601
샤오펑,111,18.6517,0.0058,0.2198,18.6517
샤오펑,1,18.5471,0.0012,0.2186,18.5471
샤오펑,75,17.1596,0.0041,0.2022,17.1596
샤오펑,14,16.6355,0.0018,0.1960,16.6355
샤오펑,50,16.5187,0.0011,0.1947,16.5187
샤오펑,56,16.2883,0.0013,0.1920,16.2883
샤오펑,70,15.9262,0.0017,0.1877,15.9262
샤오펑,19,15.2023,0.0017,0.1792,15.2023
샤오펑,78,14.6964,0.0023,0.1732,14.6964
샤오펑,43,13.5536,0.0022,0.1597,13.5536
샤오펑,95,12.2161,0.0032,0.1440,12.2161
샤오펑,113,11.9371,0.0029,0.1407,11.9371
샤오펑,118,11.5827,0.0010,0.1365,11.5827
샤오펑,10,10.4713,0.0010,0.1234,10.4713
샤오펑,6,10.4450,0.0021,0.1231,10.4450
샤오펑,26,9.0922,0.0019,0.1072,9.0922
샤오펑,5,9.0109,0.0014,0.1062,9.0109
샤오펑,80,8.6231,0.0041,0.1016,8.6231
샤오펑,16,8.4982,0.0017,0.1002,8.4982
샤오펑,29,8.3770,0.0013,0.0987,8.3770
샤오펑,22,8.1444,0.0012,0.0960,8.1444
샤오펑,34,7.7900,0.0015,0.0918,7.7900
샤오펑,68,7.3482,0.0009,0.0866,7.3482
샤오펑,101,7.0819,0.0009,0.0835,7.0819
샤오펑,112,7.0310,0.0012,0.0829,7.0310
샤오펑,12,6.9315,0.0005,0.0817,6.9315
샤오펑,85,6.9272,0.0017,0.0816,6.9272
샤오펑,54,6.5153,0.0014,0.0768,6.5153
샤오펑,102,6.3279,0.0009,0.0746,6.3279
샤오펑,93,6.3077,0.0034,0.0743,6.3077
샤오펑,83,6.2828,0.0008,0.0740,6.2828
샤오펑,100,6.2828,0.0012,0.0740,6.2828
샤오펑,47,6.1091,0.0015,0.0720,6.1091
샤오펑,104,6.0146,0.0010,0.0709,6.0146
샤오펑,27,5.7488,0.0004,0.0677,5.7488
샤오펑,108,5.3455,0.0017,0.0630,5.3455
샤오펑,2,5.3038,0.0008,0.0625,5.3038
샤오펑,109,5.3038,0.0020,0.0625,5.3038
샤오펑,81,5.1053,0.0006,0.0602,5.1053
샤오펑,114,5.1053,0.0017,0.0602,5.1053
샤오펑,123,5.1053,0.0005,0.0602,5.1053
샤오펑,58,4.7696,0.0009,0.0562,4.7696
샤오펑,42,4.4764,0.0006,0.0528,4.4764
샤오펑,9,4.3435,0.0005,0.0512,4.3435
샤오펑,79,4.3435,0.0007,0.0512,4.3435
샤오펑,46,4.3116,0.0005,0.0508,4.3116
샤오펑,99,4.2925,0.0065,0.0506,4.2925
샤오펑,61,4.2801,0.0008,0.0504,4.2801
샤오펑,35,3.9423,0.0006,0.0465,3.9423
샤오펑,40,3.7884,0.0007,0.0446,3.7884
샤오펑,57,3.7884,0.0007,0.0446,3.7884
샤오펑,106,3.7884,0.0007,0.0446,3.7884
샤오펑,33,3.6741,0.0012,0.0433,3.6741
샤오펑,51,3.5155,0.0004,0.0414,3.5155
샤오펑,103,3.4904,0.0004,0.0411,3.4904
샤오펑,66,3.3162,0.0029,0.0391,3.3162
샤오펑,4,3.1538,0.0007,0.0372,3.1538
샤오펑,23,3.1538,0.0006,0.0372,3.1538
샤오펑,110,3.1034,0.0013,0.0366,3.1034
샤오펑,69,3.0787,0.0006,0.0363,3.0787
샤오펑,63,3.0545,0.0011,0.0360,3.0545
샤오펑,55,3.0073,0.0004,0.0354,3.0073
샤오펑,37,2.9173,0.0003,0.0344,2.9173
샤오펑,45,2.4659,0.0016,0.0291,2.4659
샤오펑,121,2.4659,0.0014,0.0291,2.4659
샤오펑,3,2.4045,0.0008,0.0283,2.4045
샤오펑,124,2.3091,0.0005,0.0272,2.3091
샤오펑,15,2.2731,0.0004,0.0268,2.2731
샤오펑,36,2.2731,0.0010,0.0268,2.2731
샤오펑,65,2.2555,0.0012,0.0266,2.2555
샤오펑,117,2.2555,0.0012,0.0266,2.2555
샤오펑,116,2.2045,0.0006,0.0260,2.2045
샤오펑,20,2.1880,0.0004,0.0258,2.1880
샤오펑,17,2.1718,0.0006,0.0256,2.1718
샤오펑,52,2.1718,0.0003,0.0256,2.1718
샤오펑,28,2.1558,0.0004,0.0254,2.1558
샤오펑,48,1.8872,0.0012,0.0222,1.8872
샤오펑,84,1.8504,0.0020,0.0218,1.8504
샤오펑,41,1.8151,0.0009,0.0214,1.8151
샤오펑,71,1.6872,0.0014,0.0199,1.6872
샤오펑,87,1.6725,0.0006,0.0197,1.6725
샤오펑,7,1.6581,0.0008,0.0195,1.6581
샤오펑,97,1.5642,0.0004,0.0184,1.5642
샤오펑,98,1.5037,0.0004,0.0177,1.5037
샤오펑,39,1.4808,0.0004,0.0175,1.4808
샤오펑,120,0.9829,0.0019,0.0116,0.9829
샤오펑,67,0.9628,0.0024,0.0113,0.9628
샤오펑,49,0.9076,0.0005,0.0107,0.9076
샤오펑,86,0.8824,0.0011,0.0104,0.8824
샤오펑,8,0.8511,0.0003,0.0100,0.8511
샤오펑,76,0.8362,0.0005,0.0099,0.8362
샤오펑,91,0.8362,0.0004,0.0099,0.8362
샤오펑,105,0.8362,0.0005,0.0099,0.8362
샤오펑,73,0.7821,0.0003,0.0092,0.7821
샤오펑,31,0.7758,0.0003,0.0091,0.7758
샤오펑,90,0.7636,0.0004,0.0090,0.7636
샤오펑,119,0.7636,0.0004,0.0090,0.7636
샤오펑,122,0.7518,0.0002,0.0089,0.7518
샤오펑,72,0.7461,0.0002,0.0088,0.7461
샤오펑,82,0.7461,0.0002,0.0088,0.7461
샤오펑,24,0.7404,0.0001,0.0087,0.7404
샤프,1,59.2080,0.0038,0.4021,59.2080
샤프,0,49.5562,0.0018,0.3366,49.5562
샤프,56,41.7829,0.0033,0.2838,41.7829
샤프,118,36.1959,0.0032,0.2458,36.1959
샤프,19,34.7481,0.0039,0.2360,34.7481
샤프,27,31.6181,0.0025,0.2147,31.6181
샤프,78,31.5973,0.0049,0.2146,31.5973
샤프,123,30.6317,0.0032,0.2080,30.6317
샤프,81,26.2558,0.0031,0.1783,26.2558
샤프,89,22.0250,0.0023,0.1496,22.0250
샤프,70,21.7176,0.0024,0.1475,21.7176
샤프,42,21.6360,0.0030,0.1469,21.6360
샤프,55,20.2994,0.0024,0.1379,20.2994
샤프,26,19.6998,0.0041,0.1338,19.6998
샤프,12,19.4081,0.0013,0.1318,19.4081
샤프,37,18.9625,0.0020,0.1288,18.9625
샤프,68,17.6357,0.0021,0.1198,17.6357
샤프,15,15.1537,0.0029,0.1029,15.1537
샤프,106,14.3960,0.0028,0.0978,14.3960
샤프,113,14.1753,0.0034,0.0963,14.1753
샤프,101,14.1637,0.0019,0.0962,14.1637
샤프,50,13.7656,0.0009,0.0935,13.7656
샤프,9,13.7545,0.0015,0.0934,13.7545
샤프,20,13.1279,0.0025,0.0892,13.1279
샤프,47,12.2182,0.0029,0.0830,12.2182
샤프,4,11.8269,0.0025,0.0803,11.8269
샤프,85,11.5453,0.0029,0.0784,11.5453
샤프,51,11.2496,0.0012,0.0764,11.2496
샤프,57,10.6076,0.0019,0.0720,10.6076
샤프,104,10.5256,0.0017,0.0715,10.5256
샤프,6,10.4450,0.0021,0.0709,10.4450
샤프,72,10.4450,0.0023,0.0709,10.4450
샤프,82,10.4450,0.0021,0.0709,10.4450
샤프,2,9.8499,0.0015,0.0669,9.8499
샤프,10,9.7732,0.0010,0.0664,9.7732
샤프,39,9.6252,0.0025,0.0654,9.6252
샤프,28,9.3417,0.0018,0.0634,9.3417
샤프,16,9.2064,0.0018,0.0625,9.2064
샤프,22,8.8848,0.0013,0.0603,8.8848
샤프,24,8.8848,0.0013,0.0603,8.8848
샤프,46,8.6231,0.0010,0.0586,8.6231
샤프,61,8.5602,0.0015,0.0581,8.5602
샤프,103,8.3770,0.0011,0.0569,8.3770
샤프,75,8.2068,0.0019,0.0557,8.2068
샤프,111,8.2068,0.0026,0.0557,8.2068
샤프,33,7.3482,0.0023,0.0499,7.3482
샤프,116,7.3482,0.0021,0.0499,7.3482
샤프,17,7.2392,0.0021,0.0492,7.2392
샤프,54,7.2392,0.0016,0.0492,7.2392
샤프,43,7.1335,0.0011,0.0484,7.1335
샤프,110,6.9826,0.0029,0.0474,6.9826
샤프,91,6.6900,0.0034,0.0454,6.6900
샤프,79,6.5153,0.0011,0.0442,6.5153
샤프,34,6.3737,0.0013,0.0433,6.3737
샤프,35,6.3077,0.0010,0.0428,6.3077
샤프,14,6.2383,0.0007,0.0424,6.2383
샤프,108,6.1091,0.0020,0.0415,6.1091
샤프,40,6.0615,0.0011,0.0412,6.0615
샤프,98,6.0146,0.0015,0.0408,6.0146
샤프,8,5.9574,0.0024,0.0405,5.9574
샤프,59,5.3455,0.0018,0.0363,5.3455
샤프,122,5.2628,0.0015,0.0357,5.2628
샤프,52,5.0674,0.0007,0.0344,5.0674
샤프,23,4.7307,0.0009,0.0321,4.7307
샤프,124,4.6181,0.0010,0.0314,4.6181
샤프,36,4.5461,0.0020,0.0309,4.5461
샤프,95,4.3116,0.0011,0.0293,4.3116
샤프,29,4.1885,0.0006,0.0284,4.1885
샤프,105,4.1812,0.0025,0.0284,4.1812
샤프,25,4.1099,0.0015,0.0279,4.1099
샤프,58,3.9746,0.0007,0.0270,3.9746
샤프,97,3.9105,0.0011,0.0266,3.9105
샤프,88,3.8484,0.0021,0.0261,3.8484
샤프,90,3.8182,0.0018,0.0259,3.8182
샤프,64,3.3162,0.0019,0.0225,3.3162
샤프,45,3.2879,0.0022,0.0223,3.2879
샤프,77,3.2061,0.0012,0.0218,3.2061
샤프,109,3.0307,0.0012,0.0206,3.0307
샤프,114,2.9173,0.0010,0.0198,2.9173
샤프,13,2.8593,0.0017,0.0194,2.8593
샤프,38,2.6970,0.0035,0.0183,2.6970
샤프,76,2.5087,0.0014,0.0170,2.5087
샤프,60,2.4871,0.0031,0.0169,2.4871
샤프,62,2.4871,0.0012,0.0169,2.4871
샤프,69,2.3091,0.0005,0.0157,2.3091
샤프,119,2.2909,0.0013,0.0156,2.2909
샤프,80,2.1558,0.0010,0.0146,2.1558
샤프,102,2.1093,0.0003,0.0143,2.1093
샤프,112,2.1093,0.0004,0.0143,2.1093
샤프,100,2.0943,0.0004,0.0142,2.0943
샤프,5,2.0794,0.0003,0.0141,2.0794
샤프,92,2.0077,0.0022,0.0136,2.0077
샤프,115,2.0077,0.0048,0.0136,2.0077
샤프,94,1.8686,0.0036,0.0127,1.8686
샤프,41,1.8151,0.0009,0.0123,1.8151
샤프,86,1.7648,0.0022,0.0120,1.7648
샤프,18,1.6872,0.0006,0.0115,1.6872
샤프,7,1.6581,0.0008,0.0113,1.6581
샤프,32,1.6581,0.0007,0.0113,1.6581
샤프,3,1.6030,0.0006,0.0109,1.6030
샤프,31,1.5517,0.0006,0.0105,1.5517
샤프,117,1.5037,0.0008,0.0102,1.5037
샤프,83,1.3962,0.0002,0.0095,1.3962
샤프,120,0.9829,0.0019,0.0067,0.9829
샤프,48,0.9436,0.0006,0.0064,0.9436
샤프,84,0.9252,0.0010,0.0063,0.9252
샤프,44,0.9076,0.0017,0.0062,0.9076
샤프,96,0.8511,0.0005,0.0058,0.8511
샤프,71,0.8436,0.0007,0.0057,0.8436
샤프,87,0.8362,0.0003,0.0057,0.8362
샤프,93,0.7885,0.0004,0.0054,0.7885
샤프,73,0.7821,0.0003,0.0053,0.7821
샤프,63,0.7636,0.0003,0.0052,0.7636
샤프,65,0.7518,0.0004,0.0051,0.7518
선익시스템,0,59.1922,0.0022,0.3528,59.1922
선익시스템,12,57.5312,0.0039,0.3429,57.5312
선익시스템,1,49.2211,0.0032,0.2934,49.2211
선익시스템,27,43.1156,0.0034,0.2570,43.1156
선익시스템,118,39.8155,0.0036,0.2373,39.8155
선익시스템,37,35.0077,0.0036,0.2086,35.0077
선익시스템,81,32.8197,0.0039,0.1956,32.8197
선익시스템,123,31.3611,0.0032,0.1869,31.3611
선익시스템,50,28.2195,0.0019,0.1682,28.2195
선익시스템,68,27.9232,0.0033,0.1664,27.9232
선익시스템,55,27.0659,0.0032,0.1613,27.0659
선익시스템,70,26.7850,0.0029,0.1596,26.7850
선익시스템,28,25.8694,0.0048,0.1542,25.8694
선익시스템,10,25.8292,0.0025,0.1539,25.8292
선익시스템,42,25.3664,0.0035,0.1512,25.3664
선익시스템,106,25.0036,0.0049,0.1490,25.0036
선익시스템,56,24.7865,0.0020,0.1477,24.7865
선익시스템,9,23.8893,0.0026,0.1424,23.8893
선익시스템,20,23.3385,0.0044,0.1391,23.3385
선익시스템,82,19.3978,0.0040,0.1156,19.3978
선익시스템,101,18.4128,0.0024,0.1097,18.4128
선익시스템,51,18.2805,0.0020,0.1090,18.2805
선익시스템,61,17.1204,0.0031,0.1020,17.1204
선익시스템,52,16.6501,0.0024,0.0992,16.6501
선익시스템,22,16.2888,0.0023,0.0971,16.2888
선익시스템,57,15.9114,0.0029,0.0948,15.9114
선익시스템,15,15.1537,0.0029,0.0903,15.1537
선익시스템,43,12.8403,0.0020,0.0765,12.8403
선익시스템,89,12.3891,0.0013,0.0738,12.3891
선익시스템,19,12.3066,0.0014,0.0733,12.3066
선익시스템,33,11.7571,0.0037,0.0701,11.7571
선익시스템,116,11.7571,0.0034,0.0701,11.7571
선익시스템,103,11.1694,0.0014,0.0666,11.1694
선익시스템,74,10.7313,0.0240,0.0640,10.7313
선익시스템,98,10.5256,0.0026,0.0627,10.5256
선익시스템,14,10.3972,0.0011,0.0620,10.3972
선익시스템,59,9.9273,0.0034,0.0592,9.9273
선익시스템,124,9.2362,0.0020,0.0550,9.2362
선익시스템,40,8.3345,0.0015,0.0497,8.3345
선익시스템,75,8.2068,0.0019,0.0489,8.2068
선익시스템,39,7.4040,0.0019,0.0441,7.4040
선익시스템,26,6.8192,0.0014,0.0406,6.8192
선익시스템,113,6.7146,0.0016,0.0400,6.7146
선익시스템,78,6.6134,0.0010,0.0394,6.6134
선익시스템,79,6.5153,0.0011,0.0388,6.5153
선익시스템,16,6.3737,0.0013,0.0380,6.3737
선익시스템,8,5.9574,0.0024,0.0355,5.9574
선익시스템,76,5.8537,0.0032,0.0349,5.8537
선익시스템,54,5.7914,0.0013,0.0345,5.7914
선익시스템,80,5.7488,0.0027,0.0343,5.7488
선익시스템,58,5.5645,0.0010,0.0332,5.5645
선익시스템,47,5.3455,0.0013,0.0319,5.3455
선익시스템,122,5.2628,0.0015,0.0314,5.2628
선익시스템,112,4.9217,0.0009,0.0293,4.9217
선익시스템,29,4.8866,0.0007,0.0291,4.8866
선익시스템,83,4.8866,0.0007,0.0291,4.8866
선익시스템,85,4.6181,0.0012,0.0275,4.6181
선익시스템,63,4.5818,0.0017,0.0273,4.5818
선익시스템,24,4.4424,0.0006,0.0265,4.4424
선익시스템,34,4.2491,0.0008,0.0253,4.2491
선익시스템,35,3.9423,0.0006,0.0235,3.9423
선익시스템,88,3.8484,0.0021,0.0229,3.8484
선익시스템,109,3.7884,0.0015,0.0226,3.7884
선익시스템,104,3.7592,0.0006,0.0224,3.7592
선익시스템,46,3.5930,0.0004,0.0214,3.5930
선익시스템,95,3.5930,0.0009,0.0214,3.5930
선익시스템,102,3.5155,0.0005,0.0210,3.5155
선익시스템,100,3.4904,0.0007,0.0208,3.4904
선익시스템,5,3.4657,0.0005,0.0207,3.4657
선익시스템,96,3.4042,0.0021,0.0203,3.4042
선익시스템,25,3.2879,0.0012,0.0196,3.2879
선익시스템,23,3.1538,0.0006,0.0188,3.1538
선익시스템,97,3.1284,0.0008,0.0186,3.1284
선익시스템,17,2.8957,0.0008,0.0173,2.8957
선익시스템,94,2.8029,0.0054,0.0167,2.8029
선익시스템,86,2.6472,0.0033,0.0158,2.6472
선익시스템,62,2.4871,0.0012,0.0148,2.4871
선익시스템,31,2.3275,0.0009,0.0139,2.3275
선익시스템,110,2.3275,0.0010,0.0139,2.3275
선익시스템,90,2.2909,0.0011,0.0137,2.2909
선익시스템,108,2.2909,0.0007,0.0137,2.2909
선익시스템,2,2.2731,0.0003,0.0135,2.2731
선익시스템,65,2.2555,0.0012,0.0134,2.2555
선익시스템,117,2.2555,0.0012,0.0134,2.2555
선익시스템,72,2.2382,0.0005,0.0133,2.2382
선익시스템,114,2.1880,0.0007,0.0130,2.1880
선익시스템,11,1.8686,0.0007,0.0111,1.8686
선익시스템,44,1.8151,0.0034,0.0108,1.8151
선익시스템,7,1.6581,0.0008,0.0099,1.6581
선익시스템,32,1.6581,0.0007,0.0099,1.6581
선익시스템,66,1.6581,0.0014,0.0099,1.6581
선익시스템,121,1.6440,0.0009,0.0098,1.6440
선익시스템,77,1.6030,0.0006,0.0096,1.6030
선익시스템,4,1.5769,0.0003,0.0094,1.5769
선익시스템,73,1.5642,0.0006,0.0093,1.5642
선익시스템,69,1.5394,0.0003,0.0092,1.5394
선익시스템,36,1.5154,0.0007,0.0090,1.5154
선익시스템,6,1.4921,0.0003,0.0089,1.4921
선익시스템,92,1.0039,0.0011,0.0060,1.0039
선익시스템,67,0.9628,0.0024,0.0057,0.9628
선익시스템,13,0.9531,0.0006,0.0057,0.9531
선익시스템,48,0.9436,0.0006,0.0056,0.9436
선익시스템,53,0.9252,0.0012,0.0055,0.9252
선익시스템,84,0.9252,0.0010,0.0055,0.9252
선익시스템,41,0.9076,0.0004,0.0054,0.9076
선익시스템,49,0.9076,0.0005,0.0054,0.9076
선익시스템,87,0.8362,0.0003,0.0050,0.8362
선익시스템,60,0.8290,0.0010,0.0049,0.8290
선익시스템,45,0.8220,0.0005,0.0049,0.8220
선익시스템,93,0.7885,0.0004,0.0047,0.7885
선익시스템,119,0.7636,0.0004,0.0046,0.7636
선익시스템,111,0.7461,0.0002,0.0044,0.7461
세미파이브,0,14.4539,0.0005,0.3817,14.4539
세미파이브,9,10.1349,0.0011,0.2676,10.1349
세미파이브,27,10.0603,0.0008,0.2656,10.0603
세미파이브,50,9.6359,0.0007,0.2544,9.6359
세미파이브,122,6.7665,0.0019,0.1787,6.7665
세미파이브,37,6.5639,0.0007,0.1733,6.5639
세미파이브,46,6.4673,0.0007,0.1708,6.4673
세미파이브,68,5.8786,0.0007,0.1552,5.8786
세미파이브,10,5.5847,0.0005,0.1475,5.5847
세미파이브,12,5.5452,0.0004,0.1464,5.5452
세미파이브,14,5.5452,0.0006,0.1464,5.5452
세미파이브,98,5.2628,0.0013,0.1390,5.2628
세미파이브,82,5.2225,0.0011,0.1379,5.2225
세미파이브,52,5.0674,0.0007,0.1338,5.0674
세미파이브,70,5.0674,0.0006,0.1338,5.0674
세미파이브,79,5.0674,0.0009,0.1338,5.0674
세미파이브,89,4.8180,0.0005,0.1272,4.8180
세미파이브,57,4.5461,0.0008,0.1200,4.5461
세미파이브,20,4.3760,0.0008,0.1155,4.3760
세미파이브,54,4.3435,0.0010,0.1147,4.3435
세미파이브,118,4.3435,0.0004,0.1147,4.3435
세미파이브,101,4.2491,0.0006,0.1122,4.2491
세미파이브,51,4.2186,0.0005,0.1114,4.2186
세미파이브,102,4.2186,0.0006,0.1114,4.2186
세미파이브,29,4.1885,0.0006,0.1106,4.1885
세미파이브,103,4.1885,0.0005,0.1106,4.1885
세미파이브,5,4.1589,0.0006,0.1098,4.1589
세미파이브,47,3.8182,0.0009,0.1008,3.8182
세미파이브,63,3.8182,0.0014,0.1008,3.8182
세미파이브,72,3.7303,0.0008,0.0985,3.7303
세미파이브,123,3.6466,0.0004,0.0963,3.6466
세미파이브,28,3.5930,0.0007,0.0949,3.5930
세미파이브,61,3.5667,0.0006,0.0942,3.5667
세미파이브,34,3.5409,0.0007,0.0935,3.5409
세미파이브,112,3.5155,0.0006,0.0928,3.5155
세미파이브,83,3.4904,0.0005,0.0922,3.4904
세미파이브,100,3.4904,0.0007,0.0922,3.4904
세미파이브,85,3.0787,0.0008,0.0813,3.0787
세미파이브,124,3.0787,0.0007,0.0813,3.0787
세미파이브,2,3.0307,0.0004,0.0800,3.0307
세미파이브,40,3.0307,0.0005,0.0800,3.0307
세미파이브,65,3.0073,0.0017,0.0794,3.0073
세미파이브,117,3.0073,0.0016,0.0794,3.0073
세미파이브,6,2.9843,0.0006,0.0788,2.9843
세미파이브,95,2.8744,0.0007,0.0759,2.8744
세미파이브,1,2.8534,0.0002,0.0753,2.8534
세미파이브,16,2.8327,0.0006,0.0748,2.8327
세미파이브,56,2.8327,0.0002,0.0748,2.8327
세미파이브,105,2.5087,0.0015,0.0662,2.5087
세미파이브,64,2.4871,0.0014,0.0657,2.4871
세미파이브,73,2.3463,0.0009,0.0620,2.3463
세미파이브,69,2.3091,0.0005,0.0610,2.3091
세미파이브,59,2.2909,0.0008,0.0605,2.2909
세미파이브,15,2.2731,0.0004,0.0600,2.2731
세미파이브,55,2.2555,0.0003,0.0596,2.2555
세미파이브,42,2.2382,0.0003,0.0591,2.2382
세미파이브,22,2.2212,0.0003,0.0587,2.2212
세미파이브,24,2.2212,0.0003,0.0587,2.2212
세미파이브,81,2.1880,0.0003,0.0578,2.1880
세미파이브,80,2.1558,0.0010,0.0569,2.1558
세미파이브,43,2.1400,0.0003,0.0565,2.1400
세미파이브,44,1.8151,0.0034,0.0479,1.8151
세미파이브,66,1.6581,0.0014,0.0438,1.6581
세미파이브,58,1.5899,0.0003,0.0420,1.5899
세미파이브,97,1.5642,0.0004,0.0413,1.5642
세미파이브,108,1.5273,0.0005,0.0403,1.5273
세미파이브,119,1.5273,0.0008,0.0403,1.5273
세미파이브,36,1.5154,0.0007,0.0400,1.5154
세미파이브,113,1.4921,0.0004,0.0394,1.4921
세미파이브,39,1.4808,0.0004,0.0391,1.4808
세미파이브,116,1.4696,0.0004,0.0388,1.4696
세미파이브,86,0.8824,0.0011,0.0233,0.8824
세미파이브,18,0.8436,0.0003,0.0223,0.8436
세미파이브,7,0.8290,0.0004,0.0219,0.8290
세미파이브,62,0.8290,0.0004,0.0219,0.8290
세미파이브,77,0.8015,0.0003,0.0212,0.8015
세미파이브,23,0.7885,0.0002,0.0208,0.7885
세미파이브,35,0.7885,0.0001,0.0208,0.7885
세미파이브,31,0.7758,0.0003,0.0205,0.7758
세미파이브,88,0.7697,0.0004,0.0203,0.7697
세미파이브,26,0.7577,0.0002,0.0200,0.7577
세미파이브,106,0.7577,0.0001,0.0200,0.7577
세미파이브,109,0.7577,0.0003,0.0200,0.7577
세미파이브,104,0.7518,0.0001,0.0199,0.7518
세미파이브,111,0.7461,0.0002,0.0197,0.7461
세미파이브,33,0.7348,0.0002,0.0194,0.7348
세미파이브,78,0.7348,0.0001,0.0194,0.7348
세미파이브,114,0.7293,0.0002,0.0193,0.7293
세미파이브,17,0.7239,0.0002,0.0191,0.7239
세미파이브,19,0.7239,0.0001,0.0191,0.7239
소니,0,122.5140,0.0045,0.3713,122.5140
소니,26,94.7107,0.0197,0.2870,94.7107
소니,1,92.0221,0.0060,0.2789,92.0221
소니,19,70.9440,0.0079,0.2150,70.9440
소니,56,67.2776,0.0054,0.2039,67.2776
소니,118,60.8092,0.0054,0.1843,60.8092
소니,35,55.9805,0.0086,0.1696,55.9805
소니,78,55.8463,0.0086,0.1692,55.8463
소니,89,55.7508,0.0057,0.1689,55.7508
소니,27,49.5830,0.0039,0.1503,49.5830
소니,111,48.4945,0.0151,0.1470,48.4945
소니,2,47.7342,0.0070,0.1447,47.7342
소니,55,45.8617,0.0054,0.1390,45.8617
소니,123,45.2183,0.0047,0.1370,45.2183
소니,12,44.3614,0.0030,0.1344,44.3614
소니,23,44.1536,0.0086,0.1338,44.1536
소니,50,44.0500,0.0030,0.1335,44.0500
소니,16,43.9075,0.0086,0.1331,43.9075
소니,51,38.6704,0.0042,0.1172,38.6704
소니,70,37.6438,0.0041,0.1141,37.6438
소니,79,37.6438,0.0065,0.1141,37.6438
소니,37,37.1957,0.0039,0.1127,37.1957
소니,46,36.6483,0.0042,0.1111,36.6483
소니,81,35.0077,0.0042,0.1061,35.0077
소니,58,31.7972,0.0058,0.0964,31.7972
소니,18,31.2125,0.0103,0.0946,31.2125
소니,22,30.3564,0.0043,0.0920,30.3564
소니,68,30.1276,0.0036,0.0913,30.1276
소니,10,30.0177,0.0029,0.0910,30.0177
소니,43,29.2473,0.0046,0.0886,29.2473
소니,4,29.1729,0.0062,0.0884,29.1729
소니,14,28.4190,0.0030,0.0861,28.4190
소니,119,28.2546,0.0157,0.0856,28.2546
소니,101,27.6192,0.0036,0.0837,27.6192
소니,42,27.6046,0.0038,0.0837,27.6046
소니,113,26.8585,0.0065,0.0814,26.8585
소니,103,26.5272,0.0034,0.0804,26.5272
소니,97,25.8091,0.0069,0.0782,25.8091
소니,104,24.8104,0.0041,0.0752,24.8104
소니,9,24.6132,0.0027,0.0746,24.6132
소니,6,23.1282,0.0047,0.0701,23.1282
소니,124,23.0906,0.0050,0.0700,23.0906
소니,61,22.8272,0.0041,0.0692,22.8272
소니,106,22.7306,0.0045,0.0689,22.7306
소니,29,21.6406,0.0033,0.0656,21.6406
소니,57,21.2152,0.0039,0.0643,21.2152
소니,73,21.1166,0.0079,0.0640,21.1166
소니,8,20.4252,0.0082,0.0619,20.4252
소니,100,20.2445,0.0038,0.0613,20.2445
소니,32,19.8972,0.0080,0.0603,19.8972
소니,15,19.6998,0.0038,0.0597,19.6998
소니,17,19.5458,0.0056,0.0592,19.5458
소니,47,19.0909,0.0046,0.0579,19.0909
소니,40,18.9421,0.0034,0.0574,18.9421
소니,69,18.4725,0.0039,0.0560,18.4725
소니,3,18.4348,0.0064,0.0559,18.4348
소니,20,18.2332,0.0034,0.0553,18.2332
소니,93,18.1345,0.0099,0.0550,18.1345
소니,110,17.8443,0.0075,0.0541,17.8443
소니,28,17.2463,0.0032,0.0523,17.2463
소니,54,16.6501,0.0037,0.0505,16.6501
소니,95,16.5277,0.0043,0.0501,16.5277
소니,82,15.6675,0.0032,0.0475,15.6675
소니,72,14.9214,0.0033,0.0452,14.9214
소니,85,14.6241,0.0037,0.0443,14.6241
소니,114,14.5865,0.0048,0.0442,14.5865
소니,52,14.4784,0.0020,0.0439,14.4784
소니,5,13.8629,0.0021,0.0420,13.8629
소니,34,13.4555,0.0027,0.0408,13.4555
소니,75,13.4293,0.0032,0.0407,13.4293
소니,24,13.3272,0.0019,0.0404,13.3272
소니,116,13.2268,0.0038,0.0401,13.2268
소니,108,12.2182,0.0040,0.0370,12.2182
소니,77,12.0227,0.0044,0.0364,12.0227
소니,112,11.9527,0.0021,0.0362,11.9527
소니,31,11.6376,0.0045,0.0353,11.6376
소니,25,11.5077,0.0043,0.0349,11.5077
소니,36,11.3653,0.0049,0.0344,11.3653
소니,11,11.2117,0.0043,0.0340,11.2117
소니,33,11.0223,0.0035,0.0334,11.0223
소니,102,10.5465,0.0014,0.0320,10.5465
소니,98,10.5256,0.0026,0.0319,10.5256
소니,83,10.4713,0.0014,0.0317,10.4713
소니,63,9.9273,0.0037,0.0301,9.9273
소니,39,9.6252,0.0025,0.0292,9.6252
소니,84,9.2521,0.0102,0.0280,9.2521
소니,105,9.1987,0.0055,0.0279,9.1987
소니,62,9.1195,0.0043,0.0276,9.1195
소니,64,9.1195,0.0053,0.0276,9.1195
소니,41,9.0756,0.0043,0.0275,9.0756
소니,94,8.4088,0.0163,0.0255,8.4088
소니,30,8.0910,0.0027,0.0245,8.0910
소니,21,7.8630,0.0070,0.0238,7.8630
소니,90,7.6364,0.0037,0.0231,7.6364
소니,65,7.5183,0.0042,0.0228,7.5183
소니,117,7.5183,0.0040,0.0228,7.5183
소니,122,7.5183,0.0021,0.0228,7.5183
소니,121,7.3978,0.0041,0.0224,7.3978
소니,80,6.4673,0.0031,0.0196,6.4673
소니,109,6.0615,0.0023,0.0184,6.0615
소니,87,5.8537,0.0022,0.0177,5.8537
소니,91,5.8537,0.0029,0.0177,5.8537
소니,7,5.8033,0.0027,0.0176,5.8033
소니,59,5.3455,0.0018,0.0162,5.3455
소니,86,5.2943,0.0066,0.0160,5.2943
소니,71,5.0615,0.0042,0.0153,5.0615
소니,13,4.7655,0.0028,0.0144,4.7655
소니,48,4.7180,0.0030,0.0143,4.7180
소니,53,4.6260,0.0060,0.0140,4.6260
소니,76,4.1812,0.0023,0.0127,4.1812
소니,45,4.1099,0.0027,0.0125,4.1099
소니,92,4.0155,0.0045,0.0122,4.0155
소니,88,3.8484,0.0021,0.0117,3.8484
소니,66,3.3162,0.0029,0.0100,3.3162
소니,115,3.0116,0.0072,0.0091,3.0116
소니,44,2.7227,0.0051,0.0083,2.7227
소니,49,2.7227,0.0016,0.0083,2.7227
소니,60,2.4871,0.0031,0.0075,2.4871
소니,99,2.1463,0.0033,0.0065,2.1463
소니,120,1.9658,0.0038,0.0060,1.9658
소니,74,1.0731,0.0024,0.0033,1.0731
소니,67,0.9628,0.0024,0.0029,0.9628
소니,38,0.8990,0.0012,0.0027,0.8990
소니,96,0.8511,0.0005,0.0026,0.8511
아마존,0,271.8710,0.0099,0.3615,271.8710
아마존,83,259.6878,0.0347,0.3453,259.6878
아마존,24,221.3796,0.0314,0.2943,221.3796
아마존,51,173.6651,0.0189,0.2309,173.6651
아마존,50,165.1874,0.0113,0.2196,165.1874
아마존,9,157.8143,0.0171,0.2098,157.8143
아마존,102,145.5412,0.0199,0.1935,145.5412
아마존,12,143.4815,0.0096,0.1908,143.4815
아마존,52,128.1336,0.0181,0.1704,128.1336
아마존,43,116.2760,0.0185,0.1546,116.2760
아마존,14,115.7556,0.0122,0.1539,115.7556
아마존,27,111.3820,0.0087,0.1481,111.3820
아마존,89,107.3718,0.0110,0.1428,107.3718
아마존,10,96.3358,0.0094,0.1281,96.3358
아마존,101,95.6050,0.0125,0.1271,95.6050
아마존,68,95.5266,0.0113,0.1270,95.5266
아마존,56,89.9395,0.0072,0.1196,89.9395
아마존,5,89.4160,0.0135,0.1189,89.4160
아마존,112,84.3717,0.0146,0.1122,84.3717
아마존,29,83.0722,0.0127,0.1105,83.0722
아마존,72,82.8137,0.0184,0.1101,82.8137
아마존,103,78.8837,0.0101,0.1049,78.8837
아마존,124,77.7384,0.0168,0.1034,77.7384
아마존,82,77.5912,0.0159,0.1032,77.5912
아마존,79,73.8397,0.0127,0.0982,73.8397
아마존,118,72.3919,0.0065,0.0963,72.3919
아마존,95,71.1408,0.0186,0.0946,71.1408
아마존,34,67.9858,0.0135,0.0904,67.9858
아마존,100,65.6200,0.0122,0.0872,65.6200
아마존,1,64.9148,0.0042,0.0863,64.9148
아마존,35,63.0766,0.0097,0.0839,63.0766
아마존,58,59.6197,0.0108,0.0793,59.6197
아마존,37,59.0755,0.0061,0.0785,59.0755
아마존,59,58.8001,0.0200,0.0782,58.8001
아마존,46,56.7689,0.0065,0.0755,56.7689
아마존,122,52.6281,0.0147,0.0700,52.6281
아마존,98,51.8763,0.0130,0.0690,51.8763
아마존,17,47.7786,0.0137,0.0635,47.7786
아마존,16,47.4484,0.0093,0.0631,47.4484
아마존,19,47.0547,0.0053,0.0626,47.0547
아마존,78,44.8240,0.0069,0.0596,44.8240
아마존,2,44.7035,0.0066,0.0594,44.7035
아마존,42,44.0181,0.0061,0.0585,44.0181
아마존,26,41.6727,0.0087,0.0554,41.6727
아마존,81,40.8423,0.0049,0.0543,40.8423
아마존,91,39.3037,0.0197,0.0523,39.3037
아마존,23,38.6344,0.0075,0.0514,38.6344
아마존,97,38.3226,0.0103,0.0510,38.3226
아마존,39,35.5392,0.0091,0.0473,35.5392
아마존,90,34.3637,0.0166,0.0457,34.3637
아마존,96,34.0420,0.0206,0.0453,34.0420
아마존,54,34.0242,0.0075,0.0452,34.0242
아마존,104,33.8324,0.0056,0.0450,33.8324
아마존,76,33.4499,0.0182,0.0445,33.4499
아마존,40,33.3382,0.0059,0.0443,33.3382
아마존,88,33.0966,0.0182,0.0440,33.0966
아마존,111,32.8271,0.0102,0.0436,32.8271
아마존,55,30.8251,0.0037,0.0410,30.8251
아마존,69,30.7875,0.0064,0.0409,30.7875
아마존,75,30.5889,0.0073,0.0407,30.5889
아마존,114,29.9024,0.0099,0.0398,29.9024
아마존,113,29.0967,0.0071,0.0387,29.0967
아마존,73,28.9375,0.0108,0.0385,28.9375
아마존,61,28.5340,0.0051,0.0379,28.5340
아마존,70,28.2328,0.0031,0.0375,28.2328
아마존,28,25.1508,0.0047,0.0334,25.1508
아마존,20,24.0678,0.0045,0.0320,24.0678
아마존,93,23.6537,0.0128,0.0314,23.6537
아마존,109,23.4883,0.0090,0.0312,23.4883
아마존,30,23.3740,0.0079,0.0311,23.3740
아마존,32,23.2134,0.0094,0.0309,23.2134
아마존,18,21.9331,0.0073,0.0292,21.9331
아마존,87,21.7424,0.0083,0.0289,21.7424
아마존,6,21.6360,0.0044,0.0288,21.6360
아마존,123,20.4212,0.0021,0.0272,20.4212
아마존,15,18.9421,0.0036,0.0252,18.9421
아마존,22,18.5100,0.0026,0.0246,18.5100
아마존,48,17.9285,0.0114,0.0238,17.9285
아마존,41,17.2436,0.0081,0.0229,17.2436
아마존,62,15.7519,0.0075,0.0209,15.7519
아마존,25,15.6176,0.0058,0.0208,15.6176
아마존,31,14.7409,0.0058,0.0196,14.7409
아마존,106,14.3960,0.0028,0.0191,14.3960
아마존,64,14.0938,0.0082,0.0187,14.0938
아마존,110,13.9651,0.0058,0.0186,13.9651
아마존,60,13.2648,0.0166,0.0176,13.2648
아마존,80,12.9347,0.0062,0.0172,12.9347
아마존,3,12.8242,0.0044,0.0171,12.8242
아마존,8,12.7658,0.0051,0.0170,12.7658
아마존,71,12.6537,0.0105,0.0168,12.6537
아마존,66,12.4357,0.0107,0.0165,12.4357
아마존,45,12.3297,0.0081,0.0164,12.3297
아마존,121,12.3297,0.0068,0.0164,12.3297
아마존,65,12.0293,0.0066,0.0160,12.0293
아마존,117,12.0293,0.0063,0.0160,12.0293
아마존,36,11.3653,0.0049,0.0151,11.3653
아마존,11,11.2117,0.0043,0.0149,11.2117
아마존,92,11.0425,0.0123,0.0147,11.0425
아마존,77,10.4197,0.0038,0.0139,10.4197
아마존,4,10.2499,0.0022,0.0136,10.2499
아마존,44,9.9831,0.0189,0.0133,9.9831
아마존,84,9.2521,0.0102,0.0123,9.2521
아마존,85,9.2362,0.0023,0.0123,9.2362
아마존,105,9.1987,0.0055,0.0122,9.1987
아마존,119,9.1636,0.0051,0.0122,9.1636
아마존,49,9.0756,0.0055,0.0121,9.0756
아마존,33,8.8178,0.0028,0.0117,8.8178
아마존,57,8.3345,0.0015,0.0111,8.3345
아마존,108,7.6364,0.0025,0.0102,7.6364
아마존,47,6.8727,0.0016,0.0091,6.8727
아마존,13,6.6717,0.0039,0.0089,6.6717
아마존,116,6.6134,0.0019,0.0088,6.6134
아마존,86,6.1767,0.0077,0.0082,6.1767
아마존,120,5.8973,0.0113,0.0078,5.8973
아마존,63,5.3455,0.0020,0.0071,5.3455
아마존,7,4.9743,0.0023,0.0066,4.9743
아마존,38,4.4950,0.0058,0.0060,4.4950
아마존,94,3.7372,0.0072,0.0050,3.7372
아마존,53,3.7008,0.0048,0.0049,3.7008
아마존,99,3.2194,0.0049,0.0043,3.2194
아마존,115,3.0116,0.0072,0.0040,3.0116
아마존,21,2.9486,0.0026,0.0039,2.9486
아마존,67,2.8884,0.0072,0.0038,2.8884
아마존,74,2.1463,0.0048,0.0029,2.1463
아이씨디,12,51.2929,0.0034,0.4790,51.2929
아이씨디,0,36.4789,0.0013,0.3406,36.4789
아이씨디,10,35.6024,0.0035,0.3325,35.6024
아이씨디,1,23.5405,0.0015,0.2198,23.5405
아이씨디,27,22.9950,0.0018,0.2147,22.9950
아이씨디,50,22.7133,0.0016,0.2121,22.7133
아이씨디,118,20.9936,0.0019,0.1960,20.9936
아이씨디,28,18.6834,0.0035,0.1745,18.6834
아이씨디,68,15.4312,0.0018,0.1441,15.4312
아이씨디,103,15.3579,0.0020,0.1434,15.3579
아이씨디,20,15.3159,0.0029,0.1430,15.3159
아이씨디,56,14.8719,0.0012,0.1389,14.8719
아이씨디,123,14.5865,0.0015,0.1362,14.5865
아이씨디,70,14.4784,0.0016,0.1352,14.4784
아이씨디,74,13.9507,0.0312,0.1303,13.9507
아이씨디,37,13.1279,0.0014,0.1226,13.1279
아이씨디,9,13.0305,0.0014,0.1217,13.0305
아이씨디,61,12.8403,0.0023,0.1199,12.8403
아이씨디,81,12.3986,0.0015,0.1158,12.3986
아이씨디,106,11.3653,0.0022,0.1061,11.3653
아이씨디,101,11.3310,0.0015,0.1058,11.3310
아이씨디,55,11.2775,0.0013,0.1053,11.2775
아이씨디,42,11.1910,0.0015,0.1045,11.1910
아이씨디,51,9.8434,0.0011,0.0919,9.8434
아이씨디,122,9.7738,0.0027,0.0913,9.7738
아이씨디,14,9.0109,0.0010,0.0841,9.0109
아이씨디,33,8.0830,0.0026,0.0755,8.0830
아이씨디,116,8.0830,0.0023,0.0755,8.0830
아이씨디,52,7.2392,0.0010,0.0676,7.2392
아이씨디,82,6.7146,0.0014,0.0627,6.7146
아이씨디,79,6.5153,0.0011,0.0608,6.5153
아이씨디,46,6.4673,0.0007,0.0604,6.4673
아이씨디,43,6.4201,0.0010,0.0600,6.4201
아이씨디,15,6.0615,0.0012,0.0566,6.0615
아이씨디,54,5.7914,0.0013,0.0541,5.7914
아이씨디,25,5.7539,0.0021,0.0537,5.7539
아이씨디,80,5.7488,0.0027,0.0537,5.7488
아이씨디,40,5.3038,0.0009,0.0495,5.3038
아이씨디,22,5.1828,0.0007,0.0484,5.1828
아이씨디,35,4.7307,0.0007,0.0442,4.7307
아이씨디,57,4.5461,0.0008,0.0425,4.5461
아이씨디,75,4.4764,0.0011,0.0418,4.4764
아이씨디,24,4.4424,0.0006,0.0415,4.4424
아이씨디,121,4.1099,0.0023,0.0384,4.1099
아이씨디,72,3.7303,0.0008,0.0348,3.7303
아이씨디,78,3.6741,0.0006,0.0343,3.6741
아이씨디,19,3.6196,0.0004,0.0338,3.6196
아이씨디,34,3.5409,0.0007,0.0331,3.5409
아이씨디,89,3.4414,0.0004,0.0321,3.4414
아이씨디,58,3.1797,0.0006,0.0297,3.1797
아이씨디,36,3.0307,0.0013,0.0283,3.0307
아이씨디,104,3.0073,0.0005,0.0281,3.0073
아이씨디,16,2.8327,0.0006,0.0265,2.8327
아이씨디,29,2.7923,0.0004,0.0261,2.7923
아이씨디,53,2.7756,0.0036,0.0259,2.7756
아이씨디,38,2.6970,0.0035,0.0252,2.6970
아이씨디,76,2.5087,0.0014,0.0234,2.5087
아이씨디,66,2.4871,0.0021,0.0232,2.4871
아이씨디,23,2.3654,0.0005,0.0221,2.3654
아이씨디,97,2.3463,0.0006,0.0219,2.3463
아이씨디,88,2.3091,0.0013,0.0216,2.3091
아이씨디,2,2.2731,0.0003,0.0212,2.2731
아이씨디,6,2.2382,0.0005,0.0209,2.2382
아이씨디,95,2.1558,0.0006,0.0201,2.1558
아이씨디,102,2.1093,0.0003,0.0197,2.1093
아이씨디,112,2.1093,0.0004,0.0197,2.1093
아이씨디,83,2.0943,0.0003,0.0196,2.0943
아이씨디,100,2.0943,0.0004,0.0196,2.0943
아이씨디,5,2.0794,0.0003,0.0194,2.0794
아이씨디,94,1.8686,0.0036,0.0174,1.8686
아이씨디,96,1.7021,0.0010,0.0159,1.7021
아이씨디,32,1.6581,0.0007,0.0155,1.6581
아이씨디,124,1.5394,0.0003,0.0144,1.5394
아이씨디,26,1.5154,0.0003,0.0142,1.5154
아이씨디,109,1.5154,0.0006,0.0142,1.5154
아이씨디,113,1.4921,0.0004,0.0139,1.4921
아이씨디,13,0.9531,0.0006,0.0089,0.9531
아이씨디,44,0.9076,0.0017,0.0085,0.9076
아이씨디,86,0.8824,0.0011,0.0082,0.8824
아이씨디,7,0.8290,0.0004,0.0077,0.8290
아이씨디,85,0.7697,0.0002,0.0072,0.7697
아이씨디,47,0.7636,0.0002,0.0071,0.7636
아이씨디,63,0.7636,0.0003,0.0071,0.7636
아이씨디,108,0.7636,0.0002,0.0071,0.7636
아이씨디,98,0.7518,0.0002,0.0070,0.7518
알파벳,24,173.2536,0.0246,0.3929,173.2536
알파벳,83,168.2386,0.0225,0.3815,168.2386
알파벳,0,132.1500,0.0048,0.2997,132.1500
알파벳,51,131.4792,0.0143,0.2981,131.4792
알파벳,102,99.8398,0.0137,0.2264,99.8398
알파벳,52,85.4224,0.0121,0.1937,85.4224
알파벳,50,83.9703,0.0057,0.1904,83.9703
알파벳,12,78.3256,0.0053,0.1776,78.3256
알파벳,9,74.5636,0.0081,0.1691,74.5636
알파벳,43,69.1949,0.0110,0.1569,69.1949
알파벳,14,65.1558,0.0069,0.1477,65.1558
알파벳,68,58.0508,0.0069,0.1316,58.0508
알파벳,79,57.9135,0.0100,0.1313,57.9135
알파벳,101,57.3630,0.0075,0.1301,57.3630
알파벳,124,53.8781,0.0116,0.1222,53.8781
알파벳,82,52.2249,0.0107,0.1184,52.2249
알파벳,89,50.2445,0.0051,0.1139,50.2445
알파벳,72,49.2406,0.0109,0.1117,49.2406
알파벳,27,47.4272,0.0037,0.1075,47.4272
알파벳,5,46.4409,0.0070,0.1053,46.4409
알파벳,112,43.5920,0.0076,0.0988,43.5920
알파벳,10,41.8851,0.0041,0.0950,41.8851
알파벳,29,41.1870,0.0063,0.0934,41.1870
알파벳,103,41.1870,0.0053,0.0934,41.1870
알파벳,34,41.0747,0.0082,0.0931,41.0747
알파벳,56,41.0747,0.0033,0.0931,41.0747
알파벳,35,40.9998,0.0063,0.0930,40.9998
알파벳,100,40.4890,0.0076,0.0918,40.4890
알파벳,98,39.8470,0.0100,0.0904,39.8470
알파벳,58,37.3617,0.0068,0.0847,37.3617
알파벳,76,34.2862,0.0187,0.0777,34.2862
알파벳,122,30.0732,0.0084,0.0682,30.0732
알파벳,95,28.7438,0.0075,0.0652,28.7438
알파벳,118,27.5089,0.0025,0.0624,27.5089
알파벳,46,27.3066,0.0031,0.0619,27.3066
알파벳,1,26.3939,0.0017,0.0599,26.3939
알파벳,54,25.3372,0.0056,0.0575,25.3372
알파벳,23,25.2306,0.0049,0.0572,25.2306
알파벳,59,24.4364,0.0083,0.0554,24.4364
알파벳,32,24.0424,0.0097,0.0545,24.0424
알파벳,26,23.4883,0.0049,0.0533,23.4883
알파벳,91,22.5787,0.0113,0.0512,22.5787
알파벳,96,22.1273,0.0134,0.0502,22.1273
알파벳,42,21.6360,0.0030,0.0491,21.6360
알파벳,37,21.1505,0.0022,0.0480,21.1505
알파벳,17,18.0980,0.0052,0.0410,18.0980
알파벳,97,17.9882,0.0048,0.0408,17.9882
알파벳,78,17.6357,0.0027,0.0400,17.6357
알파벳,81,17.5038,0.0021,0.0397,17.5038
알파벳,19,17.3741,0.0019,0.0394,17.3741
알파벳,88,16.9331,0.0093,0.0384,16.9331
알파벳,55,15.0366,0.0018,0.0341,15.0366
알파벳,90,14.5091,0.0070,0.0329,14.5091
알파벳,104,14.2848,0.0023,0.0324,14.2848
알파벳,16,13.4555,0.0026,0.0305,13.4555
알파벳,30,12.5860,0.0042,0.0285,12.5860
알파벳,114,12.3986,0.0041,0.0281,12.3986
알파벳,93,11.0384,0.0060,0.0250,11.0384
알파벳,75,10.4450,0.0025,0.0237,10.4450
알파벳,113,10.4450,0.0025,0.0237,10.4450
알파벳,109,9.8499,0.0038,0.0223,9.8499
알파벳,40,9.0922,0.0016,0.0206,9.0922
알파벳,45,9.0418,0.0059,0.0205,9.0418
알파벳,111,8.9528,0.0028,0.0203,8.9528
알파벳,39,8.8848,0.0023,0.0201,8.8848
알파벳,18,8.4358,0.0028,0.0191,8.4358
알파벳,70,7.9631,0.0009,0.0181,7.9631
알파벳,73,7.8209,0.0029,0.0177,7.8209
알파벳,123,7.2933,0.0008,0.0165,7.2933
알파벳,69,6.9272,0.0014,0.0157,6.9272
알파벳,25,6.5758,0.0024,0.0149,6.5758
알파벳,61,6.4201,0.0011,0.0146,6.4201
알파벳,41,6.3529,0.0030,0.0144,6.3529
알파벳,20,5.8346,0.0011,0.0132,5.8346
알파벳,60,5.8033,0.0073,0.0132,5.8033
알파벳,28,5.7488,0.0011,0.0130,5.7488
알파벳,84,5.5512,0.0061,0.0126,5.5512
알파벳,106,5.3038,0.0010,0.0120,5.3038
알파벳,22,5.1828,0.0007,0.0118,5.1828
알파벳,92,5.0193,0.0056,0.0114,5.0193
알파벳,48,4.7180,0.0030,0.0107,4.7180
알파벳,2,4.5461,0.0007,0.0103,4.5461
알파벳,15,4.5461,0.0009,0.0103,4.5461
알파벳,44,4.5378,0.0086,0.0103,4.5378
알파벳,71,4.2179,0.0035,0.0096,4.2179
알파벳,4,3.9423,0.0008,0.0089,3.9423
알파벳,36,3.7884,0.0016,0.0086,3.7884
알파벳,87,3.3450,0.0013,0.0076,3.3450
알파벳,66,3.3162,0.0029,0.0075,3.3162
알파벳,77,3.2061,0.0012,0.0073,3.2061
알파벳,57,3.0307,0.0006,0.0069,3.0307
알파벳,6,2.9843,0.0006,0.0068,2.9843
알파벳,119,2.2909,0.0013,0.0052,2.2909
알파벳,49,1.8151,0.0011,0.0041,1.8151
알파벳,8,1.7021,0.0007,0.0039,1.7021
알파벳,121,1.6440,0.0009,0.0037,1.6440
알파벳,31,1.5517,0.0006,0.0035,1.5517
알파벳,110,1.5517,0.0006,0.0035,1.5517
알파벳,63,1.5273,0.0006,0.0035,1.5273
알파벳,108,1.5273,0.0005,0.0035,1.5273
알파벳,65,1.5037,0.0008,0.0034,1.5037
알파벳,117,1.5037,0.0008,0.0034,1.5037
알파벳,33,1.4696,0.0005,0.0033,1.4696
알파벳,116,1.4696,0.0004,0.0033,1.4696
알파벳,80,1.4372,0.0007,0.0033,1.4372
알파벳,99,1.0731,0.0016,0.0024,1.0731
알파벳,21,0.9829,0.0009,0.0022,0.9829
알파벳,67,0.9628,0.0024,0.0022,0.9628
알파벳,38,0.8990,0.0012,0.0020,0.8990
알파벳,86,0.8824,0.0011,0.0020,0.8824
알파벳,105,0.8362,0.0005,0.0019,0.8362
알파벳,62,0.8290,0.0004,0.0019,0.8290
알파벳,64,0.8290,0.0005,0.0019,0.8290
알파벳,3,0.8015,0.0003,0.0018,0.8015
애플,0,1821.8798,0.0663,0.3266,1821.8798
애플,35,1703.0679,0.2628,0.3053,1703.0679
애플,23,1390.8388,0.2702,0.2493,1390.8388
애플,58,1310.8394,0.2377,0.2350,1310.8394
애플,79,1153.9266,0.1992,0.2068,1153.9266
애플,1,1112.8258,0.0723,0.1995,1112.8258
애플,27,1062.0817,0.0826,0.1904,1062.0817
애플,55,1055.5703,0.1251,0.1892,1055.5703
애플,12,835.2424,0.0560,0.1497,835.2424
애플,118,831.0588,0.0744,0.1490,831.0588
애플,2,821.3313,0.1210,0.1472,821.3313
애플,37,812.4701,0.0844,0.1456,812.4701
애플,97,809.4680,0.2178,0.1451,809.4680
애플,42,792.3259,0.1092,0.1420,792.3259
애플,123,785.4850,0.0811,0.1408,785.4850
애플,56,781.8363,0.0623,0.1401,781.8363
애플,32,775.1610,0.3131,0.1389,775.1610
애플,50,746.0966,0.0510,0.1337,746.0966
애플,9,718.1275,0.0779,0.1287,718.1275
애플,51,693.9572,0.0755,0.1244,693.9572
애플,81,687.0259,0.0818,0.1231,687.0259
애플,52,589.9939,0.0835,0.1058,589.9939
애플,24,578.9929,0.0822,0.1038,578.9929
애플,83,575.9205,0.0769,0.1032,575.9205
애플,89,573.3381,0.0587,0.1028,573.3381
애플,14,560.0629,0.0591,0.1004,560.0629
애플,124,556.4839,0.1203,0.0997,556.4839
애플,70,517.6020,0.0565,0.0928,517.6020
애플,22,504.9528,0.0720,0.0905,504.9528
애플,46,495.8298,0.0566,0.0889,495.8298
애플,68,495.2686,0.0585,0.0888,495.2686
애플,103,494.2445,0.0635,0.0886,494.2445
애플,39,473.1156,0.1207,0.0848,473.1156
애플,10,469.1134,0.0460,0.0841,469.1134
애플,19,469.0994,0.0525,0.0841,469.0994
애플,106,459.1575,0.0908,0.0823,459.1575
애플,57,428.8501,0.0781,0.0769,428.8501
애플,16,422.7865,0.0832,0.0758,422.7865
애플,101,419.9537,0.0550,0.0753,419.9537
애플,102,419.0461,0.0574,0.0751,419.0461
애플,82,411.8304,0.0841,0.0738,411.8304
애플,18,410.8236,0.1361,0.0736,410.8236
애플,100,403.4934,0.0753,0.0723,403.4934
애플,78,399.0072,0.0618,0.0715,399.0072
애플,29,393.7202,0.0603,0.0706,393.7202
애플,59,385.6367,0.1310,0.0691,385.6367
애플,15,381.8736,0.0733,0.0685,381.8736
애플,43,367.3752,0.0584,0.0659,367.3752
애플,72,354.3831,0.0786,0.0635,354.3831
애플,5,354.1982,0.0534,0.0635,354.1982
애플,98,349.6013,0.0875,0.0627,349.6013
애플,73,334.7365,0.1253,0.0600,334.7365
애플,112,325.5341,0.0565,0.0584,325.5341
애플,61,323.1475,0.0579,0.0579,323.1475
애플,26,312.9242,0.0652,0.0561,312.9242
애플,20,293.9187,0.0555,0.0527,293.9187
애플,3,292.5531,0.1010,0.0524,292.5531
애플,113,292.4593,0.0710,0.0524,292.4593
애플,34,289.6477,0.0575,0.0519,289.6477
애플,28,286.7189,0.0537,0.0514,286.7189
애플,40,278.0707,0.0494,0.0498,278.0707
애플,17,272.9174,0.0784,0.0489,272.9174
애플,69,257.0755,0.0536,0.0461,257.0755
애플,47,229.8548,0.0549,0.0412,229.8548
애플,6,227.5512,0.0461,0.0408,227.5512
애플,30,225.6488,0.0762,0.0404,225.6488
애플,75,220.8366,0.0524,0.0396,220.8366
애플,116,220.4460,0.0632,0.0395,220.4460
애플,114,213.6928,0.0708,0.0383,213.6928
애플,33,208.6888,0.0663,0.0374,208.6888
애플,95,206.9550,0.0540,0.0371,206.9550
애플,104,200.7388,0.0330,0.0360,200.7388
애플,111,197.7084,0.0616,0.0354,197.7084
애플,77,196.3712,0.0724,0.0352,196.3712
애플,122,193.9723,0.0542,0.0348,193.9723
애플,85,187.8037,0.0474,0.0337,187.8037
애플,62,185.7070,0.0882,0.0333,185.7070
애플,87,176.4483,0.0673,0.0316,176.4483
애플,54,169.3970,0.0372,0.0304,169.3970
애플,63,153.4910,0.0573,0.0275,153.4910
애플,90,148.9092,0.0717,0.0267,148.9092
애플,11,146.6866,0.0568,0.0263,146.6866
애플,49,141.5789,0.0856,0.0254,141.5789
애플,41,140.6713,0.0664,0.0252,140.6713
애플,31,139.6510,0.0545,0.0250,139.6510
애플,119,130.5819,0.0723,0.0234,130.5819
애플,93,128.5185,0.0698,0.0230,128.5185
애플,121,124.9410,0.0690,0.0224,124.9410
애플,4,122.9993,0.0261,0.0220,122.9993
애플,108,121.4183,0.0397,0.0218,121.4183
애플,7,120.2121,0.0554,0.0215,120.2121
애플,91,113.7297,0.0570,0.0204,113.7297
애플,76,107.0397,0.0583,0.0192,107.0397
애플,88,103.9078,0.0572,0.0186,103.9078
애플,117,103.0008,0.0541,0.0185,103.0008
애플,25,101.1035,0.0376,0.0181,101.1035
애플,109,99.2568,0.0382,0.0178,99.2568
애플,65,96.9862,0.0536,0.0174,96.9862
애플,110,96.9799,0.0406,0.0174,96.9799
애플,64,93.6826,0.0545,0.0168,93.6826
애플,48,92.4734,0.0590,0.0166,92.4734
애플,92,90.3480,0.1006,0.0162,90.3480
애플,105,89.4785,0.0537,0.0160,89.4785
애플,80,88.3870,0.0420,0.0158,88.3870
애플,36,85.6185,0.0371,0.0153,85.6185
애플,96,84.2540,0.0510,0.0151,84.2540
애플,53,82.3433,0.1062,0.0148,82.3433
애플,8,79.9987,0.0321,0.0143,79.9987
애플,71,70.8608,0.0590,0.0127,70.8608
애플,66,67.9820,0.0586,0.0122,67.9820
애플,45,67.4024,0.0443,0.0121,67.4024
애플,13,66.7173,0.0386,0.0120,66.7173
애플,84,63.8392,0.0703,0.0114,63.8392
애플,21,55.0411,0.0493,0.0099,55.0411
애플,38,53.0410,0.0689,0.0095,53.0410
애플,86,49.4138,0.0615,0.0089,49.4138
애플,94,43.9125,0.0851,0.0079,43.9125
애플,60,39.7944,0.0497,0.0071,39.7944
애플,99,38.6328,0.0586,0.0069,38.6328
애플,44,34.4872,0.0652,0.0062,34.4872
애플,120,32.4349,0.0624,0.0058,32.4349
애플,115,21.0812,0.0507,0.0038,21.0812
애플,74,18.2433,0.0408,0.0033,18.2433
애플,67,13.4794,0.0336,0.0024,13.4794
엔비디아,0,1144.6113,0.0416,0.3789,1144.6113
엔비디아,102,1009.6480,0.1382,0.3343,1009.6480
엔비디아,83,846.0796,0.1129,0.2801,846.0796
엔비디아,50,781.1989,0.0534,0.2586,781.1989
엔비디아,12,610.6627,0.0409,0.2022,610.6627
엔비디아,46,583.4982,0.0667,0.1932,583.4982
엔비디아,14,563.5287,0.0595,0.1866,563.5287
엔비디아,5,552.4383,0.0833,0.1829,552.4383
엔비디아,9,537.8717,0.0583,0.1781,537.8717
엔비디아,51,522.4015,0.0568,0.1729,522.4015
엔비디아,24,519.7608,0.0738,0.1721,519.7608
엔비디아,52,424.9404,0.0601,0.1407,424.9404
엔비디아,89,415.7217,0.0425,0.1376,415.7217
엔비디아,10,415.3609,0.0407,0.1375,415.3609
엔비디아,103,387.4374,0.0498,0.1283,387.4374
엔비디아,112,376.8603,0.0654,0.1248,376.8603
엔비디아,101,348.4270,0.0456,0.1154,348.4270
엔비디아,29,346.9485,0.0531,0.1149,346.9485
엔비디아,43,344.5480,0.0547,0.1141,344.5480
엔비디아,1,330.2810,0.0215,0.1093,330.2810
엔비디아,27,326.9602,0.0254,0.1082,326.9602
엔비디아,34,313.0178,0.0622,0.1036,313.0178
엔비디아,100,312.0442,0.0582,0.1033,312.0442
엔비디아,56,310.8932,0.0248,0.1029,310.8932
엔비디아,68,299.0717,0.0353,0.0990,299.0717
엔비디아,69,294.0205,0.0613,0.0973,294.0205
엔비디아,118,274.3652,0.0246,0.0908,274.3652
엔비디아,22,258.3996,0.0368,0.0855,258.3996
엔비디아,122,256.3743,0.0717,0.0849,256.3743
엔비디아,40,252.3093,0.0448,0.0835,252.3093
엔비디아,37,231.1966,0.0240,0.0765,231.1966
엔비디아,72,218.5984,0.0485,0.0724,218.5984
엔비디아,70,217.8996,0.0238,0.0721,217.8996
엔비디아,95,217.0153,0.0566,0.0718,217.0153
엔비디아,54,213.5561,0.0469,0.0707,213.5561
엔비디아,30,210.3658,0.0710,0.0696,210.3658
엔비디아,2,199.2713,0.0293,0.0660,199.2713
엔비디아,82,197.7084,0.0404,0.0655,197.7084
엔비디아,79,197.6298,0.0341,0.0654,197.6298
엔비디아,19,193.2863,0.0216,0.0640,193.2863
엔비디아,81,183.7904,0.0219,0.0608,183.7904
엔비디아,124,177.0281,0.0383,0.0586,177.0281
엔비디아,16,172.7972,0.0340,0.0572,172.7972
엔비디아,26,171.2370,0.0357,0.0567,171.2370
엔비디아,75,166.3735,0.0395,0.0551,166.3735
엔비디아,58,162.9606,0.0296,0.0539,162.9606
엔비디아,42,153.6903,0.0212,0.0509,153.6903
엔비디아,15,150.0218,0.0288,0.0497,150.0218
엔비디아,114,147.3240,0.0488,0.0488,147.3240
엔비디아,61,146.9501,0.0263,0.0486,146.9501
엔비디아,78,145.4943,0.0225,0.0482,145.4943
엔비디아,104,145.1033,0.0239,0.0480,145.1033
엔비디아,11,137.3435,0.0532,0.0455,137.3435
엔비디아,35,137.1916,0.0212,0.0454,137.1916
엔비디아,6,132.0543,0.0267,0.0437,132.0543
엔비디아,98,130.8185,0.0327,0.0433,130.8185
엔비디아,123,129.8202,0.0134,0.0430,129.8202
엔비디아,55,129.3149,0.0153,0.0428,129.3149
엔비디아,59,123.7092,0.0420,0.0410,123.7092
엔비디아,111,119.3711,0.0372,0.0395,119.3711
엔비디아,17,118.7227,0.0341,0.0393,118.7227
엔비디아,28,118.5680,0.0222,0.0393,118.5680
엔비디아,113,117.8790,0.0286,0.0390,117.8790
엔비디아,109,117.4413,0.0452,0.0389,117.4413
엔비디아,90,111.4910,0.0537,0.0369,111.4910
엔비디아,13,109.6070,0.0634,0.0363,109.6070
엔비디아,20,105.7524,0.0200,0.0350,105.7524
엔비디아,39,103.6560,0.0264,0.0343,103.6560
엔비디아,23,99.3456,0.0193,0.0329,99.3456
엔비디아,97,95.4155,0.0257,0.0316,95.4155
엔비디아,88,93.1322,0.0512,0.0308,93.1322
엔비디아,76,92.8235,0.0506,0.0307,92.8235
엔비디아,4,88.3072,0.0187,0.0292,88.3072
엔비디아,85,83.8959,0.0212,0.0278,83.8959
엔비디아,73,80.5558,0.0302,0.0267,80.5558
엔비디아,62,77.9306,0.0370,0.0258,77.9306
엔비디아,106,76.5263,0.0151,0.0253,76.5263
엔비디아,91,76.0986,0.0381,0.0252,76.0986
엔비디아,96,74.8924,0.0454,0.0248,74.8924
엔비디아,80,74.0152,0.0352,0.0245,74.0152
엔비디아,108,72.5455,0.0237,0.0240,72.5455
엔비디아,18,69.1736,0.0229,0.0229,69.1736
엔비디아,57,68.9494,0.0125,0.0228,68.9494
엔비디아,32,67.9820,0.0275,0.0225,67.9820
엔비디아,47,67.9637,0.0162,0.0225,67.9637
엔비디아,87,66.0636,0.0252,0.0219,66.0636
엔비디아,93,63.8650,0.0347,0.0211,63.8650
엔비디아,105,63.5548,0.0382,0.0210,63.5548
엔비디아,3,63.3197,0.0219,0.0210,63.3197
엔비디아,116,60.9900,0.0175,0.0202,60.9900
엔비디아,41,60.8063,0.0287,0.0201,60.8063
엔비디아,64,58.8625,0.0342,0.0195,58.8625
엔비디아,31,58.1879,0.0227,0.0193,58.1879
엔비디아,25,57.5386,0.0214,0.0190,57.5386
엔비디아,33,57.3160,0.0182,0.0190,57.3160
엔비디아,36,56.8264,0.0246,0.0188,56.8264
엔비디아,45,53.4287,0.0352,0.0177,53.4287
엔비디아,121,49.3188,0.0272,0.0163,49.3188
엔비디아,119,46.5819,0.0258,0.0154,46.5819
엔비디아,8,45.9567,0.0184,0.0152,45.9567
엔비디아,117,45.8617,0.0241,0.0152,45.8617
엔비디아,65,42.1025,0.0233,0.0139,42.1025
엔비디아,66,41.4525,0.0357,0.0137,41.4525
엔비디아,77,38.4727,0.0142,0.0127,38.4727
엔비디아,110,36.4644,0.0152,0.0121,36.4644
엔비디아,63,35.1273,0.0131,0.0116,35.1273
엔비디아,71,32.0561,0.0267,0.0106,32.0561
엔비디아,21,29.4863,0.0264,0.0098,29.4863
엔비디아,48,28.3082,0.0181,0.0094,28.3082
엔비디아,49,25.4116,0.0154,0.0084,25.4116
엔비디아,60,24.0424,0.0301,0.0080,24.0424
엔비디아,92,21.0812,0.0235,0.0070,21.0812
엔비디아,120,20.6404,0.0397,0.0068,20.6404
엔비디아,84,19.4293,0.0214,0.0064,19.4293
엔비디아,94,18.6862,0.0362,0.0062,18.6862
엔비디아,86,18.5302,0.0231,0.0061,18.5302
엔비디아,53,18.5041,0.0239,0.0061,18.5041
엔비디아,44,15.4285,0.0292,0.0051,15.4285
엔비디아,7,14.9229,0.0069,0.0049,14.9229
엔비디아,115,13.0503,0.0314,0.0043,13.0503
엔비디아,74,9.6582,0.0216,0.0032,9.6582
엔비디아,67,9.6281,0.0240,0.0032,9.6281
엔비디아,99,8.5851,0.0130,0.0028,8.5851
엔비디아,38,5.3940,0.0070,0.0018,5.3940
엔비디아,107,1.8083,0.0130,0.0006,1.8083
오포,0,97.7359,0.0036,0.3331,114.7810
오포,1,77.0418,0.0050,0.2626,90.4779
오포,2,69.7071,0.0103,0.2376,81.8640
오포,35,69.3842,0.0107,0.2365,81.4849
오포,42,68.6384,0.0095,0.2339,80.6089
오포,55,67.6648,0.0080,0.2306,79.4655
오포,23,58.3458,0.0113,0.1989,68.5214
오포,27,56.0503,0.0044,0.1910,65.8255
오포,118,52.8461,0.0047,0.1801,62.0624
오포,123,52.5115,0.0054,0.1790,61.6695
오포,58,52.4654,0.0095,0.1788,61.6153
오포,37,49.5942,0.0052,0.1690,58.2435
오포,97,46.9257,0.0126,0.1599,55.1095
오포,56,46.7402,0.0037,0.1593,54.8917
오포,12,45.0546,0.0030,0.1536,52.9121
오포,79,40.5395,0.0070,0.1382,47.6095
오포,81,40.1130,0.0048,0.1367,47.1087
오포,70,35.4720,0.0039,0.1209,41.6583
오포,19,34.0242,0.0038,0.1160,39.9580
오포,78,31.5973,0.0049,0.1077,37.1078
오포,16,30.4520,0.0060,0.1038,35.7628
오포,10,29.3196,0.0029,0.0999,34.4329
오포,9,28.9568,0.0031,0.0987,34.0068
오포,50,28.2195,0.0019,0.0962,33.1410
오포,106,27.2767,0.0054,0.0930,32.0337
오포,103,27.2253,0.0035,0.0928,31.9734
오포,124,26.9391,0.0058,0.0918,31.6372
오포,101,26.9110,0.0035,0.0917,31.6043
오포,89,26.8430,0.0027,0.0915,31.5244
오포,26,26.5190,0.0055,0.0904,31.1439
오포,18,25.3074,0.0084,0.0863,29.7210
오포,20,24.7971,0.0047,0.0845,29.1217
오포,51,24.6084,0.0027,0.0839,28.9001
오포,39,24.4332,0.0062,0.0833,28.6944
오포,46,24.4322,0.0028,0.0833,28.6932
오포,15,24.2459,0.0047,0.0826,28.4744
오포,68,22.7794,0.0027,0.0776,26.7521
오포,82,22.3821,0.0046,0.0763,26.2855
오포,57,21.9729,0.0040,0.0749,25.8050
오포,28,21.5578,0.0040,0.0735,25.3175
오포,22,20.7312,0.0030,0.0707,24.3467
오포,113,20.1439,0.0049,0.0687,23.6570
오포,3,20.0379,0.0069,0.0683,23.5325
오포,61,19.2604,0.0034,0.0656,22.6195
오포,17,18.8219,0.0054,0.0642,22.1044
오포,52,18.8219,0.0027,0.0642,22.1044
오포,6,18.6517,0.0038,0.0636,21.9046
오포,100,18.1502,0.0034,0.0619,21.3156
오포,14,18.0218,0.0019,0.0614,21.1648
오포,47,17.5637,0.0042,0.0599,20.6268
오포,116,16.9009,0.0048,0.0576,19.8484
오포,33,16.1660,0.0051,0.0551,18.9854
오포,111,15.6675,0.0049,0.0534,18.3999
오포,32,14.9229,0.0060,0.0509,17.5254
오포,85,14.6241,0.0037,0.0498,17.1745
오포,43,14.2670,0.0023,0.0486,16.7552
오포,5,13.8629,0.0021,0.0472,16.2806
오포,59,12.2182,0.0041,0.0416,14.3490
오포,73,11.7314,0.0044,0.0400,13.7774
오포,98,11.2775,0.0028,0.0384,13.2442
오포,77,11.2212,0.0041,0.0382,13.1782
오포,108,10.6909,0.0035,0.0364,12.5554
오포,119,10.6909,0.0059,0.0364,12.5554
오포,54,10.1349,0.0022,0.0345,11.9024
오포,40,9.8499,0.0018,0.0336,11.5677
오포,24,9.6252,0.0014,0.0328,11.3038
오포,71,9.2794,0.0077,0.0316,10.8977
오포,69,9.2362,0.0019,0.0315,10.8470
오포,34,9.2064,0.0018,0.0314,10.8120
오포,83,9.0751,0.0012,0.0309,10.6578
오포,72,8.9528,0.0020,0.0305,10.5142
오포,75,8.9528,0.0021,0.0305,10.5142
오포,112,8.4372,0.0015,0.0288,9.9086
오포,91,8.3625,0.0042,0.0285,9.8209
오포,95,7.9045,0.0021,0.0269,9.2831
오포,63,7.6364,0.0029,0.0260,8.9682
오포,94,7.4745,0.0145,0.0255,8.7780
오포,62,7.4614,0.0035,0.0254,8.7627
오포,114,7.2933,0.0024,0.0249,8.5652
오포,29,6.9809,0.0011,0.0238,8.1983
오포,121,6.5758,0.0036,0.0224,7.7227
오포,102,6.3279,0.0009,0.0216,7.4315
오포,109,6.0615,0.0023,0.0207,7.1186
오포,122,6.0146,0.0017,0.0205,7.0636
오포,31,5.4309,0.0021,0.0185,6.3780
오포,105,5.0175,0.0030,0.0171,5.8925
오포,64,4.9743,0.0029,0.0170,5.8418
오포,90,4.5818,0.0022,0.0156,5.3809
오포,104,4.5110,0.0007,0.0154,5.2977
오포,86,4.4119,0.0055,0.0150,5.1814
오포,80,4.3116,0.0021,0.0147,5.0635
오포,8,4.2553,0.0017,0.0145,4.9974
오포,60,4.1452,0.0052,0.0141,4.8682
오포,21,3.9315,0.0035,0.0134,4.6172
오포,110,3.8792,0.0016,0.0132,4.5557
오포,36,3.7884,0.0016,0.0129,4.4491
오포,11,3.7372,0.0014,0.0127,4.3890
오포,53,3.7008,0.0048,0.0126,4.3462
오포,84,3.7008,0.0041,0.0126,4.3462
오포,76,3.3450,0.0018,0.0114,3.9284
오포,7,3.3162,0.0015,0.0113,3.8945
오포,25,3.2879,0.0012,0.0112,3.8613
오포,4,3.1538,0.0007,0.0107,3.7039
오포,88,3.0787,0.0017,0.0105,3.6157
오포,65,3.0073,0.0017,0.0102,3.5318
오포,117,3.0073,0.0016,0.0102,3.5318
오포,120,2.9486,0.0057,0.0100,3.4629
오포,13,2.8593,0.0017,0.0097,3.3580
오포,30,2.6970,0.0009,0.0092,3.1674
오포,96,2.5532,0.0015,0.0087,2.9984
오포,66,2.4871,0.0021,0.0085,2.9209
오포,93,2.3654,0.0013,0.0081,2.7779
오포,115,2.0077,0.0048,0.0068,2.3579
오포,44,1.8151,0.0034,0.0062,2.1317
오포,45,1.6440,0.0011,0.0056,1.9307
오포,74,1.0731,0.0024,0.0037,1.2603
오포,92,1.0039,0.0011,0.0034,1.1789
오포,67,0.9628,0.0024,0.0033,1.1307
오포,48,0.9436,0.0006,0.0032,1.1082
오포,41,0.9076,0.0004,0.0031,1.0658
오포,87,0.8362,0.0003,0.0029,0.9821
원익IPS,12,95.6543,0.0064,0.4002,95.6543
원익IPS,10,92.1473,0.0090,0.3855,92.1473
원익IPS,0,79.1523,0.0029,0.3311,79.1523
원익IPS,50,61.9453,0.0042,0.2591,61.9453
원익IPS,101,49.5730,0.0065,0.2074,49.5730
원익IPS,9,48.5026,0.0053,0.2029,48.5026
원익IPS,28,43.8342,0.0082,0.1834,43.8342
원익IPS,103,40.4890,0.0052,0.1694,40.4890
원익IPS,20,39.3836,0.0074,0.1648,39.3836
원익IPS,1,36.3808,0.0024,0.1522,36.3808
원익IPS,68,33.8017,0.0040,0.1414,33.8017
원익IPS,46,32.3367,0.0037,0.1353,32.3367
원익IPS,52,31.8524,0.0045,0.1333,31.8524
원익IPS,118,31.8524,0.0029,0.1333,31.8524
원익IPS,27,31.6181,0.0025,0.1323,31.6181
원익IPS,82,30.5889,0.0062,0.1280,30.5889
원익IPS,56,26.9110,0.0021,0.1126,26.9110
원익IPS,96,26.3826,0.0160,0.1104,26.3826
원익IPS,51,25.3115,0.0028,0.1059,25.3115
원익IPS,70,24.6132,0.0027,0.1030,24.6132
원익IPS,14,24.2602,0.0026,0.1015,24.2602
원익IPS,37,24.0678,0.0025,0.1007,24.0678
원익IPS,122,24.0586,0.0067,0.1006,24.0586
원익IPS,24,23.6928,0.0034,0.0991,23.6928
원익IPS,61,23.5405,0.0042,0.0985,23.5405
원익IPS,81,19.6918,0.0023,0.0824,19.6918
원익IPS,113,17.9057,0.0043,0.0749,17.9057
원익IPS,89,17.8953,0.0018,0.0749,17.8953
원익IPS,123,17.5038,0.0018,0.0732,17.5038
원익IPS,74,17.1701,0.0384,0.0718,17.1701
원익IPS,54,16.6501,0.0037,0.0697,16.6501
원익IPS,19,15.9262,0.0018,0.0666,15.9262
원익IPS,29,15.3579,0.0024,0.0642,15.3579
원익IPS,83,14.6598,0.0020,0.0613,14.6598
원익IPS,26,14.3960,0.0030,0.0602,14.3960
원익IPS,40,14.3960,0.0026,0.0602,14.3960
원익IPS,43,14.2670,0.0023,0.0597,14.2670
원익IPS,124,13.8544,0.0030,0.0580,13.8544
원익IPS,42,13.4293,0.0019,0.0562,13.4293
원익IPS,22,13.3272,0.0019,0.0558,13.3272
원익IPS,116,13.2268,0.0038,0.0553,13.2268
원익IPS,80,12.9347,0.0062,0.0541,12.9347
원익IPS,33,12.4919,0.0040,0.0523,12.4919
원익IPS,55,12.0293,0.0014,0.0503,12.0293
원익IPS,98,11.2775,0.0028,0.0472,11.2775
원익IPS,102,11.2496,0.0015,0.0471,11.2496
원익IPS,72,10.4450,0.0023,0.0437,10.4450
원익IPS,5,10.3972,0.0016,0.0435,10.3972
원익IPS,106,9.8499,0.0019,0.0412,9.8499
원익IPS,110,9.3101,0.0039,0.0389,9.3101
원익IPS,34,9.2064,0.0018,0.0385,9.2064
원익IPS,112,9.1403,0.0016,0.0382,9.1403
원익IPS,100,9.0751,0.0017,0.0380,9.0751
원익IPS,25,9.0418,0.0034,0.0378,9.0418
원익IPS,78,8.8178,0.0014,0.0369,8.8178
원익IPS,79,8.6870,0.0015,0.0363,8.6870
원익IPS,75,8.2068,0.0019,0.0343,8.2068
원익IPS,95,7.9045,0.0021,0.0331,7.9045
원익IPS,57,7.5769,0.0014,0.0317,7.5769
원익IPS,76,7.5262,0.0041,0.0315,7.5262
원익IPS,45,7.3978,0.0049,0.0309,7.3978
원익IPS,121,7.3978,0.0041,0.0309,7.3978
원익IPS,69,6.9272,0.0014,0.0290,6.9272
원익IPS,88,6.1575,0.0034,0.0258,6.1575
원익IPS,90,6.1091,0.0029,0.0256,6.1091
원익IPS,15,6.0615,0.0012,0.0254,6.0615
원익IPS,104,6.0146,0.0010,0.0252,6.0146
원익IPS,39,5.9232,0.0015,0.0248,5.9232
원익IPS,109,5.3038,0.0020,0.0222,5.3038
원익IPS,6,5.2225,0.0011,0.0218,5.2225
원익IPS,91,5.0175,0.0025,0.0210,5.0175
원익IPS,66,4.9743,0.0043,0.0208,4.9743
원익IPS,120,4.9144,0.0095,0.0206,4.9144
원익IPS,94,4.6715,0.0091,0.0195,4.6715
원익IPS,73,3.9105,0.0015,0.0164,3.9105
원익IPS,59,3.8182,0.0013,0.0160,3.8182
원익IPS,108,3.8182,0.0012,0.0160,3.8182
원익IPS,16,3.5409,0.0007,0.0148,3.5409
원익IPS,8,3.4042,0.0014,0.0142,3.4042
원익IPS,23,3.1538,0.0006,0.0132,3.1538
원익IPS,35,3.1538,0.0005,0.0132,3.1538
원익IPS,85,3.0787,0.0008,0.0129,3.0787
원익IPS,47,3.0545,0.0007,0.0128,3.0545
원익IPS,36,3.0307,0.0013,0.0127,3.0307
원익IPS,119,2.2909,0.0013,0.0096,2.2909
원익IPS,65,2.2555,0.0012,0.0094,2.2555
원익IPS,117,2.2555,0.0012,0.0094,2.2555
원익IPS,111,2.2382,0.0007,0.0094,2.2382
원익IPS,114,2.1880,0.0007,0.0092,2.1880
원익IPS,30,1.7980,0.0006,0.0075,1.7980
원익IPS,105,1.6725,0.0010,0.0070,1.6725
원익IPS,64,1.6581,0.0010,0.0069,1.6581
원익IPS,3,1.6030,0.0006,0.0067,1.6030
원익IPS,4,1.5769,0.0003,0.0066,1.5769
원익IPS,93,1.5769,0.0009,0.0066,1.5769
원익IPS,63,1.5273,0.0006,0.0064,1.5273
원익IPS,2,1.5154,0.0002,0.0063,1.5154
원익IPS,21,0.9829,0.0009,0.0041,0.9829
원익IPS,67,0.9628,0.0024,0.0040,0.9628
원익IPS,53,0.9252,0.0012,0.0039,0.9252
원익IPS,84,0.9252,0.0010,0.0039,0.9252
원익IPS,86,0.8824,0.0011,0.0037,0.8824
원익IPS,18,0.8436,0.0003,0.0035,0.8436
원익IPS,71,0.8436,0.0007,0.0035,0.8436
원익IPS,7,0.8290,0.0004,0.0035,0.8290
원익IPS,60,0.8290,0.0010,0.0035,0.8290
원익IPS,77,0.8015,0.0003,0.0034,0.8015
원익IPS,97,0.7821,0.0002,0.0033,0.7821
원익IPS,31,0.7758,0.0003,0.0032,0.7758
원익IPS,17,0.7239,0.0002,0.0030,0.7239
인텔,0,458.3951,0.0167,0.4083,458.3951
인텔,112,314.9877,0.0546,0.2806,314.9877
인텔,50,270.4944,0.0185,0.2410,270.4944
인텔,12,243.2947,0.0163,0.2167,243.2947
인텔,1,212.5783,0.0138,0.1894,212.5783
인텔,14,194.0812,0.0205,0.1729,194.0812
인텔,10,191.2754,0.0187,0.1704,191.2754
인텔,103,173.8233,0.0223,0.1548,173.8233
인텔,27,171.7439,0.0133,0.1530,171.7439
인텔,62,171.6132,0.0815,0.1529,171.6132
인텔,15,162.1447,0.0311,0.1444,162.1447
인텔,30,153.7289,0.0519,0.1369,153.7289
인텔,118,153.4708,0.0137,0.1367,153.4708
인텔,102,146.2443,0.0200,0.1303,146.2443
인텔,9,141.8881,0.0154,0.1264,141.8881
인텔,70,141.1642,0.0154,0.1257,141.1642
인텔,51,140.6195,0.0153,0.1253,140.6195
인텔,101,139.5125,0.0183,0.1243,139.5125
인텔,83,138.9190,0.0185,0.1237,138.9190
인텔,56,137.3879,0.0109,0.1224,137.3879
인텔,89,134.9031,0.0138,0.1202,134.9031
인텔,55,127.8112,0.0152,0.1139,127.8112
인텔,37,125.4442,0.0130,0.1117,125.4442
인텔,81,124.7149,0.0149,0.1111,124.7149
인텔,123,124.7149,0.0129,0.1111,124.7149
인텔,5,120.6076,0.0182,0.1074,120.6076
인텔,13,117.2319,0.0678,0.1044,117.2319
인텔,29,114.4860,0.0175,0.1020,114.4860
인텔,42,107.4340,0.0148,0.0957,107.4340
인텔,68,102.1400,0.0121,0.0910,102.1400
인텔,11,101.8397,0.0395,0.0907,101.8397
인텔,106,99.2568,0.0196,0.0884,99.2568
인텔,43,94.1622,0.0150,0.0839,94.1622
인텔,16,92.7722,0.0182,0.0826,92.7722
인텔,34,92.7722,0.0184,0.0826,92.7722
인텔,19,92.6616,0.0104,0.0825,92.6616
인텔,46,91.9800,0.0105,0.0819,91.9800
인텔,24,91.8096,0.0130,0.0818,91.8096
인텔,100,91.4492,0.0171,0.0815,91.4492
인텔,47,88.5819,0.0211,0.0789,88.5819
인텔,61,87.0287,0.0156,0.0775,87.0287
인텔,78,85.9739,0.0133,0.0766,85.9739
인텔,52,83.2507,0.0118,0.0742,83.2507
인텔,20,83.1433,0.0157,0.0741,83.1433
인텔,85,81.5868,0.0206,0.0727,81.5868
인텔,22,80.7036,0.0115,0.0719,80.7036
인텔,28,80.4825,0.0151,0.0717,80.4825
인텔,122,80.4459,0.0225,0.0717,80.4459
인텔,114,76.5793,0.0254,0.0682,76.5793
인텔,40,71.9801,0.0128,0.0641,71.9801
인텔,95,68.2664,0.0178,0.0608,68.2664
인텔,35,67.8073,0.0105,0.0604,67.8073
인텔,39,62.9340,0.0161,0.0561,62.9340
인텔,75,61.9238,0.0147,0.0552,61.9238
인텔,121,59.1826,0.0327,0.0527,59.1826
인텔,108,58.8001,0.0192,0.0524,58.8001
인텔,57,57.5841,0.0105,0.0513,57.5841
인텔,23,57.5574,0.0112,0.0513,57.5574
인텔,54,56.4657,0.0124,0.0503,56.4657
인텔,72,55.9552,0.0124,0.0498,55.9552
인텔,111,55.9552,0.0174,0.0498,55.9552
인텔,80,54.6131,0.0260,0.0486,54.6131
인텔,2,54.5534,0.0080,0.0486,54.5534
인텔,104,53.3800,0.0088,0.0475,53.3800
인텔,26,53.0380,0.0110,0.0472,53.0380
인텔,124,50.7994,0.0110,0.0453,50.7994
인텔,109,50.0073,0.0192,0.0445,50.0073
인텔,113,49.9867,0.0121,0.0445,49.9867
인텔,79,49.9504,0.0086,0.0445,49.9504
인텔,97,49.2720,0.0133,0.0439,49.2720
인텔,82,49.2406,0.0101,0.0439,49.2406
인텔,116,47.0285,0.0135,0.0419,47.0285
인텔,69,46.9509,0.0098,0.0418,46.9509
인텔,33,45.5588,0.0145,0.0406,45.5588
인텔,32,43.9396,0.0177,0.0391,43.9396
인텔,76,42.6486,0.0232,0.0380,42.6486
인텔,93,41.7882,0.0227,0.0372,41.7882
인텔,58,40.5414,0.0074,0.0361,40.5414
인텔,17,39.0916,0.0112,0.0348,39.0916
인텔,59,35.8909,0.0122,0.0320,35.8909
인텔,3,34.4652,0.0119,0.0307,34.4652
인텔,98,29.3214,0.0073,0.0261,29.3214
인텔,31,28.7060,0.0112,0.0256,28.7060
인텔,6,28.3506,0.0057,0.0253,28.3506
인텔,119,28.2546,0.0157,0.0252,28.2546
인텔,4,27.5960,0.0058,0.0246,27.5960
인텔,36,27.2767,0.0118,0.0243,27.2767
인텔,87,26.7599,0.0102,0.0238,26.7599
인텔,60,26.5296,0.0332,0.0236,26.5296
인텔,25,25.4814,0.0095,0.0227,25.4814
인텔,21,21.6233,0.0193,0.0193,21.6233
인텔,48,20.7593,0.0132,0.0185,20.7593
인텔,64,20.7262,0.0120,0.0185,20.7262
인텔,66,20.7262,0.0179,0.0185,20.7262
인텔,73,20.3345,0.0076,0.0181,20.3345
인텔,86,20.2950,0.0252,0.0181,20.2950
인텔,105,20.0700,0.0121,0.0179,20.0700
인텔,88,20.0119,0.0110,0.0178,20.0119
인텔,7,19.8972,0.0092,0.0177,19.8972
인텔,90,19.0909,0.0092,0.0170,19.0909
인텔,91,18.3975,0.0092,0.0164,18.3975
인텔,94,17.7519,0.0344,0.0158,17.7519
인텔,63,17.5637,0.0066,0.0156,17.5637
인텔,65,17.2921,0.0096,0.0154,17.2921
인텔,117,17.2921,0.0091,0.0154,17.2921
인텔,41,16.3360,0.0077,0.0146,16.3360
인텔,49,15.4285,0.0093,0.0137,15.4285
인텔,45,13.1517,0.0087,0.0117,13.1517
인텔,84,12.9529,0.0143,0.0115,12.9529
인텔,74,12.8776,0.0288,0.0115,12.8776
인텔,18,12.6537,0.0042,0.0113,12.6537
인텔,96,11.9147,0.0072,0.0106,11.9147
인텔,71,11.8101,0.0098,0.0105,11.8101
인텔,53,11.1025,0.0143,0.0099,11.1025
인텔,110,10.8617,0.0045,0.0097,10.8617
인텔,77,9.6182,0.0035,0.0086,9.6182
인텔,8,8.5105,0.0034,0.0076,8.5105
인텔,38,7.1920,0.0093,0.0064,7.1920
인텔,92,7.0271,0.0078,0.0063,7.0271
인텔,120,6.8801,0.0132,0.0061,6.8801
인텔,44,6.3529,0.0120,0.0057,6.3529
인텔,67,3.8512,0.0096,0.0034,3.8512
인텔,99,1.0731,0.0016,0.0010,1.0731
인텔,115,1.0039,0.0024,0.0009,1.0039
카카오,0,201.6663,0.0073,0.3426,201.6663
카카오,50,161.7460,0.0111,0.2748,161.7460
카카오,12,140.0157,0.0094,0.2379,140.0157
카카오,10,121.4669,0.0119,0.2064,121.4669
카카오,27,109.2263,0.0085,0.1856,109.2263
카카오,14,108.1310,0.0114,0.1837,108.1310
카카오,9,98.4530,0.0107,0.1673,98.4530
카카오,68,97.7310,0.0115,0.1660,97.7310
카카오,52,85.4224,0.0121,0.1451,85.4224
카카오,51,84.3717,0.0092,0.1433,84.3717
카카오,101,80.7331,0.0106,0.1372,80.7331
카카오,70,80.3550,0.0088,0.1365,80.3550
카카오,24,79.9632,0.0114,0.1358,79.9632
카카오,56,79.3167,0.0063,0.1347,79.3167
카카오,83,77.4875,0.0103,0.1316,77.4875
카카오,96,76.5945,0.0464,0.1301,76.5945
카카오,1,76.3284,0.0050,0.1297,76.3284
카카오,103,75.3932,0.0097,0.1281,75.3932
카카오,5,74.1667,0.0112,0.1260,74.1667
카카오,102,71.7159,0.0098,0.1218,71.7159
카카오,89,68.1398,0.0070,0.1158,68.1398
카카오,118,67.3245,0.0060,0.1144,67.3245
카카오,37,67.0981,0.0070,0.1140,67.0981
카카오,29,62.8277,0.0096,0.1067,62.8277
카카오,46,62.5177,0.0071,0.1062,62.5177
카카오,43,61.3481,0.0097,0.1042,61.3481
카카오,100,60.7334,0.0113,0.1032,60.7334
카카오,82,58.9395,0.0120,0.1001,58.9395
카카오,16,58.0712,0.0114,0.0987,58.0712
카카오,112,57.6540,0.0100,0.0979,57.6540
카카오,81,57.6168,0.0069,0.0979,57.6168
카카오,34,57.3630,0.0114,0.0975,57.3630
카카오,54,56.4657,0.0124,0.0959,56.4657
카카오,69,54.6478,0.0114,0.0928,54.6478
카카오,87,54.3561,0.0207,0.0923,54.3561
카카오,41,53.5459,0.0253,0.0910,53.5459
카카오,4,52.8266,0.0112,0.0897,52.8266
카카오,40,52.2803,0.0093,0.0888,52.2803
카카오,123,50.3236,0.0052,0.0855,50.3236
카카오,6,47.0024,0.0095,0.0799,47.0024
카카오,104,46.6135,0.0077,0.0792,46.6135
카카오,124,45.4115,0.0098,0.0771,45.4115
카카오,20,45.2183,0.0085,0.0768,45.2183
카카오,76,45.1574,0.0246,0.0767,45.1574
카카오,61,42.0876,0.0075,0.0715,42.0876
카카오,42,41.0338,0.0057,0.0697,41.0338
카카오,19,40.5395,0.0045,0.0689,40.5395
카카오,75,40.2878,0.0096,0.0684,40.2878
카카오,95,40.2413,0.0105,0.0684,40.2413
카카오,2,39.3997,0.0058,0.0669,39.3997
카카오,55,38.3434,0.0045,0.0651,38.3434
카카오,28,38.0855,0.0071,0.0647,38.0855
카카오,79,36.9199,0.0064,0.0627,36.9199
카카오,98,36.8397,0.0092,0.0626,36.8397
카카오,22,36.2796,0.0052,0.0616,36.2796
카카오,58,35.7718,0.0065,0.0608,35.7718
카카오,93,35.4806,0.0193,0.0603,35.4806
카카오,3,34.4652,0.0119,0.0586,34.4652
카카오,109,34.0959,0.0131,0.0579,34.0959
카카오,39,33.3180,0.0085,0.0566,33.3180
카카오,85,33.0966,0.0083,0.0562,33.0966
카카오,122,33.0806,0.0092,0.0562,33.0806
카카오,59,32.8364,0.0112,0.0558,32.8364
카카오,114,32.0904,0.0106,0.0545,32.0904
카카오,35,31.5383,0.0049,0.0536,31.5383
카카오,17,31.1285,0.0089,0.0529,31.1285
카카오,92,31.1199,0.0346,0.0529,31.1199
카카오,77,30.4576,0.0112,0.0517,30.4576
카카오,31,30.2577,0.0118,0.0514,30.2577
카카오,30,28.7680,0.0097,0.0489,28.7680
카카오,78,28.6580,0.0044,0.0487,28.6580
카카오,72,28.3506,0.0063,0.0482,28.3506
카카오,48,28.3082,0.0181,0.0481,28.3082
카카오,108,28.2546,0.0092,0.0480,28.2546
카카오,49,28.1343,0.0170,0.0478,28.1343
카카오,57,28.0344,0.0051,0.0476,28.0344
카카오,111,27.6046,0.0086,0.0469,27.6046
카카오,23,27.5960,0.0054,0.0469,27.5960
카카오,47,27.4909,0.0066,0.0467,27.4909
카카오,73,27.3733,0.0102,0.0465,27.3733
카카오,119,26.7273,0.0148,0.0454,26.7273
카카오,117,26.3141,0.0138,0.0447,26.3141
카카오,25,26.3034,0.0098,0.0447,26.3034
카카오,45,26.3034,0.0173,0.0447,26.3034
카카오,90,23.6727,0.0114,0.0402,23.6727
카카오,15,23.4883,0.0045,0.0399,23.4883
카카오,116,22.7794,0.0065,0.0387,22.7794
카카오,80,21.5578,0.0103,0.0366,21.5578
카카오,11,21.4891,0.0083,0.0365,21.4891
카카오,26,21.2152,0.0044,0.0360,21.2152
카카오,106,21.2152,0.0042,0.0360,21.2152
카카오,36,20.4575,0.0089,0.0348,20.4575
카카오,65,20.2994,0.0112,0.0345,20.2994
카카오,18,19.4023,0.0064,0.0330,19.4023
카카오,33,19.1053,0.0061,0.0325,19.1053
카카오,113,18.6517,0.0045,0.0317,18.6517
카카오,97,16.4240,0.0044,0.0279,16.4240
카카오,88,16.1634,0.0089,0.0275,16.1634
카카오,121,14.7956,0.0082,0.0251,14.7956
카카오,32,14.0938,0.0057,0.0239,14.0938
카카오,63,13.7455,0.0051,0.0234,13.7455
카카오,66,13.2648,0.0114,0.0225,13.2648
카카오,86,13.2358,0.0165,0.0225,13.2358
카카오,84,12.9529,0.0143,0.0220,12.9529
카카오,105,12.5437,0.0075,0.0213,12.5437
카카오,62,12.4357,0.0059,0.0211,12.4357
카카오,115,12.0464,0.0290,0.0205,12.0464
카카오,53,12.0277,0.0155,0.0204,12.0277
카카오,91,10.8712,0.0054,0.0185,10.8712
카카오,60,10.7776,0.0135,0.0183,10.7776
카카오,71,10.1230,0.0084,0.0172,10.1230
카카오,7,9.9486,0.0046,0.0169,9.9486
카카오,64,9.9486,0.0058,0.0169,9.9486
카카오,13,9.5310,0.0055,0.0162,9.5310
카카오,44,9.0756,0.0172,0.0154,9.0756
카카오,99,7.5119,0.0114,0.0128,7.5119
카카오,8,6.8084,0.0027,0.0116,6.8084
카카오,94,6.5402,0.0127,0.0111,6.5402
카카오,110,6.2067,0.0026,0.0105,6.2067
카카오,67,5.7769,0.0144,0.0098,5.7769
카카오,21,3.9315,0.0035,0.0067,3.9315
카카오,120,3.9315,0.0076,0.0067,3.9315
카카오,74,2.1463,0.0048,0.0036,2.1463
카카오,107,1.8083,0.0130,0.0031,1.8083
카카오,38,0.8990,0.0012,0.0015,0.8990
퀄컴,0,385.4374,0.0140,0.3816,385.4374
퀄컴,18,251.3870,0.0833,0.2489,251.3870
퀄컴,50,224.3796,0.0153,0.2222,224.3796
퀄컴,12,199.6264,0.0134,0.1976,199.6264
퀄컴,2,189.4214,0.0279,0.1875,189.4214
퀄컴,73,179.8818,0.0673,0.1781,179.8818
퀄컴,79,171.5688,0.0296,0.1699,171.5688
퀄컴,10,171.0309,0.0168,0.1693,171.0309
퀄컴,14,170.5142,0.0180,0.1688,170.5142
퀄컴,100,161.2577,0.0301,0.1597,161.2577
퀄컴,35,158.4799,0.0245,0.1569,158.4799
퀄컴,103,152.1826,0.0196,0.1507,152.1826
퀄컴,46,148.0303,0.0169,0.1466,148.0303
퀄컴,9,136.0967,0.0148,0.1347,136.0967
퀄컴,1,128.4030,0.0083,0.1271,128.4030
퀄컴,51,127.2606,0.0138,0.1260,127.2606
퀄컴,89,125.2671,0.0128,0.1240,125.2671
퀄컴,23,121.4224,0.0236,0.1202,121.4224
퀄컴,58,120.8293,0.0219,0.1196,120.8293
퀄컴,83,120.0707,0.0160,0.1189,120.0707
퀄컴,102,116.7142,0.0160,0.1156,116.7142
퀄컴,118,115.8270,0.0104,0.1147,115.8270
퀄컴,27,115.6936,0.0090,0.1145,115.6936
퀄컴,5,114.3693,0.0172,0.1132,114.3693
퀄컴,101,114.0178,0.0149,0.1129,114.0178
퀄컴,70,112.9313,0.0123,0.1118,112.9313
퀄컴,56,111.1851,0.0089,0.1101,111.1851
퀄컴,29,109.5994,0.0168,0.1085,109.5994
퀄컴,19,104.9682,0.0117,0.1039,104.9682
퀄컴,24,100.6944,0.0143,0.0997,100.6944
퀄컴,97,99.3260,0.0267,0.0983,99.3260
퀄컴,16,98.4377,0.0194,0.0975,98.4377
퀄컴,112,96.3244,0.0167,0.0954,96.3244
퀄컴,6,95.4969,0.0193,0.0945,95.4969
퀄컴,52,94.1094,0.0133,0.0932,94.1094
퀄컴,68,92.5873,0.0109,0.0917,92.5873
퀄컴,37,91.8952,0.0095,0.0910,91.8952
퀄컴,55,91.7233,0.0109,0.0908,91.7233
퀄컴,34,86.3986,0.0172,0.0855,86.3986
퀄컴,28,84.7941,0.0159,0.0840,84.7941
퀄컴,122,78.9422,0.0221,0.0782,78.9422
퀄컴,81,77.3086,0.0092,0.0765,77.3086
퀄컴,124,76.1990,0.0165,0.0754,76.1990
퀄컴,3,73.7394,0.0255,0.0730,73.7394
퀄컴,82,71.6227,0.0146,0.0709,71.6227
퀄컴,43,69.9083,0.0111,0.0692,69.9083
퀄컴,54,69.4962,0.0153,0.0688,69.4962
퀄컴,72,68.6384,0.0152,0.0680,68.6384
퀄컴,20,68.5567,0.0129,0.0679,68.5567
퀄컴,78,66.8686,0.0104,0.0662,66.8686
퀄컴,42,66.4002,0.0092,0.0657,66.4002
퀄컴,61,66.3415,0.0119,0.0657,66.3415
퀄컴,114,61.2635,0.0203,0.0607,61.2635
퀄컴,119,58.8001,0.0326,0.0582,58.8001
퀄컴,123,58.3461,0.0060,0.0578,58.3461
퀄컴,22,57.7512,0.0082,0.0572,57.7512
퀄컴,75,52.9709,0.0126,0.0524,52.9709
퀄컴,17,52.1222,0.0150,0.0516,52.1222
퀄컴,15,50.7649,0.0097,0.0503,50.7649
퀄컴,98,50.3727,0.0126,0.0499,50.3727
퀄컴,26,50.0073,0.0104,0.0495,50.0073
퀄컴,31,49.6537,0.0194,0.0492,49.6537
퀄컴,47,49.6364,0.0118,0.0491,49.6364
퀄컴,95,48.1458,0.0126,0.0477,48.1458
퀄컴,57,47.7342,0.0087,0.0473,47.7342
퀄컴,110,45.7745,0.0191,0.0453,45.7745
퀄컴,85,45.4115,0.0115,0.0450,45.4115
퀄컴,109,44.7035,0.0172,0.0443,44.7035
퀄컴,80,44.5528,0.0212,0.0441,44.5528
퀄컴,121,43.5649,0.0241,0.0431,43.5649
퀄컴,106,43.1881,0.0085,0.0428,43.1881
퀄컴,93,42.5767,0.0231,0.0422,42.5767
퀄컴,62,42.2815,0.0201,0.0419,42.2815
퀄컴,113,41.7799,0.0101,0.0414,41.7799
퀄컴,8,41.7015,0.0167,0.0413,41.7015
퀄컴,108,40.4728,0.0132,0.0401,40.4728
퀄컴,116,40.4151,0.0116,0.0400,40.4151
퀄컴,32,39.7944,0.0161,0.0394,39.7944
퀄컴,40,37.1266,0.0066,0.0368,37.1266
퀄컴,33,35.2714,0.0112,0.0349,35.2714
퀄컴,39,34.7988,0.0089,0.0345,34.7988
퀄컴,104,34.5842,0.0057,0.0342,34.5842
퀄컴,87,33.4499,0.0128,0.0331,33.4499
퀄컴,25,32.8792,0.0122,0.0326,32.8792
퀄컴,77,32.8621,0.0121,0.0325,32.8621
퀄컴,69,32.3269,0.0067,0.0320,32.3269
퀄컴,105,30.9412,0.0186,0.0306,30.9412
퀄컴,64,30.6748,0.0178,0.0304,30.6748
퀄컴,71,28.6817,0.0239,0.0284,28.6817
퀄컴,30,26.0710,0.0088,0.0258,26.0710
퀄컴,59,25.9637,0.0088,0.0257,25.9637
퀄컴,111,25.3664,0.0079,0.0251,25.3664
퀄컴,4,25.2306,0.0053,0.0250,25.2306
퀄컴,49,24.5040,0.0148,0.0243,24.5040
퀄컴,90,23.6727,0.0114,0.0234,23.6727
퀄컴,21,23.5890,0.0211,0.0234,23.5890
퀄컴,36,23.4883,0.0102,0.0233,23.4883
퀄컴,63,21.3818,0.0080,0.0212,21.3818
퀄컴,92,21.0812,0.0235,0.0209,21.0812
퀄컴,117,21.0513,0.0111,0.0208,21.0513
퀄컴,88,20.7816,0.0114,0.0206,20.7816
퀄컴,65,20.2994,0.0112,0.0201,20.2994
퀄컴,76,18.3975,0.0100,0.0182,18.3975
퀄컴,66,17.4100,0.0150,0.0172,17.4100
퀄컴,11,16.8176,0.0065,0.0167,16.8176
퀄컴,91,16.7250,0.0084,0.0166,16.7250
퀄컴,94,14.9489,0.0290,0.0148,14.9489
퀄컴,45,13.9737,0.0092,0.0138,13.9737
퀄컴,84,12.9529,0.0143,0.0128,12.9529
퀄컴,115,12.0464,0.0290,0.0119,12.0464
퀄컴,74,11.8045,0.0264,0.0117,11.8045
퀄컴,41,10.8907,0.0051,0.0108,10.8907
퀄컴,44,10.8907,0.0206,0.0108,10.8907
퀄컴,7,10.7776,0.0050,0.0107,10.7776
퀄컴,13,10.4842,0.0061,0.0104,10.4842
퀄컴,53,9.2521,0.0119,0.0092,9.2521
퀄컴,120,8.8459,0.0170,0.0088,8.8459
퀄컴,86,8.8239,0.0110,0.0087,8.8239
퀄컴,99,8.5851,0.0130,0.0085,8.5851
퀄컴,96,7.6595,0.0046,0.0076,7.6595
퀄컴,48,7.5489,0.0048,0.0075,7.5489
퀄컴,60,6.6324,0.0083,0.0066,6.6324
퀄컴,38,4.4950,0.0058,0.0045,4.4950
퀄컴,67,0.9628,0.0024,0.0010,0.9628
텐센트,0,24.7781,0.0009,0.4751,24.7781
텐센트,50,15.1422,0.0010,0.2904,15.1422
텐센트,43,11.4136,0.0018,0.2189,11.4136
텐센트,89,11.0125,0.0011,0.2112,11.0125
텐센트,118,10.8588,0.0010,0.2082,10.8588
텐센트,1,10.7002,0.0007,0.2052,10.7002
텐센트,51,9.8434,0.0011,0.1888,9.8434
텐센트,12,9.0109,0.0006,0.1728,9.0109
텐센트,14,9.0109,0.0010,0.1728,9.0109
텐센트,113,8.9528,0.0022,0.1717,8.9528
텐센트,78,8.8178,0.0014,0.1691,8.8178
텐센트,56,8.4982,0.0007,0.1630,8.4982
텐센트,26,8.3345,0.0017,0.1598,8.3345
텐센트,9,7.9631,0.0009,0.1527,7.9631
텐센트,19,7.9631,0.0009,0.1527,7.9631
텐센트,39,7.4040,0.0019,0.1420,7.4040
텐센트,24,6.6636,0.0009,0.1278,6.6636
텐센트,17,5.7914,0.0017,0.1111,5.7914
텐센트,95,5.7488,0.0015,0.1102,5.7488
텐센트,83,5.5847,0.0007,0.1071,5.5847
텐센트,68,5.1437,0.0006,0.0986,5.1437
텐센트,102,4.9217,0.0007,0.0944,4.9217
텐센트,112,4.9217,0.0009,0.0944,4.9217
텐센트,10,4.8866,0.0005,0.0937,4.8866
텐센트,5,4.8520,0.0007,0.0930,4.8520
텐센트,90,4.5818,0.0022,0.0879,4.5818
텐센트,72,4.4764,0.0010,0.0858,4.4764
텐센트,82,4.4764,0.0009,0.0858,4.4764
텐센트,111,4.4764,0.0014,0.0858,4.4764
텐센트,37,4.3760,0.0005,0.0839,4.3760
텐센트,81,4.3760,0.0005,0.0839,4.3760
텐센트,34,4.2491,0.0008,0.0815,4.2491
텐센트,29,4.1885,0.0006,0.0803,4.1885
텐센트,100,4.1885,0.0008,0.0803,4.1885
텐센트,75,3.7303,0.0009,0.0715,3.7303
텐센트,22,3.7020,0.0005,0.0710,3.7020
텐센트,52,3.6196,0.0005,0.0694,3.6196
텐센트,27,3.5930,0.0003,0.0689,3.5930
텐센트,61,3.5667,0.0006,0.0684,3.5667
텐센트,101,3.5409,0.0005,0.0679,3.5409
텐센트,59,3.0545,0.0010,0.0586,3.0545
텐센트,79,2.8957,0.0005,0.0555,2.8957
텐센트,46,2.8744,0.0003,0.0551,2.8744
텐센트,16,2.8327,0.0006,0.0543,2.8327
텐센트,11,2.8029,0.0011,0.0537,2.8029
텐센트,103,2.7923,0.0004,0.0535,2.7923
텐센트,30,2.6970,0.0009,0.0517,2.6970
텐센트,71,2.5307,0.0021,0.0485,2.5307
텐센트,69,2.3091,0.0005,0.0443,2.3091
텐센트,88,2.3091,0.0013,0.0443,2.3091
텐센트,119,2.2909,0.0013,0.0439,2.2909
텐센트,40,2.2731,0.0004,0.0436,2.2731
텐센트,114,2.1880,0.0007,0.0420,2.1880
텐센트,48,1.8872,0.0012,0.0362,1.8872
텐센트,41,1.8151,0.0009,0.0348,1.8151
텐센트,87,1.6725,0.0006,0.0321,1.6725
텐센트,25,1.6440,0.0006,0.0315,1.6440
텐센트,93,1.5769,0.0009,0.0302,1.5769
텐센트,124,1.5394,0.0003,0.0295,1.5394
텐센트,65,1.5037,0.0008,0.0288,1.5037
텐센트,117,1.5037,0.0008,0.0288,1.5037
텐센트,6,1.4921,0.0003,0.0286,1.4921
텐센트,20,1.4587,0.0003,0.0280,1.4587
텐센트,70,1.4478,0.0002,0.0278,1.4478
텐센트,28,1.4372,0.0003,0.0276,1.4372
텐센트,67,0.9628,0.0024,0.0185,0.9628
텐센트,13,0.9531,0.0006,0.0183,0.9531
텐센트,84,0.9252,0.0010,0.0177,0.9252
텐센트,49,0.9076,0.0005,0.0174,0.9076
텐센트,86,0.8824,0.0011,0.0169,0.8824
텐센트,96,0.8511,0.0005,0.0163,0.8511
텐센트,18,0.8436,0.0003,0.0162,0.8436
텐센트,32,0.8290,0.0003,0.0159,0.8290
텐센트,62,0.8290,0.0004,0.0159,0.8290
텐센트,45,0.8220,0.0005,0.0158,0.8220
텐센트,3,0.8015,0.0003,0.0154,0.8015
텐센트,77,0.8015,0.0003,0.0154,0.8015
텐센트,73,0.7821,0.0003,0.0150,0.7821
텐센트,31,0.7758,0.0003,0.0149,0.7758
텐센트,110,0.7758,0.0003,0.0149,0.7758
텐센트,36,0.7577,0.0003,0.0145,0.7577
텐센트,109,0.7577,0.0003,0.0145,0.7577
텐센트,98,0.7518,0.0002,0.0144,0.7518
텐센트,104,0.7518,0.0001,0.0144,0.7518
텐센트,122,0.7518,0.0002,0.0144,0.7518
텐센트,42,0.7461,0.0001,0.0143,0.7461
텐센트,33,0.7348,0.0002,0.0141,0.7348
텐센트,116,0.7348,0.0002,0.0141,0.7348
텐센트,54,0.7239,0.0002,0.0139,0.7239
텐센트,80,0.7186,0.0003,0.0138,0.7186
폭스바겐,0,152.1101,0.0055,0.3244,152.1101
폭스바겐,10,145.8999,0.0143,0.3112,145.8999
폭스바겐,70,130.3054,0.0142,0.2779,130.3054
폭스바겐,50,123.2023,0.0084,0.2628,123.2023
폭스바겐,12,108.8241,0.0073,0.2321,108.8241
폭스바겐,25,88.7738,0.0330,0.1893,88.7738
폭스바겐,101,82.1495,0.0108,0.1752,82.1495
폭스바겐,54,81.0789,0.0178,0.1729,81.0789
폭스바겐,103,78.1856,0.0101,0.1667,78.1856
폭스바겐,27,77.6081,0.0060,0.1655,77.6081
폭스바겐,68,70.5427,0.0083,0.1504,70.5427
폭스바겐,75,68.6384,0.0163,0.1464,68.6384
폭스바겐,85,66.9628,0.0169,0.1428,66.9628
폭스바겐,89,66.7633,0.0068,0.1424,66.7633
폭스바겐,1,65.6282,0.0043,0.1400,65.6282
폭스바겐,9,64.4288,0.0070,0.1374,64.4288
폭스바겐,14,60.3038,0.0064,0.1286,60.3038
폭스바겐,118,59.3613,0.0053,0.1266,59.3613
폭스바겐,56,58.7794,0.0047,0.1254,58.7794
폭스바겐,47,57.2728,0.0137,0.1221,57.2728
폭스바겐,51,52.0292,0.0057,0.1110,52.0292
폭스바겐,52,51.3982,0.0073,0.1096,51.3982
폭스바겐,6,50.7327,0.0103,0.1082,50.7327
폭스바겐,78,49.2329,0.0076,0.1050,49.2329
폭스바겐,19,49.2265,0.0055,0.1050,49.2265
폭스바겐,108,48.1091,0.0157,0.1026,48.1091
폭스바겐,37,45.9476,0.0048,0.0980,45.9476
폭스바겐,81,44.4889,0.0053,0.0949,44.4889
폭스바겐,28,43.1156,0.0081,0.0920,43.1156
폭스바겐,104,42.1025,0.0069,0.0898,42.1025
폭스바겐,20,40.8423,0.0077,0.0871,40.8423
폭스바겐,123,40.8423,0.0042,0.0871,40.8423
폭스바겐,43,38.5209,0.0061,0.0822,38.5209
폭스바겐,72,38.0495,0.0084,0.0811,38.0495
폭스바겐,16,35.4093,0.0070,0.0755,35.4093
폭스바겐,29,34.9043,0.0053,0.0744,34.9043
폭스바겐,24,34.7988,0.0049,0.0742,34.7988
폭스바겐,113,34.3192,0.0083,0.0732,34.3192
폭스바겐,40,33.3382,0.0059,0.0711,33.3382
폭스바겐,46,33.0553,0.0038,0.0705,33.0553
폭스바겐,61,32.1007,0.0057,0.0685,32.1007
폭스바겐,42,30.5889,0.0042,0.0652,30.5889
폭스바겐,121,30.4133,0.0168,0.0649,30.4133
폭스바겐,26,29.5497,0.0062,0.0630,29.5497
폭스바겐,82,28.3506,0.0058,0.0605,28.3506
폭스바겐,79,27.5089,0.0047,0.0587,27.5089
폭스바겐,39,25.9140,0.0066,0.0553,25.9140
폭스바겐,22,25.1736,0.0036,0.0537,25.1736
폭스바겐,69,24.6300,0.0051,0.0525,24.6300
폭스바겐,17,24.6132,0.0071,0.0525,24.6132
폭스바겐,5,24.2602,0.0037,0.0517,24.2602
폭스바겐,114,24.0678,0.0080,0.0513,24.0678
폭스바겐,95,23.7136,0.0062,0.0506,23.7136
폭스바겐,57,22.7306,0.0041,0.0485,22.7306
폭스바겐,106,21.9729,0.0043,0.0469,21.9729
폭스바겐,83,21.6406,0.0029,0.0462,21.6406
폭스바겐,4,21.2883,0.0045,0.0454,21.2883
폭스바겐,102,21.0929,0.0029,0.0450,21.0929
폭스바겐,124,20.7816,0.0045,0.0443,20.7816
폭스바겐,34,20.5374,0.0041,0.0438,20.5374
폭스바겐,122,20.2994,0.0057,0.0433,20.2994
폭스바겐,109,19.6998,0.0076,0.0420,19.6998
폭스바겐,55,19.5476,0.0023,0.0417,19.5476
폭스바겐,59,19.0909,0.0065,0.0407,19.0909
폭스바겐,36,18.9421,0.0082,0.0404,18.9421
폭스바겐,93,18.1345,0.0099,0.0387,18.1345
폭스바겐,112,17.5774,0.0030,0.0375,17.5774
폭스바겐,100,17.4521,0.0033,0.0372,17.4521
폭스바겐,99,17.1701,0.0261,0.0366,17.1701
폭스바겐,88,16.9331,0.0093,0.0361,16.9331
폭스바겐,2,16.6691,0.0025,0.0356,16.6691
폭스바겐,111,16.4135,0.0051,0.0350,16.4135
폭스바겐,98,15.7884,0.0040,0.0337,15.7884
폭스바겐,119,15.2727,0.0085,0.0326,15.2727
폭스바겐,120,14.7431,0.0284,0.0314,14.7431
폭스바겐,31,14.7409,0.0058,0.0314,14.7409
폭스바겐,90,14.5091,0.0070,0.0309,14.5091
폭스바겐,15,14.3960,0.0028,0.0307,14.3960
폭스바겐,117,14.2848,0.0075,0.0305,14.2848
폭스바겐,35,14.1922,0.0022,0.0303,14.1922
폭스바겐,23,13.4038,0.0026,0.0286,13.4038
폭스바겐,77,12.8242,0.0047,0.0274,12.8242
폭스바겐,65,12.7811,0.0071,0.0273,12.7811
폭스바겐,58,12.7189,0.0023,0.0271,12.7189
폭스바겐,71,12.6537,0.0105,0.0270,12.6537
폭스바겐,80,11.4975,0.0055,0.0245,11.4975
폭스바겐,107,10.8497,0.0779,0.0231,10.8497
폭스바겐,33,9.5527,0.0030,0.0204,9.5527
폭스바겐,53,9.2521,0.0119,0.0197,9.2521
폭스바겐,87,9.1987,0.0035,0.0196,9.1987
폭스바겐,63,9.1636,0.0034,0.0195,9.1636
폭스바겐,66,9.1195,0.0079,0.0194,9.1195
폭스바겐,45,9.0418,0.0059,0.0193,9.0418
폭스바겐,116,8.8178,0.0025,0.0188,8.8178
폭스바겐,110,8.5342,0.0036,0.0182,8.5342
폭스바겐,41,8.1680,0.0039,0.0174,8.1680
폭스바겐,30,8.0910,0.0027,0.0173,8.0910
폭스바겐,97,7.8209,0.0021,0.0167,7.8209
폭스바겐,11,7.4745,0.0029,0.0159,7.4745
폭스바겐,60,7.4614,0.0093,0.0159,7.4614
폭스바겐,86,7.0591,0.0088,0.0151,7.0591
폭스바겐,84,6.4764,0.0071,0.0138,6.4764
폭스바겐,38,6.2930,0.0082,0.0134,6.2930
폭스바겐,73,6.2568,0.0023,0.0133,6.2568
폭스바겐,49,5.4453,0.0033,0.0116,5.4453
폭스바겐,74,5.3657,0.0120,0.0114,5.3657
폭스바겐,76,5.0175,0.0027,0.0107,5.0175
폭스바겐,21,4.9144,0.0044,0.0105,4.9144
폭스바겐,67,4.8141,0.0120,0.0103,4.8141
폭스바겐,94,4.6715,0.0091,0.0100,4.6715
폭스바겐,91,4.1812,0.0021,0.0089,4.1812
폭스바겐,32,4.1452,0.0017,0.0088,4.1452
폭스바겐,3,4.0076,0.0014,0.0085,4.0076
폭스바겐,8,3.4042,0.0014,0.0073,3.4042
폭스바겐,48,2.8308,0.0018,0.0060,2.8308
폭스바겐,7,2.4871,0.0011,0.0053,2.4871
폭스바겐,64,2.4871,0.0014,0.0053,2.4871
폭스바겐,115,2.0077,0.0048,0.0043,2.0077
폭스바겐,62,1.6581,0.0008,0.0035,1.6581
폭스바겐,92,1.0039,0.0011,0.0021,1.0039
폭스바겐,44,0.9076,0.0017,0.0019,0.9076
폭스바겐,96,0.8511,0.0005,0.0018,0.8511
폭스바겐,18,0.8436,0.0003,0.0018,0.8436
폭스바겐,105,0.8362,0.0005,0.0018,0.8362
퓨리오사AI,0,14.4539,0.0005,0.4247,14.4539
퓨리오사AI,50,12.3891,0.0008,0.3640,12.3891
퓨리오사AI,12,8.3178,0.0006,0.2444,8.3178
퓨리오사AI,43,7.8468,0.0012,0.2305,7.8468
퓨리오사AI,10,6.9809,0.0007,0.2051,6.9809
퓨리오사AI,83,6.2828,0.0008,0.1846,6.2828
퓨리오사AI,5,6.2383,0.0009,0.1833,6.2383
퓨리오사AI,14,6.2383,0.0007,0.1833,6.2383
퓨리오사AI,122,6.0146,0.0017,0.1767,6.0146
퓨리오사AI,51,5.6248,0.0006,0.1653,5.6248
퓨리오사AI,101,4.9573,0.0006,0.1456,4.9573
퓨리오사AI,102,4.9217,0.0007,0.1446,4.9217
퓨리오사AI,29,4.8866,0.0007,0.1436,4.8866
퓨리오사AI,70,4.3435,0.0005,0.1276,4.3435
퓨리오사AI,46,4.3116,0.0005,0.1267,4.3116
퓨리오사AI,95,4.3116,0.0011,0.1267,4.3116
퓨리오사AI,1,4.2801,0.0003,0.1258,4.2801
퓨리오사AI,100,4.1885,0.0008,0.1231,4.1885
퓨리오사AI,103,4.1885,0.0005,0.1231,4.1885
퓨리오사AI,89,4.1297,0.0004,0.1213,4.1297
퓨리오사AI,6,3.7303,0.0008,0.1096,3.7303
퓨리오사AI,24,3.7020,0.0005,0.1088,3.7020
퓨리오사AI,9,3.6196,0.0004,0.1063,3.6196
퓨리오사AI,61,3.5667,0.0006,0.1048,3.5667
퓨리오사AI,34,3.5409,0.0007,0.1040,3.5409
퓨리오사AI,112,3.5155,0.0006,0.1033,3.5155
퓨리오사AI,66,3.3162,0.0029,0.0974,3.3162
퓨리오사AI,72,2.9843,0.0007,0.0877,2.9843
퓨리오사AI,20,2.9173,0.0006,0.0857,2.9173
퓨리오사AI,54,2.8957,0.0006,0.0851,2.8957
퓨리오사AI,118,2.8957,0.0003,0.0851,2.8957
퓨리오사AI,28,2.8744,0.0005,0.0845,2.8744
퓨리오사AI,4,2.3654,0.0005,0.0695,2.3654
퓨리오사AI,73,2.3463,0.0009,0.0689,2.3463
퓨리오사AI,69,2.3091,0.0005,0.0678,2.3091
퓨리오사AI,111,2.2382,0.0007,0.0658,2.2382
퓨리오사AI,68,2.2045,0.0003,0.0648,2.2045
퓨리오사AI,37,2.1880,0.0002,0.0643,2.1880
퓨리오사AI,81,2.1880,0.0003,0.0643,2.1880
퓨리오사AI,52,2.1718,0.0003,0.0638,2.1718
퓨리오사AI,79,2.1718,0.0004,0.0638,2.1718
퓨리오사AI,27,2.1558,0.0002,0.0633,2.1558
퓨리오사AI,31,1.5517,0.0006,0.0456,1.5517
퓨리오사AI,85,1.5394,0.0004,0.0452,1.5394
퓨리오사AI,88,1.5394,0.0008,0.0452,1.5394
퓨리오사AI,47,1.5273,0.0004,0.0449,1.5273
퓨리오사AI,2,1.5154,0.0002,0.0445,1.5154
퓨리오사AI,36,1.5154,0.0007,0.0445,1.5154
퓨리오사AI,40,1.5154,0.0003,0.0445,1.5154
퓨리오사AI,82,1.4921,0.0003,0.0438,1.4921
퓨리오사AI,113,1.4921,0.0004,0.0438,1.4921
퓨리오사AI,33,1.4696,0.0005,0.0432,1.4696
퓨리오사AI,116,1.4696,0.0004,0.0432,1.4696
퓨리오사AI,114,1.4587,0.0005,0.0429,1.4587
퓨리오사AI,80,1.4372,0.0007,0.0422,1.4372
퓨리오사AI,16,1.4164,0.0003,0.0416,1.4164
퓨리오사AI,56,1.4164,0.0001,0.0416,1.4164
퓨리오사AI,115,1.0039,0.0024,0.0295,1.0039
퓨리오사AI,67,0.9628,0.0024,0.0283,0.9628
퓨리오사AI,11,0.9343,0.0004,0.0275,0.9343
퓨리오사AI,84,0.9252,0.0010,0.0272,0.9252
퓨리오사AI,30,0.8990,0.0003,0.0264,0.8990
퓨리오사AI,96,0.8511,0.0005,0.0250,0.8511
퓨리오사AI,18,0.8436,0.0003,0.0248,0.8436
퓨리오사AI,105,0.8362,0.0005,0.0246,0.8362
퓨리오사AI,60,0.8290,0.0010,0.0244,0.8290
퓨리오사AI,64,0.8290,0.0005,0.0244,0.8290
퓨리오사AI,77,0.8015,0.0003,0.0235,0.8015
퓨리오사AI,93,0.7885,0.0004,0.0232,0.7885
퓨리오사AI,59,0.7636,0.0003,0.0224,0.7636
퓨리오사AI,63,0.7636,0.0003,0.0224,0.7636
퓨리오사AI,90,0.7636,0.0004,0.0224,0.7636
퓨리오사AI,108,0.7636,0.0002,0.0224,0.7636
퓨리오사AI,119,0.7636,0.0004,0.0224,0.7636
퓨리오사AI,15,0.7577,0.0001,0.0223,0.7577
퓨리오사AI,109,0.7577,0.0003,0.0223,0.7577
퓨리오사AI,65,0.7518,0.0004,0.0221,0.7518
퓨리오사AI,104,0.7518,0.0001,0.0221,0.7518
퓨리오사AI,117,0.7518,0.0004,0.0221,0.7518
퓨리오사AI,22,0.7404,0.0001,0.0218,0.7404
퓨리오사AI,39,0.7404,0.0002,0.0218,0.7404
퓨리오사AI,17,0.7239,0.0002,0.0213,0.7239
퓨리오사AI,19,0.7239,0.0001,0.0213,0.7239
하이센스,56,371.7972,0.0296,0.3519,371.7972
하이센스,0,361.3475,0.0131,0.3420,361.3475
하이센스,19,349.6528,0.0391,0.3309,349.6528
하이센스,1,322.4341,0.0209,0.3051,322.4341
하이센스,78,288.7842,0.0447,0.2733,288.7842
하이센스,89,277.3772,0.0284,0.2625,277.3772
하이센스,104,254.1188,0.0418,0.2405,254.1188
하이센스,4,216.8258,0.0459,0.2052,216.8258
하이센스,118,212.8321,0.0191,0.2014,212.8321
하이센스,50,145.2273,0.0099,0.1374,145.2273
하이센스,27,135.0956,0.0105,0.1279,135.0956
하이센스,123,128.3615,0.0132,0.1215,128.3615
하이센스,12,121.3008,0.0081,0.1148,121.3008
하이센스,29,119.3726,0.0183,0.1130,119.3726
하이센스,8,115.7428,0.0464,0.1095,115.7428
하이센스,81,113.0457,0.0135,0.1070,113.0457
하이센스,26,103.8029,0.0216,0.0982,103.8029
하이센스,68,99.9355,0.0118,0.0946,99.9355
하이센스,113,99.2273,0.0241,0.0939,99.2273
하이센스,42,96.2430,0.0133,0.0911,96.2430
하이센스,9,91.2138,0.0099,0.0863,91.2138
하이센스,37,86.7899,0.0090,0.0821,86.7899
하이센스,14,85.9503,0.0091,0.0813,85.9503
하이센스,46,76.1709,0.0087,0.0721,76.1709
하이센스,55,75.9349,0.0090,0.0719,75.9349
하이센스,111,74.6070,0.0232,0.0706,74.6070
하이센스,6,73.1148,0.0148,0.0692,73.1148
하이센스,51,71.7159,0.0078,0.0679,71.7159
하이센스,110,69.8255,0.0292,0.0661,69.8255
하이센스,10,65.6200,0.0064,0.0621,65.6200
하이센스,70,65.1527,0.0071,0.0617,65.1527
하이센스,16,63.7367,0.0125,0.0603,63.7367
하이센스,34,63.7367,0.0127,0.0603,63.7367
하이센스,39,62.1936,0.0159,0.0589,62.1936
하이센스,101,59.4875,0.0078,0.0563,59.4875
하이센스,40,59.0995,0.0105,0.0559,59.0995
하이센스,2,58.3418,0.0086,0.0552,58.3418
하이센스,52,57.9135,0.0082,0.0548,57.9135
하이센스,106,56.8264,0.0112,0.0538,56.8264
하이센스,72,55.9552,0.0124,0.0530,55.9552
하이센스,57,53.7957,0.0098,0.0509,53.7957
하이센스,17,51.3982,0.0148,0.0486,51.3982
하이센스,43,51.3612,0.0082,0.0486,51.3612
하이센스,83,47.4698,0.0063,0.0449,47.4698
하이센스,98,46.6135,0.0117,0.0441,46.6135
하이센스,61,45.6544,0.0082,0.0432,45.6544
하이센스,103,44.6775,0.0057,0.0423,44.6775
하이센스,24,44.4240,0.0063,0.0420,44.4240
하이센스,5,44.3614,0.0067,0.0420,44.3614
하이센스,100,43.9794,0.0082,0.0416,43.9794
하이센스,102,43.5920,0.0060,0.0413,43.5920
하이센스,112,41.4828,0.0072,0.0393,41.4828
하이센스,22,41.4624,0.0059,0.0392,41.4624
하이센스,15,40.1573,0.0077,0.0380,40.1573
하이센스,105,39.3037,0.0236,0.0372,39.3037
하이센스,124,38.4844,0.0083,0.0364,38.4844
하이센스,75,36.5574,0.0087,0.0346,36.5574
하이센스,116,35.2714,0.0101,0.0334,35.2714
하이센스,59,35.1273,0.0119,0.0332,35.1273
하이센스,82,35.0653,0.0072,0.0332,35.0653
하이센스,36,34.8535,0.0151,0.0330,34.8535
하이센스,95,33.7739,0.0088,0.0320,33.7739
하이센스,28,32.3367,0.0061,0.0306,32.3367
하이센스,20,32.0904,0.0061,0.0304,32.0904
하이센스,114,31.3611,0.0104,0.0297,31.3611
하이센스,64,30.6748,0.0178,0.0290,30.6748
하이센스,33,29.3928,0.0093,0.0278,29.3928
하이센스,69,29.2481,0.0061,0.0277,29.2481
하이센스,58,27.8225,0.0050,0.0263,27.8225
하이센스,79,26.7850,0.0046,0.0253,26.7850
하이센스,35,25.2306,0.0039,0.0239,25.2306
하이센스,77,24.0455,0.0089,0.0228,24.0455
하이센스,85,23.0906,0.0058,0.0219,23.0906
하이센스,71,22.7767,0.0190,0.0216,22.7767
하이센스,21,21.6233,0.0193,0.0205,21.6233
하이센스,31,20.9477,0.0082,0.0198,20.9477
하이센스,47,20.6182,0.0049,0.0195,20.6182
하이센스,63,20.6182,0.0077,0.0195,20.6182
하이센스,23,20.4999,0.0040,0.0194,20.4999
하이센스,88,20.0119,0.0110,0.0189,20.0119
하이센스,122,19.5476,0.0055,0.0185,19.5476
하이센스,90,18.3273,0.0088,0.0173,18.3273
하이센스,54,18.0980,0.0040,0.0171,18.0980
하이센스,87,17.5612,0.0067,0.0166,17.5612
하이센스,3,16.0303,0.0055,0.0152,16.0303
하이센스,117,15.7884,0.0083,0.0149,15.7884
하이센스,97,15.6419,0.0042,0.0148,15.6419
하이센스,65,15.0366,0.0083,0.0142,15.0366
하이센스,45,14.7956,0.0097,0.0140,14.7956
하이센스,49,13.6134,0.0082,0.0129,13.6134
하이센스,108,12.9818,0.0042,0.0123,12.9818
하이센스,41,12.7058,0.0060,0.0120,12.7058
하이센스,76,12.5437,0.0068,0.0119,12.5437
하이센스,92,12.0464,0.0134,0.0114,12.0464
하이센스,18,11.8101,0.0039,0.0112,11.8101
하이센스,25,11.5077,0.0043,0.0109,11.5077
하이센스,48,11.3233,0.0072,0.0107,11.3233
하이센스,93,11.0384,0.0060,0.0104,11.0384
하이센스,73,10.1672,0.0038,0.0096,10.1672
하이센스,91,10.0350,0.0050,0.0095,10.0350
하이센스,109,9.8499,0.0038,0.0093,9.8499
하이센스,84,9.2521,0.0102,0.0088,9.2521
하이센스,38,8.9900,0.0117,0.0085,8.9900
하이센스,86,8.8239,0.0110,0.0084,8.8239
하이센스,11,8.4088,0.0033,0.0080,8.4088
하이센스,7,8.2905,0.0038,0.0078,8.2905
하이센스,32,8.2905,0.0033,0.0078,8.2905
하이센스,30,8.0910,0.0027,0.0077,8.0910
하이센스,62,7.4614,0.0035,0.0071,7.4614
하이센스,80,7.1859,0.0034,0.0068,7.1859
하이센스,119,6.8727,0.0038,0.0065,6.8727
하이센스,66,5.8033,0.0050,0.0055,5.8033
하이센스,120,4.9144,0.0095,0.0047,4.9144
하이센스,13,4.7655,0.0028,0.0045,4.7655
하이센스,94,4.6715,0.0091,0.0044,4.6715
하이센스,99,4.2925,0.0065,0.0041,4.2925
하이센스,60,4.1452,0.0052,0.0039,4.1452
하이센스,44,3.6302,0.0069,0.0034,3.6302
하이센스,121,3.2879,0.0018,0.0031,3.2879
하이센스,53,2.7756,0.0036,0.0026,2.7756
하이센스,96,1.7021,0.0010,0.0016,1.7021
하이센스,115,1.0039,0.0024,0.0010,1.0039
하이얼,78,85.9739,0.0133,0.3691,85.9739
하이얼,0,83.9703,0.0031,0.3605,83.9703
하이얼,89,77.7758,0.0080,0.3339,77.7758
하이얼,56,73.6512,0.0059,0.3162,73.6512
하이얼,19,64.4288,0.0072,0.2766,64.4288
하이얼,104,60.8983,0.0100,0.2615,60.8983
하이얼,1,56.3546,0.0037,0.2420,56.3546
하이얼,118,42.7112,0.0038,0.1834,42.7112
하이얼,50,38.5437,0.0026,0.1655,38.5437
하이얼,29,37.6966,0.0058,0.1618,37.6966
하이얼,4,32.3268,0.0069,0.1388,32.3268
하이얼,26,28.7921,0.0060,0.1236,28.7921
하이얼,12,27.7259,0.0019,0.1190,27.7259
하이얼,68,27.1883,0.0032,0.1167,27.1883
하이얼,14,27.0327,0.0029,0.1161,27.0327
하이얼,113,25.3664,0.0062,0.1089,25.3664
하이얼,27,24.4322,0.0019,0.1049,24.4322
하이얼,40,21.2152,0.0038,0.0911,21.2152
하이얼,51,18.2805,0.0020,0.0785,18.2805
하이얼,111,17.9057,0.0056,0.0769,17.9057
하이얼,123,17.5038,0.0018,0.0752,17.5038
하이얼,6,17.1596,0.0035,0.0737,17.1596
하이얼,17,15.9262,0.0046,0.0684,15.9262
하이얼,10,15.3579,0.0015,0.0659,15.3579
하이얼,8,15.3189,0.0061,0.0658,15.3189
하이얼,43,14.9803,0.0024,0.0643,14.9803
하이얼,34,14.8719,0.0030,0.0639,14.8719
하이얼,39,14.0676,0.0036,0.0604,14.0676
하이얼,81,13.8572,0.0017,0.0595,13.8572
하이얼,9,13.7545,0.0015,0.0591,13.7545
하이얼,16,13.4555,0.0026,0.0578,13.4555
하이얼,72,13.4293,0.0030,0.0577,13.4293
하이얼,46,12.9347,0.0015,0.0555,12.9347
하이얼,83,12.5655,0.0017,0.0539,12.5655
하이얼,101,12.0391,0.0016,0.0517,12.0391
하이얼,102,11.9527,0.0016,0.0513,11.9527
하이얼,100,11.8675,0.0022,0.0510,11.8675
하이얼,103,11.8675,0.0015,0.0510,11.8675
하이얼,5,11.7835,0.0018,0.0506,11.7835
하이얼,61,11.4136,0.0020,0.0490,11.4136
하이얼,112,11.2496,0.0020,0.0483,11.2496
하이얼,42,11.1910,0.0015,0.0480,11.1910
하이얼,110,10.8617,0.0045,0.0466,10.8617
하이얼,37,10.2106,0.0011,0.0438,10.2106
하이얼,2,9.8499,0.0015,0.0423,9.8499
하이얼,24,9.6252,0.0014,0.0413,9.6252
하이얼,52,9.4109,0.0013,0.0404,9.4109
하이얼,95,9.3417,0.0024,0.0401,9.3417
하이얼,36,9.0922,0.0039,0.0390,9.0922
하이얼,75,8.9528,0.0021,0.0384,8.9528
하이얼,71,8.4358,0.0070,0.0362,8.4358
하이얼,57,8.3345,0.0015,0.0358,8.3345
하이얼,55,8.2701,0.0010,0.0355,8.2701
하이얼,69,7.6969,0.0016,0.0330,7.6969
하이얼,21,6.8801,0.0062,0.0295,6.8801
하이얼,117,6.7665,0.0036,0.0291,6.7665
하이얼,22,6.6636,0.0010,0.0286,6.6636
하이얼,20,6.5639,0.0012,0.0282,6.5639
하이얼,70,6.5153,0.0007,0.0280,6.5153
하이얼,124,6.1575,0.0013,0.0264,6.1575
하이얼,15,6.0615,0.0012,0.0260,6.0615
하이얼,98,6.0146,0.0015,0.0258,6.0146
하이얼,122,6.0146,0.0017,0.0258,6.0146
하이얼,82,5.9686,0.0012,0.0256,5.9686
하이얼,105,5.8537,0.0035,0.0251,5.8537
하이얼,114,5.8346,0.0019,0.0251,5.8346
하이얼,64,5.8033,0.0034,0.0249,5.8033
하이얼,59,5.3455,0.0018,0.0230,5.3455
하이얼,63,5.3455,0.0020,0.0230,5.3455
하이얼,65,5.2628,0.0029,0.0226,5.2628
하이얼,28,5.0302,0.0009,0.0216,5.0302
하이얼,106,4.5461,0.0009,0.0195,4.5461
하이얼,33,4.4089,0.0014,0.0189,4.4089
하이얼,116,4.4089,0.0013,0.0189,4.4089
하이얼,79,4.3435,0.0007,0.0186,4.3435
하이얼,87,4.1812,0.0016,0.0180,4.1812
하이얼,23,3.9423,0.0008,0.0169,3.9423
하이얼,35,3.9423,0.0006,0.0169,3.9423
하이얼,93,3.9423,0.0021,0.0169,3.9423
하이얼,109,3.7884,0.0015,0.0163,3.7884
하이얼,41,3.6302,0.0017,0.0156,3.6302
하이얼,91,3.3450,0.0017,0.0144,3.3450
하이얼,121,3.2879,0.0018,0.0141,3.2879
하이얼,31,3.1034,0.0012,0.0133,3.1034
하이얼,90,3.0545,0.0015,0.0131,3.0545
하이얼,119,3.0545,0.0017,0.0131,3.0545
하이얼,54,2.8957,0.0006,0.0124,2.8957
하이얼,48,2.8308,0.0018,0.0122,2.8308
하이얼,11,2.8029,0.0011,0.0120,2.8029
하이얼,38,2.6970,0.0035,0.0116,2.6970
하이얼,18,2.5307,0.0008,0.0109,2.5307
하이얼,62,2.4871,0.0012,0.0107,2.4871
하이얼,45,2.4659,0.0016,0.0106,2.4659
하이얼,3,2.4045,0.0008,0.0103,2.4045
하이얼,77,2.4045,0.0009,0.0103,2.4045
하이얼,58,2.3848,0.0004,0.0102,2.3848
하이얼,85,2.3091,0.0006,0.0099,2.3091
하이얼,88,2.3091,0.0013,0.0099,2.3091
하이얼,47,2.2909,0.0005,0.0098,2.2909
하이얼,80,2.1558,0.0010,0.0093,2.1558
하이얼,92,2.0077,0.0022,0.0086,2.0077
하이얼,120,1.9658,0.0038,0.0084,1.9658
하이얼,84,1.8504,0.0020,0.0079,1.8504
하이얼,49,1.8151,0.0011,0.0078,1.8151
하이얼,86,1.7648,0.0022,0.0076,1.7648
하이얼,76,1.6725,0.0009,0.0072,1.6725
하이얼,32,1.6581,0.0007,0.0071,1.6581
하이얼,60,1.6581,0.0021,0.0071,1.6581
하이얼,73,1.5642,0.0006,0.0067,1.5642
하이얼,97,1.5642,0.0004,0.0067,1.5642
하이얼,108,1.5273,0.0005,0.0066,1.5273
하이얼,13,0.9531,0.0006,0.0041,0.9531
하이얼,94,0.9343,0.0018,0.0040,0.9343
하이얼,30,0.8990,0.0003,0.0039,0.8990
하이얼,96,0.8511,0.0005,0.0037,0.8511
하이얼,7,0.8290,0.0004,0.0036,0.8290
한미반도체,12,122.6871,0.0082,0.3730,122.6871
한미반도체,0,111.5015,0.0041,0.3390,111.5015
한미반도체,10,100.5243,0.0099,0.3056,100.5243
한미반도체,50,81.9054,0.0056,0.2490,81.9054
한미반도체,9,81.8028,0.0089,0.2487,81.8028
한미반도체,68,63.1945,0.0075,0.1921,63.1945
한미반도체,103,62.8277,0.0081,0.1910,62.8277
한미반도체,101,60.1957,0.0079,0.1830,60.1957
한미반도체,46,55.3317,0.0063,0.1682,55.3317
한미반도체,27,50.3016,0.0039,0.1529,50.3016
한미반도체,28,49.5830,0.0093,0.1507,49.5830
한미반도체,52,48.5026,0.0069,0.1475,48.5026
한미반도체,14,45.0546,0.0048,0.1370,45.0546
한미반도체,1,44.9410,0.0029,0.1366,44.9410
한미반도체,51,44.2951,0.0048,0.1347,44.2951
한미반도체,82,43.2720,0.0088,0.1316,43.2720
한미반도체,20,41.5716,0.0078,0.1264,41.5716
한미반도체,56,39.6584,0.0032,0.1206,39.6584
한미반도체,122,37.5915,0.0105,0.1143,37.5915
한미반도체,37,37.1957,0.0039,0.1131,37.1957
한미반도체,118,34.7481,0.0031,0.1056,34.7481
한미반도체,70,31.8524,0.0035,0.0968,31.8524
한미반도체,96,31.4889,0.0191,0.0957,31.4889
한미반도체,54,30.4046,0.0067,0.0924,30.4046
한미반도체,34,29.7438,0.0059,0.0904,29.7438
한미반도체,24,29.6160,0.0042,0.0900,29.6160
한미반도체,89,27.5312,0.0028,0.0837,27.5312
한미반도체,61,25.6806,0.0046,0.0781,25.6806
한미반도체,124,25.3997,0.0055,0.0772,25.3997
한미반도체,29,25.1311,0.0038,0.0764,25.1311
한미반도체,5,24.9533,0.0038,0.0759,24.9533
한미반도체,81,24.7971,0.0030,0.0754,24.7971
한미반도체,83,24.4330,0.0033,0.0743,24.4330
한미반도체,43,23.5405,0.0037,0.0716,23.5405
한미반도체,76,23.4149,0.0128,0.0712,23.4149
한미반도체,98,23.3068,0.0058,0.0709,23.3068
한미반도체,102,22.4991,0.0031,0.0684,22.4991
한미반도체,40,21.9729,0.0039,0.0668,21.9729
한미반도체,123,20.4212,0.0021,0.0621,20.4212
한미반도체,100,20.2445,0.0038,0.0615,20.2445
한미반도체,42,20.1439,0.0028,0.0612,20.1439
한미반도체,72,20.1439,0.0045,0.0612,20.1439
한미반도체,112,18.9836,0.0033,0.0577,18.9836
한미반도체,22,17.7696,0.0025,0.0540,17.7696
한미반도체,19,17.3741,0.0019,0.0528,17.3741
한미반도체,55,16.5403,0.0020,0.0503,16.5403
한미반도체,79,15.9262,0.0027,0.0484,15.9262
한미반도체,75,15.6675,0.0037,0.0476,15.6675
한미반도체,116,15.4312,0.0044,0.0469,15.4312
한미반도체,95,15.0905,0.0039,0.0459,15.0905
한미반도체,74,15.0239,0.0336,0.0457,15.0239
한미반도체,33,14.6964,0.0047,0.0447,14.6964
한미반도체,104,14.2848,0.0023,0.0434,14.2848
한미반도체,2,13.6383,0.0020,0.0415,13.6383
한미반도체,6,13.4293,0.0027,0.0408,13.4293
한미반도체,113,13.4293,0.0033,0.0408,13.4293
한미반도체,110,13.1893,0.0055,0.0401,13.1893
한미반도체,80,12.9347,0.0062,0.0393,12.9347
한미반도체,57,12.1230,0.0022,0.0369,12.1230
한미반도체,106,12.1230,0.0024,0.0369,12.1230
한미반도체,58,11.9239,0.0022,0.0363,11.9239
한미반도체,35,11.0384,0.0017,0.0336,11.0384
한미반도체,78,11.0223,0.0017,0.0335,11.0223
한미반도체,88,10.7756,0.0059,0.0328,10.7756
한미반도체,47,10.6909,0.0026,0.0325,10.6909
한미반도체,59,10.6909,0.0036,0.0325,10.6909
한미반도체,69,10.0059,0.0021,0.0304,10.0059
한미반도체,109,9.8499,0.0038,0.0299,9.8499
한미반도체,39,9.6252,0.0025,0.0293,9.6252
한미반도체,23,9.4615,0.0018,0.0288,9.4615
한미반도체,16,9.2064,0.0018,0.0280,9.2064
한미반도체,119,9.1636,0.0051,0.0279,9.1636
한미반도체,15,9.0922,0.0017,0.0276,9.0922
한미반도체,8,8.5105,0.0034,0.0259,8.5105
한미반도체,85,8.4666,0.0021,0.0257,8.4666
한미반도체,63,8.4000,0.0031,0.0255,8.4000
한미반도체,25,8.2198,0.0031,0.0250,8.2198
한미반도체,121,8.2198,0.0045,0.0250,8.2198
한미반도체,4,7.8846,0.0017,0.0240,7.8846
한미반도체,93,7.8846,0.0043,0.0240,7.8846
한미반도체,26,7.5769,0.0016,0.0230,7.5769
한미반도체,117,7.5183,0.0040,0.0229,7.5183
한미반도체,17,7.2392,0.0021,0.0220,7.2392
한미반도체,108,6.8727,0.0022,0.0209,6.8727
한미반도체,65,6.7665,0.0037,0.0206,6.7665
한미반도체,90,6.1091,0.0029,0.0186,6.1091
한미반도체,111,5.9686,0.0019,0.0181,5.9686
한미반도체,66,5.8033,0.0050,0.0176,5.8033
한미반도체,36,5.3038,0.0023,0.0161,5.3038
한미반도체,114,5.1053,0.0017,0.0155,5.1053
한미반도체,87,4.1812,0.0016,0.0127,4.1812
한미반도체,64,4.1452,0.0024,0.0126,4.1452
한미반도체,3,4.0076,0.0014,0.0122,4.0076
한미반도체,73,3.9105,0.0015,0.0119,3.9105
한미반도체,97,3.9105,0.0011,0.0119,3.9105
한미반도체,30,3.5960,0.0012,0.0109,3.5960
한미반도체,18,3.3743,0.0011,0.0103,3.3743
한미반도체,105,3.3450,0.0020,0.0102,3.3450
한미반도체,62,3.3162,0.0016,0.0101,3.3162
한미반도체,45,3.2879,0.0022,0.0100,3.2879
한미반도체,77,3.2061,0.0012,0.0097,3.2061
한미반도체,31,3.1034,0.0012,0.0094,3.1034
한미반도체,115,3.0116,0.0072,0.0092,3.0116
한미반도체,120,2.9486,0.0057,0.0090,2.9486
한미반도체,13,2.8593,0.0017,0.0087,2.8593
한미반도체,48,2.8308,0.0018,0.0086,2.8308
한미반도체,94,2.8029,0.0054,0.0085,2.8029
한미반도체,41,2.7227,0.0013,0.0083,2.7227
한미반도체,44,2.7227,0.0051,0.0083,2.7227
한미반도체,49,2.7227,0.0016,0.0083,2.7227
한미반도체,32,2.4871,0.0010,0.0076,2.4871
한미반도체,92,2.0077,0.0022,0.0061,2.0077
한미반도체,38,1.7980,0.0023,0.0055,1.7980
한미반도체,71,1.6872,0.0014,0.0051,1.6872
한미반도체,7,1.6581,0.0008,0.0050,1.6581
한미반도체,67,0.9628,0.0024,0.0029,0.9628
한미반도체,86,0.8824,0.0011,0.0027,0.8824
한미반도체,91,0.8362,0.0004,0.0025,0.8362
한미반도체,60,0.8290,0.0010,0.0025,0.8290
한화,0,401.2678,0.0146,0.4484,401.2678
한화,69,201.6581,0.0421,0.2254,201.6581
한화,1,168.3506,0.0109,0.1881,168.3506
한화,50,165.1874,0.0113,0.1846,165.1874
한화,12,160.8101,0.0108,0.1797,160.8101
한화,51,153.9784,0.0167,0.1721,153.9784
한화,84,149.8834,0.1650,0.1675,149.8834
한화,40,146.2333,0.0260,0.1634,146.2333
한화,56,144.4698,0.0115,0.1615,144.4698
한화,68,137.4113,0.0162,0.1536,137.4113
한화,5,128.2322,0.0193,0.1433,128.2322
한화,46,127.9097,0.0146,0.1429,127.9097
한화,2,126.5335,0.0186,0.1414,126.5335
한화,24,125.1276,0.0178,0.1398,125.1276
한화,109,118.9567,0.0457,0.1329,118.9567
한화,27,113.5378,0.0088,0.1269,113.5378
한화,101,109.0605,0.0143,0.1219,109.0605
한화,112,108.2770,0.0188,0.1210,108.2770
한화,72,102.2115,0.0227,0.1142,102.2115
한화,58,100.1612,0.0182,0.1119,100.1612
한화,104,99.9935,0.0164,0.1117,99.9935
한화,41,98.9237,0.0467,0.1106,98.9237
한화,118,98.4530,0.0088,0.1100,98.4530
한화,14,97.7338,0.0103,0.1092,97.7338
한화,16,97.7295,0.0192,0.1092,97.7295
한화,10,97.0339,0.0095,0.1084,97.0339
한화,87,94.4960,0.0361,0.1056,94.4960
한화,89,91.5414,0.0094,0.1023,91.5414
한화,111,86.5441,0.0269,0.0967,86.5441
한화,11,85.9564,0.0333,0.0961,85.9564
한화,30,84.5059,0.0285,0.0944,84.5059
한화,70,83.2507,0.0091,0.0930,83.2507
한화,83,83.0722,0.0111,0.0928,83.0722
한화,103,80.2798,0.0103,0.0897,80.2798
한화,22,79.2228,0.0113,0.0885,79.2228
한화,9,76.7354,0.0083,0.0858,76.7354
한화,29,75.3932,0.0115,0.0843,75.3932
한화,43,74.9017,0.0119,0.0837,74.9017
한화,45,74.8002,0.0492,0.0836,74.8002
한화,80,74.0152,0.0352,0.0827,74.0152
한화,108,69.4910,0.0227,0.0777,69.4910
한화,100,67.7143,0.0126,0.0757,67.7143
한화,62,67.1530,0.0319,0.0750,67.1530
한화,93,67.0189,0.0364,0.0749,67.0189
한화,47,66.4364,0.0159,0.0742,66.4364
한화,52,65.8766,0.0093,0.0736,65.8766
한화,19,63.7049,0.0071,0.0712,63.7049
한화,102,62.5757,0.0086,0.0699,62.5757
한화,81,61.9928,0.0074,0.0693,61.9928
한화,114,61.2635,0.0203,0.0685,61.2635
한화,85,60.8053,0.0153,0.0680,60.8053
한화,4,58.3458,0.0124,0.0652,58.3458
한화,37,57.6168,0.0060,0.0644,57.6168
한화,55,57.1391,0.0068,0.0639,57.1391
한화,123,56.8875,0.0059,0.0636,56.8875
한화,95,54.6131,0.0142,0.0610,54.6131
한화,54,52.8461,0.0116,0.0591,52.8461
한화,34,51.6975,0.0103,0.0578,51.6975
한화,15,50.7649,0.0097,0.0567,50.7649
한화,79,50.6743,0.0087,0.0566,50.6743
한화,17,49.2265,0.0141,0.0550,49.2265
한화,64,48.9139,0.0284,0.0547,48.9139
한화,36,43.9458,0.0190,0.0491,43.9458
한화,26,43.1881,0.0090,0.0483,43.1881
한화,35,42.5767,0.0066,0.0476,42.5767
한화,6,42.5260,0.0086,0.0475,42.5260
한화,20,42.3010,0.0080,0.0473,42.3010
한화,42,41.7799,0.0058,0.0467,41.7799
한화,61,39.9476,0.0072,0.0446,39.9476
한화,90,39.7091,0.0191,0.0444,39.7091
한화,78,39.6803,0.0061,0.0443,39.6803
한화,82,38.0495,0.0078,0.0425,38.0495
한화,57,37.1266,0.0068,0.0415,37.1266
한화,113,36.5574,0.0089,0.0409,36.5574
한화,92,36.1392,0.0402,0.0404,36.1392
한화,105,35.9587,0.0216,0.0402,35.9587
한화,28,35.9297,0.0067,0.0402,35.9297
한화,122,34.5842,0.0097,0.0386,34.5842
한화,75,34.3192,0.0081,0.0384,34.3192
한화,97,33.6301,0.0090,0.0376,33.6301
한화,106,31.8228,0.0063,0.0356,31.8228
한화,31,31.8094,0.0124,0.0355,31.8094
한화,23,31.5383,0.0061,0.0352,31.5383
한화,77,31.2591,0.0115,0.0349,31.2591
한화,76,30.1049,0.0164,0.0336,30.1049
한화,96,28.0847,0.0170,0.0314,28.0847
한화,88,27.7087,0.0152,0.0310,27.7087
한화,25,27.1253,0.0101,0.0303,27.1253
한화,116,24.9839,0.0072,0.0279,24.9839
한화,124,24.6300,0.0053,0.0275,24.6300
한화,63,23.6727,0.0088,0.0265,23.6727
한화,33,23.5142,0.0075,0.0263,23.5142
한화,73,23.4628,0.0088,0.0262,23.4628
한화,98,23.3068,0.0058,0.0260,23.3068
한화,66,23.2134,0.0200,0.0259,23.2134
한화,39,22.9524,0.0059,0.0257,22.9524
한화,3,22.4424,0.0077,0.0251,22.4424
한화,59,22.1455,0.0075,0.0247,22.1455
한화,117,20.2994,0.0107,0.0227,20.2994
한화,18,20.2459,0.0067,0.0226,20.2459
한화,32,19.0681,0.0077,0.0213,19.0681
한화,110,18.6201,0.0078,0.0208,18.6201
한화,65,18.0439,0.0100,0.0202,18.0439
한화,119,17.5637,0.0097,0.0196,17.5637
한화,49,17.2436,0.0104,0.0193,17.2436
한화,91,16.7250,0.0084,0.0187,16.7250
한화,7,16.5810,0.0076,0.0185,16.5810
한화,48,16.0413,0.0102,0.0179,16.0413
한화,60,13.2648,0.0166,0.0148,13.2648
한화,121,13.1517,0.0073,0.0147,13.1517
한화,120,12.7774,0.0246,0.0143,12.7774
한화,99,11.8045,0.0179,0.0132,11.8045
한화,86,11.4711,0.0143,0.0128,11.4711
한화,8,9.3616,0.0038,0.0105,9.3616
한화,13,7.6248,0.0044,0.0085,7.6248
한화,44,7.2605,0.0137,0.0081,7.2605
한화,71,6.7486,0.0056,0.0075,6.7486
한화,115,6.0232,0.0145,0.0067,6.0232
한화,67,5.7769,0.0144,0.0065,5.7769
한화,94,4.6715,0.0091,0.0052,4.6715
한화,74,4.2925,0.0096,0.0048,4.2925
한화,53,3.7008,0.0048,0.0041,3.7008
한화,38,3.5960,0.0047,0.0040,3.5960
한화,21,1.9658,0.0018,0.0022,1.9658
한화솔루션,0,39.2320,0.0014,0.3454,39.2320
한화솔루션,10,39.0928,0.0038,0.3442,39.0928
한화솔루션,12,33.9642,0.0023,0.2991,33.9642
한화솔루션,50,26.8430,0.0018,0.2364,26.8430
한화솔루션,101,24.7865,0.0032,0.2182,24.7865
한화솔루션,118,21.7176,0.0019,0.1912,21.7176
한화솔루션,103,21.6406,0.0028,0.1905,21.6406
한화솔루션,52,20.9936,0.0030,0.1848,20.9936
한화솔루션,1,20.6871,0.0013,0.1822,20.6871
한화솔루션,27,18.6834,0.0015,0.1645,18.6834
한화솔루션,70,18.0980,0.0020,0.1594,18.0980
한화솔루션,43,17.8337,0.0028,0.1570,17.8337
한화솔루션,68,16.9009,0.0020,0.1488,16.9009
한화솔루션,81,16.0452,0.0019,0.1413,16.0452
한화솔루션,24,15.5484,0.0022,0.1369,15.5484
한화솔루션,20,15.3159,0.0029,0.1349,15.3159
한화솔루션,51,14.7650,0.0016,0.1300,14.7650
한화솔루션,109,14.3960,0.0055,0.1268,14.3960
한화솔루션,28,14.3719,0.0027,0.1265,14.3719
한화솔루션,9,13.7545,0.0015,0.1211,13.7545
한화솔루션,82,13.4293,0.0027,0.1182,13.4293
한화솔루션,40,10.6076,0.0019,0.0934,10.6076
한화솔루션,14,10.3972,0.0011,0.0915,10.3972
한화솔루션,89,10.3242,0.0011,0.0909,10.3242
한화솔루션,78,10.2875,0.0016,0.0906,10.2875
한화솔루션,123,10.2106,0.0011,0.0899,10.2106
한화솔루션,56,9.9146,0.0008,0.0873,9.9146
한화솔루션,39,9.6252,0.0025,0.0848,9.6252
한화솔루션,37,9.4812,0.0010,0.0835,9.4812
한화솔루션,19,9.4109,0.0011,0.0829,9.4109
한화솔루션,61,9.2735,0.0017,0.0817,9.2735
한화솔루션,90,9.1636,0.0044,0.0807,9.1636
한화솔루션,29,9.0751,0.0014,0.0799,9.0751
한화솔루션,96,8.5105,0.0052,0.0749,8.5105
한화솔루션,54,7.9631,0.0018,0.0701,7.9631
한화솔루션,124,7.6969,0.0017,0.0678,7.6969
한화솔루션,55,7.5183,0.0009,0.0662,7.5183
한화솔루션,113,7.4607,0.0018,0.0657,7.4607
한화솔루션,45,7.3978,0.0049,0.0651,7.3978
한화솔루션,46,7.1859,0.0008,0.0633,7.1859
한화솔루션,95,7.1859,0.0019,0.0633,7.1859
한화솔루션,26,6.8192,0.0014,0.0600,6.8192
한화솔루션,122,6.7665,0.0019,0.0596,6.7665
한화솔루션,42,6.7146,0.0009,0.0591,6.7146
한화솔루션,59,6.1091,0.0021,0.0538,6.1091
한화솔루션,98,6.0146,0.0015,0.0530,6.0146
한화솔루션,72,5.9686,0.0013,0.0526,5.9686
한화솔루션,116,5.8786,0.0017,0.0518,5.8786
한화솔루션,76,5.8537,0.0032,0.0515,5.8537
한화솔루션,121,5.7539,0.0032,0.0507,5.7539
한화솔루션,80,5.7488,0.0027,0.0506,5.7488
한화솔루션,83,5.5847,0.0007,0.0492,5.5847
한화솔루션,69,5.3878,0.0011,0.0474,5.3878
한화솔루션,106,5.3038,0.0010,0.0467,5.3038
한화솔루션,22,5.1828,0.0007,0.0456,5.1828
한화솔루션,33,5.1437,0.0016,0.0453,5.1437
한화솔루션,25,4.9319,0.0018,0.0434,4.9319
한화솔루션,77,4.8091,0.0018,0.0423,4.8091
한화솔루션,88,4.6181,0.0025,0.0407,4.6181
한화솔루션,15,4.5461,0.0009,0.0400,4.5461
한화솔루션,57,4.5461,0.0008,0.0400,4.5461
한화솔루션,6,4.4764,0.0009,0.0394,4.4764
한화솔루션,75,4.4764,0.0011,0.0394,4.4764
한화솔루션,91,4.1812,0.0021,0.0368,4.1812
한화솔루션,73,3.9105,0.0015,0.0344,3.9105
한화솔루션,31,3.8792,0.0015,0.0342,3.8792
한화솔루션,108,3.8182,0.0012,0.0336,3.8182
한화솔루션,36,3.7884,0.0016,0.0334,3.7884
한화솔루션,114,3.6466,0.0012,0.0321,3.6466
한화솔루션,79,3.6196,0.0006,0.0319,3.6196
한화솔루션,107,3.6166,0.0260,0.0318,3.6166
한화솔루션,97,3.1284,0.0008,0.0275,3.1284
한화솔루션,110,3.1034,0.0013,0.0273,3.1034
한화솔루션,85,3.0787,0.0008,0.0271,3.0787
한화솔루션,47,3.0545,0.0007,0.0269,3.0545
한화솔루션,111,2.9843,0.0009,0.0263,2.9843
한화솔루션,34,2.8327,0.0006,0.0249,2.8327
한화솔루션,102,2.8124,0.0004,0.0248,2.8124
한화솔루션,112,2.8124,0.0005,0.0248,2.8124
한화솔루션,100,2.7923,0.0005,0.0246,2.7923
한화솔루션,5,2.7726,0.0004,0.0244,2.7726
한화솔루션,66,2.4871,0.0021,0.0219,2.4871
한화솔루션,119,1.5273,0.0008,0.0134,1.5273
한화솔루션,17,1.4478,0.0004,0.0127,1.4478
한화솔루션,92,1.0039,0.0011,0.0088,1.0039
한화솔루션,120,0.9829,0.0019,0.0087,0.9829
한화솔루션,67,0.9628,0.0024,0.0085,0.9628
한화솔루션,53,0.9252,0.0012,0.0081,0.9252
한화솔루션,30,0.8990,0.0003,0.0079,0.8990
한화솔루션,86,0.8824,0.0011,0.0078,0.8824
한화솔루션,4,0.7885,0.0002,0.0069,0.7885
한화솔루션,63,0.7636,0.0003,0.0067,0.7636
한화솔루션,104,0.7518,0.0001,0.0066,0.7518
한화솔루션,16,0.7082,0.0001,0.0062,0.7082
한화시스템,0,133.5265,0.0049,0.3570,133.5265
한화시스템,14,121.9939,0.0129,0.3262,121.9939
한화시스템,50,117.0078,0.0080,0.3128,117.0078
한화시스템,10,108.9013,0.0107,0.2912,108.9013
한화시스템,12,106.7447,0.0072,0.2854,106.7447
한화시스템,109,75.7686,0.0291,0.2026,75.7686
한화시스템,5,74.8599,0.0113,0.2002,74.8599
한화시스템,70,56.4657,0.0062,0.1510,56.4657
한화시스템,68,52.9070,0.0062,0.1415,52.9070
한화시스템,102,52.0292,0.0071,0.1391,52.0292
한화시스템,103,50.9602,0.0066,0.1363,50.9602
한화시스템,83,49.5641,0.0066,0.1325,49.5641
한화시스템,29,46.7717,0.0072,0.1251,46.7717
한화시스템,28,46.7086,0.0088,0.1249,46.7086
한화시스템,89,44.7383,0.0046,0.1196,44.7383
한화시스템,51,43.5920,0.0047,0.1166,43.5920
한화시스템,27,43.1156,0.0034,0.1153,43.1156
한화시스템,46,40.2413,0.0046,0.1076,40.2413
한화시스템,1,39.9476,0.0026,0.1068,39.9476
한화시스템,101,39.6584,0.0052,0.1060,39.6584
한화시스템,54,38.3677,0.0084,0.1026,38.3677
한화시스템,24,37.0200,0.0053,0.0990,37.0200
한화시스템,9,36.9199,0.0040,0.0987,36.9199
한화시스템,43,34.9541,0.0056,0.0935,34.9541
한화시스템,118,34.7481,0.0031,0.0929,34.7481
한화시스템,56,33.9929,0.0027,0.0909,33.9929
한화시스템,34,33.2847,0.0066,0.0890,33.2847
한화시스템,52,32.5763,0.0046,0.0871,32.5763
한화시스템,100,32.1119,0.0060,0.0859,32.1119
한화시스템,40,31.8228,0.0057,0.0851,31.8228
한화시스템,112,31.6394,0.0055,0.0846,31.6394
한화시스템,69,31.5572,0.0066,0.0844,31.5572
한화시스템,61,31.3874,0.0056,0.0839,31.3874
한화시스템,6,30.5889,0.0062,0.0818,30.5889
한화시스템,20,29.9024,0.0056,0.0799,29.9024
한화시스템,80,29.4623,0.0140,0.0788,29.4623
한화시스템,75,29.0967,0.0069,0.0778,29.0967
한화시스템,81,26.2558,0.0031,0.0702,26.2558
한화시스템,108,25.9637,0.0085,0.0694,25.9637
한화시스템,113,24.6203,0.0060,0.0658,24.6203
한화시스템,22,22.9524,0.0033,0.0614,22.9524
한화시스템,19,22.4415,0.0025,0.0600,22.4415
한화시스템,104,21.8031,0.0036,0.0583,21.8031
한화시스템,95,21.5578,0.0056,0.0576,21.5578
한화시스템,85,21.5512,0.0054,0.0576,21.5512
한화시스템,33,21.3098,0.0068,0.0570,21.3098
한화시스템,37,21.1505,0.0022,0.0565,21.1505
한화시스템,96,19.5742,0.0119,0.0523,19.5742
한화시스템,79,19.5458,0.0034,0.0523,19.5458
한화시스템,116,18.3705,0.0053,0.0491,18.3705
한화시스템,90,18.3273,0.0088,0.0490,18.3273
한화시스템,82,17.9057,0.0037,0.0479,17.9057
한화시스템,122,17.2921,0.0048,0.0462,17.2921
한화시스템,15,15.9114,0.0031,0.0425,15.9114
한화시스템,25,15.6176,0.0058,0.0418,15.6176
한화시스템,88,14.6241,0.0080,0.0391,14.6241
한화시스템,124,14.6241,0.0032,0.0391,14.6241
한화시스템,47,14.5091,0.0035,0.0388,14.5091
한화시스템,72,14.1753,0.0031,0.0379,14.1753
한화시스템,119,13.7455,0.0076,0.0368,13.7455
한화시스템,110,13.1893,0.0055,0.0353,13.1893
한화시스템,121,13.1517,0.0073,0.0352,13.1517
한화시스템,123,13.1279,0.0014,0.0351,13.1279
한화시스템,114,12.3986,0.0041,0.0331,12.3986
한화시스템,92,12.0464,0.0134,0.0322,12.0464
한화시스템,17,10.8588,0.0031,0.0290,10.8588
한화시스템,42,10.4450,0.0014,0.0279,10.4450
한화시스템,78,10.2875,0.0016,0.0275,10.2875
한화시스템,4,10.2499,0.0022,0.0274,10.2499
한화시스템,59,9.9273,0.0034,0.0265,9.9273
한화시스템,16,9.9146,0.0020,0.0265,9.9146
한화시스템,26,9.8499,0.0021,0.0263,9.8499
한화시스템,53,9.2521,0.0119,0.0247,9.2521
한화시스템,64,9.1195,0.0053,0.0244,9.1195
한화시스템,76,8.3625,0.0046,0.0224,8.3625
한화시스템,84,8.3269,0.0092,0.0223,8.3269
한화시스템,111,8.2068,0.0026,0.0219,8.2068
한화시스템,36,7.5769,0.0033,0.0203,7.5769
한화시스템,106,7.5769,0.0015,0.0203,7.5769
한화시스템,91,7.5262,0.0038,0.0201,7.5262
한화시스템,23,7.0961,0.0014,0.0190,7.0961
한화시스템,35,7.0961,0.0011,0.0190,7.0961
한화시스템,2,6.8192,0.0010,0.0182,6.8192
한화시스템,57,6.8192,0.0012,0.0182,6.8192
한화시스템,55,6.7665,0.0008,0.0181,6.7665
한화시스템,71,6.7486,0.0056,0.0180,6.7486
한화시스템,45,6.5758,0.0043,0.0176,6.5758
한화시스템,73,6.2568,0.0023,0.0167,6.2568
한화시스템,77,5.6106,0.0021,0.0150,5.6106
한화시스템,93,5.5192,0.0030,0.0148,5.5192
한화시스템,41,5.4453,0.0026,0.0146,5.4453
한화시스템,31,5.4309,0.0021,0.0145,5.4309
한화시스템,39,5.1828,0.0013,0.0139,5.1828
한화시스템,18,5.0615,0.0017,0.0135,5.0615
한화시스템,115,5.0193,0.0121,0.0134,5.0193
한화시스템,87,4.1812,0.0016,0.0112,4.1812
한화시스템,66,4.1452,0.0036,0.0111,4.1452
한화시스템,48,3.7744,0.0024,0.0101,3.7744
한화시스템,98,3.7592,0.0009,0.0101,3.7592
한화시스템,94,3.7372,0.0072,0.0100,3.7372
한화시스템,8,3.4042,0.0014,0.0091,3.4042
한화시스템,3,2.4045,0.0008,0.0064,2.4045
한화시스템,58,2.3848,0.0004,0.0064,2.3848
한화시스템,74,2.1463,0.0048,0.0057,2.1463
한화시스템,99,2.1463,0.0033,0.0057,2.1463
한화시스템,21,1.9658,0.0018,0.0053,1.9658
한화시스템,49,1.8151,0.0011,0.0049,1.8151
한화시스템,107,1.8083,0.0130,0.0048,1.8083
한화시스템,86,1.7648,0.0022,0.0047,1.7648
한화시스템,7,1.6581,0.0008,0.0044,1.6581
한화시스템,60,1.6581,0.0021,0.0044,1.6581
한화시스템,62,1.6581,0.0008,0.0044,1.6581
한화시스템,63,1.5273,0.0006,0.0041,1.5273
한화시스템,120,0.9829,0.0019,0.0026,0.9829
한화시스템,67,0.9628,0.0024,0.0026,0.9628
한화시스템,44,0.9076,0.0017,0.0024,0.9076
한화시스템,105,0.8362,0.0005,0.0022,0.8362
한화시스템,32,0.8290,0.0003,0.0022,0.8290
한화시스템,97,0.7821,0.0002,0.0021,0.7821
한화시스템,65,0.7518,0.0004,0.0020,0.7518
한화시스템,117,0.7518,0.0004,0.0020,0.7518
현대모비스,10,253.4050,0.0248,0.3427,253.4050
현대모비스,12,228.0454,0.0153,0.3084,228.0454
현대모비스,0,223.6913,0.0081,0.3025,223.6913
현대모비스,50,211.9905,0.0145,0.2867,211.9905
현대모비스,54,188.2189,0.0414,0.2545,188.2189
현대모비스,70,151.2990,0.0165,0.2046,151.2990
현대모비스,68,147.6988,0.0174,0.1997,147.6988
현대모비스,101,134.5552,0.0176,0.1820,134.5552
현대모비스,103,122.8630,0.0158,0.1661,122.8630
현대모비스,27,111.3820,0.0087,0.1506,111.3820
현대모비스,56,97.7295,0.0078,0.1322,97.7295
현대모비스,14,97.0406,0.0102,0.1312,97.0406
현대모비스,20,95.5418,0.0180,0.1292,95.5418
현대모비스,51,92.1058,0.0100,0.1246,92.1058
현대모비스,91,86.9698,0.0436,0.1176,86.9698
현대모비스,9,86.8703,0.0094,0.1175,86.8703
현대모비스,118,86.1463,0.0077,0.1165,86.1463
현대모비스,1,85.6020,0.0056,0.1158,85.6020
현대모비스,28,84.7941,0.0159,0.1147,84.7941
현대모비스,52,82.5267,0.0117,0.1116,82.5267
현대모비스,43,80.6085,0.0128,0.1090,80.6085
현대모비스,37,76.5793,0.0080,0.1036,76.5793
현대모비스,46,74.0152,0.0085,0.1001,74.0152
현대모비스,75,72.3687,0.0172,0.0979,72.3687
현대모비스,85,72.3506,0.0182,0.0978,72.3506
현대모비스,89,72.2695,0.0074,0.0977,72.2695
현대모비스,81,67.8274,0.0081,0.0917,67.8274
현대모비스,104,67.6648,0.0111,0.0915,67.6648
현대모비스,61,65.6282,0.0118,0.0887,65.6282
현대모비스,24,63.6744,0.0090,0.0861,63.6744
현대모비스,25,61.6485,0.0229,0.0834,61.6485
현대모비스,109,56.8264,0.0219,0.0768,56.8264
현대모비스,47,55.7455,0.0133,0.0754,55.7455
현대모비스,122,55.6355,0.0155,0.0752,55.6355
현대모비스,6,55.2091,0.0112,0.0747,55.2091
현대모비스,123,53.9702,0.0056,0.0730,53.9702
현대모비스,82,51.4788,0.0105,0.0696,51.4788
현대모비스,108,50.4000,0.0165,0.0682,50.4000
현대모비스,40,47.7342,0.0085,0.0646,47.7342
현대모비스,124,47.7206,0.0103,0.0645,47.7206
현대모비스,45,46.0309,0.0303,0.0622,46.0309
현대모비스,72,44.7642,0.0099,0.0605,44.7642
현대모비스,29,44.6775,0.0068,0.0604,44.6775
현대모비스,102,43.5920,0.0060,0.0589,43.5920
현대모비스,113,43.2720,0.0105,0.0585,43.2720
현대모비스,100,42.5832,0.0079,0.0576,42.5832
현대모비스,83,41.8851,0.0056,0.0566,41.8851
현대모비스,119,40.4728,0.0224,0.0547,40.4728
현대모비스,78,38.2106,0.0059,0.0517,38.2106
현대모비스,95,38.0855,0.0099,0.0515,38.0855
현대모비스,116,37.4758,0.0107,0.0507,37.4758
현대모비스,69,36.9450,0.0077,0.0500,36.9450
현대모비스,16,36.8256,0.0072,0.0498,36.8256
현대모비스,121,36.1671,0.0200,0.0489,36.1671
현대모비스,34,34.7011,0.0069,0.0469,34.7011
현대모비스,79,33.3003,0.0057,0.0450,33.3003
현대모비스,19,32.5763,0.0036,0.0441,32.5763
현대모비스,33,32.3321,0.0103,0.0437,32.3321
현대모비스,88,32.3269,0.0178,0.0437,32.3269
현대모비스,90,32.0728,0.0154,0.0434,32.0728
현대모비스,57,31.8228,0.0058,0.0430,31.8228
현대모비스,36,31.0651,0.0135,0.0420,31.0651
현대모비스,17,30.4046,0.0087,0.0411,30.4046
현대모비스,26,30.3074,0.0063,0.0410,30.3074
현대모비스,42,29.8428,0.0041,0.0404,29.8428
현대모비스,5,29.8053,0.0045,0.0403,29.8053
현대모비스,112,28.8270,0.0050,0.0390,28.8270
현대모비스,2,28.7921,0.0042,0.0389,28.7921
현대모비스,114,28.4437,0.0094,0.0385,28.4437
현대모비스,23,28.3845,0.0055,0.0384,28.3845
현대모비스,35,28.3845,0.0044,0.0384,28.3845
현대모비스,39,27.3948,0.0070,0.0370,27.3948
현대모비스,22,26.6544,0.0038,0.0360,26.6544
현대모비스,55,24.8104,0.0029,0.0336,24.8104
현대모비스,80,24.4322,0.0116,0.0330,24.4322
현대모비스,98,23.3068,0.0058,0.0315,23.3068
현대모비스,53,23.1302,0.0298,0.0313,23.1302
현대모비스,96,21.2763,0.0129,0.0288,21.2763
현대모비스,59,20.6182,0.0070,0.0279,20.6182
현대모비스,106,19.6998,0.0039,0.0266,19.6998
현대모비스,111,18.6517,0.0058,0.0252,18.6517
현대모비스,4,18.1345,0.0038,0.0245,18.1345
현대모비스,63,17.5637,0.0066,0.0238,17.5637
현대모비스,93,16.5576,0.0090,0.0224,16.5576
현대모비스,15,15.9114,0.0031,0.0215,15.9114
현대모비스,31,15.5168,0.0061,0.0210,15.5168
현대모비스,49,14.5209,0.0088,0.0196,14.5209
현대모비스,117,14.2848,0.0075,0.0193,14.2848
현대모비스,87,14.2162,0.0054,0.0192,14.2162
현대모비스,97,14.0777,0.0038,0.0190,14.0777
현대모비스,115,14.0541,0.0338,0.0190,14.0541
현대모비스,65,12.7811,0.0071,0.0173,12.7811
현대모비스,73,12.5135,0.0047,0.0169,12.5135
현대모비스,41,11.7982,0.0056,0.0160,11.7982
현대모비스,76,11.7075,0.0064,0.0158,11.7075
현대모비스,58,11.1290,0.0020,0.0150,11.1290
현대모비스,120,10.8116,0.0208,0.0146,10.8116
현대모비스,84,10.1773,0.0112,0.0138,10.1773
현대모비스,66,9.9486,0.0086,0.0135,9.9486
현대모비스,86,9.7063,0.0121,0.0131,9.7063
현대모비스,3,9.6182,0.0033,0.0130,9.6182
현대모비스,77,9.6182,0.0035,0.0130,9.6182
현대모비스,71,9.2794,0.0077,0.0125,9.2794
현대모비스,107,9.0414,0.0649,0.0122,9.0414
현대모비스,48,8.4925,0.0054,0.0115,8.4925
현대모비스,18,8.4358,0.0028,0.0114,8.4358
현대모비스,74,7.5119,0.0168,0.0102,7.5119
현대모비스,99,7.5119,0.0114,0.0102,7.5119
현대모비스,32,7.4614,0.0030,0.0101,7.4614
현대모비스,94,6.5402,0.0127,0.0088,6.5402
현대모비스,60,5.8033,0.0073,0.0078,5.8033
현대모비스,62,5.8033,0.0028,0.0078,5.8033
현대모비스,105,5.0175,0.0030,0.0068,5.0175
현대모비스,64,4.9743,0.0029,0.0067,4.9743
현대모비스,21,3.9315,0.0035,0.0053,3.9315
현대모비스,110,3.8792,0.0016,0.0052,3.8792
현대모비스,38,3.5960,0.0047,0.0049,3.5960
현대모비스,92,3.0116,0.0034,0.0041,3.0116
현대모비스,7,2.4871,0.0011,0.0034,2.4871
현대모비스,67,1.9256,0.0048,0.0026,1.9256
현대모비스,13,1.9062,0.0011,0.0026,1.9062
현대모비스,44,1.8151,0.0034,0.0025,1.8151
현대모비스,30,1.7980,0.0006,0.0024,1.7980
현대모비스,8,1.7021,0.0007,0.0023,1.7021
현대모비스,11,0.9343,0.0004,0.0013,0.9343
현대자동차,0,339.3225,0.0123,0.3693,339.3225
현대자동차,50,236.7687,0.0162,0.2577,236.7687
현대자동차,10,228.9720,0.0224,0.2492,228.9720
현대자동차,12,206.5579,0.0138,0.2248,206.5579
현대자동차,14,187.1497,0.0198,0.2037,187.1497
현대자동차,70,173.0166,0.0189,0.1883,173.0166
현대자동차,5,159.4239,0.0240,0.1735,159.4239
현대자동차,43,158.3637,0.0252,0.1724,158.3637
현대자동차,1,140.5299,0.0091,0.1530,140.5299
현대자동차,46,136.5328,0.0156,0.1486,136.5328
현대자동차,103,133.3343,0.0171,0.1451,133.3343
현대자동차,101,126.7651,0.0166,0.1380,126.7651
현대자동차,27,116.4122,0.0090,0.1267,116.4122
현대자동차,40,114.4105,0.0203,0.1245,114.4105
현대자동차,69,113.9137,0.0238,0.1240,113.9137
현대자동차,102,113.1987,0.0155,0.1232,113.1987
현대자동차,51,112.4956,0.0122,0.1224,112.4956
현대자동차,56,111.8932,0.0089,0.1218,111.8932
현대자동차,118,111.4835,0.0100,0.1213,111.4835
현대자동차,89,108.7484,0.0111,0.1184,108.7484
현대자동차,75,107.4340,0.0255,0.1169,107.4340
현대자동차,68,106.5489,0.0126,0.1160,106.5489
현대자동차,22,103.6560,0.0148,0.1128,103.6560
현대자동차,25,103.5695,0.0385,0.1127,103.5695
현대자동차,81,100.6471,0.0120,0.1095,100.6471
현대자동차,54,98.4530,0.0216,0.1072,98.4530
현대자동차,28,98.4474,0.0185,0.1072,98.4474
현대자동차,29,95.6377,0.0146,0.1041,95.6377
현대자동차,9,95.5573,0.0104,0.1040,95.5573
현대자동차,95,94.8544,0.0247,0.1032,94.8544
현대자동차,6,94.7508,0.0192,0.1031,94.7508
현대자동차,61,94.1622,0.0169,0.1025,94.1622
현대자동차,20,88.9779,0.0168,0.0968,88.9779
현대자동차,52,86.8703,0.0123,0.0946,86.8703
현대자동차,83,85.8645,0.0115,0.0935,85.8645
현대자동차,109,77.2839,0.0297,0.0841,77.2839
현대자동차,85,76.9687,0.0194,0.0838,76.9687
현대자동차,19,75.2876,0.0084,0.0819,75.2876
현대자동차,104,75.1831,0.0124,0.0818,75.1831
현대자동차,47,72.5455,0.0173,0.0790,72.5455
현대자동차,34,71.5267,0.0142,0.0779,71.5267
현대자동차,108,67.9637,0.0222,0.0740,67.9637
현대자동차,37,67.8274,0.0070,0.0738,67.8274
현대자동차,24,67.3764,0.0096,0.0733,67.3764
현대자동차,123,67.0981,0.0069,0.0730,67.0981
현대자동차,112,65.3881,0.0113,0.0712,65.3881
현대자동차,100,62.1296,0.0116,0.0676,62.1296
현대자동차,80,61.7991,0.0294,0.0673,61.7991
현대자동차,4,59.1343,0.0125,0.0644,59.1343
현대자동차,72,57.4474,0.0127,0.0625,57.4474
현대자동차,79,55.0178,0.0095,0.0599,55.0178
현대자동차,2,54.5534,0.0080,0.0594,54.5534
현대자동차,78,53.6419,0.0083,0.0584,53.6419
현대자동차,15,53.0380,0.0102,0.0577,53.0380
현대자동차,16,52.4057,0.0103,0.0570,52.4057
현대자동차,66,52.2301,0.0450,0.0568,52.2301
현대자동차,113,52.2249,0.0127,0.0568,52.2249
현대자동차,122,51.8763,0.0145,0.0565,51.8763
현대자동차,17,51.3982,0.0148,0.0559,51.3982
현대자동차,114,51.0529,0.0169,0.0556,51.0529
현대자동차,82,50.7327,0.0104,0.0552,50.7327
현대자동차,31,49.6537,0.0194,0.0540,49.6537
현대자동차,33,49.2329,0.0156,0.0536,49.2329
현대자동차,55,47.3653,0.0056,0.0516,47.3653
현대자동차,121,46.8529,0.0259,0.0510,46.8529
현대자동차,42,46.2563,0.0064,0.0503,46.2563
현대자동차,116,45.5588,0.0131,0.0496,45.5588
현대자동차,57,45.4611,0.0083,0.0495,45.4611
현대자동차,26,43.9458,0.0092,0.0478,43.9458
현대자동차,36,43.9458,0.0190,0.0478,43.9458
현대자동차,106,40.9150,0.0081,0.0445,40.9150
현대자동차,110,38.7919,0.0162,0.0422,38.7919
현대자동차,77,37.6712,0.0139,0.0410,37.6712
현대자동차,90,36.6546,0.0177,0.0399,36.6546
현대자동차,39,35.5392,0.0091,0.0387,35.5392
현대자동차,45,35.3451,0.0233,0.0385,35.3451
현대자동차,111,32.8271,0.0102,0.0357,32.8271
현대자동차,87,32.6137,0.0124,0.0355,32.6137
현대자동차,124,31.5572,0.0068,0.0343,31.5572
현대자동차,98,30.0732,0.0075,0.0327,30.0732
현대자동차,117,30.0732,0.0158,0.0327,30.0732
현대자동차,59,29.7818,0.0101,0.0324,29.7818
현대자동차,119,29.7818,0.0165,0.0324,29.7818
현대자동차,88,29.2481,0.0161,0.0318,29.2481
현대자동차,93,29.1729,0.0158,0.0318,29.1729
현대자동차,65,28.5696,0.0158,0.0311,28.5696
현대자동차,73,25.8091,0.0097,0.0281,25.8091
현대자동차,63,22.9091,0.0086,0.0249,22.9091
현대자동차,99,20.3895,0.0309,0.0222,20.3895
현대자동차,41,19.9663,0.0094,0.0217,19.9663
현대자동차,58,19.8732,0.0036,0.0216,19.8732
현대자동차,11,19.6205,0.0076,0.0214,19.6205
현대자동차,8,19.5742,0.0078,0.0213,19.5742
현대자동차,71,19.4023,0.0162,0.0211,19.4023
현대자동차,3,19.2364,0.0066,0.0209,19.2364
현대자동차,35,18.9230,0.0029,0.0206,18.9230
현대자동차,64,18.2391,0.0106,0.0199,18.2391
현대자동차,23,18.1345,0.0035,0.0197,18.1345
현대자동차,107,18.0829,0.1299,0.0197,18.0829
현대자동차,97,17.9882,0.0048,0.0196,17.9882
현대자동차,76,17.5612,0.0096,0.0191,17.5612
현대자동차,49,17.2436,0.0104,0.0188,17.2436
현대자동차,18,15.1844,0.0050,0.0165,15.1844
현대자동차,91,14.2162,0.0071,0.0155,14.2162
현대자동차,60,14.0938,0.0176,0.0153,14.0938
현대자동차,86,12.3534,0.0154,0.0134,12.3534
현대자동차,120,11.7945,0.0227,0.0128,11.7945
현대자동차,30,11.6870,0.0039,0.0127,11.6870
현대자동차,96,11.0637,0.0067,0.0120,11.0637
현대자동차,62,10.7776,0.0051,0.0117,10.7776
현대자동차,67,10.5909,0.0264,0.0115,10.5909
현대자동차,53,10.1773,0.0131,0.0111,10.1773
현대자동차,105,10.0350,0.0060,0.0109,10.0350
현대자동차,21,8.8459,0.0079,0.0096,8.8459
현대자동차,7,8.2905,0.0038,0.0090,8.2905
현대자동차,38,7.1920,0.0093,0.0078,7.1920
현대자동차,92,7.0271,0.0078,0.0076,7.0271
현대자동차,84,6.4764,0.0071,0.0070,6.4764
현대자동차,13,5.7186,0.0033,0.0062,5.7186
현대자동차,48,5.6616,0.0036,0.0062,5.6616
현대자동차,115,5.0193,0.0121,0.0055,5.0193
현대자동차,94,4.6715,0.0091,0.0051,4.6715
현대자동차,44,4.5378,0.0086,0.0049,4.5378
현대자동차,74,4.2925,0.0096,0.0047,4.2925
현대자동차,32,2.4871,0.0010,0.0027,2.4871
현대차,0,797.0294,0.0290,0.3645,924.7135
현대차,50,578.8443,0.0396,0.2647,671.5752
현대차,12,542.0411,0.0363,0.2479,628.8761
현대차,10,541.0162,0.0530,0.2474,627.6870
현대차,75,403.6236,0.0958,0.1846,468.2842
현대차,70,399.6032,0.0436,0.1827,463.6196
현대차,14,352.1188,0.0372,0.1610,408.5282
현대차,46,347.7994,0.0397,0.1591,403.5169
현대차,1,323.1475,0.0210,0.1478,374.9157
현대차,103,322.5155,0.0415,0.1475,374.1825
현대차,56,316.5587,0.0252,0.1448,367.2714
현대차,68,314.5029,0.0371,0.1438,364.8863
현대차,27,307.5582,0.0239,0.1406,356.8290
현대차,101,293.8968,0.0385,0.1344,340.9791
현대차,51,292.4886,0.0318,0.1338,339.3452
현대차,69,291.7115,0.0608,0.1334,338.4436
현대차,40,290.1936,0.0516,0.1327,336.6826
현대차,5,285.5766,0.0430,0.1306,331.3260
현대차,54,277.2609,0.0609,0.1268,321.6781
현대차,102,267.1771,0.0366,0.1222,309.9788
현대차,89,265.6765,0.0272,0.1215,308.2378
현대차,24,264.3228,0.0375,0.1209,306.6673
현대차,9,261.3347,0.0283,0.1195,303.2005
현대차,43,254.6659,0.0405,0.1165,295.4634
현대차,118,253.3716,0.0227,0.1159,293.9617
현대차,25,242.4841,0.0901,0.1109,281.3301
현대차,6,232.7737,0.0471,0.1064,270.0641
현대차,83,231.7644,0.0309,0.1060,268.8930
현대차,52,230.2062,0.0326,0.1053,267.0852
현대차,104,211.2644,0.0348,0.0966,245.1090
현대차,22,207.3120,0.0296,0.0948,240.5234
현대차,37,207.1288,0.0215,0.0947,240.3109
현대차,19,197.6298,0.0221,0.0904,229.2901
현대차,29,194.0678,0.0297,0.0887,225.1574
현대차,81,186.7077,0.0222,0.0854,216.6182
현대차,20,183.7904,0.0347,0.0840,213.2336
현대차,85,180.8765,0.0456,0.0827,209.8529
현대차,61,176.1974,0.0316,0.0806,204.4242
현대차,28,173.8997,0.0326,0.0795,201.7584
현대차,123,170.6625,0.0176,0.0780,198.0026
현대차,95,169.5881,0.0442,0.0776,196.7562
현대차,47,161.8911,0.0386,0.0740,187.8260
현대차,16,157.9253,0.0311,0.0722,183.2249
현대차,108,149.6729,0.0489,0.0684,173.6505
현대차,72,144.7375,0.0321,0.0662,167.9244
현대차,78,142.5551,0.0221,0.0652,165.3924
현대차,82,141.7532,0.0290,0.0648,164.4621
현대차,2,140.9295,0.0208,0.0644,163.5065
현대차,114,140.0308,0.0464,0.0640,162.4637
현대차,34,138.8043,0.0276,0.0635,161.0407
현대차,113,138.7689,0.0337,0.0635,160.9997
현대차,100,137.5228,0.0257,0.0629,159.5540
현대차,112,133.5885,0.0232,0.0611,154.9894
현대차,109,132.5950,0.0510,0.0606,153.8367
현대차,26,126.5335,0.0264,0.0579,146.8042
현대차,121,124.9410,0.0690,0.0571,144.9565
현대차,122,122.5484,0.0343,0.0560,142.1807
현대차,124,119.3015,0.0258,0.0546,138.4136
현대차,17,117.9988,0.0339,0.0540,136.9022
현대차,42,111.9104,0.0154,0.0512,129.8385
현대차,55,107.5118,0.0127,0.0492,124.7352
현대차,4,101.7110,0.0216,0.0465,118.0051
현대차,57,100.0145,0.0182,0.0457,116.0368
현대차,110,97.7557,0.0409,0.0447,113.4162
현대차,79,97.7290,0.0169,0.0447,113.3852
현대차,111,96.9890,0.0302,0.0444,112.5267
현대차,36,92.4377,0.0400,0.0423,107.2462
현대차,15,91.6800,0.0176,0.0419,106.3671
현대차,96,91.0624,0.0552,0.0416,105.6506
현대차,39,88.1076,0.0225,0.0403,102.2224
현대차,98,87.9642,0.0220,0.0402,102.0561
현대차,90,86.2910,0.0416,0.0395,100.1148
현대차,116,85.2391,0.0244,0.0390,98.8944
현대차,87,81.1161,0.0310,0.0371,94.1109
현대차,33,80.8302,0.0257,0.0370,93.7792
현대차,93,80.4227,0.0437,0.0368,93.3064
현대차,88,76.1990,0.0419,0.0348,88.4061
현대차,59,74.0728,0.0252,0.0339,85.9393
현대차,35,73.3265,0.0113,0.0335,85.0734
현대차,31,72.9289,0.0285,0.0334,84.6121
현대차,106,72.7378,0.0144,0.0333,84.3904
현대차,58,70.7488,0.0128,0.0324,82.0827
현대차,80,69.7036,0.0332,0.0319,80.8701
현대차,119,69.4910,0.0385,0.0318,80.6234
현대차,64,67.1530,0.0390,0.0307,77.9109
현대차,23,66.2304,0.0129,0.0303,76.8405
현대차,99,63.3149,0.0961,0.0290,73.4579
현대차,117,62.4019,0.0328,0.0285,72.3987
현대차,3,60.1136,0.0208,0.0275,69.7438
현대차,77,60.1136,0.0222,0.0275,69.7438
현대차,66,59.6915,0.0515,0.0273,69.2541
현대차,41,58.0837,0.0274,0.0266,67.3887
현대차,76,57.7011,0.0314,0.0264,66.9448
현대차,65,57.1391,0.0316,0.0261,66.2928
현대차,49,56.2685,0.0340,0.0257,65.2828
현대차,63,54.2182,0.0203,0.0248,62.9040
현대차,73,53.9645,0.0202,0.0247,62.6097
현대차,45,50.1408,0.0330,0.0229,58.1733
현대차,91,45.9936,0.0231,0.0210,53.3618
현대차,48,45.2931,0.0289,0.0207,52.5491
현대차,97,40.6689,0.0109,0.0186,47.1841
현대차,71,36.2740,0.0302,0.0166,42.0850
현대차,60,33.1620,0.0415,0.0152,38.4745
현대차,18,32.8996,0.0109,0.0150,38.1702
현대차,105,30.1049,0.0181,0.0138,34.9277
현대차,21,29.4863,0.0264,0.0135,34.2100
현대차,8,28.9357,0.0116,0.0132,33.5712
현대차,120,26.5377,0.0510,0.0121,30.7890
현대차,86,26.4717,0.0329,0.0121,30.7124
현대차,53,25.9058,0.0334,0.0118,30.0559
현대차,11,22.4234,0.0087,0.0103,26.0157
현대차,84,20.3545,0.0224,0.0093,23.6153
현대차,32,19.8972,0.0080,0.0091,23.0847
현대차,7,19.0681,0.0088,0.0087,22.1228
현대차,62,19.0681,0.0091,0.0087,22.1228
현대차,30,18.8790,0.0064,0.0086,21.9034
현대차,115,15.0580,0.0362,0.0069,17.4703
현대차,107,14.4663,0.1039,0.0066,16.7838
현대차,92,14.0541,0.0156,0.0064,16.3056
현대차,74,13.9507,0.0312,0.0064,16.1856
현대차,67,13.4794,0.0336,0.0062,15.6387
현대차,13,13.3435,0.0077,0.0061,15.4811
현대차,44,11.7982,0.0223,0.0054,13.6883
현대차,94,9.3431,0.0181,0.0043,10.8399
현대차,38,7.1920,0.0093,0.0033,8.3442
화웨이,0,238.8335,0.0087,0.4131,238.8335
화웨이,2,166.6909,0.0246,0.2883,166.6909
화웨이,1,135.5365,0.0088,0.2345,135.5365
화웨이,58,110.4953,0.0200,0.1911,110.4953
화웨이,12,108.8241,0.0073,0.1882,108.8241
화웨이,118,102.0726,0.0091,0.1766,102.0726
화웨이,35,100.1341,0.0155,0.1732,100.1341
화웨이,50,95.6711,0.0065,0.1655,95.6711
화웨이,55,95.4825,0.0113,0.1652,95.4825
화웨이,56,92.7722,0.0074,0.1605,92.7722
화웨이,71,84.3580,0.0703,0.1459,84.3580
화웨이,89,79.8406,0.0082,0.1381,79.8406
화웨이,23,77.2688,0.0150,0.1337,77.2688
화웨이,97,76.6453,0.0206,0.1326,76.6453
화웨이,26,76.5263,0.0159,0.1324,76.5263
화웨이,10,74.6951,0.0073,0.1292,74.6951
화웨이,51,74.5283,0.0081,0.1289,74.5283
화웨이,81,74.3913,0.0089,0.1287,74.3913
화웨이,78,72.0123,0.0111,0.1246,72.0123
화웨이,27,71.8594,0.0056,0.1243,71.8594
화웨이,123,69.2860,0.0071,0.1199,69.2860
화웨이,19,66.6005,0.0075,0.1152,66.6005
화웨이,46,63.9549,0.0073,0.1106,63.9549
화웨이,79,62.2570,0.0107,0.1077,62.2570
화웨이,103,62.1296,0.0080,0.1075,62.1296
화웨이,14,60.9970,0.0064,0.1055,60.9970
화웨이,9,59.3613,0.0064,0.1027,59.3613
화웨이,70,59.3613,0.0065,0.1027,59.3613
화웨이,37,58.3461,0.0061,0.1009,58.3461
화웨이,16,56.6548,0.0111,0.0980,56.6548
화웨이,42,53.7170,0.0074,0.0929,53.7170
화웨이,101,51.6975,0.0068,0.0894,51.6975
화웨이,5,50.5997,0.0076,0.0875,50.5997
화웨이,39,50.3472,0.0128,0.0871,50.3472
화웨이,28,50.3016,0.0094,0.0870,50.3016
화웨이,82,48.4945,0.0099,0.0839,48.4945
화웨이,113,48.4945,0.0118,0.0839,48.4945
화웨이,20,48.1356,0.0091,0.0833,48.1356
화웨이,43,47.7944,0.0076,0.0827,47.7944
화웨이,24,47.3856,0.0067,0.0820,47.3856
화웨이,68,46.2937,0.0055,0.0801,46.2937
화웨이,61,44.2277,0.0079,0.0765,44.2277
화웨이,106,43.9458,0.0087,0.0760,43.9458
화웨이,72,43.2720,0.0096,0.0749,43.2720
화웨이,100,39.0928,0.0073,0.0676,39.0928
화웨이,15,37.8843,0.0073,0.0655,37.8843
화웨이,17,37.6438,0.0108,0.0651,37.6438
화웨이,124,36.1753,0.0078,0.0626,36.1753
화웨이,6,35.8113,0.0072,0.0619,35.8113
화웨이,102,33.7487,0.0046,0.0584,33.7487
화웨이,3,33.6636,0.0116,0.0582,33.6636
화웨이,75,32.8271,0.0078,0.0568,32.8271
화웨이,111,32.0810,0.0100,0.0555,32.0810
화웨이,33,31.5973,0.0100,0.0547,31.5973
화웨이,122,31.5769,0.0088,0.0546,31.5769
화웨이,83,31.4138,0.0042,0.0543,31.4138
화웨이,52,31.1285,0.0044,0.0538,31.1285
화웨이,116,30.8624,0.0088,0.0534,30.8624
화웨이,22,30.3564,0.0043,0.0525,30.3564
화웨이,112,29.5301,0.0051,0.0511,29.5301
화웨이,18,29.5253,0.0098,0.0511,29.5253
화웨이,29,27.2253,0.0042,0.0471,27.2253
화웨이,85,26.9391,0.0068,0.0466,26.9391
화웨이,95,26.5880,0.0069,0.0460,26.5880
화웨이,40,25.7613,0.0046,0.0446,25.7613
화웨이,32,23.2134,0.0094,0.0402,23.2134
화웨이,121,23.0154,0.0127,0.0398,23.0154
화웨이,69,22.3209,0.0047,0.0386,22.3209
화웨이,57,21.9729,0.0040,0.0380,21.9729
화웨이,34,21.9537,0.0044,0.0380,21.9537
화웨이,98,21.8031,0.0055,0.0377,21.8031
화웨이,104,21.0513,0.0035,0.0364,21.0513
화웨이,54,20.9936,0.0046,0.0363,20.9936
화웨이,109,20.4575,0.0079,0.0354,20.4575
화웨이,59,19.0909,0.0065,0.0330,19.0909
화웨이,80,18.6834,0.0089,0.0323,18.6834
화웨이,47,17.5637,0.0042,0.0304,17.5637
화웨이,25,17.2616,0.0064,0.0299,17.2616
화웨이,90,16.8000,0.0081,0.0291,16.8000
화웨이,114,15.3159,0.0051,0.0265,15.3159
화웨이,105,15.0525,0.0090,0.0260,15.0525
화웨이,64,14.9229,0.0087,0.0258,14.9229
화웨이,119,12.9818,0.0072,0.0225,12.9818
화웨이,62,12.4357,0.0059,0.0215,12.4357
화웨이,73,11.7314,0.0044,0.0203,11.7314
화웨이,31,11.6376,0.0045,0.0201,11.6376
화웨이,65,11.2775,0.0062,0.0195,11.2775
화웨이,117,11.2775,0.0059,0.0195,11.2775
화웨이,110,9.3101,0.0039,0.0161,9.3101
화웨이,88,9.2362,0.0051,0.0160,9.2362
화웨이,108,9.1636,0.0030,0.0159,9.1636
화웨이,63,8.4000,0.0031,0.0145,8.4000
화웨이,91,8.3625,0.0042,0.0145,8.3625
화웨이,7,8.2905,0.0038,0.0143,8.2905
화웨이,77,8.0152,0.0030,0.0139,8.0152
화웨이,4,7.8846,0.0017,0.0136,7.8846
화웨이,84,7.4016,0.0081,0.0128,7.4016
화웨이,30,7.1920,0.0024,0.0124,7.1920
화웨이,93,7.0961,0.0039,0.0123,7.0961
화웨이,13,6.6717,0.0039,0.0115,6.6717
화웨이,87,5.8537,0.0022,0.0101,5.8537
화웨이,66,5.8033,0.0050,0.0100,5.8033
화웨이,67,5.7769,0.0144,0.0100,5.7769
화웨이,41,5.4453,0.0026,0.0094,5.4453
화웨이,76,5.0175,0.0027,0.0087,5.0175
화웨이,48,4.7180,0.0030,0.0082,4.7180
화웨이,11,4.6715,0.0018,0.0081,4.6715
화웨이,45,4.1099,0.0027,0.0071,4.1099
화웨이,21,3.9315,0.0035,0.0068,3.9315
화웨이,94,3.7372,0.0072,0.0065,3.7372
화웨이,49,3.6302,0.0022,0.0063,3.6302
화웨이,86,3.5296,0.0044,0.0061,3.5296
화웨이,74,3.2194,0.0072,0.0056,3.2194
화웨이,36,3.0307,0.0013,0.0052,3.0307
화웨이,115,3.0116,0.0072,0.0052,3.0116
화웨이,60,2.4871,0.0031,0.0043,2.4871
화웨이,99,2.1463,0.0033,0.0037,2.1463
화웨이,44,1.8151,0.0034,0.0031,1.8151
화웨이,107,1.8083,0.0130,0.0031,1.8083
화웨이,8,1.7021,0.0007,0.0029,1.7021
화웨이,96,1.7021,0.0010,0.0029,1.7021
화웨이,92,1.0039,0.0011,0.0017,1.0039
화웨이,120,0.9829,0.0019,0.0017,0.9829
