date,types,title,url
2025-10-03,INVEST,"[초점] BOE, 8.6세대  OLED 에 630억 위안 투자…애플 공급망 재편 신호탄",https://www.g-enews.com/view.php?ud=20251003122511305fbbec65dfb_1
2025-10-03,LAUNCH,"아이폰17, 기대이상 초기 흥행… 동반상승 韓 업체는?",https://www.ajunews.com/view/20251002130329027
2025-10-03,LAUNCH,한국  OLED 패널  출하량 급증 LG디스플레이 아이폰17 효과,https://www.stardailynews.co.kr/news/articleView.html?idxno=503371
2025-10-03,LAUNCH,"[추석기획] 애플 모멘텀-디스플레이, 2026년 승부처는 '폴더블'",http://www.srtimes.kr/news/articleView.html?idxno=185740
2025-10-03,"INVEST,LAUNCH",아이폰17 효과 본격화…3분기 미소 짓는 삼성·LG디스플레이 [소부장디...,https://www.ddaily.co.kr/page/view/2025100215492591508
2025-10-03,"INVEST,LAUNCH","[종목UP&DOWN] ""저성장 늪에서 탈출""···LG디스플레이 목표가 연이은 상...",https://www.sisajournal-e.com/news/articleView.html?idxno=415825
2025-10-03,"CERT,INVEST,REGUL",3년 뒤면 중국이 韓 생산 능력 '추월'…8.6세대  OLED 가 승부처,https://www.mt.co.kr/industry/2025/10/03/2025100211161053722
2025-10-02,"INVEST,LAUNCH","""내년 삼성D 폴더블 출하량 40%가 아이폰용""",http://www.thelec.kr/news/articleView.html?idxno=41821
2025-10-02,LAUNCH,"MSI, '이터널 리턴 시즌8 파이널' 공식 모니터 파트너 참가 및 체험 부스...",https://www.inven.co.kr/webzine/news/?news=310233
2025-10-02,"LAUNCH,ORDER","탑런에이피솔루션, LG디스플레이 양산 검사장비 첫 수주",https://www.hankyung.com/article/202510023830i
2025-10-02,LAUNCH,삼성의 '자신감'… '갤럭시XR' 22일 출시 전 실물 국내 공개 [베일 벗은...,http://www.fnnews.com/news/202510021616176962
2025-10-02,"INVEST,LAUNCH",[IB토마토](단독)삼성 '트라이폴드폰' 핵심기술 유출…65억 받고 중국에...,http://www.newstomato.com/ReadNews.aspx?no=1277052&inflow=N
2025-10-02,LAUNCH,"""LG디스플레이, '아이폰17 효과'에 3분기  OLED  출하량 2배↑""",https://daily.hankooki.com/news/articleView.html?idxno=1279682
2025-10-02,"INVEST,LAUNCH",韓 디스플레이 회복세 뚜렷…애플 물량 확보 관건,https://www.news2day.co.kr/article/20251002500164
2025-10-02,INVEST,"[시간외 특징주] 전기차·디스플레이·자동차… 파인디앤씨, 미래 산업...",https://www.pinpointnews.co.kr/news/articleView.html?idxno=382403
2025-10-02,LAUNCH,"2026년 세계 최저가  OLED  TV 나올까…LG·삼성, 원가 50% 낮추는 혁신 도...",https://www.g-enews.com/view.php?ud=202510020625104483fbbec65dfb_1
2025-10-02,INVEST,"SDC·LGD, 대형  OLED  사업…TV대신 '모니터'에 집중",https://www.newstopkorea.com/news/articleView.html?idxno=40185
2025-10-02,"INVEST,REGUL","‘中 뛰는데’⋯ K-디스플레이, 세액공제 이월 ‘10년 족쇄’ 풀어달라",https://www.viva100.com/article/20251001500970
2025-10-01,INVEST,"삼성디스플레이, '도쿄게임쇼 2025' 참가…엔씨소프트와 올레드( OLED ·유...",http://www.econonews.co.kr/news/articleView.html?idxno=407575
2025-09-30,"CERT,LAUNCH",화면 입력과 충전을 동시에! PD & DP Alt 모니터 골라보기,https://www.ilovepc.co.kr/news/articleView.html?idxno=56247
2025-09-29,INVEST,"삼성전자, 삼성D 대신 LGD와  OLED  협업 강화한 이유",https://www.newstopkorea.com/news/articleView.html?idxno=40110
2025-09-29,"INVEST,ORDER","OLED  수요 증가 수혜… 영우디에스피, 장비 공급 주목",https://www.pinpointnews.co.kr/news/articleView.html?idxno=381396
2025-09-12,"CERT,INVEST,LAUNCH","극한의 초고주사율 갖춘 차세대 게이밍 모니터, 에이수스 ROG Strix  OLED  XG...",https://www.ilovepc.co.kr/news/articleView.html?idxno=56240
2025-09-28,"LAUNCH,REGUL",[브리프] 현대차 CJ그룹 두산밥캣 LG디스플레이 삼성디스플레이 LG화학 ...,http://www.biztribune.co.kr/news/articleView.html?idxno=340941
2025-09-28,"CERT,INVEST,LAUNCH,PARTNERSHIP,REGUL","삼성D, 글로벌 파트너십 강화…도쿄·타이베이 잇단 행보",https://www.asiatime.co.kr/article/20250926500315
2025-09-27,LAUNCH,韓 게임사들 '서브컬처 본고장' 일본서 멀티플랫폼으로 승부수,https://www.pointdaily.co.kr/news/articleView.html?idxno=271997
2025-09-26,INVEST,"“디스플레이 성능은 게임을 해보면 안다”…삼성D, 엔씨 손 잡고 도쿄...",https://www.segye.com/newsView/20250926506020?OutUrl=naver
2025-09-26,INVEST,[제16회 디스플레이의 날] 특별공로상에 최주선·김현재·조성경,https://www.etnews.com/20250926000086
2025-09-26,INVEST,"정철동 LG디스플레이 사장 ""韓 미래는  OLED …연간 흑자""",https://www.financialpost.co.kr/news/articleView.html?idxno=234022
2025-09-26,"INVEST,LAUNCH","삼성디스플레이, TGS 2025서  OLED  체험존 운영",http://www.thelec.kr/news/articleView.html?idxno=41434
2025-09-30,LAUNCH,"금오공대-군산대 연구팀, 초고감도 세슘 검출 ‘SERS 센서’ 개발",http://www.breaknews.com/1151576
2025-09-29,"CERT,INVEST,LAUNCH,PARTNERSHIP","“소비가 곧 가치가 되는 플랫폼”…브이랩스 이장욱 대표, 마이브이(M...",https://www.venturesquare.net/1007053
2025-09-26,"INVEST,LAUNCH","마이크로 LED  시장 2030년 12억달러 급성장…""프리미엄 웨어러블 표준 예...",https://www.ddaily.co.kr/page/view/2025092614174664569
2025-09-26,"INVEST,LAUNCH","""마이크로  LED  스마트워치 시장, 2030년 12억달러 규모 성장 전망""",https://www.getnews.co.kr/news/articleView.html?idxno=842485
2025-09-26,"CERT,LAUNCH","클레녹스(CLENOX), 특허 NB P-Complex 앞세워 국내 론칭",https://magazine.hankyung.com/job-joy/article/202509269860d
2025-09-26,"CERT,LAUNCH","클레녹스, 특허성분 앞세워 프리미엄 홈케어 시장 공식진출",http://www.koreastocknews.com/news/articleView.html?idxno=114215
2025-09-26,"CERT,LAUNCH","CLENOX, 특허 포뮬러와 기술력으로 국내 홈클리닉 시장 진출",https://www.goodkyung.com/news/articleView.html?idxno=273391
2025-09-26,"CERT,LAUNCH,PARTNERSHIP","클레녹스(CLENOX), 프리미엄 홈케어 브랜드 국내 런칭",http://www.sisunnews.co.kr/news/articleView.html?idxno=229549
2025-09-26,"CERT,LAUNCH","임상으로 입증된 NB P-Complex… 클레녹스, 'Pin Shot 300' 첫선",https://www.delighti.co.kr/news/articleView.html?idxno=103195
2025-09-26,"INVEST,LAUNCH","""마이크로  LED  스마트워치 도입…2030년 12억불 전망""",https://www.widedaily.com/news/articleView.html?idxno=279152
2025-09-25,"CERT,LAUNCH","클레녹스, 프리미엄 홈클리닉 디바이스 'Pin Shot 300' 첫 공개",https://www.kfenews.co.kr/news/articleView.html?idxno=646500
2025-09-25,"CERT,INVEST,LAUNCH,PARTNERSHIP","샤오미코리아, 대형 발표... 국내 2·3호 스토어 동시 오픈·ESC 설립·8종...",https://www.insight.co.kr/news/521699
2025-09-25,LAUNCH,"클레녹스(CLENOX), 차세대 홈 클리닉 디바이스 국내 첫 출시",https://www.ekn.kr/web/view.php?key=20250925022260785
2025-09-25,"CERT,LAUNCH","프리미엄 홈케어 브랜드 CLENOX, 국내 첫 선",http://www.segyebiz.com/newsView/20250924514365?OutUrl=naver
2025-09-25,"CERT,LAUNCH","CLENOX, 국내 런칭 시작…집에서 즐기는 홈클리닉",https://www.it-b.co.kr/news/articleView.html?idxno=84312
2025-10-04,LAUNCH,"""이 세상 기술이 아니다""…삼성의 히든카드 '트라이폴드' 예상 스펙은",https://www.mt.co.kr/tech/2025/10/04/2025100210594058394
2025-10-04,"INVEST,LAUNCH","KH바텍, 단기 실적+장기 전장 진출 '투트랙 성장' 기대",https://www.pinpointnews.co.kr/news/articleView.html?idxno=382811
2025-10-03,LAUNCH,"""펼치면 태블릿처럼""…삼성·中 '두 번 접는 폰' 진검승부 시작",https://www.sedaily.com/NewsView/2GZ1A7Y6CQ
2025-10-03,LAUNCH,"'영포티' 묻은 애플…삼성, 기회 잡아 젊은층 공략",https://news.mtn.co.kr/news-detail/2025100114011536930
2025-10-03,LAUNCH,"'곧 등장' 갤럭시 Z 트라이폴드, 100배 줌에 PC급 멀티태스킹",https://www.etnews.com/20251003000019
2025-10-03,"CERT,INVEST,ORDER","PCB·FPCB 관련주, '덩실덩실' 심텍·이수페타시스·대덕전자·코리아써...",http://www.finomy.com/news/articleView.html?idxno=240415
2025-10-02,"LAUNCH,PARTNERSHIP","[생활경제 이슈] 바른치킨, 신메뉴 ‘모짜크런치’ 출시 기념 특별 프로...",http://www.lawissue.co.kr/view.php?ud=202510021753115800204ead0791_12
2025-10-02,LAUNCH,"창의성과 효율을 동시에, AIGC가 바꾸는 중국 광고의 미래",http://dream.kotra.or.kr/kotranews/cms/news/actionKotraBoardDetail.do?SITE_NO=3&MENU_ID=180&CONTENTS_NO=1&bbsGbn=243&bbsSn=243&pNttSn=234927
2025-10-02,"INVEST,LAUNCH,ORDER","""사상 최초 동반 '10조 클럽' 눈앞""…삼성·SK하닉, 3Q 실적 '활짝', '불기...",https://www.financialpost.co.kr/news/articleView.html?idxno=234455
2025-10-02,"INVEST,LAUNCH,ORDER","삼성전자, 3분기 실적 반격...반도체 호조에 '영업익 10조' 탈환 전망",https://daily.hankooki.com/news/articleView.html?idxno=1279638
2025-10-03,"INVEST,LAUNCH,REGUL","[특집] '베이밸리 메가시티' 대한민국 경제심장으로… '초광역 혁신, 미...",https://www.bzeronews.com/news/articleView.html?idxno=802408
2025-10-03,"INVEST,LAUNCH","자율주행차 관련주, '봄꽃만개' 앤씨앤·퀄리타스반도체·라닉스·아이에...",http://www.finomy.com/news/articleView.html?idxno=240420
2025-10-02,"INVEST,LAUNCH,ORDER,PARTNERSHIP","시스템반도체 관련주, '함박웃음' 시그네틱스·윈팩·에이엘티·싸이닉...",http://www.finomy.com/news/articleView.html?idxno=240407
2025-10-02,LAUNCH,"대형  디스플레이 ·신규 대시보드 적용…신형 싼타페, 기존 모델과 차이...",https://www.autodaily.co.kr/news/articleView.html?idxno=537301
2025-10-02,LAUNCH,"TI, 8.9MP 해상도 DLP 디바이스로 고성능 반도체 패키징 지원",https://www.hellot.net/news/article.html?no=106009
2025-10-02,LAUNCH,"TI, 새로운 DLP 기술로 첨단 패키징용 고정밀 디지털 리소그래피 지원",https://zdnet.co.kr/view/?no=20251002093156
2025-10-02,"INVEST,ORDER","[특징주] 탑런토탈솔루션, LG 디스플레이  첫 양산 장비 수주 소식에 주가...",https://www.widedaily.com/news/articleView.html?idxno=279618
2025-10-02,"INVEST,LAUNCH","[더벨]LG의 반도체 재도전, 키워드 AI·소부장",https://www.thebell.co.kr/free/content/ArticleView.asp?key=202509301328549680106576
2025-10-02,"INVEST,LAUNCH,PARTNERSHIP","[주간IPO] 10월 셋째 주, 노타·이노테크·비츠로넥스텍·그린광학 수요...",http://www.consumernews.co.kr/news/articleView.html?idxno=741580
2025-10-02,"INVEST,LAUNCH","자율주행차 관련주, '봄날의 햇살' 켐트로닉스·한라캐스트... ' 먹구름...",http://www.finomy.com/news/articleView.html?idxno=240298
2025-10-01,"INVEST,LAUNCH,ORDER","반도체·갤럭시 동반 호조… 삼성, 3분기 영업익 10兆 전망",https://www.asiatoday.co.kr/view.php?key=20251002010000723
2025-10-01,LAUNCH,대시보드 갈아 엎었나? 신형 싼타페 페이스리프트 실내 디테일 포착,https://www.autodaily.co.kr/news/articleView.html?idxno=537200
2025-10-01,ORDER,"[특징주] 탑런토탈솔루션, ""中 완성차 업체와 대형  디스플레이  공급 계...",https://www.widedaily.com/news/articleView.html?idxno=279515
2025-10-01,LAUNCH,"램프 시대 넘어 레이저로...ams 오스람, Vegalas Power 출시",https://www.electimes.com/news/articleView.html?idxno=360387
2025-10-01,LAUNCH,대형차임에도 뛰어난 가속력… 연비 또한 놀라울 정도,https://www.busan.com/view/busan/view.php?code=2025093018014599431
2025-10-01,CERT,‘200조 시장’  차량용  반도체⋯ 韓  디스플레이  새 무대 되나,https://www.viva100.com/article/20250930500855
2025-10-01,"CERT,INVEST","PCB·FPCB 관련주, '껑충껑충' 코리아써키트·대덕전자·우리바이오·이...",http://www.finomy.com/news/articleView.html?idxno=240180
2025-09-30,INVEST,"한울소재과학, 한울반도체 2대 주주 지분 전량 인수",http://www.thelec.kr/news/articleView.html?idxno=41688
2025-10-04,LAUNCH,"""딸은 아빠 붕어빵"", ""공부 머리는 엄마""... 어디까지가 진실일까? [주말...",http://www.fnnews.com/news/202510011616462791
2025-10-03,LAUNCH,비웨이브부터 버추얼 잉시아까지 버추얼과 현실 잇는 신개념 공연 ‘V....,https://sports.khan.co.kr/article/202510032359003?pt=nv
2025-10-04,"CERT,INVEST,LAUNCH,PARTNERSHIP","[서학!스타] 조비 에비에이션, 9월의 행보는?…자율비행부터 글로벌 파...",https://www.cbci.co.kr/news/articleView.html?idxno=535381
2025-10-03,INVEST,"김경숙 경북도의원 ""道 종교문화유산, 세계적 관광산업으로 키워야""",https://www.gukjenews.com/news/articleView.html?idxno=3394963
2025-10-03,LAUNCH,추석 연휴 동안 4대 궁·왕릉 무료 개방,https://news.tvchosun.com/site/data/html_dir/2025/10/03/2025100390138.html
2025-10-03,LAUNCH,서울시청 로비서 증강현실 산수화 만난다,http://www.newstown.co.kr/news/articleView.html?idxno=656632
2025-10-03,LAUNCH,긴 연휴에 고궁·박물관서 추억 쌓을까…4대 궁·왕릉 문 활짝,https://www.sedaily.com/NewsView/2GZ19I1FB6
2025-10-03,LAUNCH,비웨이브부터 버추얼 잉시아까지 버추얼과 현실을 잇는 신개념 공연 ‘...,https://www.sportsseoul.com/news/read/1551555?ref=naver
2025-10-03,LAUNCH,긴 연휴에 고궁·박물관서 추억 쌓을까…4대 궁·왕릉 문 활짝(종합),https://www.yna.co.kr/view/AKR20251002163151005?input=1195m
2025-10-03,LAUNCH,엘캐피탄 등 버추얼·현실 아티스트 'V.A.F 쇼케이스' 성료,https://www.cbci.co.kr/news/articleView.html?idxno=535353
2025-10-03,LAUNCH,"도쿄게임쇼 2025, 한국 게임의 '글로벌 진격'",https://www.gamevu.co.kr/news/articleView.html?idxno=52110
2025-10-03,INVEST,"경북도의회, 제358회 임시회 '지역발전 현안' 집중 논의",http://www.sisafocus.co.kr/news/articleView.html?idxno=347880
2025-10-01,INVEST,"인터플렉스, 베트남 생산기지 확충… 글로벌 FPCB 시장 공략 박차",https://www.pinpointnews.co.kr/news/articleView.html?idxno=382163
2025-10-01,INVEST,아이씨디 주가 벌떡... LCD 강자에서 OLED 핵심 장비 기업 도약,https://www.pinpointnews.co.kr/news/articleView.html?idxno=382160
2025-09-29,INVEST,"대신증권 ""LG디스플레이, 빠른 수익성 개선⋯3분기 영업익 컨센서스 상...",https://www.etoday.co.kr/news/view/2511133
2025-09-26,LAUNCH,갤럭시S23 사용자가 Z플립7로 바꿔야할 2가지 결정적인 이유,https://www.betanews.net/article/view/beta202509260083
2025-09-26,"INVEST,LAUNCH","BOE 충칭 B12 공장,  LTPO  전환 50% 달성",http://www.thelec.kr/news/articleView.html?idxno=41419
2025-09-26,LAUNCH,스냅드래곤 8 엘리트 5세대 최초 탑재 '샤오미 17 프로' 시리즈 출시,https://kbench.com/?q=node/271768
2025-09-26,"INVEST,LAUNCH,ORDER,REGUL","AP시스템, 中 비전옥스 OLED 라인에 단독 장비 공급",https://zdnet.co.kr/view/?no=20250926093654
2025-09-25,"INVEST,LAUNCH,ORDER","AP시스템, 비전옥스 8.6G용 ELA 장비 공급",http://www.thelec.kr/news/articleView.html?idxno=41378
2025-09-25,"INVEST,LAUNCH,ORDER","AP시스템, 中 비전옥스에 OLED 장비 공급 단독계약 체결",https://www.hankyung.com/article/202509257854i
2025-09-25,"INVEST,LAUNCH,ORDER","AP시스템, 中 비전옥스 8.6세대 라인 수주 확보…ELA 단독 공급",https://www.ddaily.co.kr/page/view/2025092514220709783
2025-09-25,"INVEST,ORDER","AP시스템, 中 비전옥스 '8세대 OLED 허페이 V5 라인 장비' 공급계약 체결",https://www.newspim.com/news/view/20250925000534
2025-09-25,"CERT,INVEST,ORDER","中 BOE, 삼성디스플레이 OLED 8.6세대 따라잡을까",https://www.newstopkorea.com/news/articleView.html?idxno=30754
2025-09-24,"INVEST,LAUNCH","LGD, 애플워치 OLED 패널 독점…협력 관계 강화",https://dealsite.co.kr/articles/148630
2025-10-03,"INVEST,LAUNCH","""SK하이닉스 노사 상생… 삼성  성과급 기준 불투명, 노동자 무시 증거""",http://www.lawleader.co.kr/news/articleView.html?idxno=17233
2025-10-03,LAUNCH,"삼성 ·SK, 반도체 인재 확보 경쟁…슈퍼 사이클 대응 차원",https://www.busan.com/view/busan/view.php?code=2025100309504935910
2025-10-03,REGUL,"[데스크칼럼] 망국으로 가는  삼성  기술유출 사태 , 연산군의 과오를 되...",http://www.opinionnews.co.kr/news/articleView.html?idxno=125299
2025-10-03,LAUNCH,"추신수 아내 하원미, 슈퍼카 대신 선택한 '5천만원 미니쿠퍼'의 매력",https://www.gpkorea.com/news/articleView.html?idxno=134573
2025-10-03,REGUL,“올추석 최장 10일 쉰다”…황금연휴 누리는 기업 어디?,http://www.edaily.co.kr/news/newspath.asp?newsid=01285766642329312
2025-10-02,INVEST,국가 핵심기술 무더기 유출?… 삼성  반도체 이어  디스플레이 도 타깃,http://www.joseilbo.com/news/news_read.php?uid=554124&class=1&grp=
2025-10-03,INVEST,"IBK투자 "" LG디스플레이 , 3분기 흑자전환… OLED 유일한 대안 부각""",https://www.pinpointnews.co.kr/news/articleView.html?idxno=382806
2025-10-03,LAUNCH,"LG디스플레이 ,'2025 대한민국 SNS 대상' IT 제조부문 대상 수상",https://www.lcnews.co.kr/news/articleView.html?idxno=112844
2025-10-02,"INVEST,LAUNCH","현대백화점, 면세점 흑자전환·패션 반등…3분기 실적 '방긋",https://www.pinpointnews.co.kr/news/articleView.html?idxno=382723
2025-10-02,LAUNCH,"LG디스플레이 , '대한민국 SNS 대상' IT 제조 부문 대상 수상",http://www.metroseoul.co.kr/article/20251002500329
2025-10-02,LAUNCH,"LG디스플레이 , '대한민국 SNS 대상' IT 제조 부문 대상",https://www.pointdaily.co.kr/news/articleView.html?idxno=273240
2025-10-02,"INVEST,LAUNCH,ORDER",[브리프] LG전자  LG디스플레이  SKT 카카오 LIG넥스원 OCI 外,http://www.biztribune.co.kr/news/articleView.html?idxno=341250
2025-10-04,LAUNCH,"오픈AI 소라,  애플  미국 앱스토어 1위 등극",https://www.digitaltoday.co.kr/news/articleView.html?idxno=595831
2025-10-04,"INVEST,LAUNCH","테크주 상승 뜀박질에 피로감? …팔라티어 급락, 테슬라·메타·아마존·...",https://www.dt.co.kr/article/12021628?ref=naver
2025-10-04,"INVEST,LAUNCH","[상보]미국증시, AI-기술주 투매에 급브레이크 나스닥-S&P-반도체 상승세...",https://www.socialvalue.kr/news/view/1065558588865705
2025-10-04,"INVEST,LAUNCH","美 나스닥 장중 천장 찍고 하락, 다우지수는 랠리 지속...엔비디아 상승...",https://www.mediapen.com/news/view/1047539
2025-10-04,"INVEST,LAUNCH",추석 연휴 OTT 뭐볼까…'세브란스 2'·'폭군의 셰프'·'위키드',https://www.newspim.com/news/view/20251002000844
2025-10-04,INVEST,"[뉴욕증시] S&P500·다우, 사상 최고 경신…나스닥은 0.28% 하락",https://www.g-enews.com/view.php?ud=202510040518517787be84d87674_1
2025-10-04,"LAUNCH,REGUL","""바쁘다 바빠"" 재계 총수, 추석도 경영 구상 몰두",https://it.chosun.com/news/articleView.html?idxno=2023092148362
2025-10-04,"CERT,LAUNCH",추석연휴 북촌·서촌서 무료 전시 어때?…현대미술관 4개관 무료,https://www.newspim.com/news/view/20251001000947
2025-10-04,LAUNCH,"아울렛·쇼핑몰, 추석 연휴 '체험형 콘텐츠'로 승부수",https://www.ebn.co.kr/news/articleView.html?idxno=1681203
2025-10-04,"INVEST,LAUNCH","[뉴욕증시] 다우지수, 나흘째 사상 최고…나스닥은 0.3% 하락",http://www.fnnews.com/news/202510040541086482
2025-10-04,"INVEST,REGUL",애플  'EU DMA' 첫 타깃…앱 외부결제 수수료먹다 5억유로 과징금,https://www.news1.kr/it-science/general-it/5932356
2025-10-04,"INVEST,LAUNCH","[마감]미국증시, 팔란티어 급락 나스닥-반도체 소폭 조정 다우는 또 최...",https://www.socialvalue.kr/news/view/1065552539165039
2025-10-04,LAUNCH,"테일러 스위프트 신보 '…쇼걸', 음원 차트 석권…평단서도 호평",https://www.yna.co.kr/view/AKR20251004004600075?input=1195m
2025-10-04,LAUNCH,"손담비, 생일선물로 받은 아이폰17프로에 감동 ""남편이 바꾸라고 해서""",https://www.insight.co.kr/news/523095
2025-10-04,"LAUNCH,PARTNERSHIP","'해외 결제액 1위' 현대카드, 여행 특화 서비스 인기",https://www.newsis.com/view/NISX20251001_0003352877
2025-10-04,"INVEST,LAUNCH","[속보]미국증시, 6일 만에 나스닥-반도체 하락 전환 다우-S&P는 이날도 상...",https://www.socialvalue.kr/news/view/1065550808759490
2025-10-04,LAUNCH,"오픈AI 동영상 생성·공유 앱 ‘소라’,  애플  앱스토어 1위",https://news.kbs.co.kr/news/pc/view/view.do?ncd=8374844&ref=A
2025-10-04,LAUNCH,"신예 이소원, KBS1 '대운을 잡아라' 귀여움 가득한 종영 소감 공개!",https://www.gukjenews.com/news/articleView.html?idxno=3395140
2025-10-04,"INVEST,REGUL",삼전이냐 하이닉스냐 고민할 때…큰 손들은 ‘이것’ 담아 해결한다,https://www.mk.co.kr/article/11436005
2025-10-04,INVEST,"[내년 지방선거 누가 뛰나-고창] 현직 군수 vs 전직 군수, 고창군수 선거...",https://www.jjan.kr/article/20250922580015
2025-10-02,INVEST,“스팩 매수 적기는 상장 직후…일찍 사야 싸게 산다”,https://biz.chosun.com/stock/market_trend/2025/10/04/IIVE4ZT65NC73AUGYKDHV6XE4I/?utm_source=naver&utm_medium=original&utm_campaign=biz
2025-10-04,INVEST,경북 미활용 폐교 58곳…지역 새 거점으로 탈바꿈 中,https://www.nocutnews.co.kr/news/6409535?utm_source=naver&utm_medium=article&utm_campaign=20251004060053
2025-10-04,LAUNCH,"李""신입 뽑아라"" 불호령, 기업들 ""수만 명 채용""…현실은 50대 비중만 늘...",https://www.sedaily.com/NewsView/2GZ1PICDC4
2025-10-04,INVEST,"中 YMTC, HBM 전쟁 뛰어든다…새 변수로 떠오른 '하이브리드 본딩'",https://view.asiae.co.kr/article/2025092908075298064
2025-10-04,REGUL,"이마트·홈플러스·롯데마트·코스트코 휴무일, 10월 4일(토) 대형마트 ...",https://www.lecturernews.com/news/articleView.html?idxno=188132
2025-10-04,LAUNCH,"""옆집 애들은 사줬다던데""…명절 효도폰·가전 뭐가 좋을까",https://it.chosun.com/news/articleView.html?idxno=2023092148413
2025-10-04,INVEST,'21번' 남기고 떠난 '돌부처' 오승환… KBO 다음 영구결번은 누구[스한 ...,https://sports.hankooki.com/news/articleView.html?idxno=6911850
2025-10-04,LAUNCH,"김수미와 묘심화, 스타와 스님···'빙의'",https://www.thereport.co.kr/news/articleView.html?idxno=71969
2025-10-04,LAUNCH,"‘비틀쥬스’ 김준수, 초록머리 유령 변신 포스터 공개…12월 귀환 기대...",https://www.sportschosun.com/entertainment/2025-10-03/202510020100027290003489
2025-10-04,LAUNCH,"""일본도 하는데 우리는 왜 못해""…'포니' 만든 정주영의 승부수 [미공개...",https://www.joongang.co.kr/article/25372145
2025-10-04,LAUNCH,[주말(4일~5일)의 주요 행사·일정] '진주남강유등축제' 등,http://www.popcornnews.net/news/articleView.html?idxno=96721
2025-10-04,PARTNERSHIP,건강검진 할인까지 되는 10월 통신사 멤버십 열전,https://it.chosun.com/news/articleView.html?idxno=2023092148378
2025-10-04,"CERT,LAUNCH,PARTNERSHIP","끝내기 투런 쾅! ' LG  우승 확정 결정타' 신인에 쏟아진 관심…""그런 건 ...",https://www.xportsnews.com/article/2061438
2025-10-02,"CERT,ORDER","수소차 관련주, '웃음꽃' 미코·두산퓨얼셀·아이에이... '한숨' 엔케이...",http://www.finomy.com/news/articleView.html?idxno=240411
2025-10-04,"INVEST,ORDER","2차전지 관련주, '웃음꽃 만개' 코칩, 원익피앤이, 미코, 자비스, HB테크...",http://www.finomy.com/news/articleView.html?idxno=240427
2025-10-03,"CERT,LAUNCH","거장 러브콜 쏟아지는 LG TV…""올레드만이 블랙 온전히 구현""",https://www.hankyung.com/article/2025100350201
2025-10-02,LAUNCH,[홍하상의 기업인 열전] <23> 삼성의 벤치마킹,https://www.yeongnam.com/web/view.php?key=20251002028249472
2025-10-02,"CERT,LAUNCH,REGUL",잘 나가는 ‘AMG CLE 53 4MATIC+ 쿠페’…한정판 2시간만 ‘완판’,https://www.asiatime.co.kr/article/20251002500212
2025-10-02,"LAUNCH,PARTNERSHIP","""다음은 비행기""…LG디스플레이, 보잉과 항공 OLED 시장 공략",https://www.newspim.com/news/view/20251002000858
2025-10-02,"CERT,INVEST,LAUNCH","메르세데스-AMG, 고성능 2도어 쿠페 ‘CLE 53 4MATIC+ 쿠페’ 에디션 완판...",https://www.dailycar.co.kr/content/news.html?type=view&autoId=59347
2025-10-02,LAUNCH,"[인터뷰] 유봉현 유비랩 대표 ""첨단방열소재 개발로 원가 절감·고품질...",https://www.ebn.co.kr/news/articleView.html?idxno=1681223
2025-10-02,LAUNCH,"부쉬넬, 'Pro XM' 공식 출시",http://www.apparelnews.co.kr/news/news_view/?idx=220632
2025-10-02,"CERT,LAUNCH",솔벤텀코리아 '아쿠아퓨어' 냉온정수기 출시…필터 교체·위생성 강화,https://it.chosun.com/news/articleView.html?idxno=2023092148455
2025-10-02,INVEST,"LG전자, 인도 글로벌 제조 허브로 육성…안드라프라데시에 제3공장 착공",http://www.press9.kr/news/articleView.html?idxno=67679
2025-10-02,INVEST,"[기자수첩] K-디스플레이, 초격차 지탱할 제도가 부족하다",https://www.newspim.com/news/view/20251002000167
2025-10-05,"CERT,LAUNCH",FCC 문서로 유출된 애플 M5 탑재 신형 맥북·아이패드 프로…이달 공개...,https://www.ddaily.co.kr/page/view/2025100423481128669
2025-10-04,INVEST,향후 5년간 반도체·바이오·AI 중심 대규모 인재 투자,http://www.newsmaker.or.kr/news/articleView.html?idxno=169968
2025-10-04,"INVEST,ORDER","파인텍, 세계 최초 공용 BONDING 장비 개발로 기술력 입증",https://www.pinpointnews.co.kr/news/articleView.html?idxno=382893
2025-10-04,LAUNCH,"""추석에도 쉴 수 없다""…반도체 24시간 풀가동, 왜?",https://www.newsis.com/view/NISX20250926_0003345605
2025-10-05,"INVEST,LAUNCH","제프리스, 애플 투자의견 '매도'로 하향...""아이폰 교체사이클 기대감 ...",https://www.insight.co.kr/news/523157
2025-10-04,"INVEST,LAUNCH","""아이폰 교체사이클 기대감 과해""…제프리스, 애플 투자의견 '매도'로 하...",https://www.bloter.net/news/articleView.html?idxno=645252
2025-10-04,LAUNCH,삼성 원UI 8.5 업데이트를 받을 갤럭시기기 총정리,https://www.betanews.net/article/view/beta202510040012
2025-10-04,LAUNCH,"'두 번 접는' 트라이폴드 스마트폰, 경주 APEC에서 공개",http://www.kookje.co.kr/news2011/asp/newsbody.asp?code=0200&key=20251004.99099001169
2025-10-04,LAUNCH,"삼성, 세상에 없던 황금색 갤럭시 출시",https://www.betanews.net/article/view/beta202510040006
2025-10-04,LAUNCH,"아이폰17 프로 맥스, '마지막 최대 화면'일까…왜? [MOVIEW]",https://www.ddaily.co.kr/page/view/2025100409063020377
2025-10-04,LAUNCH,"[추석기획] 애플 모멘텀-부품사…LG이노텍·삼성전기, 아이폰 특수 누릴...",http://www.srtimes.kr/news/articleView.html?idxno=186155
2025-10-04,"INVEST,LAUNCH","아이폰17 초반 강세…""내년 18모델 기대감 더 커졌다""",https://zdnet.co.kr/view/?no=20251003132314
2025-10-04,INVEST,"제프리스, 애플 투자의견 '비중 유지→축소'…주가 20% 하락 전망",https://news.einfomax.co.kr/news/articleView.html?idxno=4377552
2025-10-04,LAUNCH,"""그랜저에 제네시스 램프 적용"" 현대차, '그랜저 페이스리프트' 파격 변...",https://www.autodaily.co.kr/news/articleView.html?idxno=537388
2025-10-05,PARTNERSHIP,"곰나루678, '백제 체험마을' 국제교류 시동…한베발전委와 맞손",https://www.apnews.kr/news/articleView.html?idxno=3040897
2025-10-05,PARTNERSHIP,"곰나루678, '백제 체험마을'에 청소년 프로그램 연결한다",https://www.apnews.kr/news/articleView.html?idxno=3040895
2025-10-04,LAUNCH,"괴수 8호 THE GAME, 스팀 출시...스마트폰 버전과 PC 연동",http://www.worktoday.co.kr/news/articleView.html?idxno=75134
2025-10-04,CERT,‘케이팝 데몬 헌터스’ 속 고궁·박물관 나들이 떠나볼까,https://www.donga.com/news/Culture/article/all/20251004/132520491/1
2025-10-05,REGUL,860억 대가로 中에 반도체 기술 넘겼는데 보석으로 풀려…‘솜방망이’...,https://biz.heraldcorp.com/article/10588518?ref=naver
2025-10-04,INVEST,"AP시스템,  디스플레이 ·반도체 장비 성장으로 이익률 개선",https://www.pinpointnews.co.kr/news/articleView.html?idxno=382871
2025-10-04,INVEST,솜방망이 처벌에 무력한 반도체· 디스플레이  '기술 유출 방지',https://dealsite.co.kr/articles/149109
2025-10-04,LAUNCH,"게임업계, 황금연휴 특수 노린다…대규모 이벤트 마련",https://www.ziksir.com/news/articleView.html?idxno=107114
2025-10-04,"INVEST,ORDER","KB증권, 10월 첫째주 HD현대 등 16종목 매수 추천",https://www.bigtanews.co.kr/article/view/big202510040001
2025-10-04,CERT,비상 걸린 경기도 산업현장...첨단 기술 유출 6배 이상 증가,https://www.kyeonggi.com/article/20251004580050
2025-10-05,"CERT,INVEST,LAUNCH,REGUL","[트럼프 스톡커] ""AI주, 닷컴버블 될라"", 빅테크 셀럽들도 걱정",https://www.sedaily.com/NewsView/2GZ263K005
2025-10-05,"INVEST,LAUNCH,ORDER,REGUL",'족쇄풀고 종횡무진' 이재용…삼성 위기 극복하고 반등 이끌까,https://www.yna.co.kr/view/AKR20251002104500003?input=1195m
2025-10-05,LAUNCH,"청바지에 검은옷, PC·모바일 시대 '혁신의 아이콘'…14년 전 오늘 잡스...",https://www.mt.co.kr/society/2025/10/05/2025100110513950736
2025-10-05,PARTNERSHIP,"""나도 모르게 정보가 줄줄""…추석 여행길 GPS·와이파이·할인 앱 주의",https://www.dailian.co.kr/news/view/1556907/?sc=Naver
2025-10-05,INVEST,"한가위에도 쉬지 않는 증권업계, 투자자 모집 공든탑 쌓기",https://www.pointdaily.co.kr/news/articleView.html?idxno=273114
2025-10-05,"INVEST,LAUNCH",아이폰17 '스크래치게이트'…흠집 각오하며 알루미늄 쓴 이유,https://www.joongang.co.kr/article/25372225
2025-10-05,INVEST,자투리돈 모아라… 연휴 뒤 '자금 환승' 노리는 증권가,https://it.chosun.com/news/articleView.html?idxno=2023092148418
2025-10-05,REGUL,흔들리는 '앱마켓수수료'…대형게임사 자체결제시스템 구축 가속,https://www.news1.kr/it-science/general-it/5932832
2025-10-05,LAUNCH,연휴 긴데 나가볼까… 추석 나들이는 '이곳',https://www.moneys.co.kr/article/2025100111362891752
2025-10-05,"CERT,LAUNCH","카톡 개편 혹평에 책임론↑…그래도 정면돌파, 왜?",https://www.nocutnews.co.kr/news/6409828?utm_source=naver&utm_medium=article&utm_campaign=20251005050109
2025-10-05,LAUNCH,"美 전역이 손흥민만 본다… MLS, 메시급 대우 ‘전용 카메라’ 가동",http://www.osen.co.kr/article/G1112670504
2025-10-05,LAUNCH,'2025 추석 연휴' 취향별로 골라보자... 넷플릭스·디즈니+·티빙 OTT 추천...,http://www.finomy.com/news/articleView.html?idxno=240379
2025-10-04,LAUNCH,"‘글로벌 최정상 걸그룹’ 트와이스, 美 빌보드 메인 차트 ‘핫 100’ 붙...",https://sports.khan.co.kr/article/202510042350003?pt=nv
2025-10-04,"CERT,LAUNCH,PARTNERSHIP","'이규혁♥' 손담비, 생일 맞아 최신 휴대폰 받았다 ""오빠가 그런 얘기 안...",https://www.xportsnews.com/article/2061766
2025-10-05,"INVEST,PARTNERSHIP,REGUL","""11만전자 된다던데, 안 팔았지?""…추석밥상 오를 개미 화두 '셋'",https://www.mt.co.kr/stock/2025/10/05/2025100216442996090
2025-10-05,CERT,[매거진] “클래스가 달랐죠” 한국 농구의 슈터 계보를 논하다,https://m.sports.naver.com/basketball/article/065/0000285456
2025-09-29,INVEST,내 투자 실력 못 믿겠다… 운용자산 1조원 넘긴 로보어드바이저,https://biz.chosun.com/stock/stock_general/2025/10/05/RAYS3BG4NRBBBKRP5OVSWLHAMA/?utm_source=naver&utm_medium=original&utm_campaign=biz
2025-10-05,"CERT,REGUL","삼성 중공업, '세이버 윙' 개발…15조 풍력보조장치 시장 공략",https://www.sedaily.com/NewsView/2GZ25L25CM
2025-09-26,INVEST,삼전·SK하닉이 아니었다... 강세장에 고액 자산가가 가장 많이 산 종목...,https://biz.chosun.com/stock/stock_general/2025/10/05/3CMNFI7I2NHWBLNMKVMY7N3WQU/?utm_source=naver&utm_medium=original&utm_campaign=biz
2025-10-05,LAUNCH,위험 보장 넘어 정책·트렌드까지 반영… 보험 신상품 러시,https://it.chosun.com/news/articleView.html?idxno=2023092148482
2025-10-05,LAUNCH,"'파죽의 9연승' NC, 안방서 SSG 7-1 제압...KT 제치고 '가을야구' 막차 극...",https://www.mhnse.com/news/articleView.html?idxno=469195
2025-10-05,LAUNCH,"파킹통장 CMA, 하루만 넣어도 이자?…추석 쌈짓돈 넣어볼까",https://biz.sbs.co.kr/article_hub/20000263715?division=NAVER
2025-10-05,INVEST,"'큰 그림' 그리는 최윤아 감독, 1순위 루키 이가현의 데뷔 시점은?",https://www.sportalkorea.com/news/articleView.html?idxno=2025052909552634346
2025-10-05,"INVEST,REGUL",3500선 돌파 코스피… 추석 이후 증시는?,https://it.chosun.com/news/articleView.html?idxno=2023092148501
2025-10-05,"INVEST,LAUNCH",'메모리 회복'  삼성  'TV 부진' LG전자… 3분기 실적전망 희비,https://it.chosun.com/news/articleView.html?idxno=2023092148488
2025-10-04,INVEST,"""뭐 어때, 스무 살인데"" 이런 패기를 봤나!  LG  우승 만들어준 그 루키 포...",https://www.starnewskorea.com/sports/2025/10/05/2025100416553616006
2025-10-05,INVEST,"'투수 데뷔전'에 ' LG  우승 승리투수' 행운이…""마지막이다"" 절박함, 2G에...",https://www.sportschosun.com/baseball/2025-10-04/202510050100029250003693
2025-10-05,"CERT,LAUNCH","가성비 아토3 vs 전통의 EV3…소형 전기 SUV, 관건은 1000만원 [도전, 차...",https://www.joongang.co.kr/article/25372224
2025-10-05,INVEST,"시민들, 정장선 평택시장 더 큰 족적(足跡) 남겨지길 기대한다 [강대웅...",https://www.ajunews.com/view/20251004235822851
2025-10-05,LAUNCH,"치어리더 하지원, 햇살에 비친 뽀얀 맨살…아찔 각선미",https://www.newsis.com/view/NISX20251003_0003355102
2025-10-05,LAUNCH,"건강한 구창모 어떤지 봤죠? 9월 복귀는 가을을 위한 빌드업, 이제 구창...",https://www.spotvnews.co.kr/news/articleView.html?idxno=774099
2025-10-04,"INVEST,LAUNCH,PARTNERSHIP,REGUL",[이런 구독 저런 구독] ①가전·車·콘텐츠 다 '구독'…구독으로 꾸린 일...,https://www.newsquest.co.kr/news/articleView.html?idxno=253888
2025-10-05,LAUNCH,"OLED  시장, 한국 83.7% 압도적 우위 이어간다, 삼성디스플레이 54,3%, LG디...",https://www.autodaily.co.kr/news/articleView.html?idxno=537401
2025-10-05,LAUNCH,'중대형  OLED ' 올해 성장세 뚜렷…삼성·LGD 매출 확대 기회,https://zdnet.co.kr/view/?no=20251003230239
2025-10-05,CERT,원익IPS 주가 어깨춤... 차세대 반도체 장비 시장서 독보적 기술력 확보,https://www.pinpointnews.co.kr/news/articleView.html?idxno=382964
2025-10-05,"INVEST,LAUNCH",아이폰 17 시리즈 흥행 속 '에어'만 부진... 폴더블  아이폰으로 대체되나,https://www.autodaily.co.kr/news/articleView.html?idxno=537397
2025-10-05,INVEST,연휴에 모인 가족들의 최대 고민 “삼전 주식 팔까? 둘까?”…‘11만 전...,https://www.donga.com/news/Economy/article/all/20251005/132510145/1
2025-10-05,"INVEST,LAUNCH","폴더블  넘은 트리폴드…삼성, APEC서 신형 스마트폰 첫선",http://www.newstomato.com/ReadNews.aspx?no=1277115&inflow=N
2025-10-05,"INVEST,LAUNCH","추석 끝나면 ‘두 번 접는 폰’ 시대 열린다…삼성, 트리폴드폰 출시 임...",https://www.mk.co.kr/article/11436251
2025-10-05,LAUNCH,"""깃털처럼"" 스마트폰 두께 전쟁의 서막…삼성 '엣지' vs 애플 '에어'",https://www.newsis.com/view/NISX20250930_0003351079
2025-10-05,LAUNCH,"경기도, 찾아가는 ‘전문놀이지도사’로 아동 놀이 문화 혁신",https://www.ksmnews.co.kr/news/view.php?idx=567699
2025-10-05,INVEST,[로봇의 미래를 묻다] 산업 현장에 스며든 디지털트윈…유니티가 여는 ...,https://www.bloter.net/news/articleView.html?idxno=645105
2025-10-05,"INVEST,LAUNCH","‘추석 특선 영화’ 보는 티브이는 옛말…인공지능, 가상현실에 콘텐츠...",https://www.hani.co.kr/arti/economy/economy_general/1222288.html
2025-10-05,"INVEST,LAUNCH","""중동으로 간다""…韓 기업, 두바이 'GITEX 2025' 대거 참가",https://www.greened.kr/news/articleView.html?idxno=331860
2025-10-05,LAUNCH,"놀이 상담 놀이코칭… 경기도, 전문놀이지도사 발대식 개최",https://www.lecturernews.com/news/articleView.html?idxno=188253
2025-10-05,INVEST,"F1 영화에 빠져나오지 못한 팬들이 모이는 곳, 제주 9.81 레이싱 파크",https://www.mk.co.kr/article/11436354
2025-10-05,INVEST,‘동아시아 할리우드’ 도약 꿈꾸는 인천… 다음 촬영지는 “레디~ 인천...,https://www.kyeongin.com/article/1752959
2025-10-05,INVEST,"“굿즈, 작품에 ‘두 번째 생명'을 불어넣는다는 것의 의미” [아트굿즈...",https://www.dailian.co.kr/news/view/1557037/?sc=Naver
2025-10-05,LAUNCH,‘비전프로’ 로드맵도 급히 변경한 애플…스마트글래스 시장 판 커진다,https://www.sedaily.com/NewsView/2GZ2548QNG
2025-10-05,REGUL,하이닉스 수억 성과급?…명절 표정 엇갈리는 대기업 직원들 “현대차도...,https://biz.heraldcorp.com/article/10589169?ref=naver
2025-10-05,"INVEST,LAUNCH,ORDER,PARTNERSHIP,REGUL","[주간브리핑] LG화학, LG엔솔 지분 2조원 규모 매각…메가커피 외식업종...",http://www.srtimes.kr/news/articleView.html?idxno=187179
2025-10-05,"INVEST,LAUNCH","의료용  디스플레이  시장, 2032년 40억4000만 달러 예상",https://www.theguru.co.kr/news/article.html?no=92406
2025-10-05,"INVEST,LAUNCH,REGUL",[AI리터러시㊲] AI를 악마의 변호인으로 활용하라,https://www.newsverse.kr/news/articleView.html?idxno=8589
2025-10-04,INVEST,"추석 연휴 역사, 1일에서 10일로···함께 이룬 76년 기적의 여정",http://www.hellodd.com/news/articleView.html?idxno=109447
2025-10-05,LAUNCH,"‘26kg 감량’ 이수민, 다이어트 성공 비결은 ‘이것’ 끊기였다고?",https://kormedi.com/?p=2753472
2025-10-06,"LAUNCH,PARTNERSHIP","재계 총수들, 긴 추석 연휴 어떻게 보내나",https://isplus.com/article/view/isp202510020044
2025-10-06,"INVEST,ORDER,PARTNERSHIP",오픈AI·삼성·SK하이닉스 삼각 동맹의 의미 [윤석빈의 Thinking],https://it.chosun.com/news/articleView.html?idxno=2023092148557
2025-10-06,LAUNCH,[시승기] 쉐보레 트랙스 크로스오버…'출중한 기본기'에 눈길,https://www.ebn.co.kr/news/articleView.html?idxno=1680864
2025-10-06,LAUNCH,팀 쿡 후계자는 정해졌다… 애플  차기 CEO '존 터너스' 유력,https://www.digitaltoday.co.kr/news/articleView.html?idxno=595865
2025-10-06,LAUNCH,"[S노트] 김민하, '파친코' 젋은 선자vs '태풍상사' K장녀 오미선, 주근깨...",https://www.slist.kr/news/articleView.html?idxno=683513
2025-10-06,LAUNCH,"폭스콘, 아이폰 부진 속 AI 덕 3분기 '역대급' 매출",https://www.sedaily.com/NewsView/2GZ2MHJP7X
2025-10-06,LAUNCH,"4분기 국산 게임 기대작, 뭐가 있을까?",https://www.smartfn.co.kr/news/articleView.html?idxno=121788
2025-10-06,LAUNCH,"넥슨 ‘마비노기 모바일’, 구글플레이 매출 1위·앱스토어 2위",https://www.sedaily.com/NewsView/2GZ2L2EMC5
2025-10-06,LAUNCH,"노상현, '다 이루어질지니'서 죽음의 천사 변신…새로운 인생캐 완성",https://sports.hankooki.com/news/articleView.html?idxno=6912123
2025-10-05,INVEST,매그니피센트 7은 잊어라…이제는 B·O·P 시대다,http://www.edaily.co.kr/news/newspath.asp?newsid=01518646642329968
2025-10-05,LAUNCH,넥슨 '마비노기 모바일' 구글 매출 1위 달성,https://www.pointdaily.co.kr/news/articleView.html?idxno=273431
2025-10-05,"CERT,LAUNCH","대림미술관, ‘요즘 감성’ 페트라 콜린스 전시 무료 개방",https://sports.donga.com/life/article/all/20251005/132522087/1
2025-10-05,LAUNCH,"MMO의 문법 바꾼 마비노기, 6개월 만에 왕좌 차지하다",https://www.econovill.com/news/articleView.html?idxno=713975
2025-10-05,LAUNCH,"넥슨 '마비노기 모바일', 구글 매출 1위 달성…추석 특수 겨냥 대형 업데...",https://www.industrynews.co.kr/news/articleView.html?idxno=72461
2025-10-06,PARTNERSHIP,경상국립대학교 RISE사업단- 삼성 중공업 업무협약 체결,https://www.lecturernews.com/news/articleView.html?idxno=188111
2025-10-06,"INVEST,ORDER,REGUL",[박한나의 배터리ON] 美 전기차 흔들…포드·SK온·엔켐 연쇄충격,https://www.dt.co.kr/article/12021736?ref=naver
2025-10-06,INVEST,“하루하루가 즐겁습니다”… 1년만에 갭투자로 5억 벌은 40대 김모씨 [...,https://www.segye.com/newsView/20251002510350?OutUrl=naver
2025-10-06,INVEST,' 삼성 전자 구조대'도 떠날까?…국채 15조 매도한 외국인 [김익환의 부처...,https://www.hankyung.com/article/202510056351i
2025-10-06,"LAUNCH,PARTNERSHIP","""설계사가 곧 영업력""… 생보 빅3, 같은 듯 다른 영업 전략",https://it.chosun.com/news/articleView.html?idxno=2023092148502
2025-10-06,"LAUNCH,ORDER","추석 연휴 끝나면 코스피 향방은...""25년간 대체로 올랐다""",http://www.fnnews.com/news/202510052036274426
2025-10-06,"INVEST,REGUL",4년9개월만에 '9만전자' 터치… 삼성 전자 팔까 더 살까,https://www.joongang.co.kr/article/25372291
2025-10-06,PARTNERSHIP,"""풍성한 한가위""… 삼성 ·LG전자, 가전구독 혜택 '업'",https://www.newsway.co.kr/news/view?ud=2025100112292992604
2025-10-06,CERT,ISMS-P 인증받고도 개인정보 털린 기업 27개 달해,https://it.chosun.com/news/articleView.html?idxno=2023092148368
2025-10-06,INVEST,"'앱으로 끝낸다'… 증권사 MTS 재편, AI로 승부수",https://it.chosun.com/news/articleView.html?idxno=2023092148423
2025-10-06,REGUL,"이마트·홈플러스·롯데마트·코스트코 휴무일, 10월 6일(월) '추석' 대형...",https://www.lecturernews.com/news/articleView.html?idxno=188134
2025-10-06,"CERT,LAUNCH",무단 AI 사용으로 기업 기밀 '줄줄'…섀도 AI 경보음,https://it.chosun.com/news/articleView.html?idxno=2023092148324
2025-10-06,INVEST,"‘1쿼터 3P 4방’ 최성원, 시작은 화려했지만...",https://basketkorea.com/news/newsview.php?ncode=1065616438214623
2025-10-06,"LAUNCH,ORDER","국내 넘어 해외로…삼성· LG , 디지털 사이니지 수주 '大戰'",https://it.chosun.com/news/articleView.html?idxno=2023092148286
2025-10-06,LAUNCH,"KBO, 2025시즌 MVP 후보 18명 발표...폰세 vs 디아즈 2파전 양상",http://www.thesportstimes.co.kr/news/articleView.html?idxno=367178
2025-10-06,"INVEST,LAUNCH","1년 전 관중석에서 본 가을야구, 이제 주인공으로…‘슈퍼 루키’ 배찬...",http://www.osen.co.kr/article/G1112670912
2025-10-06,INVEST,잇따른 해킹에 이통3사 손실 누적·신뢰 하락…AI 동력 '반감',https://www.news1.kr/it-science/general-it/5933262
2025-10-06,LAUNCH,폰세부터 디아즈까지… 1200만 함성 속에 피어난 기록의 향연,https://www.sportsworldi.com/newsView/20251006500938
2025-10-06,INVEST,"""같은 팀이라 행운, ML 안 가셨으면…"" 폰세와 함께하고 싶은 한화 1R 신...",http://www.osen.co.kr/article/G1112670900
2025-10-05,"CERT,LAUNCH",“명절엔 공짜”…미술관 나들이 가볼까,https://biz.heraldcorp.com/article/10589641?ref=naver
2025-10-05,CERT,"국립현대미술관, 추석맞이국현미방문 SNS 인증 이벤트 개최",http://www.withinnews.co.kr/news/view.html?section=190&category=191&item=&no=37398
2025-10-05,ORDER,전기차·선박 모듈 시장 동시 공략… 에이텀 글로벌 경쟁력 강화,https://www.pinpointnews.co.kr/news/articleView.html?idxno=382968
2025-10-05,"CERT,LAUNCH","[서은정의 아트4U] 추석 연휴, 국립현대미술관서 '쉼'과 '예술' 동시에",https://www.womaneconomy.co.kr/news/articleView.html?idxno=242746
2025-10-05,"CERT,INVEST,LAUNCH,REGUL",[테마 톡톡-③ 로봇] 노란봉투법 이후 사람 대신 로봇…자동화 대세로,https://www.etoday.co.kr/news/view/2511944
2025-10-05,"LAUNCH,PARTNERSHIP","TV, 예술을 만나다...세계적 갤러리 소장품을 집안에서",https://www.mt.co.kr/industry/2025/10/05/2025100410464088436
2025-10-06,LAUNCH,"""AI 없이는 트렌드 논할 수 없다""···김난도 교수가 본 2026년",http://www.hansbiz.co.kr/news/articleView.html?idxno=781752
2025-10-05,LAUNCH,"긴 연휴, 홈프로젝터·이동식 스크린은 '필수템'",https://www.dailian.co.kr/news/view/1557012/?sc=Naver
2025-10-06,"INVEST,LAUNCH,ORDER",애플 폴더블 수혜자 “나야 나”…삼성D 선두로 LGD 추격전,http://www.newstomato.com/ReadNews.aspx?no=1276897&inflow=N
2025-10-06,LAUNCH,"정철동 LGD '제조업 AX' 승부수 적중...""전사 수익성 개선 견인""",https://daily.hankooki.com/news/articleView.html?idxno=1279726
2025-10-06,"INVEST,LAUNCH","""올해 모니터용  OLED  60.9% 성장...대형  패널  출하 견인""",http://www.thelec.kr/news/articleView.html?idxno=41867
2025-10-06,LAUNCH,"삼성, 中 전용 폴더블폰 출시…프리미엄 수요 공략",http://www.fnnews.com/news/202510041237282044
2025-10-07,LAUNCH,"앞서는 삼성, 뒤쫒는 애플…AI 주도권 싸움 본격화",https://it.chosun.com/news/articleView.html?idxno=2023092148426
2025-10-07,LAUNCH,"삼성전자, 中 시장용  폴더블  폰 'W26' 11일 출시",https://www.g-enews.com/view.php?ud=2025100614302181926ed0c62d49_1
2025-10-06,LAUNCH,"삼성, 이달 中 전용  폴더블 폰 'W26' 출격",https://www.etnews.com/20251006000044
2025-10-06,LAUNCH,"갤럭시의 한국, 로컬의 중국, 아이폰의 일본···한중일 ‘삼국삼색’...",https://www.khan.co.kr/article/202510061335001
2025-10-06,LAUNCH,"삼성, 추석 직후 '트리폴드폰' 공개···'두 번 접는 폰' 시대 개막",http://www.enewstoday.co.kr/news/articleView.html?idxno=2337944
2025-10-06,LAUNCH,"""접고 한번 더 접는다""…삼성 '트라이폴드' vs 화웨이 '메이트XT' 승자는",https://www.newsis.com/view/NISX20251002_0003353572
2025-10-06,"LAUNCH,REGUL","하반기 더 바쁘다…재계 총수, 휴식 없이 '열일'",https://www.straightnews.co.kr/news/articleView.html?idxno=283210
2025-10-06,"INVEST,LAUNCH,PARTNERSHIP",AI가 자동차 만들고 로봇이 돌봄까지..딜로이트가 분석한 핵심 트렌드는...,https://www.dailycar.co.kr/content/news.html?type=view&autoId=59358
2025-10-06,LAUNCH,"메타 주도 스마트글라스 시장, 삼성·애플 '디스플레이 없는' 안경 출격...",https://www.theguru.co.kr/news/article.html?no=92539
2025-10-06,INVEST,국내 주요 상장사 미성년자 주주 1곳당 평균 8400명,https://news.tvchosun.com/site/data/html_dir/2025/10/06/2025100690140.html
2025-10-06,INVEST,"20세 미만 주주, 상위 상장사 1곳당 평균 8400명",https://www.sisajournal-e.com/news/articleView.html?idxno=415872
2025-10-06,"CERT,INVEST,LAUNCH,PARTNERSHIP,REGUL","국내 주요 상장사 미성년 주주, 93개 종목서 1.8조어치 보유",https://www.asiatime.co.kr/article/20251006500004
2025-10-06,INVEST,"시총 상위사 미성년 주주 78만명…""상속 및 교육 목적""",https://www.mediapen.com/news/view/1047749
2025-10-06,"INVEST,LAUNCH",‘미성년 주주’ 80만명 시대…삼성전자에만 40만명 몰렸다,https://www.ekn.kr/web/view.php?key=20251006029284076
2025-10-06,"INVEST,LAUNCH","""추석 용돈도 주식""...불어나는 리틀개미, 최선호는 '삼성전자'",http://www.metroseoul.co.kr/article/20251006500024
2025-10-06,INVEST,"국내 시총 상위 상장사 '미성년자 주주', 1곳당 평균 8천400여명",https://www.youthdaily.co.kr/news/article.html?no=198328
2025-10-06,LAUNCH,"""AI가 제조업 구세주""…재계, 업무 혁신에 'AI 필수'",https://www.newsis.com/view/NISX20250926_0003346123
2025-10-06,INVEST,국내 주요 상장사 미성년자 주주 1곳당 평균 8400명...삼성전자에만 39만...,https://www.econovill.com/news/articleView.html?idxno=713987
2025-10-06,"INVEST,LAUNCH",미성년 주주 1위 삼성전자…평균 보유금액 1위는?,https://www.ebn.co.kr/news/articleView.html?idxno=1681436
2025-10-06,"INVEST,LAUNCH","""미성년자 주주 78만명…삼성전자에만 39만명 투자""",https://www.kizmom.com/news/articleView.html?idxno=105158
2025-10-06,LAUNCH,"나노켐텍, 도전성 소재로 세계 시장 노린다… IT·NT 산업 핵심 부상",https://www.pinpointnews.co.kr/news/articleView.html?idxno=383043
2025-10-07,INVEST,"로터스자동차, '돌비 애트모스 기반 3D 서라운드'로 오디어 경험 업그레...",http://www.bizwnews.com/news/articleView.html?idxno=113046
2025-10-07,"INVEST,LAUNCH,ORDER,REGUL","[상보]미국증시, 오픈AI-AMD 대규모 GPU 계약에 반도체-AI주 급등 나스닥...",https://www.socialvalue.kr/news/view/1065558064792244
2025-10-07,LAUNCH,"""임산부에게 추천""…삼성 엣지∙ 애플  에어 이런 말 나오는 까닭",https://www.joongang.co.kr/article/25372351
2025-10-07,INVEST,"[미리보는 국감] 과방위, 통신3사·롯데카드 CEO 줄소환…해킹사태 정조...",https://www.newspim.com/news/view/20251001000991
2025-10-07,"INVEST,LAUNCH,ORDER,REGUL","뉴욕증시, AMD가 불어넣은 탄력…나스닥 0.7%↑ 마감",https://www.yna.co.kr/view/AKR20251007005000009?input=1195m
2025-10-07,"INVEST,LAUNCH,ORDER,PARTNERSHIP","[뉴욕증시] S&P500·나스닥, 사상 최고 경신…AMD, 23.71% 폭등",https://www.g-enews.com/view.php?ud=202510070519404001be84d87674_1
2025-10-07,"INVEST,LAUNCH","[마감]미국증시, AMD 24% 폭등에 반도체 2.9% 급등 나스닥도 0.7% 상승 사...",https://www.socialvalue.kr/news/view/1065547249181951
2025-10-07,LAUNCH,"시리가 음성 무단 수집했나…프랑스,  애플  수사",https://news.sbs.co.kr/news/endPage.do?news_id=N1008284531&plink=ORI&cooper=NAVER
2025-10-07,LAUNCH,스마트폰 대신 안경? 이제 '스마트 안경' 시대,https://www.ytn.co.kr/_ln/0104_202510070251212092
2025-10-07,"INVEST,LAUNCH","[속보]미국증시, AMD 폭등에 반도체 4% 급등 나스닥-S&P도 상승 다우는 ...",https://www.socialvalue.kr/news/view/1065545333824815
2025-10-07,"INVEST,LAUNCH,REGUL","AI 시대, 기술인가 버블인가… 실리콘밸리의 딜레마",https://www.tokenpost.kr/news/ai/292108
2025-10-07,REGUL,"프랑스,  애플  '시리' 음성 무단 수집 의혹 수사 착수",https://www.abcn.kr/news/articleView.html?idxno=83283
2025-10-07,"LAUNCH,REGUL",[기획 칼럼⑨] 고인의 사생활 vs 유족의 추억...법의 공백에 방치된 ‘디...,https://news.tf.co.kr/read/life/2250514.htm
2025-10-06,LAUNCH,"﻿넥슨 '마비노기 모바일', 구글 매출 1위…'팔라딘' 성공적",http://www.mhj21.com/169805
2025-10-06,"INVEST,LAUNCH,REGUL","[분석] 미국 뉴욕증시 장초반, 셧다운·AI딜·정치 변수에 혼조",https://www.topstarnews.net/news/articleView.html?idxno=15830823
2025-10-06,"PARTNERSHIP,REGUL","""지니어스법, 은행 시스템 종말의 시작""...멀티코인캐피털 공동 창업자",https://www.digitaltoday.co.kr/news/articleView.html?idxno=595908
2025-10-07,LAUNCH,"월드컵 맞대결 상대 확정됐다, ‘오피셜’ 공식발표…가까스로 토너먼...",https://www.goal.com/kr/뉴스/a/blt39242e59f35d7782
2025-10-07,LAUNCH,"진화하는 치매보험, 치료부터 예방·실종보장까지",https://www.pointdaily.co.kr/news/articleView.html?idxno=272916
2025-10-07,"ORDER,REGUL",추석 이후 정비사업 대전 주목…'무혈입성' 수의계약 vs '조합리스크' 혼...,https://www.newspim.com/news/view/20251002000481
2025-10-07,"INVEST,LAUNCH","'대장주'  삼성 전자 달린다…증권가, 실적 전망치·목표가 '업업'",https://www.yna.co.kr/view/AKR20251002153500008?input=1195m
2025-10-07,"INVEST,LAUNCH","서울보증, '기업가치 제고' 전면전…ROE 10%·주주환원율 50% 달성 목표",https://news.mtn.co.kr/news-detail/2025100212570280202
2025-10-07,"INVEST,LAUNCH","긴 추석 연휴, 각종 유용한 보험 활용법",https://www.kukinews.com/article/view/kuk202510020085
2025-10-02,"CERT,REGUL",제로에너지건축물 인증 의무화에 관리비 절감 나선 건설사들,https://biz.chosun.com/real_estate/real_estate_general/2025/10/07/6BAIPJFLKZC3HJTLRCXGBRYEMQ/?utm_source=naver&utm_medium=original&utm_campaign=biz
2025-10-07,LAUNCH,TV 수출 10년만에 ‘7위→77위’ 추락…위기 속  삼성 ·LG가 낸 묘수는?,https://biz.heraldcorp.com/article/10588441?ref=naver
2025-10-07,INVEST,AI·유동성 호재에 中펀드 수익률 '쑥쑥'… 4분기 변수는?,https://it.chosun.com/news/articleView.html?idxno=2023092148477
2025-10-07,LAUNCH,"속 보이는 버거, 짜먹는 밥, 투명 캔맥주…편의점 '시선 강탈 전쟁'",https://www.joongang.co.kr/article/25372347
2025-10-07,"CERT,INVEST",급성장하는 AI 산업 키워드는 원전…“재생에너지 확대에 필수”,https://www.asiatoday.co.kr/view.php?key=20251007010000767
2025-10-07,INVEST,명운 건 끝장 대결…열쇠 쥔  삼성  디아즈-NC 로건 [WC],https://www.news1.kr/sports/baseball/5935461
2025-10-07,"INVEST,REGUL","[세대별 ETF 가이드] ② ""성장과 안정 두 마리 토끼""…3040세대, 월분배...",http://www.hansbiz.co.kr/news/articleView.html?idxno=781441
2025-10-07,"INVEST,LAUNCH,ORDER","""우려 대비 양호한 3Q 전망""… LG 전자, 인도 IPO·VS부문이 기대주",https://www.ddaily.co.kr/page/view/2025100321550211638
2025-10-07,LAUNCH,"""아버님 댁에 가전 놓아 드려야 겠어요""…삼성· LG , 시니어 케어 공략",https://www.newsway.co.kr/news/view?ud=2025100113391973340
2025-10-07,INVEST,"위기가 기회 되려면…""보안 강화해야 이통사 AI 전환에 속도""",https://www.news1.kr/it-science/general-it/5933762
2025-10-07,LAUNCH,"퇴출된 선수와 동급이었는데…그때 남겨두길 잘했다,  LG 의 또다른 '신의...",https://www.spotvnews.co.kr/news/articleView.html?idxno=774378
2025-10-07,REGUL,"배터리 안전 기술 발전해도 불안은 계속…""범정부 관리대책 절실""",https://www.nocutnews.co.kr/news/6409907?utm_source=naver&utm_medium=article&utm_campaign=20251007050032
2025-10-07,"LAUNCH,REGUL","'FA 대어' 박찬호-조상우, 설마 KIA 유니폼 입고 마지막 경기 했을까… ...",https://www.spotvnews.co.kr/news/articleView.html?idxno=774385
2025-10-07,"CERT,LAUNCH","쿠에바스, 작년 '업셋+1차전 MVP' 기억났나?…""원 모어!"" NC 다이노스 응...",https://www.xportsnews.com/article/2062216
2025-10-07,"INVEST,LAUNCH",희비 엇갈린 석화 기업…불황에서 비껴간 효자품목은 '이것',https://news.tf.co.kr/read/economy/2248849.htm
2025-10-06,LAUNCH,"LG전자, 9월 美 전역서 '이노베이션 데이즈' 성료…""기술 넘어 삶의 변화...",https://www.theguru.co.kr/news/article.html?no=92407
2025-10-06,LAUNCH,"삼성·LG, 왕좌 흔들 … TV이어 로봇청소기까지 '메이드인 차이나'에 급...",https://biz.newdaily.co.kr/site/data/html/2025/10/02/2025100200344.html
2025-10-08,"INVEST,LAUNCH","'스마트폰에 노트북까지' 판커진  OLED …삼성·LGD, 기회 온다",https://www.mt.co.kr/industry/2025/10/08/2025100215504710040
2025-10-08,LAUNCH,"""기술의 복리 효과"" LG 올레드( OLED ) TV, 10년 넘게 세계 선두 굳건",https://www.upkoreanews.kr/news/articleView.html?idxno=95773
2025-10-08,LAUNCH,"삼성전자 'XR 헤드셋', 이달 출격…흥행 불씨 살린다",https://www.newsway.co.kr/news/view?ud=2025100223254697743
2025-10-08,"INVEST,LAUNCH",LG디스플레이 “한국 디스플레이 미래는  OLED …기술 리더십 강화할 것”,https://www.inthenews.co.kr/news/article.html?no=77803
2025-10-08,LAUNCH,"[초점] 삼성디스플레이, 애플 첫 폴더블 아이폰  OLED  독점 공급",https://www.g-enews.com/view.php?ud=202510080748115256fbbec65dfb_1
2025-10-08,LAUNCH,"""LG 올레드 TV, 10년 넘은 기술 '복리효과'로 선두 유지할 것""",https://www.yna.co.kr/view/AKR20251002163000003?input=1195m
2025-10-08,INVEST,[위기의 한국 TV]① 中 기업 점유율 추월…가격 경쟁 불가항력,https://www.news1.kr/industry/general-industry/5935169
2025-10-07,"INVEST,LAUNCH","BOE ""올해 상반기  OLED  7100만장 출하""",http://www.thelec.kr/news/articleView.html?idxno=41884
2025-10-07,"ORDER,PARTNERSHIP","탑런토탈솔루션, LG디스플레이 검사장비 첫 수주…밸류체인 확장 시동",https://www.newsis.com/view/NISX20251002_0003354313
2025-10-07,"LAUNCH,PARTNERSHIP","[K산업의 저력]LG전자, 특화 제품으로 유럽 시장 승부수",https://www.asiatime.co.kr/article/20250929500464
2025-10-07,"CERT,INVEST,LAUNCH",애플 폴더블 폰 출시...K-디스플레이 업계 기대감↑,https://www.mediapen.com/news/view/1047834
2025-10-07,LAUNCH,"""늙고 느려"" 중국 빠른 추격에 TV가 흔들린다…LG·삼성 TV 체질 개선 속...",https://www.sedaily.com/NewsView/2GZ33DB229
2025-10-07,LAUNCH,"삼성전자, 갤럭시 Z 폴드7, '가로선 디스플레이 결함' 첫 보고",https://www.abcn.kr/news/articleView.html?idxno=83286
2025-10-02,LAUNCH,"韓 올레드  패널  3분기 출하량 급증…""아이폰17 효과""",https://www.widedaily.com/news/articleView.html?idxno=279724
2025-10-02,LAUNCH,"유비리서치 ""아이폰17·삼성 폴더블폰 흥행에  OLED  출하량 전분기 2배 증...",https://biz.sbs.co.kr/article_hub/20000263813?division=NAVER
2025-10-02,LAUNCH,아이폰17·폴더블폰 흥행…3분기 스마트폰  OLED  출하량 껑충,http://www.m-i.kr/news/articleView.html?idxno=1289491
2025-10-02,LAUNCH,베일벗는 삼성 야심작 '갤럭시XR'…출시 전 실물 전시 자신감,http://www.fnnews.com/news/202510021328264420
2025-10-02,LAUNCH,"""아이폰17 출시에 3분기  OLED 패널  출하 급증""",https://zdnet.co.kr/view/?no=20251002135547
2025-10-02,LAUNCH,애플 아이폰 17 출시로 3분기  OLED 패널  출하량 급증,https://www.ilovepc.co.kr/news/articleView.html?idxno=56314
2025-10-02,LAUNCH,3분기  OLED 패널  출하 급증⋯아이폰 17 효과로 한국 업체 회복세 뚜렷,https://www.epnc.co.kr/news/articleView.html?idxno=323269
2025-10-02,LAUNCH,아이폰17 흥행에  OLED  출하량 급증…LGD 전분기의 2배,https://www.yna.co.kr/view/AKR20251002091300003?input=1195m
2025-10-02,"INVEST,LAUNCH","주식고수 매수 2위 '챗GPT 오픈AI 동맹에 신고가 돌파' SK하이닉스, 3위...",https://www.widedaily.com/news/articleView.html?idxno=279671
2025-10-02,LAUNCH,"포르쉐 카이엔 일렉트릭, 미래지향적 인테리어 돋보여",https://www.sportsworldi.com/newsView/20251002508856
2025-10-02,"INVEST,LAUNCH","LG디스플레이,  OLED 패널  출하량 증가 주목..실적 급호전?",http://www.choicenews.co.kr/news/articleView.html?idxno=154914
2025-10-02,"CERT,INVEST,LAUNCH,ORDER","[더벨][i-point]탑런에이피솔루션, LGD와 첫 양산 검사장비 수주 성공",https://www.thebell.co.kr/free/content/ArticleView.asp?key=202510021059568800106864
2025-10-02,LAUNCH,3분기  OLED 패널  출하 급증 ··· '삼성·LG' 회복세 뚜렷,https://www.datanet.co.kr/news/articleView.html?idxno=205864
2025-10-02,LAUNCH,삼성D·LGD 등 韓  OLED 패널 업계 3분기 출하량 급증…아이폰17 효과에 회...,https://www.getnews.co.kr/news/articleView.html?idxno=843374
2025-10-02,LAUNCH,"""아이폰17 효과""… OLED 패널  출하량, 3분기 급증",http://www.edaily.co.kr/news/newspath.asp?newsid=03165206642328984
2025-10-02,ORDER,"탑런에이피솔루션, LG디스플레이와 첫 양산 검사장비 수주 성공",https://www.the-stock.kr/news/articleView.html?idxno=31171
2025-10-02,ORDER,"탑런에이피솔루션, LG디스플레이서 첫 양산 검사장비 수주",https://www.etnews.com/20251002000089
2025-10-02,LAUNCH,애플 첫 비전 프로 사실상 실패였는데…2세대는 성공할까,https://www.widedaily.com/news/articleView.html?idxno=279621
2025-10-02,ORDER,"탑런에이피솔루션, LG디스플레이와 첫 양산 검사장비 수주",https://www.newstopkorea.com/news/articleView.html?idxno=40202
2025-10-02,ORDER,"탑런에이피솔루션, LGD에  OLED  검사장비 공급···양산라인 첫 진입",https://www.sisajournal-e.com/news/articleView.html?idxno=415774
2025-10-02,ORDER,"탑런에이피솔루션, LG디스플레이 첫 양산 검사장비 수주 성공",http://www.newstown.co.kr/news/articleView.html?idxno=656183
2025-10-02,ORDER,탑런토탈솔루션 계열사 LG디스플레이와 첫 양산 검사 장비 수주 성공,https://www.pinpointnews.co.kr/news/articleView.html?idxno=382432
2025-10-02,"INVEST,LAUNCH","[SFC IPO] 대표주관 미래, 공동주관 한국",https://www.the-stock.kr/news/articleView.html?idxno=31166
2025-10-02,INVEST,일본 소부장 기업이 한국인 사장님 모신 이유…“삼성·LG 뚫어야”,https://www.mk.co.kr/article/11434555
2025-10-02,"INVEST,LAUNCH","반도체 재료·부품 관련주, '덩실 덩실' 하나마이크론·샘씨엔에스",http://www.finomy.com/news/articleView.html?idxno=240294
2025-10-02,"LAUNCH,ORDER","유리 기판 관련주, '껑충껑충' 켐트로닉스·HB테크놀러지·피아이이",http://www.finomy.com/news/articleView.html?idxno=240293
2025-10-01,LAUNCH,"미래지향적 공간 제시한 포르쉐 카이엔 일렉트릭, 감각적 디스플레이 탑...",https://www.autodaily.co.kr/news/articleView.html?idxno=537184
2025-10-01,LAUNCH,"“車야 TV야?” 포르쉐 카이엔 EV, 스크린 4개+87인치 증강현실 HUD",https://www.thedrive.co.kr/news/newsview.php?ncode=1065608997130727
2025-10-01,LAUNCH,APEC서 나란히 부스 꾸리는 삼성·SK·LG··· 글로벌 빅테크 협업 큰 장...,https://www.ajunews.com/view/20251001150908323
2025-10-01,"INVEST,LAUNCH","""韓제조업·日소부장 잇는 가교 될 것""",https://www.mk.co.kr/article/11434369
2025-10-01,"INVEST,LAUNCH,REGUL","LG디스플레이, 3분기 적자늪 탈출하나… OLED  성장세·美 규제 호재 겹쳤...",https://www.newspim.com/news/view/20251001000974
2025-10-01,INVEST,"덕산네오룩스, 아이폰17 흥행 수혜 기대… OLED  가치사슬 강화",https://www.pinpointnews.co.kr/news/articleView.html?idxno=382228
2025-10-01,LAUNCH,"포르쉐, 신형 '카이엔 일렉트릭' 인테리어 공개",https://www.ziksir.com/news/articleView.html?idxno=106847
2025-10-01,LAUNCH,"갤S25엣지 판매 부진...삼성, 갤S26 '플러스' 모델 추가 개발 돌입",http://www.thelec.kr/news/articleView.html?idxno=41727
2025-10-01,"CERT,INVEST","[단독] 삼성, 9월 중국 특허 586건 확보…현대차·덕산네오룩스 동맹 '결...",https://www.theguru.co.kr/news/article.html?no=92630
2025-10-01,"INVEST,LAUNCH,ORDER",코스닥 베셀 17% 상승…관련 장비주도 강세,https://www.pointdaily.co.kr/news/articleView.html?idxno=272899
2025-10-01,"INVEST,LAUNCH",주식고수 매수 2위 '증권사 목표가 대폭 상향 또 신고가 경신' 삼성전자...,https://www.widedaily.com/news/articleView.html?idxno=279556
2025-10-01,LAUNCH,"포르쉐 AG, 카이엔 일렉트릭의 미래지향적 인테리어 공개",https://www.epnc.co.kr/news/articleView.html?idxno=323196
2025-10-01,INVEST,"'정철동 매직' 또한번 … LG디스플레이, 흑자 전환 따논 당상",https://biz.newdaily.co.kr/site/data/html/2025/10/01/2025100100156.html
2025-10-01,LAUNCH,"포르쉐 AG, '카이엔 일렉트릭' 인테리어 공개... ""'플로우 디스플레이' ...",https://kr.aving.net/news/articleView.html?idxno=1804693
2025-10-01,LAUNCH,"'라이벌' 삼성이 확정해줬다?…애플, 내년 폴더블 아이폰 출시 초읽기",https://www.widedaily.com/news/articleView.html?idxno=279516
2025-10-01,INVEST,"IBK투자 ""LG디스플레이 목표주가 상향, 미국  OLED  공급망의 유일한 대안...",https://www.businesspost.co.kr/BP?command=article_view&num=414360
2025-10-01,LAUNCH,"포르쉐 AG, 올해 말 '카이엔 일렉트릭' 공개∙∙∙스포츠카 DNA+디지털 혁...",https://www.econovill.com/news/articleView.html?idxno=713518
2025-10-01,LAUNCH,"포르쉐, ‘카이엔 일렉트릭’ 실내 디자인 공개..출시 일정은?",https://www.dailycar.co.kr/content/news.html?type=view&autoId=59278
2025-10-01,INVEST,"IBK투자증권, LG디스플레이 흑자전환·목표주가 상향",https://www.pointdaily.co.kr/news/articleView.html?idxno=272834
2025-10-01,"INVEST,LAUNCH,PARTNERSHIP",'윈도우10' 이달 종료… 의료기관 보안 구멍 숭숭 [디지털포스트 모닝픽...,https://www.ilovepc.co.kr/news/articleView.html?idxno=56283
2025-10-01,INVEST,"IBK證, LG디스플레이 목표가 상향…""3분기 흑자전환 전망""",https://www.youthdaily.co.kr/news/article.html?no=198021
2025-10-01,LAUNCH,"""대담한 디지털 변화"", 포르쉐 카이엔 일렉트릭 실내 공개",http://autotimes.co.kr/detail.php?number=684909&thread=27
2025-10-01,INVEST,"IBK證 ""LG디스플레이, 美  OLED  공급망 유일한 대안…목표가 2만원""",https://www.news1.kr/finance/general-stock/5931131
2025-10-01,"CERT,INVEST","LG디스플레이, 3분기 흑자전환 전망…목표가↑-IBK",https://www.sentv.co.kr/article/view/sentv202510010014
2025-10-01,LAUNCH,"포르쉐, 신형 카이엔 전기차 인테리어 공개",https://daily.hankooki.com/news/articleView.html?idxno=1278625
2025-10-01,INVEST,"IBK證 ""LG디스플레이,  OLED  지정학 리스크 속 유일한 대안…목표가↑""",https://www.ajunews.com/view/20251001082453748
2025-10-01,LAUNCH,'갤럭시 S26 울트라' 어떻게 생겼나… 유출된 렌더링 이미지 보니,https://www.etoday.co.kr/news/view/2512110
2025-10-01,INVEST,"IBK투자증권, LG디스플레이 목표가↑…""3분기 흑자전환 전망""",https://www.yna.co.kr/view/AKR20251001023600008?input=1195m
2025-10-01,"INVEST,LAUNCH","LG디스플레이, 3분기 실적 시장 기대치 상회 전망…목표가 25% ↑-IBK",http://www.edaily.co.kr/news/newspath.asp?newsid=02164806642328656
2025-10-01,INVEST,"""LG디스플레이, 미국  OLED  공급망의 유일한 대안…목표가↑""-IBK",https://www.hankyung.com/article/2025100191136
2025-10-01,INVEST,[시간외 특징주] 인베니아 주가 방긋...LG디스플레이 장비업체서 미래 ...,https://www.pinpointnews.co.kr/news/articleView.html?idxno=381953
2025-10-01,"INVEST,LAUNCH","'매출 비중 61% 눈앞'…LG디스플레이, 어엿한 ' OLED ' 기업됐다",https://www.newsway.co.kr/news/view?ud=2025093016372693269
2025-09-30,"LAUNCH,PARTNERSHIP","삼성디스플레이, 대만서 '올레드 IT 서밋' 개최…""파트너사와 협력해 시...",http://www.econonews.co.kr/news/articleView.html?idxno=407430
2025-09-30,"CERT,INVEST,LAUNCH,ORDER,PARTNERSHIP,REGUL",10월 1주 주요 제조업 전망,https://www.laborplus.co.kr/news/articleView.html?idxno=36358
2025-09-30,"CERT,LAUNCH","ams 오스람, 고출력 멀티-다이 레이저 패키지 '베갈라스 파워' 출시",https://www.datanet.co.kr/news/articleView.html?idxno=205787
2025-09-30,"CERT,LAUNCH,ORDER","유리 기판 관련주, '함박웃음' 피아이이·HB테크놀러지",http://www.finomy.com/news/articleView.html?idxno=240175
2025-09-30,INVEST,""" OLED 도 뺏길라""···디스플레이, 정부지원 절실",https://www.ziksir.com/news/articleView.html?idxno=106640
2025-09-30,"INVEST,LAUNCH","중국 따돌리는 LG디스플레이, 하반기 실적반등 초록불",https://www.goodkyung.com/news/articleView.html?idxno=273685
2025-09-30,"INVEST,LAUNCH","디스플레이부터 2차전지까지…넥사다이내믹스, 기술력으로 시장 장악 나...",https://www.pinpointnews.co.kr/news/articleView.html?idxno=381742
2025-09-30,"INVEST,LAUNCH,ORDER","뉴로메카, E-ONG과 합작법인 설립, 세계 최대 중국 로봇 시장 본격 진출",http://www.kdpress.co.kr/news/articleView.html?idxno=141517
2025-09-30,"CERT,LAUNCH","ams오스람, 고출력 멀티-다이 레이저 패키지 '베가라스 파워' 시리즈 출...",https://www.epnc.co.kr/news/articleView.html?idxno=323142
2025-09-30,"INVEST,LAUNCH,ORDER",주식고수 매수 3위 '증권사 목표가 대폭 상향 또 신고가 경신' 삼성전자...,https://www.widedaily.com/news/articleView.html?idxno=279439
2025-09-30,"CERT,LAUNCH","ams OSRAM, 고출력 멀티-다이 레이저 패키지 'Vegalas™ Power 시리즈' 출...",http://www.marketnews.co.kr/news/articleView.html?idxno=73017
2025-09-30,"INVEST,LAUNCH,ORDER","""LG디스플레이 4년 만에 최대 실적""…하이브, BTS 모멘텀에 목표가 38만...",http://www.fnnews.com/news/202509301008465507
2025-09-30,LAUNCH,"LG디스플레이, 3분기 '깜짝 실적' 전망…""내년 더 좋다""",https://www.widedaily.com/news/articleView.html?idxno=279400
2025-09-30,"CERT,LAUNCH","ams OSRAM, 베갈라스 파워 레이저 시리즈로 프로젝션 광원 전환 가속",https://www.ddaily.co.kr/page/view/2025093010504799619
2025-09-30,"INVEST,LAUNCH",IT용  OLED  주도권 노리는 中 ···삼성·LG디스플레이는?,https://www.sisajournal-e.com/news/articleView.html?idxno=415683
2025-09-30,"INVEST,LAUNCH,ORDER","HB테크놀러지,  OLED  검사 넘어 2차전지 시장까지 정조준",https://www.pinpointnews.co.kr/news/articleView.html?idxno=381593
2025-09-30,INVEST,"[특징주]'디스플레이·반도체 기대' AP시스템, 9%대 상승",https://view.asiae.co.kr/article/2025093009205376639
2025-09-30,"INVEST,ORDER","8세대  OLED  투자 본격화…선익시스템, 증착장비 생산↑",https://dealsite.co.kr/articles/149015
2025-09-29,"INVEST,LAUNCH","SK증권 ""LG디스플레이 고객사 내 점유율 확대, 3분기 영업이익 기대이상...",https://www.businesspost.co.kr/BP?command=article_view&num=414085
2025-09-29,"LAUNCH,PARTNERSHIP","[진심분석] TGS 2025 성료,K-게임 일본 시장 공략 신기원 발견",http://www.ttlnews.com/news/articleView.html?idxno=3035099
2025-09-29,"INVEST,LAUNCH,ORDER,REGUL",[헬로스톡] 9월 29일 주목할 핵심 종목: 네이버·LG디스플레이·CJ대한통...,https://www.hellot.net/news/article.html?no=105906
2025-09-29,INVEST,반등에도 웃을 수만은 없는  패널 사…中 격차 확대 '우려',https://www.dailian.co.kr/news/view/1555337/?sc=Naver
2025-09-29,INVEST,"[ET특징주]LG디스플레이, 수익성 개선에 상승세",https://www.etnews.com/20250929000338
2025-09-29,"INVEST,LAUNCH","애플도 가세한 폴더블폰 시장, IT산업 새 성장 모멘텀 기대감 솔솔",https://www.mk.co.kr/article/11431775
2025-09-29,INVEST,"[특징주]뉴로메카, 中LTOM 그룹과 300억 합작 투자…휴머노이드 확장 목...",https://view.asiae.co.kr/article/2025092914080752442
2025-09-29,"INVEST,LAUNCH,ORDER","[더벨][사법리스크 해소, 달라진 JY]다시 뛰는 이재용, '뉴삼성' 시계 돌...",https://www.thebell.co.kr/free/content/ArticleView.asp?key=202509181759161040101154
2025-09-29,INVEST,"中 전략산업 겨냥…뉴로메카, LTOM 그룹과 300억 합작 투자",https://zdnet.co.kr/view/?no=20250929113334
2025-09-29,"CERT,INVEST,LAUNCH,ORDER","뉴로메카, LTOM 그룹 이옹과 합작법인 설립…세계 최대 中 로봇시장 진...",https://www.irobotnews.com/news/articleView.html?idxno=42608
2025-09-29,"INVEST,LAUNCH","“LG디스플레이, 고객사 내 점유율 확대·물량 정책 기대”<SK證>",https://www.news2day.co.kr/article/20250929500102
2025-09-29,INVEST,"[한경유레카 특징주] LG디스플레이, 저성장 및 적자 지속의 늪 탈출 기대",https://www.hankyung.com/article/202509294086O
2025-09-29,"CERT,LAUNCH","LG전자, 글로시 WOLED  패널  탑재 모니터 출시",https://www.wolyo.co.kr/news/articleView.html?idxno=301853
2025-09-29,"CERT,INVEST,LAUNCH,ORDER","뉴로메카, 중국 LTOM 그룹 E-ONG과 합작법인 설립…세계 최대 로봇 시장...",https://www.hankyung.com/article/202509294236O
2025-09-29,INVEST,"대신證 ""LG디스플레이, 4년 만의 흑자전환…목표가 2만원 신규 제시""",https://www.news1.kr/finance/general-stock/5928343
2025-09-29,"CERT,INVEST,LAUNCH","뉴로메카, 中 충칭에 합작법인 설립…글로벌 로봇 시장 본격 진출",http://www.newstown.co.kr/news/articleView.html?idxno=654614
2025-09-29,INVEST,"LG전자 "" OLED  TV는 중국 공동생산 안한다"" … 기술유출 우려 차단",https://www.ilovepc.co.kr/news/articleView.html?idxno=56209
2025-09-29,"CERT,INVEST,ORDER","뉴로메카, LTOM 그룹 E-ONG과 합작법인 설립…세계 최대 중국 로봇 시장...",https://www.etoday.co.kr/news/view/2511210
2025-09-29,"CERT,INVEST,ORDER","뉴로메카, LTOM 그룹 E-ONG과 합작법인 설립",https://www.ebn.co.kr/news/articleView.html?idxno=1680469
2025-09-29,INVEST,"[특징주]' OLED  중심 수익성 개선' LG디스플레이, 3.49% 상승",https://view.asiae.co.kr/article/2025092909220005943
2025-09-29,"INVEST,LAUNCH","SK證 “LG디스플레이, 올해와 내년 모두 좋다…목표가↑”",http://www.fnnews.com/news/202509290846550964
2025-09-29,"INVEST,LAUNCH","'연간 흑자' 기대감 커진 LGD…정철동 사장 ""韓 디스플레이 미래는  OLED """,https://www.bloter.net/news/articleView.html?idxno=644851
2025-09-29,"CERT,INVEST,LAUNCH,ORDER","뉴로메카, LTOM 그룹 E-ONG과 합작법인 설립…중국 로봇 시장 본격 진출",https://www.pinpointnews.co.kr/news/articleView.html?idxno=381125
2025-09-29,"INVEST,LAUNCH",[오늘의 증시리포트] 제일기획·LG디스플레이·삼성전기 등,https://www.etoday.co.kr/news/view/2511112
2025-09-28,INVEST,"이청 삼성D 사장 ""AI·로봇, 디스플레이 위기를 기회로 전환""",http://www.biztribune.co.kr/news/articleView.html?idxno=340962
2025-09-28,"INVEST,ORDER","키움 ""삼성전자, 반도체·모바일 동반 호조…10만전자 다시 보인다""",https://www.pinpointnews.co.kr/news/articleView.html?idxno=380985
2025-09-28,INVEST,"대신증권 ""LG디스플레이 3분기 대형  OLED  TV 패널  공급 늘어, 모바일  OLED  ...",https://www.businesspost.co.kr/BP?command=article_view&num=413850
2025-09-27,LAUNCH,"S26 울트라 디스플레이, 차원이 다른 성능 보여준다",https://www.betanews.net/article/view/beta202509270005
2025-09-27,INVEST,"삼성·LG디스플레이 수장 ""하반기 실적 개선"" 한목소리",http://www.ftoday.co.kr/news/articleView.html?idxno=348403
2025-09-27,INVEST,"점유율 30%선도 위태한 한국 디스플레이..."" OLED 도 중국 내어줄 판""",https://www.joongang.co.kr/article/25370440
2025-09-27,INVEST,"삼성·LG 디스플레이 수장  ""하반기 실적 반등 자신""",https://www.ebn.co.kr/news/articleView.html?idxno=1680337
2025-09-26,"INVEST,LAUNCH","이청 삼성D 대표 ""8.6G 순항...내년 3분기 양산""",http://www.thelec.kr/news/articleView.html?idxno=41520
2025-09-26,"INVEST,LAUNCH","이청 삼성디스플레이 사장 ""내년 3분기 8.6세대 IT  OLED  양산""",http://www.whitepaper.co.kr/news/articleView.html?idxno=252629
2025-09-26,"INVEST,LAUNCH","이청 삼성디스플레이 사장 ""8.6세대 IT  OLED , 내년 2~3분기 양산""",https://www.newscj.com/news/articleView.html?idxno=3322507
2025-09-26,INVEST,"삼성D, '도쿄게임쇼'에서 신작게임  OLED  체험존 운영…""한계 없는 몰입 ...",https://www.pointdaily.co.kr/news/articleView.html?idxno=272095
2025-09-26,"CERT,INVEST,LAUNCH","[산업 이모저모] LG디스플레이 윤수영 CTO, '디스플레이의 날' 행사서 은...",https://www.greened.kr/news/articleView.html?idxno=331606
2025-09-26,INVEST,"삼성디스플레이, 엔씨와 도쿄게임쇼 2025서  OLED  화질 체험 마케팅",https://www.cstimes.com/news/articleView.html?idxno=669724
2025-09-26,INVEST,"삼성디스플레이-엔씨소프트, 도쿄게임쇼 2025 체험존 운영",http://www.finomy.com/news/articleView.html?idxno=239951
2025-09-26,INVEST,"삼성디스플레이, '도쿄게임쇼'에서 신작게임  OLED  체험존 운영",https://www.megaeconomy.co.kr/news/newsview.php?ncode=1065595035739865
2025-09-26,INVEST,"삼성D, '도쿄게임쇼'에서 엔씨소프트와  OLED  화질 체험 마케팅",https://www.fetv.co.kr/news/article.html?no=202211
2025-09-26,INVEST,"삼성디스플레이, 도쿄게임쇼서  OLED  화질 체험존 운영",http://www.thebigdata.co.kr/view.php?ud=2025092614231788974aca46cea9_23
2025-09-26,INVEST,"삼성D-엔씨소프트, 도쿄게임쇼서 신작게임  OLED  체험존 운영",http://www.inews24.com/view/1891255
2025-09-26,INVEST,"삼성디스플레이, 엔씨소프트와 협력 마케팅... '도쿄게임쇼'서 신작게임...",http://www.sisacast.kr/news/articleView.html?idxno=82711
2025-09-26,INVEST,"삼성D, 도쿄게임쇼서 엔씨소프트 신작게임  OLED  체험존 운영",http://www.g-enews.com/ko-kr/news/article/news_all/2025092611071358266ed0c62d49_1/article.html
2025-09-26,INVEST,"삼성D, '도쿄게임쇼'서 엔씨소프트와  OLED  화질 체험 마케팅",http://www.popcornnews.net/news/articleView.html?idxno=95896
2025-09-26,INVEST,"삼성디스플레이, 도쿄게임쇼서  OLED  체험존 운영..엔씨와 협력",http://www.ftoday.co.kr/news/articleView.html?idxno=348337
2025-09-26,"INVEST,LAUNCH","삼성디스플레이, 도쿄게임쇼서  OLED  체험존 운영",http://www.whitepaper.co.kr/news/articleView.html?idxno=252599
2025-09-26,INVEST,삼성디스플레이 '도쿄게임쇼'서 엔씨 '브레이커스'  OLED  체험존 운영,https://www.smartfn.co.kr/news/articleView.html?idxno=121377
2025-09-26,INVEST,"삼성디스플레이, 엔씨소프트와 '도쿄게임쇼'  OLED  체험존 운영",https://www.ddaily.co.kr/page/view/2025092609480860175
2025-09-26,INVEST,"삼성D, 도쿄게임쇼서 엔씨와  OLED  화질 체험 마케팅",http://www.smedaily.co.kr/news/articleView.html?idxno=339204
2025-09-26,"INVEST,LAUNCH","삼성디스플레이, 도쿄게임쇼서 차세대  OLED  기술·게이밍 혁신 선봬",https://www.joongangenews.com/news/articleView.html?idxno=453831
2025-09-26,INVEST,"삼성디스플레이, 도쿄게임쇼서 엔씨소프트와 ' OLED  체험존' 운영",https://www.newsquest.co.kr/news/articleView.html?idxno=253758
2025-09-26,"INVEST,ORDER","삼성디스플레이, 엔씨와 ‘도쿄게임쇼’서  OLED  체험존 운영",http://www.newstomato.com/ReadNews.aspx?no=1276309&inflow=N
2025-09-26,"LAUNCH,PARTNERSHIP","삼성디스플레이, 글로벌 IT사와 협력 강화... OLED  점유율 대폭 높인다",https://www.pointdaily.co.kr/news/articleView.html?idxno=271829
2025-09-26,"INVEST,LAUNCH","삼성디스플레이, 도쿄게임쇼서 엔씨 신작과  OLED  체험존 운영",https://www.dailian.co.kr/news/view/1554339/?sc=Naver
2025-09-26,"CERT,LAUNCH",알파스캔 차세대 AOC  OLED  게이밍 모니터 2종 동시 출시 기념 행사 진행,https://gamefocus.co.kr/detail.php?number=169672
2025-09-26,INVEST,"삼성디스플레이, ‘도쿄게임쇼’서  OLED  체험존 운영…엔씨소프트와 협...",https://www.ceoscoredaily.com/page/view/2025092609564487224
2025-09-26,INVEST,"삼성디스플레이, 엔씨소프트와 '도쿄게임쇼'서  OLED  체험존 운영",https://www.newscj.com/news/articleView.html?idxno=3322257
2025-09-26,"INVEST,LAUNCH","삼성디스플레이, '도쿄게임쇼'서 신작게임  OLED  체험존 운영",https://zdnet.co.kr/view/?no=20250926091518
2025-09-26,INVEST,"삼성디스플레이, 엔씨 신작 '브레이커스'로  OLED  게이밍 화질 뽐내",http://www.womentimes.co.kr/news/articleView.html?idxno=91096
2025-09-26,"INVEST,LAUNCH","삼성D, 도쿄게임쇼서  OLED  압도적 화질 입증···엔씨와 공동 무대",http://www.enewstoday.co.kr/news/articleView.html?idxno=2334579
2025-09-26,INVEST,"삼성D, NC와 협력… '도쿄게임쇼'서 신작게임  OLED  체험존 운영",https://www.pressman.kr/news/articleView.html?idxno=94584
2025-09-26,INVEST,"삼성D, '도쿄게임쇼'서 게이밍 올레드 알린다",https://www.widedaily.com/news/articleView.html?idxno=279158
2025-09-26,"INVEST,LAUNCH","""LCD보다 '15배' 빨라 게임하기 딱좋네"" 삼성D, 엔씨소프트와 ' OLED ' 체험...",https://www.nbnews.kr/news/articleView.html?idxno=115040
2025-09-26,INVEST,"삼성D, 도쿄게임쇼 출격...엔씨소프트와 협업",http://www.hansbiz.co.kr/news/articleView.html?idxno=779774
2025-09-26,INVEST,"삼성디스플레이, ‘도쿄게임쇼’에서 신작게임  OLED  체험존 운영",https://www.cnbnews.com/news/article.html?no=752774
2025-09-26,"INVEST,LAUNCH","삼성디스플레이, 도쿄게임쇼에서  OLED  게이밍 체험존 운영",https://www.newspim.com/news/view/20250926000118
2025-09-26,INVEST,"삼성D, '도쿄게임쇼'서 엔씨소프트 신작 게임  OLED  체험존 운영",https://www.moneys.co.kr/article/2025092608222072729
2025-09-26,INVEST,"삼성D, 도쿄게임쇼서 엔씨소프트와 협력 마케팅 진행",https://www.asiaa.co.kr/news/articleView.html?idxno=225025
2025-09-26,LAUNCH,"삼성D·엔씨소프트, 도쿄게임쇼서 공동부스 ""게임엔  OLED """,http://www.m-i.kr/news/articleView.html?idxno=1286900
2025-09-26,INVEST,"삼성D, 엔씨소프트와 '도쿄게임쇼'  OLED  체험존 운영",https://www.etoday.co.kr/news/view/2510487
2025-09-26,INVEST,"‘도쿄게임쇼’ 찾은 삼성D, 엔씨소프트와  OLED  체험존 운영",https://biz.heraldcorp.com/article/10583941?ref=naver
2025-09-26,INVEST,"삼성D, 도쿄게임쇼서 엔씨 신작게임  OLED  체험존 운영",https://www.yna.co.kr/view/AKR20250926025900003?input=1195m
2025-09-26,INVEST,"삼성D, 엔씨소프트와 도쿄게임쇼 ' OLED  체험존' 운영",http://www.edaily.co.kr/news/newspath.asp?newsid=02273046642304056
2025-09-26,INVEST,"""엔씨 '브레이커스',  OLED 로 즐겨요""...삼성D, 도쿄게임쇼 체험존 운영",https://www.pinpointnews.co.kr/news/articleView.html?idxno=380444
2025-09-26,INVEST,"[TGS 2025] "" OLED 로 한계 없는 몰입 경험"" 삼성디스플레이, 엔씨소프트와...",https://www.financialpost.co.kr/news/articleView.html?idxno=233926
2025-09-26,INVEST,"삼성D, 엔씨소프트와 도쿄게임쇼 체험존 운영… OLED ·브레이커스 선보인...",https://view.asiae.co.kr/article/2025092607535695439
2025-09-26,INVEST,"삼성D, 엔씨소프트와 '도쿄게임쇼' 찾았다",http://thetracker.co.kr/View.aspx?No=3797372
2025-09-26,"INVEST,ORDER,PARTNERSHIP",삼성D “글로벌 파트너들과 ‘IT  OLED  대세화’ 선도할 것”,http://www.newstomato.com/ReadNews.aspx?no=1276273&inflow=N
2025-09-25,CERT,"에이수스,  OLED  고주사율 게이밍 모니터 'ROG Strix XG27ACDMS' 등 2종 출...",https://www.betanews.net/article/view/beta202509250121
2025-09-25,LAUNCH,"삼성디스플레이 ""IT  OLED 가 대세...협력으로 시장 선점""",http://www.thelec.kr/news/articleView.html?idxno=41399
2025-09-25,"LAUNCH,PARTNERSHIP","삼성디스플레이, 타이베이서 '삼성  OLED  IT 서밋 2025' 개최",https://www.pressman.kr/news/articleView.html?idxno=94573
2025-09-25,"LAUNCH,PARTNERSHIP",삼성디스플레이 “ OLED  대세되려면 생태계 구성원간 협력이 절대적”,https://www.mk.co.kr/article/11429359
2025-09-25,"LAUNCH,PARTNERSHIP","삼성D, 대만서 ' OLED  IT서밋'…파트너들과 대세화 선도",http://www.shinailbo.co.kr/news/articleView.html?idxno=2123003
2025-09-25,"LAUNCH,PARTNERSHIP","삼성디스플레이, 타이베이서 ' OLED  IT 서밋 2025' 개최",http://www.finomy.com/news/articleView.html?idxno=239865
2025-09-25,"CERT,LAUNCH","에이수스,  OLED  고주사율 게이밍 모니터 'ROG Strix' 신제품 2종 출시",https://gamefocus.co.kr/detail.php?number=169653
2025-09-25,"LAUNCH,PARTNERSHIP","삼성디스플레이, ' OLED  IT 서밋 2025' 개최… ' OLED  대세화 속도 높인다'",http://www.biztribune.co.kr/news/articleView.html?idxno=340847
2025-09-25,"LAUNCH,PARTNERSHIP","타이베이서 '삼성  OLED  IT 서밋 2025'…삼성디스플레이, 'IT  OLED  대세화'...",https://www.financialpost.co.kr/news/articleView.html?idxno=233909
2025-09-25,"CERT,INVEST,LAUNCH,ORDER,PARTNERSHIP",[AT 산업 단신]삼성전자·삼성전기·삼성디스플레이·LG디스플레이·LS일...,https://www.asiatime.co.kr/article/20250925500371
2025-09-25,"LAUNCH,PARTNERSHIP","삼성D, 글로벌 파트너들과 'IT  OLED  대세화' 선도",http://www.smedaily.co.kr/news/articleView.html?idxno=339122
2025-09-25,"LAUNCH,PARTNERSHIP","삼성D, 대만서 '삼성  OLED  IT 서밋 2025' 개최",http://www.g-enews.com/ko-kr/news/article/news_all/2025092515373485626ed0c62d49_1/article.html
2025-09-25,PARTNERSHIP,"삼성디스플레이 ""IT  OLED  대세화 시작… 생태계 협력해 시장 선도""",https://www.newscj.com/news/articleView.html?idxno=3322033
2025-09-25,"LAUNCH,PARTNERSHIP","삼성D ""글로벌 파트너들과 'IT  OLED  대세화' 선도""",https://www.econovill.com/news/articleView.html?idxno=712780
2025-09-25,LAUNCH,"삼성디스플레이, 빅테크 초청해 IT  OLED  대세화 선언",https://www.greened.kr/news/articleView.html?idxno=331565
2025-09-25,"LAUNCH,PARTNERSHIP","삼성D ""IT  OLED  대세화 시작"" … 협력사와 비전 공유",https://biz.newdaily.co.kr/site/data/html/2025/09/25/2025092500331.html
2025-09-25,"INVEST,LAUNCH,PARTNERSHIP","삼성디스플레이 '삼성  OLED  IT 서밋' 개최, 'UT 원' 포함  OLED  신기술 소...",https://www.businesspost.co.kr/BP?command=article_view&num=413539
2025-09-25,"LAUNCH,PARTNERSHIP","삼성디스플레이, ' OLED  IT 서밋 2025' 개최…최신 기술 20여 종 전시",https://www.newspim.com/news/view/20250925000867
2025-09-25,"LAUNCH,PARTNERSHIP","삼성디스플레이, 글로벌 파트너들과 'IT  OLED  대세화' 선도",https://www.ajunews.com/view/20250925082132853
2025-09-25,LAUNCH,"삼성디스플레이, 타이베이서 ‘ OLED  IT 서밋’…대세화 주도 본격화",https://www.etoday.co.kr/news/view/2510108
2025-09-25,"LAUNCH,PARTNERSHIP","삼성D, ' OLED  IT 서밋' 개최…IT  OLED  비전 공유",http://www.srtimes.kr/news/articleView.html?idxno=186637
2025-09-25,"LAUNCH,PARTNERSHIP","삼성디스플레이, 글로벌 파트너 초청 '삼성  OLED  IT 서밋' 개최",http://www.popcornnews.net/news/articleView.html?idxno=95733
2025-09-25,"LAUNCH,PARTNERSHIP","삼성디스플레이 ""IT  OLED  대세화 시작…시장 주도하겠다""",https://www.dailian.co.kr/news/view/1553867/?sc=Naver
2025-09-25,"LAUNCH,PARTNERSHIP","삼성D, '삼성  OLED  IT 서밋 2025' 개최...IT  OLED  대세화 선도",https://www.asiaa.co.kr/news/articleView.html?idxno=224893
2025-09-25,"LAUNCH,PARTNERSHIP","삼성디스플레이, 글로벌 파트너와 ‘IT  OLED  대세화’ 이끈다",https://www.ceoscoredaily.com/page/view/2025092510595594792
2025-09-25,"LAUNCH,PARTNERSHIP","삼성디스플레이, 타이베이서 저전력 기술 'UT 원' 등 공개",https://daily.hankooki.com/news/articleView.html?idxno=1275854
2025-09-25,"CERT,LAUNCH","에이수스,  OLED 의 압도적인 비주얼 가진 고주사율 게이밍 모니터 2종 출...",https://www.ilovepc.co.kr/news/articleView.html?idxno=56181
2025-09-25,"CERT,LAUNCH","에이수스,  OLED  기반 고주사율 게이밍 모니터 2종 출시",https://www.epnc.co.kr/news/articleView.html?idxno=322923
2025-09-25,"CERT,LAUNCH","에이수스,  OLED  기반 280Hz·4K 게이밍 모니터 2종 출시",https://www.cbci.co.kr/news/articleView.html?idxno=530233
2025-09-25,"CERT,LAUNCH","에이수스,  OLED  고주사율 게이밍 모니터 2종 출시",https://www.cnet.co.kr/view/?no=20250925101444
2025-09-25,LAUNCH,"""몰입감 터진다""…에이수스,  OLED  ROG 게이밍모니터 2종 출시",https://www.news1.kr/it-science/general-it/5924632
2025-09-25,"CERT,LAUNCH","에이수스, ROG 스트릭스(Strix) 27·32형 게이밍 모니터 신제품 출시... 최...",https://kr.aving.net/news/articleView.html?idxno=1804486
2025-09-24,"CERT,LAUNCH","알파스캔, 차원이 다른  OLED  x 500Hz 'AOC Q27G4KD' 게이밍 모니터 출시",https://gamefocus.co.kr/detail.php?number=169562
2025-09-24,"CERT,LAUNCH","알파스캔, 500Hz 지원  OLED  게이밍 모니터 'AOC Q27G4KD' 출시",https://www.ilovepc.co.kr/news/articleView.html?idxno=56158
2025-09-24,LAUNCH,"알파스캔,  OLED  x 500Hz AOC Q27G4KD 게이밍 모니터 출시",http://www.technoa.co.kr/news/articleView.html?idxno=99892
2025-09-22,"INVEST,LAUNCH","[김지영의 생존투자] ‘고수익 검사장비’ 이노테크, 코스닥 상장 도전...",https://www.dt.co.kr/article/12019426?ref=naver
2025-09-22,"INVEST,LAUNCH","삼성디스플레이, 폴더블·전장·차세대  OLED 라인 투자로 '멀티 성장' 가...",http://www.popcornnews.net/news/articleView.html?idxno=94974
2025-09-19,"INVEST,LAUNCH,PARTNERSHIP","시그마인텔 ""中,  OLED  TV 진출 5년은 필요""",https://www.newstopkorea.com/news/articleView.html?idxno=30637
2025-09-19,"INVEST,LAUNCH","中  OLED  시설 확장, 삼성·LG의 '초격차' 전략이 분수령",https://www.smartfn.co.kr/news/articleView.html?idxno=120698
2025-09-19,"INVEST,LAUNCH","[창간 23] K-디스플레이, 고부가·신기술로 글로벌 위상 지킨다",https://www.seoulfn.com/news/articleView.html?idxno=607104
2025-09-19,INVEST,"삼성SDI 재무 리스크에 증설과 기술력 '선택과 집중', 최주선 '불도저식...",https://www.businesspost.co.kr/BP?command=article_view&num=412602
2025-09-19,INVEST,"[채널Who] 삼성SDI 캐즘으로 직면한 재무리스크, 최주선 '선택과 집중' ...",https://www.businesspost.co.kr/BP?command=article_view&num=412597
2025-09-18,INVEST,"이재용, '현장 경영'… 삼성디스플레이 아산 사업장 방문",https://www.industrynews.co.kr/news/articleView.html?idxno=71686
2025-09-18,INVEST,"이재용 회장, 삼성디스플레이 아산캠퍼스 현장 점검",http://www.econonews.co.kr/news/articleView.html?idxno=405240
2025-09-18,"INVEST,LAUNCH",[더벨][이노테크 IPO]공모 자금 190억 '폴더블·플렉서블'에 투입,https://www.thebell.co.kr/free/content/ArticleView.asp?key=202509171536423200107529
2025-09-18,"INVEST,LAUNCH","이재용, 삼성디스플레이 아산캠퍼스 찾아 올레드 사업 현황 점검...중국...",https://www.greened.kr/news/articleView.html?idxno=331242
2025-09-18,INVEST,"""위기 돌파, 현장서 해결’…이재용, 디스플레이·바이오사업 점검",https://www.sedaily.com/NewsView/2GXY7982I9
2025-09-18,INVEST,"이재용 회장, 현장경영 행보… 삼성디스플레이 아산캠퍼스 방문",https://www.newscj.com/news/articleView.html?idxno=3319226
2025-09-17,INVEST,"이재용 회장, 삼성D 아산 찾았다… 현장 경영 행보",https://biz.newdaily.co.kr/site/data/html/2025/09/17/2025091700467.html
2025-09-17,"INVEST,ORDER","이재용, 삼성디스플레이 아산 사업장 방문…현장 경영 행보",http://www.newstomato.com/ReadNews.aspx?no=1275279&inflow=N
2025-09-17,INVEST,"삼성 이재용, 아산 삼성디스플레이 방문..."" QD   OLED  생산라인 점검""",http://www.biztribune.co.kr/news/articleView.html?idxno=340334
2025-09-17,"INVEST,LAUNCH","아산 간 이재용, 삼성디스플레이 현장 챙겼다",https://www.hankyung.com/article/2025091707571
2025-09-17,INVEST,삼성 이재용 삼성디스플레이 사업장 방문…'현장 경영' 박차,http://www.fnnews.com/news/202509171724342235
2025-09-17,"INVEST,LAUNCH","이재용, 삼성D 아산캠퍼스 찾아 점검…글로벌 경쟁 속 현장경영",https://www.ebn.co.kr/news/articleView.html?idxno=1678990
2025-09-17,INVEST,"이재용 회장, 삼성디스플레이 생산 시설 현장 점검",https://www.asiatoday.co.kr/view.php?key=20250917010009784
2025-09-17,INVEST,"이재용 회장, '현장 경영' 행보…삼성D 아산캠퍼스 방문",http://www.g-enews.com/ko-kr/news/article/news_all/2025091717382083786ed0c62d49_1/article.html
2025-09-17,INVEST,"이재용 회장, 삼성디스플레이 사업장 방문…현장 경영 강화",https://www.ceoscoredaily.com/page/view/2025091717524279147
2025-09-17,INVEST,"이재용, 삼성디스플레이 아산캠퍼스 방문…현장경영 지속",http://www.shinailbo.co.kr/news/articleView.html?idxno=2118466
2025-09-17,INVEST,"이재용, 현장경영 ‘잰걸음’… 삼성D 아산 사업장 방문",https://www.dt.co.kr/article/12018605?ref=naver
2025-09-17,INVEST,"이재용 회장, 삼성디스플레이 사업장 점검",https://www.etnews.com/20250917000419
2025-09-17,"INVEST,LAUNCH","이재용 회장, 삼성디스플레이 아산캠퍼스 방문…“ OLED  주도권 사수” ...",https://www.etoday.co.kr/news/view/2507626
2025-09-17,INVEST,"이재용, 연이은 현장경영…삼성디스플레이 차세대  OLED  라인 점검",https://weekly.hankooki.com/news/articleView.html?idxno=7129008
2025-09-17,INVEST,"이재용, 삼성디스플레이 아산캠퍼스 점검…현장경영 이어가",http://www.yonhapnewstv.co.kr/AKR20250917172201Cna
2025-09-17,INVEST,"“현장경영 고삐 죄는 삼성”...이재용 회장, 삼성디스플레이 아산캠퍼...",https://www.seoultimes.news/news/article.html?no=2000080661
2025-09-17,INVEST,"이재용 삼성디스플레이 충남 아산 사업장 점검, 현장경영 행보 이어가",https://www.businesspost.co.kr/BP?command=article_view&num=412386
2025-09-17,INVEST,이재용 회장 '현장 경영' 행보…삼성디스플레이 아산캠퍼스 방문,https://www.youthdaily.co.kr/news/article.html?no=196526
2025-09-17,INVEST,"이재용, 아산 삼성디스플레이 방문…쉴 틈 없는 '초격차' 현장경영",http://www.m-i.kr/news/articleView.html?idxno=1283409
2025-09-17,INVEST,"이재용, 삼성디스플레이 현장 경영… OLED  사업 점검",https://www.newsway.co.kr/news/view?ud=2025091717005696499
2025-09-17,INVEST,"이재용 회장, 삼성디스플레이 아산 방문…“차세대  OLED  직접 챙긴다”",https://www.kukinews.com/article/view/kuk202509170184
2025-09-17,INVEST,"이재용, '현장 경영' 잰걸음…삼성디스플레이 사업장 점검",https://www.hankyung.com/article/202509170335g
2025-09-17,INVEST,"이재용 삼성전자 회장, 삼성디스플레이 아산캠퍼스 방문…현장경영 통...",http://www.queen.co.kr/news/articleView.html?idxno=442490
2025-09-17,INVEST,"이재용, 삼성디스플레이 아산캠퍼스 방문…현장경영 행보",https://www.yna.co.kr/view/AKR20250917144400003?input=1195m
2025-09-17,"INVEST,LAUNCH","이재관 의원, 디스플레이 산업 경쟁력 강화 정책토론회 개최",https://daily.hankooki.com/news/articleView.html?idxno=1271886
2025-09-12,"CERT,LAUNCH","MSI, ‘2025 서울팝콘’에 상륙...고성능 게이밍 PC로 관람객 몰이 나서",https://www.cnet.co.kr/view/?no=20250912160326
2025-09-11,LAUNCH,"""폴더블·롤러블 커버윈도우 시장 2029년 7억 달러 돌파 전망""",https://zdnet.co.kr/view/?no=20250911093105
2025-09-10,INVEST,"시장조사업체 ""2분기  OLED  출하량 2% 감소, LG디스플레이 압박 받는 상황...",https://www.businesspost.co.kr/BP?command=article_view&num=411366
2025-09-10,PARTNERSHIP,"2분기  OLED  출하량, 전년比 2%↓…모니터·노트북 채택 급증",https://www.news1.kr/industry/general-industry/5907474
2025-09-09,"INVEST,LAUNCH","삼성디스플레이, 내년 모니터용  QD-OLED  패널 생산량 대폭 늘린다",https://zdnet.co.kr/view/?no=20250909093211
2025-09-09,"LAUNCH,REGUL",유럽 심장을 두드린 韓 AI 가전…中도 프리미엄 전략으로 공략 박차 [IF...,http://www.fnnews.com/news/202509081441585408
2025-09-08,CERT,"[탐방] 에스제이신소재, 둔곡산단 BIPV 컬러유리 전용공장 가동… 첨단...",https://www.industrynews.co.kr/news/articleView.html?idxno=71146
2025-09-07,"LAUNCH,PARTNERSHIP",전시장 3곳 중 1곳이 中기업… AI·프리미엄으로 유럽 가전시장 공략[IF...,http://www.fnnews.com/news/202509071823547821
2025-09-07,LAUNCH,中 가전 'AI·프리미엄'으로 무장…유럽 무대 가전 경쟁 본격화 [IFA 2025...,http://www.fnnews.com/news/202509060533525377
2025-09-07,LAUNCH,"中 TCL, 'IFA 2025'에 AI 동반자 로봇 'TCL 에이미' 선보여",https://www.irobotnews.com/news/articleView.html?idxno=42251
2025-09-07,"LAUNCH,REGUL","[IFA 2025] 韓·中·日, RGB LED TV '빅매치'",https://www.etnews.com/20250906000026
2025-09-06,LAUNCH,"中, RGB TV 전면에 내세워 삼성·LG에 도전장 [IFA 2025]",https://www.dailian.co.kr/news/view/1545378/?sc=Naver
2025-09-06,PARTNERSHIP,중국 TV 맹추격에도 “단 하나만 산다면 삼성·LG” [IFA 2025],https://biz.heraldcorp.com/article/10569855?ref=naver
2025-09-06,LAUNCH,"韓 TV, 기술로 버틴다…‘프리미엄 시장’ 사수전 ['치지직' 위기의 韓 ...",https://economist.co.kr/article/view/ecn202509040020
2025-09-06,LAUNCH,"中, IFA서 스포츠스타 내세워 존재감 과시…AI 기술도 강조",https://www.yna.co.kr/view/AKR20250906002000003?input=1195m
2025-09-06,LAUNCH,AI까지 탑재한 中 가전군단…삼성·LG 턱밑까지 쫓아왔다,https://www.news1.kr/industry/electronics/5903328
2025-10-07,INVEST,"[미래 소부장 의존]""디스플레이 강국의 민낯…액정·컬러필터 국산화율...",https://view.asiae.co.kr/article/2025100310523053871
2025-09-24,INVEST,"미래나노텍, 디스플레이·배터리 핵심소재로 글로벌 도약",https://www.pointdaily.co.kr/news/articleView.html?idxno=271544
2025-09-24,INVEST,"미래나노텍, BLU 광학필름·양극재 첨가제로 글로벌 시장 노린다",https://www.pinpointnews.co.kr/news/articleView.html?idxno=379818
2025-09-24,"CERT,INVEST,LAUNCH,ORDER,PARTNERSHIP",[Who Is ?] 이명희 사피엔반도체 대표이사,https://www.businesspost.co.kr/BP?command=article_view&num=413204
2025-09-23,"INVEST,LAUNCH,PARTNERSHIP","반도체 장비 관련주, '봄꽃만개' 제이티·아스플로·에이팩트·원익홀딩...",http://www.finomy.com/news/articleView.html?idxno=239521
2025-09-18,"CERT,INVEST,LAUNCH,REGUL","[나노협회-신소재경제 공동연재]기술패권 경쟁시대, 첨단산업 초격차 이...",http://amenews.kr/news/view.php?idx=63741
2025-09-16,"INVEST,LAUNCH,REGUL","인천연구원, 물류기업 디지털 전환 4대 전략-상업지역 주거복합건축물...",http://www.breaknews.com/1147894
2025-09-16,"INVEST,ORDER","반도체 장비 관련주, '덩실덩실' 테크윙·유니셈·러셀·에이팩트·HPSP....",http://www.finomy.com/news/articleView.html?idxno=238923
2025-09-13,"INVEST,LAUNCH",CMOS Backplane 독보적 기술… 사피엔반도체 글로벌 고객사 확대 기대,https://www.pinpointnews.co.kr/news/articleView.html?idxno=376440
2025-09-12,"INVEST,LAUNCH","반도체 장비 관련주, '맑음' 엔투텍·제이엔비·HPSP·하나마이크론·신...",http://www.finomy.com/news/articleView.html?idxno=238787
2025-09-12,LAUNCH,"“사피엔반도체, 스마트글래 산업 확대 수혜 기대”<SK證>",https://www.news2day.co.kr/article/20250912500121
2025-09-10,"CERT,LAUNCH","세연테크, 보급형 PTZ 뷸렛 IP카메라 출시",http://www.boannews.com/media/view.asp?idx=139174&kind=
2025-09-09,"INVEST,LAUNCH","폴스타, 4도어 퍼포먼스 그랜드 투어러 '폴스타 5' 공식 공개... 韓 시장...",https://kr.aving.net/news/articleView.html?idxno=1803857
2025-09-09,LAUNCH,[평양 시장경제 보고서]계획경제 틀과 배급제도의 잔존:인민반 단위 분...,http://www.breaknews.com/1146212
2025-09-09,"INVEST,LAUNCH",폴스타5 퍼포먼스 그랜드 투어러가 베일 벗었다...프리셉트 콘셉트 거의...,http://www.osen.co.kr/article/G1112652800
2025-09-09,"INVEST,LAUNCH","폴스타, 폴스타 5 퍼포먼스 그랜드 투어러 공개..국내 출시 일정은?",https://www.dailycar.co.kr/content/news.html?type=view&autoId=58897
2025-09-07,"CERT,LAUNCH,REGUL","[TV, 거실의 플랫폼이 되다] 'TV 왕좌' 재탈환 나선 韓, 차세대 전략은?",https://www.econovill.com/news/articleView.html?idxno=708298
2025-09-07,LAUNCH,[헬로즈업] ‘소재·장비·기판·OSAT’ 참가기업이 보여준 패키징 생태...,https://www.hellot.net/news/article.html?no=105035
2025-09-05,LAUNCH,[현장+] 中 'mini- LED ' vs 韓 'RGB  Micro - LED '...프리미엄 TV 대격돌,https://www.greened.kr/news/articleView.html?idxno=330773
2025-09-05,LAUNCH,가민 '피닉스8 프로' 시리즈 출시…최고 밝기·위성 연결 탑재,https://www.digitaltoday.co.kr/news/articleView.html?idxno=589934
2025-08-26,"INVEST,REGUL",[평양 시장경제 보고서]평양 하이브리드 생존경제 : 그것이 알고 싶다?,http://www.breaknews.com/1142893
2025-08-26,"INVEST,LAUNCH",'반도체 장비제조업체' 이알케이 매각 개시 [fn마켓워치],http://www.fnnews.com/news/202508251417258603
2025-08-25,LAUNCH,"브리츠, 진공관 감성의 무드램프 블루투스 스피커 ‘BZ-MK330’ 출시",https://www.betanews.net/article/view/beta202508250031
2025-08-25,LAUNCH,"브리츠, 진공관 감성 담은 무드램프 블루투스 스피커 ‘BZ-MK330’ 출시",https://kbench.com/?q=node/270611
2025-08-25,LAUNCH,"브리츠, 진공관 감성 담은 무드램프 블루투스 스피커 BZ-MK330 출시",http://www.technoa.co.kr/news/articleView.html?idxno=99731
2025-08-25,LAUNCH,"브리츠, 신제품 블루투스 스피커 'BZ-MK330' 출시",https://gamefocus.co.kr/detail.php?number=168606
2025-08-25,LAUNCH,"브리츠, 진공관 무드 담은 블루투스 스피커 'Z-MK330' 출시",https://www.cnet.co.kr/view/?no=20250825102758
2025-08-25,"INVEST,LAUNCH","LG, 마이크로  LED  개발 박차…사이니지 시장 공략",https://dealsite.co.kr/articles/146969
2025-08-23,"INVEST,LAUNCH,ORDER,PARTNERSHIP","""애플·삼성 뒤에 사피엔반도체 있다?""... 유진투자證 ""AR 글래스 핵심 ...",https://www.pinpointnews.co.kr/news/articleView.html?idxno=370590
2025-08-21,"LAUNCH,REGUL","조남성 ETR 박사, 2025 머크 어워드 수상",https://www.ebn.co.kr/news/articleView.html?idxno=1675420
2025-08-21,"INVEST,LAUNCH,REGUL","머크, IMID에서 제22회 머크 어워드 수상자 발표",https://www.mk.co.kr/article/11399336
2025-08-21,"INVEST,LAUNCH","""차세대 디스플레이 전략은"" 유비리서치, 9월 세미나 개최",https://www.dailian.co.kr/news/view/1538580/?sc=Naver
2025-08-21,"INVEST,LAUNCH,REGUL","머크, 'IMID 2025'서 머크 어워드 수상자 발표··· ""고객 혁신 가속""",https://www.ajunews.com/view/20250821113146214
2025-08-21,"INVEST,LAUNCH,REGUL","머크, '사이언스 커넥트' 진행···AR·VR 등 미래 기술 비전 제시",http://www.enewstoday.co.kr/news/articleView.html?idxno=2318219
2025-08-21,"INVEST,LAUNCH","'OLED 대전환' 유비리서치, 2026 디스플레이 전략 세미나 개최",https://www.ebn.co.kr/news/articleView.html?idxno=1675367
2025-08-21,"INVEST,LAUNCH,REGUL","""디스플레이, 픽셀 넘어 광전자 시대로""…머크, IMID 2025서 미래 청사진...",https://www.ddaily.co.kr/page/view/2025082110341745871
2025-08-21,"INVEST,LAUNCH","유비리서치, '2026년 디스플레이 전략 세미나' 개최 예정…차세대 기술...",https://www.epnc.co.kr/news/articleView.html?idxno=321308
2025-08-21,"INVEST,LAUNCH,REGUL","‘2025 머크 어워드’, AR·VR 디스플레이 발전 기여 ETRI 조남성 박사",http://amenews.kr/news/view.php?idx=63513
2025-08-21,"INVEST,LAUNCH","유비리서치, 내달 '2026년 디스플레이 전략 세미나' 개최",https://zdnet.co.kr/view/?no=20250821102113
2025-08-21,"INVEST,LAUNCH,REGUL","머크, IMID 2025서 'Beyond Pixels, Beyond Limits' 주제로 최신 디스플레...",https://www.koreaittimes.com/news/articleView.html?idxno=144823
2025-08-21,"INVEST,LAUNCH","차세대 디스플레이 전략은?…유비리서치, 9월 세미나 개최",https://www.econovill.com/news/articleView.html?idxno=708229
2025-08-21,"LAUNCH,REGUL","머크, 'IMID 2025'서 머크 어워드 수상자·광전자 기술 주제 발표",https://zdnet.co.kr/view/?no=20250821085319
2025-08-20,LAUNCH,"75, 86인치 넘어 100인치 TV 시대 '성큼'",http://www.wolyo.co.kr/news/articleView.html?idxno=264225
2025-08-16,LAUNCH,"[N2 뷰] ‘수요 절벽’ 직면한 TV 시장…삼성전자, ‘프리미엄 라인업’...",https://www.news2day.co.kr/article/20250814500309
2025-08-15,LAUNCH,사양화 속 '프리미엄 TV'의 승부수... 시장 판도 바뀔까,https://www.dailian.co.kr/news/view/1535584/?sc=Naver
2025-08-14,INVEST,"급성장하는 마이크로  LED  시장, 프리미엄 TV 시장 판도 변화 가속",https://www.ilovepc.co.kr/news/articleView.html?idxno=55664
2025-08-13,"INVEST,LAUNCH","마이크로  LED , 2030년 13억 달러 성장 전망",https://www.greened.kr/news/articleView.html?idxno=329882
2025-08-13,"CERT,LAUNCH,REGUL",삼성전자 ‘마이크로 RGB TV’ 출시,https://www.naeil.com/news/read/557853?ref=naver
2025-08-13,"CERT,LAUNCH,PARTNERSHIP","삼성전자, 혁신·프리미엄·편의성 3박자…하반기 시장 공략 속도",http://www.thevaluenews.co.kr/news/view.php?idx=191950
2025-08-13,"CERT,LAUNCH","[뉴스줌인] 삼성전자 '마이크로 RGB TV', 4490만원의 가치는 있을까?",https://it.donga.com/107400/
2025-08-13,LAUNCH,"마이크로  LED  시장, 2030년 13억 달러 규모 성장 전망",https://www.epnc.co.kr/news/articleView.html?idxno=321020
2025-08-13,"CERT,LAUNCH,REGUL","아이맥스급 감동, 이제 거실에서...115인치 초대형 TV 첫선",https://www.banronbodo.com/news/articleView.html?idxno=30740
2025-08-13,"CERT,LAUNCH,REGUL","빛·색 정밀 제어로 초격차…삼성전자, '마이크로 RGB TV'로 프리미엄 시...",https://news.tf.co.kr/read/economy/2233385.htm
2025-08-12,"CERT,LAUNCH,REGUL","삼성전자, 세계 최초 '마이크로 RGB TV' 출시",https://www.dailysportshankook.co.kr/news/articleView.html?idxno=412065
2025-08-12,"CERT,LAUNCH,REGUL",세계 최초로 삼성전자가 내놓은 '마이크로 RGB TV' 가격은,https://www.getnews.co.kr/news/articleView.html?idxno=835679
2025-08-12,"CERT,LAUNCH,REGUL","삼성전자, 마이크로 RGB TV 출시...""색상·명암 정밀하게 표현""",http://www.ftoday.co.kr/news/articleView.html?idxno=346053
2025-08-12,"CERT,LAUNCH","[이슈] ""초소형  LED 로 색·명암 완벽 구현""…삼성전자, '마이크로 RGB TV'...",http://www.paxetv.com/news/articleView.html?idxno=242081
2025-08-12,LAUNCH,"삼성전자, ‘마이크로 RGB TV’ 세계 첫 출시…中 추격 따돌린다",https://www.kukinews.com/article/view/kuk202508120198
2025-08-12,"CERT,LAUNCH,REGUL","삼성전자, 세계 최초 '마이크로 RGB TV' 출시…AI 기술로 화질 경쟁력 강...",https://www.straightnews.co.kr/news/articleView.html?idxno=278445
2025-08-12,"CERT,LAUNCH,REGUL","삼성전자 '마이크로 RGB TV' 출시...""새로운 카테고리 만들 것""",https://www.greened.kr/news/articleView.html?idxno=329860
2025-08-12,LAUNCH,"삼성전자, 차세대 기술 집약 '마이크로 RGB TV' 출시..손태용 부사장 ""TV...",http://www.dailypop.kr/news/articleView.html?idxno=90350
2025-08-12,"CERT,LAUNCH,REGUL","삼성전자, 세계 최초 마이크로 RGB TV 출시…프리미엄 TV의 새 기준",http://www.segyebiz.com/newsView/20250812516622?OutUrl=naver
2025-08-12,"CERT,LAUNCH","삼성전자, 첫 '마이크로 RGB TV' 출시…초프리미엄 시장 공략",https://www.nbntv.co.kr/news/articleView.html?idxno=4006658
2025-08-12,"CERT,LAUNCH,REGUL","삼성전자, 세계 최초 '마이크로 RGB TV' 출시… 프리미엄 TV 기술의 새 기...",http://www.biztribune.co.kr/news/articleView.html?idxno=338459
2025-08-12,LAUNCH,"""초프리미엄 시장 공략""...삼성전자 '마이크로 RGB TV' 출시",http://www.edaily.co.kr/news/newspath.asp?newsid=05097126642266664
2025-08-12,"CERT,LAUNCH,REGUL","1등 삼성전자, 超프리미엄 TV 리더십 굳히기",http://www.00news.co.kr/news/articleView.html?idxno=96395
2025-08-12,"CERT,LAUNCH,REGUL","삼성전자, 세계 최초 '마이크로 RGB TV' 공개... 프리미엄 TV 새 기준",https://www.insight.co.kr/news/515589
2025-08-12,"CERT,LAUNCH","삼성전자, 세계 첫 ‘마이크로 RGB TV’…초프리미엄 화질 승부수",https://www.viva100.com/article/20250812500908
2025-08-12,"CERT,LAUNCH,REGUL","삼성전자, 세계 최초 '마이크로 RGB TV' 출시… ""프리미엄 TV 격차 벌린다...",https://www.greenpostkorea.co.kr/news/articleView.html?idxno=303342
2025-08-12,"CERT,LAUNCH,REGUL","프리미엄 TV의 새 기준...삼성전자, 세계 최초 '마이크로 RGB TV' 출시",https://www.bizwork.co.kr/news/articleView.html?idxno=405370
2025-08-12,"CERT,LAUNCH,REGUL","삼성전자, 세계 최초 '마이크로 RGB TV' 출시… 프리미엄 TV 기술 리더십...",https://www.industrynews.co.kr/news/articleView.html?idxno=70179
2025-08-12,"CERT,LAUNCH,REGUL","삼성, 세계 최초 '마이크로 RGB TV' 출시… 프리미엄TV 새 기준 제시",http://www.newsbrite.net/news/articleView.html?idxno=192574
2025-08-12,"CERT,LAUNCH","삼성전자, 세계 최초 ‘마이크로 RGB TV’ 출시…프리미엄 TV 새 기준",https://www.thepowernews.co.kr/view.php?ud=202508121639042478de3f0aa1be_7
2025-08-12,"CERT,LAUNCH,REGUL","삼성전자, 세계 첫 '마이크로 RGB TV' 출시…'차세대 디스플레이 기술' ...",http://www.100ssd.co.kr/news/articleView.html?idxno=124496
2025-08-12,"CERT,LAUNCH,REGUL","삼성전자, '마이크로 RGB TV' 세계 최초 출시",https://www.joongboo.com/news/articleView.html?idxno=363700458
2025-08-12,"LAUNCH,REGUL","삼성전자, '마이크로 RGB TV' 출시…중국 추격 뿌리친다",https://dealsite.co.kr/articles/146337
2025-08-12,LAUNCH,[영상]4490만원 프리미엄 TV…삼성전자 '마이크로 RGB TV' 공개,https://www.businessplus.kr/news/articleView.html?idxno=94467
2025-08-12,"CERT,LAUNCH","삼성전자, 세계 최초 '마이크로 RGB TV' 출시…프리미엄 TV 기술 리더섭...",http://www.updownnews.co.kr/news/articleView.html?idxno=313688
2025-08-12,"CERT,LAUNCH,REGUL","삼성전자,'초정밀 컬러' LCD TV 세계 첫 출시...출고가 4490만원",https://www.starnewskorea.com/business-life/2025/08/12/2025081215483133640
2025-08-12,"CERT,LAUNCH","삼성전자, 세계 첫 '마이크로 RGB TV' 선봬",https://www.discoverynews.kr/news/articleView.html?idxno=1070846
2025-08-12,"CERT,LAUNCH","삼성전자 마이크로 RGB TV, 첨단 AI와 초미세 RGB 기술로 차세대 화질 기...",http://www.newsworker.co.kr/news/articleView.html?idxno=390591
2025-08-12,"CERT,LAUNCH","삼성전자, 세계 최초 ‘마이크로 RGB TV’ 공개…프리미엄 TV 새 기준 제...",https://www.todayeconomic.com/news/article.html?no=28011
2025-08-12,"CERT,LAUNCH,REGUL",삼성 TV 초격차 강화...세계 최초 '마이크로 RGB TV' 출시,http://thetracker.co.kr/View.aspx?No=3744884
2025-08-12,"CERT,LAUNCH,REGUL","세계 최초 '마이크로 RGB TV' 공개! 삼성, 프리미엄 TV 새 역사 쓴다",https://www.autodaily.co.kr/news/articleView.html?idxno=534879
2025-08-12,"CERT,LAUNCH,REGUL","삼성 'TV 초격차' 실현, 세계 최초 '마이크로 RGB TV' 출시",http://www.opinionnews.co.kr/news/articleView.html?idxno=122368
2025-08-12,"CERT,LAUNCH,REGUL","삼성전자, 프리미엄 TV의 새 기준 제시···'마이크로 RGB TV' 출시",https://www.ziksir.com/news/articleView.html?idxno=100400
2025-08-12,"CERT,LAUNCH,REGUL","""기술 우위 자신""…삼성전자, '마이크로 RGB'로 中 추격 따돌린다",https://www.econovill.com/news/articleView.html?idxno=707178
2025-08-12,"CERT,LAUNCH,REGUL","""프리미엄 TV의 새 기준""…삼성전자, 세계 최초 '마이크로 RGB TV' 출시",https://www.thepublic.kr/news/articleView.html?idxno=272897
2025-08-12,"CERT,LAUNCH","[AT현장] 삼성전자 ""세계 최초 '마이크로 RGB TV'…색 재현력 다르다""",https://www.asiatime.co.kr/article/20250812500276
2025-08-12,LAUNCH,"삼성, 차세대 RGB 마이크로  LED  TV 공개…""中 추격에 프리미엄 승부수""",https://www.mediapen.com/news/view/1035618
2025-08-12,"CERT,LAUNCH,REGUL","삼성전자, 세계 최초 ‘마이크로 RGB TV’ 출시…초격차 TV 재시동",https://www.inthenews.co.kr/news/article.html?no=75580
2025-08-12,"CERT,LAUNCH,REGUL","삼성, 세계 최초 '마이크로 RGB TV' 출시…프리미엄TV 시장 정조준",https://www.itbiznews.com/news/articleView.html?idxno=177259
2025-08-12,"CERT,LAUNCH,REGUL","삼성전자, 세계 최초 ‘마이크로 RGB TV’ 출시",http://journal.kobeta.com/?post_type=post&p=60063
2025-08-12,"CERT,INVEST,LAUNCH,REGUL","[산업워치] 삼성전자, 세계 최초 '마이크로 RGB TV' 출시 外",http://www.newswatch.kr/news/articleView.html?idxno=72576
2025-08-12,"CERT,LAUNCH,REGUL","삼성전자, 마이크로 RGB TV 세계 최초 출시",https://www.koit.co.kr/news/articleView.html?idxno=201310
2025-08-12,"CERT,LAUNCH,REGUL","삼성전자, 세계 첫 '마이크로 RGB TV' 출시...""생생한 화질로 몰입감 강...",https://www.job-post.co.kr/news/articleView.html?idxno=168923
2025-08-12,"CERT,LAUNCH,REGUL","삼성, 세계 첫 ‘마이크로 RGB TV’ 출시.. LED 로 색재현력 혁신",http://kpenews.com/View.aspx?No=3744679
2025-08-12,"CERT,LAUNCH,REGUL","삼성전자, '마이크로 RGB TV' 세계 최초 출시…프리미엄 시장 공략",https://zdnet.co.kr/view/?no=20250812114749
2025-08-12,"CERT,LAUNCH,REGUL","삼성전자, 세계 최초 '마이크로 RGB TV' 출시…""색재현력·명암 표현력 ...",http://www.ttlnews.com/news/articleView.html?idxno=3020920
2025-08-12,"CERT,LAUNCH,REGUL","'TV 시장 주춤'…삼성, 마이크로 RGB TV로 세계 1등 사수전",https://www.ddaily.co.kr/page/view/2025081211210427406
2025-08-12,"CERT,LAUNCH,REGUL","프리미엄 TV 새판 짠다…삼성전자, 세계 최초 ‘마이크로 RGB TV’ 공개",https://www.mk.co.kr/article/11391591
2025-08-12,LAUNCH,"삼성전자, 세계 최초 '마이크로 RGB TV' 출시-프리미엄 TV 기술 새 기준...",http://www.techholic.co.kr/news/articleView.html?idxno=217773
2025-08-12,LAUNCH,"""프리미엄 TV의 새 기준""...삼성전자, '마이크로 RGB TV' 출시",https://www.pinpointnews.co.kr/news/articleView.html?idxno=367703
2025-08-12,"CERT,LAUNCH,REGUL","""색 재현력 135% 향상""⋯삼성전자, '마이크로 RGB TV'로 프리미엄 시장 ...",https://www.etoday.co.kr/news/view/2496343
2025-08-12,"CERT,LAUNCH,REGUL","삼성전자, 세계 최초 '마이크로 RGB TV' 출시...4990만원",https://www.joongangenews.com/news/articleView.html?idxno=442365
2025-08-12,"CERT,LAUNCH,REGUL",프리미엄 TV 새 기준… 삼성전자 '마이크로 RGB TV',https://www.newsclaim.co.kr/news/articleView.html?idxno=3047855
2025-08-12,"CERT,LAUNCH,REGUL","삼성전자, 세계 최초 '마이크로 RGB TV' 출시…""프리미엄 TV 기술의 새 기...",http://www.bizwnews.com/news/articleView.html?idxno=109157
2025-08-12,"CERT,LAUNCH,REGUL","삼성전자, 세계 최초 '마이크로 RGB TV' 출시…""기술 초격차 전략 강화""",http://www.iminju.net/news/articleView.html?idxno=137638
2025-08-12,"CERT,LAUNCH","[시사이슈] 삼성전자, 세계 첫 '마이크로 RGB TV' 공개… 초프리미엄 화...",https://www.mediafine.co.kr/news/articleView.html?idxno=71170
2025-08-12,"CERT,LAUNCH,REGUL","삼성전자, 세계 최초 '마이크로 RGB TV' 출시… 프리미엄 TV 기술 새 기준...",https://www.ngonews.kr/news/articleView.html?idxno=211661
2025-08-12,"CERT,LAUNCH,REGUL",[써볼까]삼성 마이크로 RGB TV…115형 대화면·색재현력과 명암 표현력 ...,https://www.nspna.com/news/?mode=view&newsid=771081
2025-08-12,"CERT,LAUNCH,REGUL","삼성전자, 세계 최초 '마이크로 RGB TV' 출시 .... 중국 공세에 선도 기...",http://www.worktoday.co.kr/news/articleView.html?idxno=72477
2025-08-12,"CERT,LAUNCH,REGUL","[현장] ""새 카테고리""… 삼성전자 '마이크로 RGB TV' 출시",https://www.newscj.com/news/articleView.html?idxno=3304477
2025-08-12,LAUNCH,삼성전자 ‘초정밀 컬러’ LCD TV 세계 첫 출시,https://www.munhwa.com/article/11525422?ref=naver
2025-08-12,"CERT,LAUNCH,REGUL","“프리미엄 TV 최강자 우뚝 선다”…삼성, 세계 최초 ‘마이크로 RGB TV’...",https://www.ceoscoredaily.com/page/view/2025081211584694661
2025-08-12,LAUNCH,"삼성전자, '마이크로 RGB TV' 출시…초프리미엄 시장 공략 가속",http://www.srtimes.kr/news/articleView.html?idxno=183376
2025-08-12,"CERT,LAUNCH","삼성전자, 세계 최초 '마이크로 RGB TV' 출시…115형 초프리미엄 TV 새 기...",http://www.newstnt.com/news/articleView.html?idxno=520662
2025-08-12,"CERT,LAUNCH","삼성전자, 세계 첫 ‘마이크로 RGB TV’ 출시…“초미세 RGB·AI로 프리미...",https://www.kukinews.com/article/view/kuk202508120096
2025-08-12,"CERT,LAUNCH,REGUL","삼성전자, 세계 최초 '마이크로 RGB TV' 출시…프리미엄 TV 기술의 새 기...",https://www.epnc.co.kr/news/articleView.html?idxno=320939
2025-08-12,"CERT,LAUNCH,REGUL","삼성전자, '세계 최초' 마이크로 RGB TV 출시…출고가 4490만원",https://www.megaeconomy.co.kr/news/newsview.php?ncode=1065580166103241
2025-10-08,LAUNCH,"갤럭시 폴드7·플립7, 해외 소비자지 최고 평가",https://www.ebn.co.kr/news/articleView.html?idxno=1681507
2025-10-08,LAUNCH,"삼성 갤럭시Z 폴드·플립7, 해외 소비자연맹도 호평",https://www.busan.com/view/busan/view.php?code=2025100809501241641
2025-10-08,LAUNCH,"삼성 갤럭시 폴드7·플립7, 해외 소비자지 최고 평가…트라이폴드 출격...",https://www.youthdaily.co.kr/news/article.html?no=198357
2025-10-08,"LAUNCH,REGUL","중국, 에너지 저장기술 판도 바꾼다",http://www.choicenews.co.kr/news/articleView.html?idxno=154981
2025-10-08,INVEST,5년만 '9만전자' 터치한 삼성전자…3Q 영업이익 10조원 안팎 예상,https://www.ddaily.co.kr/page/view/2025100321252722040
2025-10-08,LAUNCH,"갤Z폴드7, 미국·EU 주요 소비자연맹지 품질 평가에서 1위 '올 킬'",https://www.news1.kr/it-science/general-it/5933849
2025-10-08,LAUNCH,"삼성 갤럭시 Z 폴드7∙플립7, 세계 소비자 평가 최고 석권... 혁신적인 ...",https://www.gokorea.kr/news/articleView.html?idxno=842247
2025-10-08,LAUNCH,폴드7·플립7 해외 소비자지 최고 평가…트라이폴드 출격 임박,https://www.yna.co.kr/view/AKR20251002126100017?input=1195m
2025-10-07,LAUNCH,"“얼마나 안 팔렸으면” 삼성 제쳤다, 난리더니…‘70만원’ 파격 인하",https://biz.heraldcorp.com/article/10590064?ref=naver
2025-10-07,LAUNCH,"삼성이 만들면 다르다? 삼성, ‘두 번 접는’ 폰 실물 공개 임박",https://www.segye.com/newsView/20251007505030?OutUrl=naver
2025-10-07,LAUNCH,"""삼성 또 일 낸다"" 中화웨이 따돌릴 '치트키' APEC서 선보여",https://magazine.hankyung.com/business/article/202510077598b
2025-10-07,LAUNCH,"삼성전자, 갤럭시 트라이폴드 APEC서 첫 공개…세계 정상들 사로 잡는다",https://www.g-enews.com/view.php?ud=2025100700192141326ed0c62d49_1
2025-10-07,LAUNCH,"삼성 vs 애플, 스마트폰 1위 쟁탈전...승부처는 블프·광군제의 4분기",http://www.opinionnews.co.kr/news/articleView.html?idxno=125190
2025-10-02,LAUNCH,갤럭시Z 폴드7 중국 전용 'W26' 10월 11일 중국 출시 발표,https://kbench.com/?q=node/272014
2025-10-02,"INVEST,LAUNCH","[데일리 산업 단신] SK렌터카, 제주 이용객 대상 로컬 기업 탄산수 샘플...",https://biz.newdaily.co.kr/site/data/html/2025/10/02/2025100200282.html
2025-10-02,INVEST,"[체크!공시] 유티아이, 베트남법인에 112억원 출자",https://www.moneys.co.kr/article/2025100214495775600
2025-10-02,"INVEST,LAUNCH","삼성·애플 시장에 도전장 내밀었다…가격도 절반대, 확 얇아진 모토로...",https://www.mk.co.kr/article/11435023
2025-10-02,LAUNCH,"[단독] 美  폴더블 폰 1위 모토로라, 접는 폰 ‘레이저 60’ 10월 중순 국내...",https://biz.chosun.com/it-science/ict/2025/10/02/BVVS4JL5NBBU3L6JSJGM5F74TE/?utm_source=naver&utm_medium=original&utm_campaign=biz
2025-10-02,LAUNCH,"쿠쿠 고객센터, 추석연휴 4·8·9일 운영…쿠쿠스토어는 4·8일",http://www.edaily.co.kr/news/newspath.asp?newsid=02952006642328984
2025-10-02,"INVEST,LAUNCH,ORDER,PARTNERSHIP",[박정식의 국내 주식시황] 美 셧다운 속.. Fed 금리인하 기대감 키우며...,https://www.newsquest.co.kr/news/articleView.html?idxno=254123
2025-10-02,INVEST,"""LG이노텍, 내년 아이폰發 이익 증가 기대…목표가↑""-한국",https://www.hankyung.com/article/2025100220706
2025-10-02,"INVEST,LAUNCH,ORDER","""삼성전자, 3분기 영업이익 10조원 안팎될 듯""",http://www.inews24.com/view/1893111
2025-10-02,"INVEST,LAUNCH","“애플 주가, 20% 더 오를 여력 있다”…아이폰17 흥행 기대감 고조",https://www.g-enews.com/view.php?ud=202510020123292531be84d87674_1
2025-10-02,"INVEST,LAUNCH","[뉴욕증시] 미 연방정부 셧다운에도 나흘째 상승…다우·S&P500, 사상 최고",http://www.fnnews.com/news/202510020541202255
2025-10-02,INVEST,"반도체·디스플레이 업계, 3분기 ‘실적 훈풍’ 기대",https://www.etoday.co.kr/news/view/2512118
2025-10-01,LAUNCH,"정부 ""8월 소비 감소는 일시적 '착시'…반등 흐름 이어진다""",https://www.news1.kr/economy/trend/5932291
2025-10-01,"CERT,LAUNCH",요즘 효도폰으로 AI 장착한 '초슬림  폴더블 폰' 뜬다,https://www.hankyung.com/article/2025100193991
2025-10-01,"INVEST,LAUNCH,ORDER","불확실성 시대, 빨라진 재계 인사",http://www.newstomato.com/ReadNews.aspx?no=1276899&inflow=N
2025-10-01,LAUNCH,삼성 '트라이폴드폰' 공개 시간표 윤곽…출시 가격은?,https://news.tf.co.kr/read/economy/2249520.htm
2025-10-01,INVEST,"HBSC ""삼성전자 내년 상반기 HBM4 격차 줄일 전망, 유럽·중동 투자자들...",https://www.businesspost.co.kr/BP?command=article_view&num=414388
2025-10-01,LAUNCH,"삼성, APEC서 '트라이폴드폰' 공개…애플·화웨이에 맞불",http://news.bizwatch.co.kr/article/industry/2025/10/01/0010
2025-10-01,"CERT,INVEST,LAUNCH,REGUL",“인구구조를 보면 성장 산업이 보인다…1등주가 손실 최소화 해법”,https://magazine.hankyung.com/money/article/202509118515c
2025-10-01,"LAUNCH,PARTNERSHIP",세계 정상 모이는 APEC서 공개하는 삼성 야심작 '두번 접는 폰',https://www.news1.kr/it-science/general-it/5931180
2025-10-01,"INVEST,LAUNCH,ORDER","[애널픽] KH바텍, 높아지는 이익 추정치...내년엔 전장도 추가",http://theviewers.co.kr/View.aspx?No=3803758
2025-10-01,"LAUNCH,ORDER","[아침밥] 키움증권 ""KH바텍, 두 번 접는 갤럭시·전장사업 기대감""",https://www.moneys.co.kr/article/2025100108075520607
2025-10-01,"INVEST,LAUNCH","KH바텍, ""트라이폴드폰 수혜주""…목표주가 1만7000원-키움",https://www.mt.co.kr/stock/2025/10/01/2025100108000990259
2025-10-01,LAUNCH,"삼성, '트라이폴드' 스마트폰 APEC서 첫 공개…폼팩터 전쟁 본격화",https://www.tokenpost.kr/news/tech/290644
2025-10-01,"INVEST,LAUNCH,PARTNERSHIP","매경이 전하는 세상의 지식 (매-세-지, 10월 1일)",https://www.mk.co.kr/article/11433171
2025-09-30,LAUNCH,"삼성전자, APEC서 두 번 접는 '트라이폴드' 공개할 듯",https://www.etoday.co.kr/news/view/2512055
2025-09-30,LAUNCH,"삼성, APEC에서 두번 접는 '트라이폴드' 실물 첫 공개",http://www.edaily.co.kr/news/newspath.asp?newsid=04355846642305368
2025-09-30,"INVEST,LAUNCH",[단독] 세계 최초 ‘두번 접는’ 스마트폰…삼성 기술력 뽐낼 무대는?,https://www.mk.co.kr/article/11433276
2025-09-30,"CERT,INVEST,LAUNCH",[단독] “화웨이와 격차 보여주겠다”…세계정상 모인 무대서 삼성이 꺼...,https://www.mk.co.kr/article/11433275
2025-09-30,LAUNCH,"""영포티는 아이폰?"" 삼성 갤럭시 '아재폰' 옛말…10~30대 이용자 급증",https://www.newsworks.co.kr/news/articleView.html?idxno=813260
2025-09-30,"INVEST,LAUNCH","삼성 '두 번 접는' 폰, 경주APEC서 첫공개",https://www.mk.co.kr/article/11433266
2025-09-30,LAUNCH,"""펼치면 태블릿"" 두번 접는 '갤Z 트라이폴드폰' 내달 나온다",http://www.fnnews.com/news/202509301815008723
2025-09-30,INVEST,파인그룹 국세청 특별세무조사 '눈길'...'오너 2세 편법승계' 겨냥 하나,http://www.dailypop.kr/news/articleView.html?idxno=91849
2025-09-30,LAUNCH,"'1㎜라도 더 줄여라'...삼성,애플 '두께' 전쟁에 사활 거는 속내는",https://www.ajunews.com/view/20250930160806451
2025-09-30,LAUNCH,‘종횡무진’ 넷마블 꺼낸 카드마다 시선,http://www.wemakenews.co.kr/news/view.php?no=23193
2025-09-30,"CERT,INVEST,LAUNCH",세계정상 무대서 'K휴대폰 혁신' 펼친다,https://www.mk.co.kr/article/11433099
2025-09-30,LAUNCH,"두 번 접는 갤럭시폰, 400만원에 나온다.. 11월 출시 유력",http://www.fnnews.com/news/202509301521361521
2025-09-30,"LAUNCH,ORDER","[김민수의 잠금해제] 애플, 내년  폴더블  아이폰 출시… 부품주 매수 타...",https://news.mtn.co.kr/news-detail/2025093011534631784
2025-09-30,INVEST,중국 유리 커버글래스 시장현황,http://dream.kotra.or.kr/kotranews/cms/news/actionKotraBoardDetail.do?SITE_NO=3&MENU_ID=190&CONTENTS_NO=2&bbsGbn=254&bbsSn=254&pNttSn=234695
2025-09-30,"INVEST,ORDER",코리아써키트 주가 방긋... 삼성 갤럭시 S26 PCB 메인 벤더로 주목,https://www.pinpointnews.co.kr/news/articleView.html?idxno=381627
2025-09-30,INVEST,"""삼성전자, 메모리 업황회복에 3분기 영업익 10조원대 전망"" -신한투자",http://www.biztribune.co.kr/news/articleView.html?idxno=341051
2025-09-30,INVEST,"“실적기대감, 삼성전자 목표가 11.5만원-SK하이닉스 50만원으로 상향”...",https://www.inthenews.co.kr/news/article.html?no=77607
2025-09-30,"INVEST,ORDER","신한證 ""삼성전자, 실적 우상향 구간 진입…목표가 11만5000원""",https://www.news1.kr/finance/market-exr/5929608
2025-09-30,INVEST,"[핀포인트] [파인그룹] 국세청, 오너일가 편법증여 시도 정조준?",https://news.dealsitetv.com/articles/159764
2025-09-30,INVEST,"신한투자증권 ""삼성전자, 메모리 회복 전방위적 수혜... 목표가 28%↑""",https://www.g-enews.com/view.php?ud=20250930081538959944093b5d4e_1
2025-09-30,INVEST,"[아침밥] 신한투자 ""삼성전자 3분기 실적, 시장 예상치 상회 전망""",https://www.moneys.co.kr/article/2025093008003786612
2025-09-30,INVEST,"삼성전자, 메모리 빅사이클 본격화…목표가 11만5000원 ↑-신한",http://www.edaily.co.kr/news/newspath.asp?newsid=02050006642305368
2025-09-30,LAUNCH,“삼성 또 일내나” 태블릿·노트북 대체할 ‘트라이폴드폰’[모닝폰],http://www.edaily.co.kr/news/newspath.asp?newsid=01728566642305368
2025-09-30,LAUNCH,음성-이미지-맥락 동시이해 ‘멀티모달’ AI 기술 선도,https://www.donga.com/news/Economy/article/all/20250929/132474563/2
2025-09-30,LAUNCH,"삼성전자, 갤럭시 AI 진화 포문 열어 … 신제품 공개",https://www.mk.co.kr/article/11431988
2025-09-29,"INVEST,LAUNCH,ORDER","삼성, AP 점유율 한 자릿수 체면 구겨…“2나노 ‘엑시노스 2600’, 명예...",https://www.ceoscoredaily.com/page/view/2025092914252094034
2025-09-29,LAUNCH,"[영상] 갤럭시G폴드, 구동 모습 유출…태블릿·PC 대체할까",https://zdnet.co.kr/view/?no=20250929134457
2025-09-29,"CERT,LAUNCH","갤럭시 S25를 위한 Qi2 무선 충전 스탠드, 벨킨 ‘부스트차지 프로’",https://www.betanews.net/article/view/beta202509290001
2025-09-29,"CERT,INVEST,LAUNCH","[더벨]삼성D·LGD, 하반기 '성수기' 수요에 호실적 자신",https://www.thebell.co.kr/free/content/ArticleView.asp?key=202509261841024800109246
2025-09-29,"INVEST,LAUNCH,ORDER,REGUL",조준희 유라클 회장 - AI 강국의 조건,https://www.forbeskorea.co.kr/news/articleView.html?idxno=400559
2025-09-29,LAUNCH,"[삼성 가전사업 톺아보기] 노태문·김철기 투톱, 中공세 뚫을 무기는 'A...",https://dealsite.co.kr/articles/148956
2025-09-28,LAUNCH,"[스냅드래곤 서밋 2025] 퀄컴 ""스트레스 알림 AI 웨어러블 기기 곧 나온...",http://www.thelec.kr/news/articleView.html?idxno=41541
2025-09-28,"INVEST,LAUNCH",[제민포럼] 삼성전자는 D램 패권을 다시 잡을까,https://www.jemin.com/news/articleView.html?idxno=827921
2025-09-28,LAUNCH,첫 출시국은 어디? 삼성 갤럭시 Z 트리폴드 출시 루머에 관심 폭발,https://www.autodaily.co.kr/news/articleView.html?idxno=537040
2025-09-28,LAUNCH,"[1년전 오늘] 삼성전자, 국내 '갤럭시 AI' 적용 단말기 2천만대 돌파",https://www.jeonmae.co.kr/news/articleView.html?idxno=1189033
2025-09-27,LAUNCH,"“삼성처럼 도저히 못 만든다?” 포기할 줄 알았는데…결국, 이걸 진짜...",https://biz.heraldcorp.com/article/10584829?ref=naver
2025-09-27,LAUNCH,"3번 접는 삼성 트라이폴드폰, 이 기능에 다들 '깜짝'",https://www.betanews.net/article/view/beta202509270004
2025-09-26,"INVEST,LAUNCH","삼성D·LGD 수장, '하반기 실적 개선' 자신감… 中 추격에 맞설 무기는 ...",https://www.newscj.com/news/articleView.html?idxno=3322534
2025-09-26,"INVEST,LAUNCH","이청 ""8.6G IT OLED 양산 내년 3분기 예상""",https://dealsite.co.kr/articles/148952
2025-09-26,"INVEST,LAUNCH","'삼성·LG' K-디스플레이 수장들 ""하반기 실적, 긍정적""",http://www.fnnews.com/news/202509261646055946
2025-09-26,"INVEST,LAUNCH","이청 SDC 사장 ""8.6세대, 이르면 내년 2분기 양산""",https://www.newstopkorea.com/news/articleView.html?idxno=40061
2025-09-26,"INVEST,LAUNCH,ORDER","삼성·LG 디스플레이 수장, 나란히 “하반기 실적 자신감” [종합]",https://www.etoday.co.kr/news/view/2510805
2025-09-26,"INVEST,LAUNCH,ORDER",삼성·LG디스플레이 수장들 “하반기 실적 긍정적”,http://www.newstomato.com/ReadNews.aspx?no=1276417&inflow=N
2025-09-26,INVEST,"이청 삼성D 사장 ""8.6세대 OLED 내년 2분기 말 양산""",http://news.bizwatch.co.kr/article/industry/2025/09/26/0056
2025-09-26,"INVEST,LAUNCH",삼성D·LGD “하반기 실적 긍정적으로 보고 있다”,https://biz.heraldcorp.com/article/10584630?ref=naver
2025-09-26,"INVEST,LAUNCH","K-디스플레이 양대 수장, '하반기 실적 확대' 전망",https://www.ajunews.com/view/20250926183508185
2025-09-26,"INVEST,LAUNCH","이청 삼성디스플레이 사장 ""내년 2~3분기 8.6세대 IT OLED 양산""",https://biz.newdaily.co.kr/site/data/html/2025/09/26/2025092600380.html
2025-09-26,"INVEST,LAUNCH","삼성·LG디스플레이 모두 ""실적 개선""…삼성D ""내년 3분기 8.6세대 양산""",https://view.asiae.co.kr/article/2025092618353533070
2025-09-26,"INVEST,LAUNCH",“이제 성수기”⋯ 하반기 자신감 드러낸 ‘삼성D·LGD‘,https://www.viva100.com/article/20250926500778
2025-09-26,"INVEST,LAUNCH,ORDER",이청 삼성D 사장 “8.6세대 내년 3Q 양산 예정…일관된 정부 세제 혜택 ...,https://www.etoday.co.kr/news/view/2510800
2025-09-26,"INVEST,LAUNCH","삼성·LG 디스플레이 양대 수장, 실적 반등 자신…中 추격엔 “기술·제...",https://www.mk.co.kr/article/11430457
2025-09-26,"INVEST,ORDER",[제16회 디스플레이의 날] 국무총리표창 - 이철성 에스에프에이 전무,https://www.etnews.com/20250926000092
2025-09-26,"INVEST,LAUNCH","한국 양대 디스플레이 수장 ""하반기 실적 긍정적""",https://www.dailian.co.kr/news/view/1554601/?sc=Naver
2025-09-26,"INVEST,LAUNCH","이청 삼성D 사장 ""8.6세대 내년 양산... 폴더블  고객사 확대""",https://www.newspim.com/news/view/20250926000949
2025-09-26,INVEST,"이청 삼성디스플레이 ""8.6세대 OLED 내년 3분기 양산…북미  폴더블  고객...",https://www.ddaily.co.kr/page/view/2025092618044693673
2025-09-26,"INVEST,LAUNCH,ORDER","삼성D 이청 ""8.6세대 내년 양산…일관된 세제혜택 필요""",http://www.edaily.co.kr/news/newspath.asp?newsid=03932726642304056
2025-09-26,"INVEST,LAUNCH","삼성디스플레이 수장 ""중국과 공정한 경쟁 위해 기술유출 처벌 강화해야...",https://www.sedaily.com/NewsView/2GY1XI8JAZ
2025-09-26,"INVEST,LAUNCH","이청 삼성디스플레이 사장 ""세제 혜택 일관돼야...8.6세대 내년 3분기 양...",https://zdnet.co.kr/view/?no=20250926175247
2025-10-08,LAUNCH,"LG 디스플레이 , 고객경험 혁신 차  디스플레이 로 미래시장 정조준",http://www.datanews.co.kr/news/article.html?no=141107
2025-10-08,LAUNCH,볼보 세단 마지막 자존심 'S90'…완성형 외모·UX로 승부[시승기],https://www.news1.kr/industry/auto-industry/5935473
2025-09-30,"CERT,LAUNCH","ams OSRAM, 고출력 멀티-다이 레이저 Vegalas™ Power 출시",https://www.hellot.net/news/article.html?no=105943
2025-09-30,LAUNCH,"제네시스, 전기 SUV ‘GV90’ 출격 초읽기",https://biz.heraldcorp.com/article/10586667?ref=naver
2025-09-30,LAUNCH,[단독] 제네시스 GV90 출격 초읽기…프리미엄 라인업 마침내 완성,https://biz.heraldcorp.com/article/10586468?ref=naver
2025-09-30,"INVEST,LAUNCH",삼성D '외연 확장'·LGD '내실 다지기'…中 공세 속 다른 OLED 전략,https://it.chosun.com/news/articleView.html?idxno=2023092148221
2025-09-29,INVEST,반도체 소재·장비 … 존재감 커지는 LG,https://www.mk.co.kr/article/11432279
2025-09-29,INVEST,"LX세미콘, 배당 이어가지만 주당배당금 절반으로 추락…DDI 판매 둔화",http://www.thevaluenews.co.kr/news/view.php?idx=192802
2025-09-29,LAUNCH,"이규석 사장 ""내년 車반도체 양산 가능...현대차·기아 표준화로 볼륨 ...",https://www.newspim.com/news/view/20250929000807
2025-09-29,CERT,"이규석 현대모비스 사장 ""삼성과 파운드리도 협업""…K-車반도체 키운다",https://www.hankyung.com/article/202509294844i
2025-09-29,LAUNCH,"“운전석이 영화관·거실·사무실로”… 디지털 콕핏, 자동차 미래를 열...",https://www.munhwa.com/article/11536459?ref=naver
2025-09-28,"CERT,LAUNCH","[돈+Cars] 가족 위한 공간도 자신… BYD ‘씨라이언 7’, 중형 SUV 시장 뚫...",https://www.dt.co.kr/article/12020441?ref=naver
2025-09-27,INVEST,"미래나노텍, 신성장동력 확보로 사업 영역 다각화 성공",https://www.pointdaily.co.kr/news/articleView.html?idxno=272168
2025-09-27,INVEST,이차전지·EMI 필터 시장 진출… 미래나노텍 장기 성장 모멘텀 확보,https://www.pinpointnews.co.kr/news/articleView.html?idxno=380863
2025-09-26,"INVEST,LAUNCH","정철동 LGD 대표 ""8.6G 아직 검토...RGB TV 여전히 부족""",http://www.thelec.kr/news/articleView.html?idxno=41517
2025-09-26,LAUNCH,"자율주행차 관련주, '웃음꽃' 라닉스·삼현... '눈물' 유진로봇·아이에...",http://www.finomy.com/news/articleView.html?idxno=239968
2025-09-26,LAUNCH,"제네시스 GV90, 혁신적인 롤러블 OLED  디스플레이  최초 탑재하나",https://kbench.com/?q=node/271795
2025-09-26,"INVEST,LAUNCH,ORDER","중국 BOE, 연 보조금만 8천억… K- 디스플레이  '위태'",http://www.seoulwire.com/news/articleView.html?idxno=672969
2025-09-26,LAUNCH,"제네시스 GV90, 롤러블 OLED 최초 탑재하나…현대차, 美 특허 공개",https://www.autodaily.co.kr/news/articleView.html?idxno=536960
2025-09-25,LAUNCH,"자율주행차 관련주, '으쓱으쓱' 라닉스·삼현·엣지파운드리·유진로봇...",http://www.finomy.com/news/articleView.html?idxno=239874
2025-09-25,"INVEST,LAUNCH","자동차부품 관련주, '덩실덩실' 에스엠벡셀·네오티스·한온시스템·삼...",http://www.finomy.com/news/articleView.html?idxno=239872
2025-09-25,"INVEST,LAUNCH,PARTNERSHIP","로봇·산업용·협동로봇 관련주, '맑음' 레인보우로보틱스·이랜시스·클...",http://www.finomy.com/news/articleView.html?idxno=239871
2025-09-25,"CERT,LAUNCH",[타보고서] 엔트리에서 느껴지는 S클래스...벤츠 '더 뉴 CLA',https://zdnet.co.kr/view/?no=20250925150128
2025-09-25,LAUNCH,BMW ‘뉴 750e’ 주행·연비 ‘탁월’,https://www.busan.com/view/busan/view.php?code=2025091412332647920
2025-09-25,"CERT,INVEST,LAUNCH",중국 선전에서 열린 세계 최대 광전자 전시회 ‘CIOE 2025’ 참관기,http://dream.kotra.or.kr/kotranews/cms/news/actionKotraBoardDetail.do?SITE_NO=3&MENU_ID=110&CONTENTS_NO=1&bbsGbn=245&bbsSn=245&pNttSn=234457
2025-09-25,"CERT,INVEST,LAUNCH","시스템반도체 관련주, '봄꽃만개' 엠디바이스·아이씨티케이·SFA반도체...",http://www.finomy.com/news/articleView.html?idxno=239777
2025-09-24,LAUNCH,"퀄컴·삼성, XR 협력 상징 ‘프로젝트 무한’ 실물 전시…""이렇게 생겼...",https://www.ddaily.co.kr/page/view/2025092421375658225
2025-09-24,"INVEST,LAUNCH,REGUL",中 맹추격에 설 자리 잃는 K- 디스플레이 …“기술유출 대책·세액공제 확...,https://www.ceoscoredaily.com/page/view/2025092416193992655
2025-09-24,"INVEST,LAUNCH,ORDER","영우디에스피, 삼성디스플레에 검사 장비 공급...46억원 규모",http://www.thelec.kr/news/articleView.html?idxno=41295
2025-09-24,LAUNCH,"스웨디시 럭셔리 패밀리 세단, 볼보 S90",https://it.chosun.com/news/articleView.html?idxno=2023092147919
2025-09-24,"LAUNCH,PARTNERSHIP",[퀄컴 서밋 10주년] ⑧ 생성형 AI 위한 최초의 설계…스냅드래곤X 등판,https://www.ddaily.co.kr/page/view/2025091517454852215
2025-09-24,"CERT,LAUNCH","[시승기] 육지로 올라선 바다사자, BYD ‘씨라이언7’ 중국차 반전 후입...",https://www.mydaily.co.kr/page/view/2025092318000834052
2025-09-24,LAUNCH,"삼성 첫 XR 헤드셋 '무한', 하와이에 떴다…퀄컴 칩으로 성능 강화",https://zdnet.co.kr/view/?no=20250924094012
2025-09-23,"INVEST,LAUNCH","""IT용 OLED, 3년후 중국이 역전...8.6G 투자 늘려야""",http://www.thelec.kr/news/articleView.html?idxno=41224
2025-09-23,"CERT,INVEST,REGUL",국내외 35조7000억원 유치…'글로벌 비즈니스 허브'로 도약,https://www.hankyung.com/article/2025092313861
2025-09-23,CERT,"[기고] AMD, 자동차의 자율 기능을 가속화하는 적응형 컴퓨팅",https://www.epnc.co.kr/news/articleView.html?idxno=322827
2025-09-23,LAUNCH,"벤딕트, 싸이클론 기술 탑재한 '볼텍스' 출시",https://www.nbntv.co.kr/news/articleView.html?idxno=4009600
2025-09-23,"INVEST,LAUNCH,PARTNERSHIP",[기자수첩] K- 디스플레이 의 빛과 그림자,https://www.newstopkorea.com/news/articleView.html?idxno=30681
2025-09-23,LAUNCH,[육기자의 으랏차차] 2026년형 르노 그랑 콜레오스 시승기...아직은 신선...,http://www.g-enews.com/ko-kr/news/article/news_all/20250923075611860278e43e3ead_1/article.html
2025-09-23,LAUNCH,프리미엄·기술 차별화… K기업 ‘車  디스플레이 ’ 시장 선전,https://www.segye.com/newsView/20250922515901?OutUrl=naver
2025-09-23,"INVEST,LAUNCH","같은 OLED, 다른 성적표…LG전자 '저조' LGD는 '호조'",https://it.chosun.com/news/articleView.html?idxno=2023092147822
2025-09-22,"CERT,INVEST,LAUNCH,PARTNERSHIP,REGUL","[인터뷰] ""재생에너지 중심 에너지 대전환, 미룰 수 없다""",https://www.energy-news.co.kr/news/articleView.html?idxno=218087
2025-09-22,INVEST,"자율주행차 관련주, '룰루랄라 콧노래' 한라캐스트·유진로봇·MDS테크·...",http://www.finomy.com/news/articleView.html?idxno=239515
2025-09-22,"INVEST,LAUNCH,ORDER","시스템반도체 관련주, '함박웃음' 이미지스·윈팩·삼성전자·아이씨티...",http://www.finomy.com/news/articleView.html?idxno=239511
2025-09-22,LAUNCH,스트레처블·입체  디스플레이  평가기술 국제표준 주도한다,https://zdnet.co.kr/view/?no=20250922175625
2025-09-22,LAUNCH,"K- 디스플레이  '차세대 먹거리', 국회서도 확인한다",http://www.metroseoul.co.kr/article/20250922500425
2025-09-22,INVEST,"인탑스, 구미에 FIM 공장 완공",http://www.snmnews.com/news/articleView.html?idxno=558436
2025-09-22,"INVEST,LAUNCH","[특징주] 비에이치, ""판매 호조에 아이폰17 생산량 확대"" OLED 패널 기판...",https://www.widedaily.com/news/articleView.html?idxno=278658
2025-09-21,"INVEST,LAUNCH,ORDER","""핵심 부품 경쟁력과 미래 기술 융합""… 현대모비스, 미래 모빌리티 시...",https://www.mk.co.kr/article/11425217
2025-09-21,INVEST,"비에이치, 폴더블 수혜 본격화…FPCB·전장 양날개 '훨훨'",https://www.pinpointnews.co.kr/news/articleView.html?idxno=378688
2025-09-21,LAUNCH,[타볼레오]한번 충전에 무려 790km…'더 뉴 메르세데스-벤츠 CLA',https://view.asiae.co.kr/article/2025091923290485923
2025-09-21,"INVEST,LAUNCH","로봇·산업용·협동로봇 관련주, '웃음' 로보스타·에스피시스템스·하...",http://www.finomy.com/news/articleView.html?idxno=239383
2025-09-19,"LAUNCH,PARTNERSHIP","[시경Today-자동차] 현대차, 고성능 'N' 10주년... 아이오닉 6 N 한정판 공...",https://www.meconomynews.com/news/articleView.html?idxno=120331
2025-09-19,LAUNCH,"혼다, 첫 전기 오토바이 공개…""가격, 생각보다 비싸""",https://zdnet.co.kr/view/?no=20250919105759
2025-09-19,"INVEST,LAUNCH,REGUL","아우모비오(구. 콘티넨탈), 프랑크푸르트 증권거래소 신규 상장",http://www.efnews.co.kr/news/articleView.html?idxno=123419
2025-09-19,LAUNCH,"볼보 S90, 오너·쇼퍼 드리븐 모두 홀리는 승차감으로 프리미엄 세단 시...",http://www.consumernews.co.kr/news/articleView.html?idxno=740820
2025-09-19,"INVEST,LAUNCH,PARTNERSHIP","[더벨]티인베-SK증권, 일본서 글로벌 진출 지원행사 열었다",https://www.thebell.co.kr/free/content/ArticleView.asp?key=202509181032155200101491
2025-09-19,CERT,[전문가기고] 자동차의 자율 기능을 가속화하는 적응형 컴퓨팅,https://www.ddaily.co.kr/page/view/2025091814015653252
2025-09-18,LAUNCH,"""AI 시대 '소통창'  디스플레이 …저전력·안전 잡은 OLED가 답""",http://www.edaily.co.kr/news/newspath.asp?newsid=04086886642301432
2025-09-18,"INVEST,LAUNCH","[V차트] KH바텍, 폴더블 수요 확대에 따른 실적 개선 기대",https://www.itooza.com/common/iview.php?no=2025091811174566095
2025-09-18,INVEST,희망퇴직 확대하는 LG전자,http://www.smedaily.co.kr/news/articleView.html?idxno=338274
2025-09-18,LAUNCH,"[야! 타볼래]중국산 편견 깼다…BYD, '씨라이언7' 앞세워 韓 공략",https://www.newsway.co.kr/news/view?ud=2025091718083193438
2025-09-18,"INVEST,PARTNERSHIP",[GAM]中 '수정광전' 차기 성장트랙② 10년 성장궤도 올려줄 'AR 광학',https://www.newspim.com/news/view/20250917000890
2025-09-18,"INVEST,LAUNCH",[GAM]中 '수정광전' 차기 성장트랙① 10년 성장궤도 올려줄 'AR 광학',https://www.newspim.com/news/view/20250917000886
2025-09-17,"INVEST,LAUNCH",이재용 '현장 경영' 행보…삼성 디스플레이  사업장 방문,http://www.edaily.co.kr/news/newspath.asp?newsid=04172166642301104
2025-09-17,"INVEST,LAUNCH,REGUL",[유럽스타트업열전] IAA 모빌리티 2025 결산 '독일의 귀환 중국의 역습',https://www.bizhankook.com/bk/article/30352
2025-09-17,LAUNCH,차량용  OLED 키우는 삼성·LG…미래車 핵심 시장 '정조준',https://www.dailian.co.kr/news/view/1550133/?sc=Naver
2025-09-17,LAUNCH,[그래픽] 현대모비스 미래 성장 전략,https://www.ceoscoredaily.com/page/view/2025091711092867232
2025-09-17,LAUNCH,[잇(IT)야기] 9월의 테크 열전…삼성·LG전자·삼성D가 독일서 선보인 청...,https://www.cnbnews.com/news/article.html?no=750289
2025-09-17,"INVEST,LAUNCH,ORDER,PARTNERSHIP,REGUL","[초점] 삼성전자, 이스라엘 발렌스와 차세대  차량용  반도체 생산",http://www.g-enews.com/ko-kr/news/article/news_all/202509170944225136fbbec65dfb_1/article.html
2025-09-17,"CERT,LAUNCH,PARTNERSHIP,REGUL","[모빌로그] 기아, 택시 전용 PV5…‘올인원  디스플레이  2' 출시 外",https://news.dealsitetv.com/articles/159265
2025-09-17,"INVEST,LAUNCH,ORDER","[초점] 캐논, AI 반도체 후공정 독주…니콘, 신기술로 도전장",http://www.g-enews.com/ko-kr/news/article/news_all/202509161754235595fbbec65dfb_1/article.html
2025-09-16,"CERT,INVEST,LAUNCH,ORDER,PARTNERSHIP,REGUL",9월 3주 주요 제조업 전망,https://www.laborplus.co.kr/news/articleView.html?idxno=36284
2025-09-16,"INVEST,LAUNCH,ORDER","[CEO워치] 이규석 현대모비스 사장, 車반도체·로봇 역량 키운다",https://www.ceoscoredaily.com/page/view/2025091615044392861
2025-09-16,"INVEST,LAUNCH,ORDER",‘스마트폰서 자동차까지’…삼성 디스플레이 의 질주,http://www.newstomato.com/ReadNews.aspx?no=1275034&inflow=N
2025-09-16,LAUNCH,"차세대  디스플레이  다변화…소형-폴더블, 중대형-롤러블",http://www.metroseoul.co.kr/article/20250916500481
2025-09-16,LAUNCH,"기아, 혁신적 올인원  디스플레이  탑재한 PV5 택시 공개",https://www.ajunews.com/view/20250916090241327
2025-09-16,ORDER,"아이언디바이스, 로봇 액추에이터 드라이버 개발 완료 '주목'…""세일즈...",http://www.newsprime.co.kr/news/article.html?no=704434
2025-09-16,"LAUNCH,PARTNERSHIP","LG전자, ‘이노베이션 허브’ 새단장…모빌리티 신사업 전초기지로",https://www.etoday.co.kr/news/view/2506628
2025-09-15,"INVEST,ORDER,PARTNERSHIP","자율주행차 관련주, '콧노래' 한라캐스트·유진로봇·삼성전자·SK하이닉...",http://www.finomy.com/news/articleView.html?idxno=238921
2025-09-15,INVEST,"삼성·LG 디스플레이 ,  차량용  OLED 시장 공략..테슬라에 누가 먼저?",https://news.mtn.co.kr/news-detail/2025091516470398370
2025-09-15,"INVEST,ORDER","LG전자 VS사업본부, 실적 승부처로 '부상'",https://dealsite.co.kr/articles/148079
2025-09-14,LAUNCH,"""신형 그랜저 변경 포인트는?"" 현대차, '그랜저 페이스리프트' 후면 예상...",https://www.autodaily.co.kr/news/articleView.html?idxno=536310
2025-09-14,LAUNCH,‘IAA 모빌리티 2025’ 폐막…글로벌 전기차 격전지 확인 [IAA 2025],https://www.etoday.co.kr/news/view/2505969
2025-09-14,INVEST,"인탑스, 구미에 첨단 전장 생산기지 구축",https://www.hankyung.com/article/2025091427011
2025-09-14,"INVEST,LAUNCH","8월 ICT 수출, 반도체 호조에 '역대 최대'…美 관세에도 '선전'",http://www.m-i.kr/news/articleView.html?idxno=1281727
2025-09-14,ORDER,"가전 넘어 자동차 심장으로…LG전자, '전장 거인'으로 우뚝",http://www.m-i.kr/news/articleView.html?idxno=1281609
2025-09-14,"INVEST,LAUNCH,REGUL","로봇·산업용·협동로봇 관련주, '훨훨' 나우로보틱스·해성에어로보틱...",http://www.finomy.com/news/articleView.html?idxno=238799
2025-09-13,"LAUNCH,PARTNERSHIP",'IAA 모빌리티' 단골 손님 된 삼성·LG…시작은 언제부터? [옛날신문보기...,http://www.sisaon.co.kr/news/articleView.html?idxno=175341
2025-09-13,"CERT,LAUNCH,PARTNERSHIP","미래차 심장 역할은 누구? 삼성·LG·퀄컴, 獨서 모빌리티 신기술 경연",https://it.chosun.com/news/articleView.html?idxno=2023092147357
2025-09-12,"CERT,INVEST,LAUNCH,ORDER,PARTNERSHIP,REGUL","[주간 서머리] 경제·산업계 ""정부, 기재부·금융위 재편...LG엔솔 귀국 ...",https://www.asiaa.co.kr/news/articleView.html?idxno=223589
2025-09-12,"LAUNCH,PARTNERSHIP","[주간 기업동향] 허태수 회장 ""AI-석유화학 결합한 새 사업모델 모색"" 外",https://www.banronbodo.com/news/articleView.html?idxno=30862
2025-09-12,"CERT,INVEST,LAUNCH",[시승기] 넓은 실내공간 세련된 디자인…'가성비' 끝판왕 BYD 씨라이언 ...,https://www.asiatime.co.kr/article/20250912500107
2025-09-12,LAUNCH,"삼성D, 미래 성장동력 ‘ 차량용  OLED’ 공격적 사업 확대",https://www.segye.com/newsView/20250911517273?OutUrl=naver
2025-09-12,"INVEST,LAUNCH",미래형 차 완성하는 삼성·LG 디스플레이,https://www.wolyo.co.kr/news/articleView.html?idxno=300941
2025-09-11,"INVEST,ORDER,PARTNERSHIP","로봇·산업용·협동로봇 관련주, '덩실정실' 서암기계공업·퍼스텍·스맥...",http://www.finomy.com/news/articleView.html?idxno=238686
2025-09-11,"INVEST,ORDER,REGUL","삼성 파운드리, 이스라엘 발렌스서 차세대  차량용  칩셋 생산 수주",http://www.inews24.com/view/1885744
2025-09-11,LAUNCH,"이주형 삼성D 부사장 ""미래 모빌리티의 다양한 수요에 대응할 것""",http://www.hansbiz.co.kr/news/articleView.html?idxno=775741
2025-09-11,LAUNCH,"""미래 모빌리티 플랫폼 될것""…삼성 디스플레이  OLED 전략",https://www.hankyung.com/article/2025091185581
2025-09-11,INVEST,"엇갈린  디스플레이  성적표…삼성 '주춤', LG '반등'",https://www.ziksir.com/news/articleView.html?idxno=103903
2025-09-11,LAUNCH,"車 전장  디스플레이 , 삼성ㆍLGㆍBOE 각축전",https://www.dnews.co.kr/uhtml/view.jsp?idxno=202509111022069060187
2025-09-11,PARTNERSHIP,차 안에서 엑스박스 게임부터 줌 미팅까지...LG전자가 그리는 미래 모빌...,https://www.wolyo.co.kr/news/articleView.html?idxno=300946
2025-09-11,LAUNCH,"이주형 삼성D 부사장 ""OLED, 미래 모빌리티 핵심 인프라""",https://www.mydaily.co.kr/page/view/2025091116051593009
2025-09-11,LAUNCH,"이주형 삼성D 부사장 ""미래 모빌리티 핵심 플랫폼은 OLED""",https://www.mediapen.com/news/view/1042185
2025-09-11,LAUNCH,"이주형 삼성 디스플레이  부사장 ""OLED, 모빌리티 핵심 인프라""",http://www.ftoday.co.kr/news/articleView.html?idxno=347455
2025-09-11,LAUNCH,"삼성D 이주형 ""OLED는 자동차와 사람을 잇는 접점""…미래 모빌리티 비전...",https://www.newsquest.co.kr/news/articleView.html?idxno=252563
2025-09-11,LAUNCH,"[CEO 직썰] 이주형 삼성D 부사장 ""자율주행 시대, 모빌리티·사람 연결하...",https://www.ziksir.com/news/articleView.html?idxno=103811
2025-09-11,LAUNCH,"OLED는 현재, 마이크로 LED는 미래... 디스플레이  산업 新 패러다임",https://www.the-pr.co.kr/news/articleView.html?idxno=54117
2025-09-11,"CERT,INVEST,LAUNCH,ORDER,PARTNERSHIP,REGUL","“발렌스와 자율주행 솔루션 협업”…삼성 파운드리,  차량용  시장에서...",https://www.etoday.co.kr/news/view/2505600
2025-09-11,LAUNCH,"이주형 삼성D 중소형사업부장 ""삼성 OLED, 미래 모빌리티 핵심""",https://www.pointdaily.co.kr/news/articleView.html?idxno=268965
2025-09-11,LAUNCH,"삼성D ""삼성 OLED, 미래 모빌리티 핵심 플랫폼""",http://www.smedaily.co.kr/news/articleView.html?idxno=337546
2025-09-11,"INVEST,LAUNCH","LG 디스플레이  정철동號, AI전환·OLED 투자로 보릿고개 탈출 청신호",https://www.ebn.co.kr/news/articleView.html?idxno=1678208
2025-09-11,LAUNCH,"삼성 디스플레이  'IAA 모빌리티 2025' 컨퍼런스, 비전 공개",http://www.finomy.com/news/articleView.html?idxno=238647
2025-09-11,LAUNCH,"[IAA 2025] 삼성D 이주형 ""삼성OLED, 미래 모빌리티 핵심 플랫폼""",http://www.shinailbo.co.kr/news/articleView.html?idxno=2114914
2025-09-11,LAUNCH,삼성 디스플레이 “모빌리티·사람 연결하는 ‘디지털 플랫폼’ 거듭날 것...,https://www.munhwa.com/article/11532398?ref=naver
2025-09-11,LAUNCH,"“삼성 OLED, 미래 모빌리티 핵심 플랫폼” 삼성 디스플레이 , ‘IAA 2025’...",https://biz.heraldcorp.com/article/10573478?ref=naver
2025-09-11,LAUNCH,"삼성 OLED, 슬라이더블·롤러블 넘는다…미래차 핵심 부상",https://it.chosun.com/news/articleView.html?idxno=2023092147276
2025-09-11,"INVEST,LAUNCH,ORDER","[단독] 삼성전자, 이스라엘 '발렌스' 차세대 車 칩셋 생산 맡는다",https://www.theguru.co.kr/news/article.html?no=91653
2025-09-11,LAUNCH,"이주형 삼성D 부사장, ""삼성 OLED, 미래 모빌리티 플랫폼으로 진화 중""",http://www.srtimes.kr/news/articleView.html?idxno=185693
2025-09-11,LAUNCH,"이주형 삼성D 부사장 “삼성 OLED, 미래 모빌리티 핵심 플랫폼”",https://www.viva100.com/article/20250911500694
2025-09-11,LAUNCH,"삼성 디스플레이  ""삼성 OLED, 미래 모빌리티 핵심 플랫폼""",https://biz.newdaily.co.kr/site/data/html/2025/09/11/2025091100139.html
2025-09-11,LAUNCH,"이주형 삼성D 부사장 “삼성 OLED, 미래 모빌리티 핵심 플랫폼 될 것”",https://www.ceoscoredaily.com/page/view/2025091110284607901
2025-09-11,LAUNCH,"삼성D ""OLED, 자율주행차 디지털 플랫폼 될 것""",http://www.inews24.com/view/1885942
2025-09-11,LAUNCH,"제네시스, '2026 GV80'·'2026 GV80 쿠페' 출시",https://www.ezyeconomy.com/news/articleView.html?idxno=221296
2025-09-11,LAUNCH,"제네시스, 연식 변경 모델 2026 GV80·GV80 쿠페 출시",http://www.breaknews.com/1146849
2025-09-11,LAUNCH,"[IAA 2025] ""삼성 OLED, 미래 모빌리티 핵심 플랫폼""",https://www.econovill.com/news/articleView.html?idxno=710916
2025-09-11,LAUNCH,"이주형 삼성D 중소형사업부장 ""삼성 OLED, 미래 모빌리티 핵심 플랫폼 될...",https://www.goodkyung.com/news/articleView.html?idxno=272142
2025-09-11,LAUNCH,"이주형 삼성D 부사장 ""OLED, 미래 모빌리티 핵심 플랫폼""",https://www.sedaily.com/NewsView/2GXUZDZQ0N
2025-10-08,LAUNCH,"[AI TECH+ 2025] 전남도립대, '전기차 고전압 장치 정비 교육  AR  실감형 콘...",https://www.etnews.com/20251003000087
2025-10-08,LAUNCH,통신사 경쟁·신제품 효과…삼성 모바일 3Q 영업익 3조 넘을듯,https://www.dailian.co.kr/news/view/1555970/?sc=Naver
2025-10-08,"INVEST,LAUNCH,PARTNERSHIP","화합물반도체, 대한민국 지킬 경제안보의 방패",https://shindonga.donga.com/3/all/13/5881135/1
2025-10-08,INVEST,건설업 취업 기피…“외국처럼 건설종합체험관 신설해야”,https://www.dailian.co.kr/news/view/1556991/?sc=Naver
2025-10-08,"LAUNCH,REGUL","[분석②] NC AI 전략, 'AI 시대의 기반' 구축하는 기술과 철학",http://www.popcornnews.net/news/articleView.html?idxno=96765
2025-10-08,"CERT,LAUNCH",차원 다른 3D그래픽·위조 불가 광학지문...판 뒤집을 K-신기술,https://www.mt.co.kr/tech/2025/10/08/2025100117305035030
2025-10-08,"LAUNCH,PARTNERSHIP","LG전자, 10대 완성차 중 8곳 고객사로 확보…SDV 역량 확대",https://www.yna.co.kr/view/AKR20251002134700003?input=1195m
2025-10-07,INVEST,"박경림, 16세 '원석' 발굴에 흥분 ""중2 아이유 처음 만났을 때 느낌""[우...",https://www.starnewskorea.com/broadcast-show/2025/10/07/2025100720155729151
2025-10-07,LAUNCH,[에디토리얼] 역사도시와 건축 실험,https://vmspace.com/report/report_view.html?base_seq=MzU2OQ==
2025-10-07,INVEST,"""경북 종교문화유산, 세계적 관광산업으로 육성해야""…김경숙 경북도의...",https://www.imaeil.com/page/view/2025100713573577405
2025-10-07,"LAUNCH,ORDER","에릭슨, 에어버스 공장에 프라이빗 5G 확대",https://zdnet.co.kr/view/?no=20251007111031
2025-10-07,"INVEST,LAUNCH",G아티언스 2025 커넥팅위크 '테크아트 스타트업 오디션' 열려,http://www.womentimes.co.kr/news/articleView.html?idxno=91263
2025-10-03,LAUNCH,"주한 영국대사관, 제5회 서울도시건축비엔날레 참가",https://www.etnews.com/20251003000008
2025-10-03,LAUNCH,[추캉스 여기어때] 광주의 심장 ACC… 아시아 문화·예술 허브로 성장,https://www.newscj.com/news/articleView.html?idxno=3324848
2025-10-02,LAUNCH,[이정현의 호남아리랑] 담양...아시아문화전당 손잡고 문화·관광 중심...,http://kor.theasian.asia/archives/391206
2025-10-03,"CERT,LAUNCH","혈당은 화장실에서, 대화는 스마트안경으로…달라지는 시니어의 하루",http://www.docdocdoc.co.kr/news/articleView.html?idxno=3032511
2025-10-03,LAUNCH,'궁 투어'하고 씨름 한판…연휴에 고궁·박물관 나들이 어때요,https://www.yna.co.kr/view/AKR20251002163100005?input=1195m
2025-10-02,"CERT,INVEST,LAUNCH,PARTNERSHIP","오션라이트에이아이, FIX 2025 참가... 반려동물 맞춤형 수의료 헬스케어...",https://kr.aving.net/news/articleView.html?idxno=1804782
2025-10-02,"CERT,LAUNCH","픽쇼코리아, FIX 2025 참가... 기존 스크린의 성능 업그레이드하는 업사...",https://kr.aving.net/news/articleView.html?idxno=1804781
2025-10-02,LAUNCH,"순천만국가정원, AI 생태관광 시스템 본격 가동",https://sports.donga.com/region/article/all/20251002/132512379/1
2025-10-02,INVEST,"[경북도의회 5분발언] 김경숙 의원, 종교문화유산 관광 개발·김창혁 의...",https://www.newsworks.co.kr/news/articleView.html?idxno=813701
2025-10-02,LAUNCH,"이씨스, FIX 2025서 LTE-V2X 기반 C-ITS 통합 플랫폼 소개 나선다... ""신뢰...",https://kr.aving.net/news/articleView.html?idxno=1804779
2025-10-02,"LAUNCH,REGUL","씨스톤테크놀로지스, FIX 2025서 안전·효율 강화하는 차세대 모빌리티...",https://kr.aving.net/news/articleView.html?idxno=1804777
2025-10-02,LAUNCH,"아카츠키게임즈 '괴수 8호 THE GAME', 스팀 출시…PC로 서비스 확장",https://www.thedailypost.kr/news/articleView.html?idxno=111250
2025-10-02,INVEST,경북도의회 5분 발언서 지역 현안 해결 위한 정책 제안 봇물,https://www.kbmaeil.com/article/20251002500188
2025-10-02,"LAUNCH,REGUL","코리아시뮬레이터, FIX 2025서 초고속 고전압 회전체 EV 접지 부품 평가...",https://kr.aving.net/news/articleView.html?idxno=1804774
2025-10-02,"CERT,REGUL","""귀여운 워킹 보러가자""... 한강공원서 펼쳐지는 레드카펫 걷는 유기견...",https://www.insight.co.kr/news/522968
2025-10-02,LAUNCH,"커지는 XR시장 유니티로 통한다…""개발자들 압도적 선택""",http://www.edaily.co.kr/news/newspath.asp?newsid=04063926642328984
2025-10-02,ORDER,"상명대 그린스마트시티학과, 대한민국 환경조경대전 대상 수상",http://www.chungnamilbo.co.kr/news/articleView.html?idxno=852879
2025-10-02,"INVEST,LAUNCH",[단독] 무신사의 다음 타깃은 러닝족…'러너스 클럽' 상표 출원 [무신사...,https://www.smarttoday.co.kr/news/articleView.html?idxno=93079
2025-10-02,LAUNCH,"490만원 VR 헤드셋 외면···애플, 차세대 '스마트글래스'에 베팅",http://www.enewstoday.co.kr/news/articleView.html?idxno=2337611
2025-10-02,LAUNCH,"[기획]AI 관광안내, 기술보다 중요한 건 안정성과 신뢰",https://www.aitimes.com/news/articleView.html?idxno=202924
2025-10-02,"LAUNCH,PARTNERSHIP","엘앤에프, FIX 2025서 차세대 LFP·NCM 배터리 양극재 기술력 알린다... ""...",https://kr.aving.net/news/articleView.html?idxno=1804770
2025-10-02,"INVEST,LAUNCH","T1 안웅기 COO ""최고의 유망주가 모일 곳은 T1"" [PC사랑 창간 30주년 특집...",https://www.ilovepc.co.kr/news/articleView.html?idxno=56167
2025-10-02,LAUNCH,"괴수 8호 THE GAME, 스팀 진출로 PC 플랫폼 서비스 확장",https://economist.co.kr/article/view/ecn202510020093
2025-10-02,INVEST,"아토이, 세종 조치원 '글자놀이터' 프리오픈 성황... ""아이들 눈빛이 달...",https://www.gosiweek.com/article/1065597968907032
2025-10-02,"INVEST,LAUNCH","‘괴수 8호 THE GAME’, 스팀 출시로 서비스 확장",http://theviewers.co.kr/View.aspx?No=3806489
2025-10-02,LAUNCH,"순천시, 순천만국가정원 AI 생태관광 시스템 구축",https://www.nocutnews.co.kr/news/6409781?utm_source=naver&utm_medium=article&utm_campaign=20251002042334
2025-10-02,LAUNCH,"바스맨테크놀러지, FIX 2025서 전기 삼륜차 '바스맨 비 420(Basman Bee 420)'...",https://kr.aving.net/news/articleView.html?idxno=1804767
2025-10-02,"LAUNCH,PARTNERSHIP","인트레피드컨트롤씨스템즈코리아, FIX 2025 참가... 자동차 시스템 테스...",https://kr.aving.net/news/articleView.html?idxno=1804765
2025-10-02,LAUNCH,"7년간 꾸준한 후원, 이제는 더나인트리와 함께…김은진 대표 인터뷰",http://www.globalepic.co.kr/view.php?ud=2025100215550942219aeda69934_29
2025-10-02,"LAUNCH,PARTNERSHIP","[Biz-inside,China] 휴머노이드부터 XR 안경까지…‘글로벌 디지털 무역...",https://www.joongang.co.kr/article/25371841
2025-10-02,"INVEST,LAUNCH","애플, 헤드셋 중단하고 AI글라스로",https://www.hankyung.com/article/2025100236411
2025-10-02,LAUNCH,"괴수 8호 더 게임, 스팀으로 PC 플랫폼 서비스 확장",https://www.gametoc.co.kr/news/articleView.html?idxno=102681
2025-10-02,REGUL,"[위클리오늘] 이천시, '2025 공공디자인 혁신 컨설팅' 공모사업 최종 선...",http://www.weeklytoday.com/news/articleView.html?idxno=729732
2025-10-02,LAUNCH,방주 바이오 테러의 흑막은? '승리의 여신: 니케' 10월 2일 바이오하자...,https://www.gamechosun.co.kr/webzine/article/view.php?no=217260
2025-10-02,INVEST,"한국마사회, AI로 경마 중계 혁신…“말 헷갈리지 않아요”",https://www.sentv.co.kr/article/view/sentv202510020232
2025-10-02,LAUNCH,"순천시, 'AI시대 정원의 혁신' 순천만국가정원 AI 생태관광 시스템 구축",https://www.cnbnews.com/news/article.html?no=754101
2025-10-02,LAUNCH,"아카츠키 게임즈, '괴수 8호 THE GAME' 스팀 출시",https://sports.hankooki.com/news/articleView.html?idxno=6911888
2025-10-02,LAUNCH,"AI시대 정원의 혁신, 순천만국가정원 AI 생태관광 시스템 구축",http://www.m-i.kr/news/articleView.html?idxno=1289508
2025-10-02,REGUL,윤승현 체재 웅진씽크빅 AI 기반 글로벌 교육사업 확대…실적·재무 '적...,https://www.newsway.co.kr/news/view?ud=2025100213181091098
2025-10-02,LAUNCH,"커즈(CUZ)-한화리조트,  AR  인터랙티브 콘텐츠 ‘블루밍 모먼츠’ 공개",https://www.donga.com/news/Economy/article/all/20251002/132511948/1
2025-10-02,LAUNCH,"메타에 놀란 애플…""비전 에어 출시 보류→스마트 안경 개발 집중""",https://zdnet.co.kr/view/?no=20251002125339
2025-10-02,LAUNCH,"주한영국대사관, 서울도시건축비엔날레 문화·비즈니스 네트워크 지원",https://www.mt.co.kr/world/2025/10/02/2025100213010370743
2025-10-02,LAUNCH,'경기도 전문놀이지도사' 발대식 개최,https://www.thereport.co.kr/news/articleView.html?idxno=71925
2025-10-02,LAUNCH,"순천만국가정원, AI로 스마트 관광 시대 '활짝'",https://www.ohmynews.com/NWS_Web/View/at_pg.aspx?CNTN_CD=A0003170898&CMPT_CD=P0010&utm_source=naver&utm_medium=newsearch&utm_campaign=naver_news
2025-10-02,LAUNCH,"'괴수 8호 더 게임', PC 플랫폼 스팀 버전 서비스 실시",https://www.fomos.kr/redirect/news_view?news_cate_id=11&entry_id=147793
2025-10-02,LAUNCH,"AI시대 정원의 혁신, 순천만국가정원 'AI 생태관광 시스템' 구축",http://www.newsworker.co.kr/news/articleView.html?idxno=397462
2025-10-02,LAUNCH,순천만국가정원 스마트 관광시대 개막…AI· AR  시스템 도입,https://www.newspim.com/news/view/20251002000536
2025-10-02,LAUNCH,아카츠키 게임즈 '괴수 8호 THE GAME' 스팀 진출로 PC 플랫폼 서비스 확...,https://gamefocus.co.kr/detail.php?number=169903
2025-10-02,LAUNCH,"순천만국가정원, AI· AR  미래형 스마트 정원으로 변신",https://www.aitimes.com/news/articleView.html?idxno=202919
2025-10-02,LAUNCH,순천만국가정원 AI 생태관광 시스템 구축,http://www.breaknews.com/1152133
2025-10-02,LAUNCH,"순천만국가정원, AI 생태관광 시스템 구축",http://kor.theasian.asia/archives/392576
2025-10-02,"INVEST,LAUNCH","영국의 창의성, 서울도시건축비엔날레에 함께하다",https://www.mk.co.kr/article/11434823
2025-10-02,LAUNCH,"플래닝고, AI·3D 기반 '포티오·비바'로 비주얼 커머스 혁신 나서",https://www.gokorea.kr/news/articleView.html?idxno=841698
2025-10-02,LAUNCH,"애플, 경량형 '비전 에어' 개발 사실상 중단…AI 스마트 글래스 집중",https://www.digitaltoday.co.kr/news/articleView.html?idxno=595551
2025-10-02,"INVEST,LAUNCH",'혁신의 상징' 애플 어쩌다…비전프로 멈추고 AI글래스 따라간다,https://www.hankyung.com/article/202510022629i
2025-10-02,CERT,"독립기념관 ‘XR 체험셔틀부릉이’, 국민혁신평가 통한 2025년 공공혁신...",https://www.dt.co.kr/article/12021490?ref=naver
2025-10-02,LAUNCH,"괴수 8호 THE GAME, 스팀 진출로 PC 서비스 확장",http://www.seoulwire.com/news/articleView.html?idxno=673998
2025-10-02,LAUNCH,"'괴수 8호 THE GAME', 스팀 진출로 PC 플랫폼 서비스 확장",https://www.ezyeconomy.com/news/articleView.html?idxno=222872
2025-10-02,"CERT,REGUL",유기견 200마리 레드카펫 걷는다…웃고 즐기는 입양제 19일 개최,https://www.hankyung.com/article/202510022493H
2025-10-02,"INVEST,LAUNCH","애플, 비전프로 개편 중단하고 AI 스마트글라스로 메타에 도전장",https://www.bloter.net/news/articleView.html?idxno=645126
2025-10-02,LAUNCH,"괴수 8호 THE GAME, 스팀 버전 서비스 실시",https://www.betanews.net/article/view/beta202510020016
2025-10-02,"LAUNCH,PARTNERSHIP",AR 헬멧으로 실시간 화상회의… 디지털 첨단 에너지기업 도약[AI 대전환으...,https://www.munhwa.com/article/11537415?ref=naver
2025-10-02,"CERT,LAUNCH,PARTNERSHIP","‘괴수 8호 THE GAME’, 스팀 진출로 PC 연동 서비스 시작",https://www.xportsnews.com/article/2060912
2025-10-02,LAUNCH,"애플, 경량형 '비전 에어' 접고 스마트 글래스로 방향 전환",https://it.chosun.com/news/articleView.html?idxno=2023092148441
2025-10-01,LAUNCH,"국립현대미술관 과천, MMCA 해외 명작 '수련과 샹들리에'… 이건희컬렉...",https://weekly.cnbnews.com/news/article.html?no=192081
2025-10-01,ORDER,"상명대 그린스마트시티학과, 대한민국 환경조경대전 대상 수상 쾌거",http://www.kyosu.net/news/articleView.html?idxno=145646
2025-10-01,"CERT,INVEST,LAUNCH,REGUL","아리바이오 ‘텔로액트’, 탈모 기능성화장품 허가 획득",http://www.whosaeng.com/164477
2025-09-23,"INVEST,LAUNCH","""땡큐 아이폰17""…아이폰 출시에 삼성·LG 부품사 3분기 실적 ‘맑음’",http://www.g-enews.com/ko-kr/news/article/news_all/2025092315213045356ed0c62d49_1/article.html
2025-09-23,"INVEST,REGUL","""K-디스플레이, 특별법 제정 시급…OLED도 위태롭다""",https://www.pointdaily.co.kr/news/articleView.html?idxno=271333
2025-09-23,"INVEST,LAUNCH","“아이폰17 팬심 통했다”…LGD, 3년 만 적자탈출 하나",https://www.sentv.co.kr/article/view/sentv202509230062
2025-09-23,LAUNCH,아이폰17 흥행 기대감…LG이노텍 등 부품주 '들썩',https://www.widedaily.com/news/articleView.html?idxno=278819
2025-09-23,"LAUNCH,PARTNERSHIP","[초점] 아이폰 심장에 새겨진 'SAMSUNG'…숙명의 경쟁자, 공생의 파트너",http://www.g-enews.com/ko-kr/news/article/news_all/202509231034321455fbbec65dfb_1/article.html
2025-09-22,"INVEST,LAUNCH",아이폰17 흥행 기대감에...삼성·LG 부품사들 실적 모멘텀 강화,http://www.metroseoul.co.kr/article/20250922500490
2025-09-22,LAUNCH,"""다이내믹 아일랜드 축소?"" 애플, 아이폰18 디자인·카메라·가격 등 예...",https://www.autodaily.co.kr/news/articleView.html?idxno=536722
2025-09-22,LAUNCH,"아이폰18, 이렇게 나온다…더 작은 다이내믹 아일랜드·폴더블까지",https://www.digitaltoday.co.kr/news/articleView.html?idxno=593360
2025-09-22,"LAUNCH,ORDER",디스플레이업계 모처럼 웃는다아이폰17 흥행에 수혜 본격화,http://www.smedaily.co.kr/news/articleView.html?idxno=338587
2025-09-22,LAUNCH,"화웨이, 노바 14 시리즈 글로벌 출시 개시…유럽 시장 진출",https://kbench.com/?q=node/271555
2025-09-21,LAUNCH,[리뷰] 아이폰17 프로 맥스 여성에게도 '맥스'일까···무게·그립·발열...,https://www.womaneconomy.co.kr/news/articleView.html?idxno=241972
2025-09-19,"CERT,LAUNCH","""삼성 기술 베꼈는데 쓴다고?""...애플이 BOE를 놓지 않는 이유",https://www.newspim.com/news/view/20250919000822
2025-09-19,LAUNCH,아이폰17 본격 출시…삼성·LG 부품사들 '흥행' 기대감↑,http://www.edaily.co.kr/news/newspath.asp?newsid=03519446642301760
2025-09-19,"CERT,LAUNCH",아이폰 17 뚫은 BOE…관건은 3세대  LTPO,https://dealsite.co.kr/articles/148343
2025-09-19,LAUNCH,누가 더 ‘실속’ 챙길까…삼성 vs 애플 ‘하반기 폰 전쟁’,https://www.joongang.co.kr/article/25368114
2025-09-18,LAUNCH,‘프로급’ 일반형 vs 보급형 아닌 실속형…하반기 삼성 vs 애플 폰 격돌,https://www.joongang.co.kr/article/25368031
2025-09-17,"INVEST,LAUNCH","아이폰17 효과, 깊어지는 한국 OLED '을의 굴레'",http://www.enewstoday.co.kr/news/articleView.html?idxno=2330408
2025-09-17,LAUNCH,아이폰17 '예상 밖 돌풍'···韓 부품업계 '호재',https://www.seoulfn.com/news/articleView.html?idxno=607243
2025-09-17,INVEST,"LG디스플레이, JDI 떠난 '애플워치 OLED' 독식 기대감",https://daily.hankooki.com/news/articleView.html?idxno=1272295
2025-09-17,"INVEST,LAUNCH","LG디스플레이, OLED 대반격…주가 재평가 본격화",https://www.news2day.co.kr/article/20250916500253
2025-09-17,"INVEST,LAUNCH","현대차증권 ""LG디스플레이, 실적 개선세 유지 예상..목표가↑""",http://kpenews.com/View.aspx?No=3784675
2025-09-17,LAUNCH,아이폰17 심상찮은 사전예약 흥행…국내 부품사 기대감 커진다,https://www.news1.kr/industry/general-industry/5914192
2025-09-16,INVEST,"""LG디스플레이, 하반기 대규모 턴어라운드 시현 전망"" -현대차증권",http://www.biztribune.co.kr/news/articleView.html?idxno=340176
2025-09-16,"INVEST,LAUNCH","[N2 특징주] ""지금이 기회""…LG디스플레이, 하반기 대규모 턴어라운드 전...",https://www.news2day.co.kr/article/20250916500102
2025-09-16,"INVEST,LAUNCH","[클릭 e종목]""LG디스플레이, 하반기 대규모 턴어라운드 기대…목표가↑...",https://view.asiae.co.kr/article/2025091608392084178
2025-09-15,"INVEST,LAUNCH,ORDER,PARTNERSHIP","[K전자 큰손 애플] ""中 무섭게 오르네""…LGD, '골든타임' 1년뿐",https://www.newstopkorea.com/news/articleView.html?idxno=30521
2025-09-13,"INVEST,LAUNCH","中 추격에도 반등···LG이노텍, 애플 의존 벗고 체질 개선",http://www.enewstoday.co.kr/news/articleView.html?idxno=2328911
2025-09-13,"CERT,LAUNCH,REGUL",애플워치 '시리즈 11'·'울트라 3' 공개... 달라진 점은?,https://www.ggilbo.com/news/articleView.html?idxno=1112200
2025-09-13,LAUNCH,"""핸드폰에 헤드셋까지""…삼성디스플레이 실적 기대감",https://www.newsis.com/view/NISX20250912_0003327090
2025-09-11,LAUNCH,아이폰17 일부 내주고 '폴더블 독점' 노린다…삼성디스플레이 공급망 재...,https://www.ddaily.co.kr/page/view/2025091115591297867
2025-09-11,LAUNCH,"'샤오미 16' 공식 발표 앞서 주요 사양 유출…7,000mAh 대용량 배터리 탑...",https://kbench.com/?q=node/271263
2025-09-11,LAUNCH,모바일만큼 뜨겁다…삼성 vs 애플 '스마트워치' 경쟁도 후끈,https://news.tf.co.kr/read/economy/2242742.htm
2025-09-11,LAUNCH,"'아이폰17' 호재 속 韓 부품사들, 中 업체와 경쟁 심화",https://www.widedaily.com/news/articleView.html?idxno=277733
2025-09-11,LAUNCH,"""아이폰17 가격 맞아?"" 애플의 반전…국내 부품주, 웃을까 울까",http://news.mt.co.kr/mtview.php?no=2025091016242146075
2025-09-10,"INVEST,LAUNCH,PARTNERSHIP,REGUL","[DD퇴근길] ""아이폰17부터 에어팟 프로3까지""…애플, AI 생태계 정조준",https://www.ddaily.co.kr/page/view/2025091016594668860
2025-09-10,LAUNCH,아이폰17 프로 패널 진입한 中 'BOE'…삼성D·LGD 중장기 압박 이어지나...,https://www.ddaily.co.kr/page/view/2025091016315623552
2025-09-10,"LAUNCH,REGUL","애플, 기능 강화된 '애플워치 울트라 3' 최초 공개. '위성 통신 기능·고...",https://www.autodaily.co.kr/news/articleView.html?idxno=536151
2025-09-10,LAUNCH,"애플, 신형 애플워치 시리즈 3종 공개.. 최초 5G 셀룰러 연결 지원",https://kbench.com/?q=node/271185
2025-09-10,"CERT,LAUNCH,REGUL","""내 수면 점수 알려준다""…헬스케어 강화된 애플워치 울트라3·애플워치...",https://www.widedaily.com/news/articleView.html?idxno=277588
2025-09-10,"INVEST,LAUNCH",아이폰 17을 이해하는 두 가지 키워드 '플래토와 알루미늄',https://www.bizhankook.com/bk/article/30302
2025-09-10,LAUNCH,"드디어 애플워치 신제품 공개…전작 대비 '이 기능', 더욱 좋아졌다",https://www.wikitree.co.kr/articles/1079791
2025-09-10,"INVEST,LAUNCH",'초슬림 아이폰' 공개했는데…'주가가 왜 이래' 탄식만 [분석+],https://www.hankyung.com/article/2025091038086
2025-09-10,"INVEST,LAUNCH",기능 끌어 올리고 건강도 챙긴 '에어팟 프로3'와 '애플 워치' 라인업 발...,http://game.dailyesports.com/view.php?ud=20250910092620180621ad998911_26
2025-09-10,LAUNCH,"애플, 아이폰17·애플워치·에어팟 등 신제품 대거 공개",https://www.jnilbo.com/news/articleView.html?idxno=90000004773
2025-09-10,"CERT,LAUNCH",애플워치 신제품 3종 발표…혈압 감지·위성 연결·5G 지원,https://www.digitaltoday.co.kr/news/articleView.html?idxno=590773
2025-09-10,"LAUNCH,REGUL","애플, 애플 워치 시리즈 11·울트라 3 공개…배터리·수면 관리 UP",https://www.dailian.co.kr/news/view/1546706/?sc=Naver
2025-09-10,LAUNCH,'에어팟3·애플워치 울트라3' 19일 출시...가격 내리고 스펙 올렸다,https://www.gukjenews.com/news/articleView.html?idxno=3372459
2025-09-10,LAUNCH,"""고혈압 걱정되는데 한번 사볼까?""…애플워치11·울트라3, 수면 관리까지...",https://www.sedaily.com/NewsView/2GXUIDP13J
2025-09-10,LAUNCH,아이폰17 전기종 120Hz 지원...성능 향상은 미미,http://www.thelec.kr/news/articleView.html?idxno=40522
2025-09-10,LAUNCH,[애플 신제품 '25] '워치 울트라 3' AI 피트니스 코치 탑재..125만원,https://www.ebn.co.kr/news/articleView.html?idxno=1677982
2025-09-10,"LAUNCH,REGUL","애플, 3년 만에 '에어팟 프로' 신형 선보여…'애플워치 울트라3'도 첫선",https://www.newsworks.co.kr/news/articleView.html?idxno=810533
2025-09-10,LAUNCH,"[아이폰17] ""AI와 헬스케어의 결합""…애플, 신제품 라인업 공개",https://www.econovill.com/news/articleView.html?idxno=710723
2025-09-10,LAUNCH,"애플, 초슬림 '아이폰 에어' 첫선…팀 쿡 ""게임 체인저 될 것""",https://news.tf.co.kr/read/economy/2242138.htm
2025-09-10,"CERT,LAUNCH,REGUL",[종합] 아이폰17보다 빠른 5.6mm '아이폰 에어' + 자동 번역 '에어팟 프로...,https://www.inven.co.kr/webzine/news/?news=309301
2025-09-10,LAUNCH,"[글로벌 비즈 브리핑] 애플, 역대 가장 얇은 아이폰 '에어' 공개 外",https://biz.sbs.co.kr/article_hub/20000258457?division=NAVER
2025-09-10,"INVEST,LAUNCH",[아이폰17] 5G·AI·헬스 기능 강화…애플워치 11·울트라3·SE3 공개,https://www.econovill.com/news/articleView.html?idxno=710721
2025-09-10,LAUNCH,"애플, 애플워치 시리즈11·울트라3 공개…배터리·내구성 강화",https://it.chosun.com/news/articleView.html?idxno=2023092147185
2025-09-10,LAUNCH,"[종합] 애플, 아이폰17·에어·프로부터 에어팟·애플워치까지…AI 시대...",https://www.ddaily.co.kr/page/view/2025091003353348574
2025-09-10,LAUNCH,"[아이폰17 공개] 애플, ‘아이폰17’ 공개…카메라·디스플레이·AI 전방...",https://www.ddaily.co.kr/page/view/2025091003195131662
2025-09-10,"LAUNCH,REGUL",[아이폰17 공개] ‘애플워치 울트라3’… 위성 구조 요청부터 혈압 알림...,https://www.ddaily.co.kr/page/view/2025091002440941607
2025-09-10,LAUNCH,오늘(10일) 아이폰 17시리즈 공개... 예상 가격은?,https://www.ggilbo.com/news/articleView.html?idxno=1111906
2025-09-09,LAUNCH,"아이폰17, 10일 새벽 베일 벗는다",http://www.inews24.com/view/1885237
2025-09-09,LAUNCH,"베일 벗는 아이폰 17…삼성·LG 부품 계열사, 하반기 수혜 확대 기대",https://www.bloter.net/news/articleView.html?idxno=643648
2025-09-09,"INVEST,LAUNCH,PARTNERSHIP",아이폰17 출시에도 韓 부품사 전망은 '글쎄',https://www.newstopkorea.com/news/articleView.html?idxno=30378
2025-09-09,LAUNCH,베일 벗는 아이폰17…애플 신제품 8종 이렇게 나온다,https://www.widedaily.com/news/articleView.html?idxno=277459
2025-09-09,LAUNCH,"삼성, 스냅드래곤 기반 '갤럭시S24' 인도 출시 공식 발표",https://kbench.com/?q=node/271132
2025-09-09,LAUNCH,아이폰17 시리즈 공개시간·스펙·출시일·가격은?,https://www.etoday.co.kr/news/view/2504418
2025-09-08,"LAUNCH,REGUL",[DD퇴근길] 베일 벗는 '아이폰17'…초박형 모델 '에어'에 쏠리는 눈,https://www.ddaily.co.kr/page/view/2025090816524530489
2025-09-08,"CERT,INVEST","BOE, 아이폰17프로 OLED 출하량 200만~300만대",http://www.thelec.kr/news/articleView.html?idxno=40445
2025-09-08,LAUNCH,"아이폰17, 후면 카메라 바 탑재…디자인·성능 대대적 변화 예고",https://www.job-post.co.kr/news/articleView.html?idxno=175710
2025-09-08,INVEST,"""애플 잡아야 시장 선점""…IT용 OLED 패널, 삼성·LG 자존심 대결",http://www.m-i.kr/news/articleView.html?idxno=1279392
2025-09-08,"CERT,INVEST,LAUNCH","정철동 LGD 사장, 턴어라운드 증명한다",http://www.fntimes.com/html/view.php?ud=2025090812261196977de3572ddd_18
2025-09-08,LAUNCH,"아이폰17, 가격 동결 혹은 소폭 인상 전망",https://www.job-post.co.kr/news/articleView.html?idxno=175396
2025-09-08,LAUNCH,"아이폰 원조 외친 KT, 아이폰17 공개 하루 남기고… [MOVIEW]",https://www.ddaily.co.kr/page/view/2025090809382191016
2025-09-08,LAUNCH,아이폰17 시리즈 9일 공개…‘에어’ 첫 등장·에어팟 프로3 동반 출격 ...,https://www.ddaily.co.kr/page/view/2025090809290528847
2025-09-08,"LAUNCH,REGUL","[DD 주간브리핑] 애플, 아이폰17 시리즈 공개…오픈AI코리아 공식 출범",https://www.ddaily.co.kr/page/view/2025090517023013571
2025-09-05,INVEST,"""BOE, 아이폰17프로에 OLED 공급""",http://www.thelec.kr/news/articleView.html?idxno=40401
2025-09-05,LAUNCH,"삼성, 인도에서 스냅드래곤 기반 '갤럭시S24' 출시",https://kbench.com/?q=node/271073
2025-09-05,LAUNCH,"유비리서치 ""삼성·LGD, 中BOE 맹추격에도 기술 격차 여전""",https://daily.hankooki.com/news/articleView.html?idxno=1267285
2025-09-05,CERT,"""BOE, 아이폰17 OLED 공급 승인 임박···삼성D 물량 일부 가져갈 듯""",https://www.sisajournal-e.com/news/articleView.html?idxno=415007
2025-09-05,LAUNCH,아이폰17 공개 임박에 내년 폴더블까지…韓 부품사 웃는다,http://www.edaily.co.kr/news/newspath.asp?newsid=03565366642297168
2025-09-05,LAUNCH,아이폰17 시리즈 9일 공개…韓 부품 업체 수혜 전망,https://www.newsway.co.kr/news/view?ud=2025090513355526894
2025-09-05,LAUNCH,"이충훈 유비리서치 대표 ""韓 디스플레이 위기론은 오해…세트업체 경쟁...",https://www.epnc.co.kr/news/articleView.html?idxno=322008
2025-09-05,"INVEST,LAUNCH","스마트폰용 OLED 성장세 견조…""2028년 공급 부족 가능성""",https://zdnet.co.kr/view/?no=20250905121824
2025-09-05,LAUNCH,"화웨이, 2세대 3단 폴더블 스마트폰 '메이트 XTs' 출시.. 가격 351만원부...",https://kbench.com/?q=node/271050
2025-09-05,"INVEST,LAUNCH","LG디스플레이 흑자와 적자 왔다갔다, 정철동 수익성 중심 사업구조 개편...",https://www.businesspost.co.kr/BP?command=article_view&num=410602
2025-09-04,"INVEST,LAUNCH","애플, 아이폰17 시리즈 공개 임박…가격 인상 거의 없다",https://www.etnews.com/20250904000206
2025-09-04,"INVEST,LAUNCH",'아이폰17' 얼마일까…동결 혹은 소폭 인상 전망,https://www.widedaily.com/news/articleView.html?idxno=277031
2025-09-04,LAUNCH,"아이폰17 가격, 소폭 인상 또는 동결 전망…'에어' 모델 첫 등장",https://www.joongangenews.com/news/articleView.html?idxno=447826
2025-09-04,"INVEST,LAUNCH","아이폰17, 가격은 그대로·성능은 2배…'에어' 첫 등장에 기대감",http://www.newsian.co.kr/news/articleView.html?idxno=82015
2025-09-04,LAUNCH,"애플, 아이폰17 시리즈 다음주 공개…가격 동결·소폭 인상 전망",https://www.mydaily.co.kr/page/view/2025090408582627869
2025-09-04,LAUNCH,[아이폰17 뜯어보기] 초슬림 혁신에 숨은 힘…삼성·LG·SK가 키운다,https://www.dnews.co.kr/uhtml/view.jsp?idxno=202509031135230240150
2025-09-03,"CERT,INVEST,LAUNCH","[데일리픽]  아이폰17, 9월 9일 공개­…中 메이투안, AI 시장 출사표",https://www.digitaltoday.co.kr/news/articleView.html?idxno=589339
2025-09-03,LAUNCH,"AI 확산에 커지는 '전력 부담'…엣지 디바이스, OLED가 해법 될까",https://www.ddaily.co.kr/page/view/2025090316275839309
2025-09-03,LAUNCH,"격차 시계 째각째각…韓디스플레이, 中 따돌리기 바쁘다",https://www.straightnews.co.kr/news/articleView.html?idxno=280373
2025-09-03,LAUNCH,"애플워치, 시리즈 11·울트라 3 동반 출격 가능성…달라지는 점은?",https://www.cnet.co.kr/view/?no=20250903101845
2025-09-03,"INVEST,LAUNCH,PARTNERSHIP","""AI PC 확산 본격화""…삼성·LGD, 차세대 OLED로 열풍 탑승",https://daily.hankooki.com/news/articleView.html?idxno=1265473
2025-09-03,"CERT,INVEST,LAUNCH","전자부품 업계, '애플 폴더블폰 특수' 기대감",https://www.digitaltoday.co.kr/news/articleView.html?idxno=589088
2025-09-02,"INVEST,LAUNCH","아이폰17 패널 확 바뀐다…LGD, 흑자전환 시동",https://www.wowtv.co.kr/NewsCenter/News/Read?articleId=A202509020322&t=NNv
2025-09-02,"CERT,LAUNCH",아이폰17 에어 공개 D-7···가격은 아이폰16 플러스 수준,https://www.sisajournal-e.com/news/articleView.html?idxno=414911
2025-09-01,"LAUNCH,ORDER,REGUL","[EBN 오늘(1일) 이슈 종합] [손쉬운 이자장사] 5대 은행, 9년간 앉아서 ...",https://www.ebn.co.kr/news/articleView.html?idxno=1676783
2025-09-01,LAUNCH,"'아이폰17' 출시 임박…삼성·LG 부품사, 실적 반등 '신호탄'",https://www.ebn.co.kr/news/articleView.html?idxno=1676677
2025-08-30,LAUNCH,"다음 달 나오는 애플워치 울트라3, 기대되는 점은?",https://zdnet.co.kr/view/?no=20250829195131
2025-08-29,LAUNCH,"삼성·애플 ‘오월동주’…삼성디스플레이, ‘아이폰17’ OLED 패널 7800만...",https://www.ceoscoredaily.com/page/view/2025082913382114418
2025-08-29,"INVEST,LAUNCH,ORDER","중국에 LCD 밀렸는데…K-디스플레이, OLED는 잡았다",http://www.newstomato.com/ReadNews.aspx?no=1273190&inflow=N
2025-08-29,LAUNCH,"삼성디스플레이, 폴더블 독점 공급에도 애플 점유율 하락",https://www.greened.kr/news/articleView.html?idxno=330472
2025-08-29,"LAUNCH,ORDER","""삼성D, 내년 아이폰 패널 공급 1위 유지…2위 LGD·3위 BOE 전망""",https://www.getnews.co.kr/news/articleView.html?idxno=838130
2025-08-29,LAUNCH,"中에 LCD 밀렸지만… 韓, 고부가 OLED선 점유율 격차 확대",https://www.donga.com/news/Economy/article/all/20250828/132277645/2
2025-08-28,LAUNCH,"순토, 레이스2·윙2 출시",https://zdnet.co.kr/view/?no=20250828223553
2025-08-28,LAUNCH,디스플레이 韓中전…고부가 OLED ‘66 대 34’로 앞섰다,https://www.donga.com/news/Economy/article/all/20250828/132274196/1
2025-08-28,LAUNCH,"아이폰용 OLED 패널, 韓·中 공급망 '견고' ....삼성디스플레이, 아이폰...",http://www.worktoday.co.kr/news/articleView.html?idxno=73347
2025-08-28,"LAUNCH,ORDER",아이폰17 OLED 패널 경쟁 격화…내년까지 삼성·LGD·BOE '3파전' [소부장...,https://www.ddaily.co.kr/page/view/2025082814552516110
2025-08-28,LAUNCH,"""삼성D, 아이폰17에 패널 7800만대 공급 전망…1위 유지할 듯""",http://www.inews24.com/view/1881142
2025-08-28,"LAUNCH,ORDER",내년 아이폰용 OLED 패널도 韓·中 공급망 '견고',https://zdnet.co.kr/view/?no=20250828135740
2025-08-28,LAUNCH,"한국 디스플레이, 3년만에 분기 매출 100억달러 재돌파",http://www.thelec.kr/news/articleView.html?idxno=39982
2025-08-28,"INVEST,LAUNCH,ORDER","삼성·LG부품사, ‘초슬림’ 아이폰으로 초격차 기술력 발휘",http://www.newstomato.com/ReadNews.aspx?no=1273039&inflow=N
2025-08-28,LAUNCH,"""삼성D, 아이폰 17시리즈에 7천800만대 패널 공급…1위 유지""",https://www.yna.co.kr/view/AKR20250828105800003?input=1195m
2025-08-28,LAUNCH,"프리미엄 스마트워치의 귀환…애플워치 울트라3, 꼭 알아야 할 변화",https://www.digitaltoday.co.kr/news/articleView.html?idxno=588091
2025-08-28,LAUNCH,"韓 디스플레이 1Q 매출 전년比 22%↑, 3년만 100억불 돌파",http://amenews.kr/news/view.php?idx=63631
2025-08-28,"LAUNCH,ORDER",아이폰17 대폭 업그레이드에 삼성 '긴장' LG '기대'… 표정 엇갈리는 까...,https://biz.newdaily.co.kr/site/data/html/2025/08/28/2025082800168.html
2025-08-28,LAUNCH,"초박형 혁신으로 돌아온 아이폰 17 에어, 기대와 우려 교차",https://www.daily365.news/2025/08/28/%ec%b4%88%eb%b0%95%ed%98%95-%ed%98%81%ec%8b%a0%ec%9c%bc%eb%a1%9c-%eb%8f%8c%ec%95%84%ec%98%a8-%ec%95%84%ec%9d%b4%ed%8f%b0-17-%ec%97%90%ec%96%b4-%ea%b8%b0%eb%8c%80%ec%99%80-%ec%9a%b0%eb%a0%a4-%ea%b5%90/
2025-08-28,LAUNCH,"한층 업그레이드한 순토 레이스, 윙2 출시",https://kbench.com/?q=node/270747
2025-08-28,LAUNCH,"가장 얇은 아이폰, 국내 부품업계 기술력 품었네",https://www.joongang.co.kr/article/25362212
2025-08-27,LAUNCH,"韓 디스플레이, 3년 만에 분기 매출 100억 달러 재달성",https://zdnet.co.kr/view/?no=20250827171454
2025-08-27,LAUNCH,"韓 디스플레이, 3년 만에 매출 100억불 고지 탈환",http://www.popcornnews.net/news/articleView.html?idxno=91761
2025-08-27,LAUNCH,"韓 디스플레이, 1분기 매출 3년만에 100억달러 재돌파",http://www.inews24.com/view/1880710
2025-08-27,LAUNCH,[분석] OLED로 100억 달러 재돌파한 韓 디스플레이…하반기 전망·과제는...,http://www.biztribune.co.kr/news/articleView.html?idxno=339169
2025-08-27,LAUNCH,"韓 디스플레이 분기매출, 3년 만에 100억달러 회복…OLED가 성장 견인",https://biz.heraldcorp.com/article/10563207?ref=naver
2025-08-27,LAUNCH,"韓 디스플레이, 1분기 매출 100억달러…""3년 만에 회복""",https://daily.hankooki.com/news/articleView.html?idxno=1263029
2025-08-27,LAUNCH,"韓 디스플레이, 3년 만 매출 100억 달러 돌파…AI·OLED가 견인",https://www.dailian.co.kr/news/view/1541194/?sc=Naver
2025-08-27,LAUNCH,"韓 디스플레이, 3년 만에 매출 '100억불' 찍었다",https://www.newsis.com/view/NISX20250827_0003305656
2025-08-27,LAUNCH,"韓 디스플레이, 3년 만에 매출 100억불 돌파…OLED 주도권 강화",https://www.asiatoday.co.kr/view.php?key=20250827010013718
2025-08-27,LAUNCH,"韓 디스플레이, 3년 만에 매출 100억 달러 재탈환",https://www.etoday.co.kr/news/view/2500715
2025-08-27,LAUNCH,"""땡큐, OLED""…韓 디스플레이, 1분기 매출 100억달러 돌파",http://www.edaily.co.kr/news/newspath.asp?newsid=03867126642271584
2025-08-27,"INVEST,LAUNCH","K-디스플레이, 3년 만에 매출 100억달러 회복",https://www.newspim.com/news/view/20250827000864
2025-08-27,"CERT,LAUNCH","韓 디스플레이, 올 1분기 매출 100억달러 돌파…전년比 22%↑",http://www.srtimes.kr/news/articleView.html?idxno=184502
2025-08-27,LAUNCH,"애플,아이폰 17 '에어' 초슬림 공략…삼성디스플레이·LG이노텍도 '단가...",http://www.seouleconews.com/news/articleView.html?idxno=85863
2025-08-27,"INVEST,LAUNCH",탠덤 OLED 기술력 굳히는 LGD…북미 고객사 확대 겨냥,https://dealsite.co.kr/articles/147085
2025-08-26,"INVEST,LAUNCH",[삼성D is] OLED 힘 싣기...하반기 '中 업체 퇴출·아이폰' 덕보나,https://www.bloter.net/news/articleView.html?idxno=642708
2025-08-26,LAUNCH,"애플 ‘아이폰 17’ 출격 ‘임박’…삼성·LG, OLED·카메라모듈 특수 바...",https://www.ceoscoredaily.com/page/view/2025082514432616934
2025-08-22,LAUNCH,"""내구성 괜찮을까?"" 애플, 아이폰17 프로 충격 테스트 중 실물 추정 이미...",https://www.autodaily.co.kr/news/articleView.html?idxno=535338
2025-08-22,LAUNCH,"아너, ‘갤Z플립7 닮은꼴’ 매직 V 플립2 공개.. 샤오미도 ‘레드미 노트...",http://www.fnnews.com/news/202508220025398483
2025-08-21,LAUNCH,"아이폰17 프로, 낙하 충격 테스트 중 포착… 실물 추정 사진 유출",https://www.digitaltoday.co.kr/news/articleView.html?idxno=586571
2025-08-21,LAUNCH,"구글, 최신 폴더블폰 '픽셀 10 프로 폴드' 공식 발표.. 갤럭시Z 폴드7 정...",https://kbench.com/?q=node/270506
2025-08-19,INVEST,"LG디스플레이, 상반기 로열티 수익 급증…전년 실적 초과",http://www.srtimes.kr/news/articleView.html?idxno=183840
2025-08-19,"INVEST,LAUNCH","LG디스플레이, 노트북용  LTPO  기반 탠덤 OLED 기술력 'UP'",https://daily.hankooki.com/news/articleView.html?idxno=1259293
2025-08-18,INVEST,애플 OLED 공급망 재편…한국 디스플레이 주도권 장악할까,http://www.seouleconews.com/news/articleView.html?idxno=85658
2025-08-18,LAUNCH,"""애플워치 지금 사면 후회한다"" 9월 아이폰17 이어 '시리즈11·울트라3·...",https://www.autodaily.co.kr/news/articleView.html?idxno=535068
2025-08-17,INVEST,BOE 美 OLED 시장 퇴출 위기…삼성·LG '반사이익' 기대,https://it.chosun.com/news/articleView.html?idxno=2023092145828
2025-08-14,"CERT,INVEST,LAUNCH,ORDER,REGUL","디스플레이, 중국 제재 반사 이익 ...바이오, 미 생물보안법 수혜 [한양...",https://www.kyeonggi.com/article/20250814580161
2025-08-14,INVEST,"美 ITC, 中 BOE 미국 영업 전면 봉쇄… 반사이익은 한국이?",https://www.thepublic.kr/news/articleView.html?idxno=273207
2025-08-14,LAUNCH,아너 '매직 V 플립 2' 전체 사양 유출.. 2023년 플래그십 스냅드래곤 칩...,https://kbench.com/?q=node/270359
2025-10-06,"CERT,LAUNCH","'역학조사' 기다리다 숨진 노동자들, 10명 중 7명이 '산재 인정'",https://www.labortoday.co.kr/news/articleView.html?idxno=230586
2025-10-02,"INVEST,LAUNCH,REGUL","삼성 ·SK '스타게이트 투자금' 최소 40조…""CVC로는 어림 없어""",https://www.sedaily.com/NewsView/2GZ0TMFWWS
2025-10-02,"INVEST,LAUNCH","‘안전마진’ 기대되는 합리적인 랜드마크, ‘아산탕정 동일하이빌 파크...",https://www.dt.co.kr/article/12021566?ref=naver
2025-10-02,"INVEST,LAUNCH",안전마진 기대되는 합리적 랜드마크 '아산탕정 동일하이빌 파크레인' 수...,http://www.ikld.kr/news/articleView.html?idxno=321773
2025-10-02,LAUNCH,'핵심기술 中 유출 의혹'  삼성디스플레이 …경찰 압수수색,http://www.opinionnews.co.kr/news/articleView.html?idxno=125284
2025-10-02,INVEST,"경찰  삼성디스플레이  압수수색, 첨단기술 중국 유출 수사 착수",https://www.businesspost.co.kr/BP?command=article_view&num=414696
2025-10-02,LAUNCH,"2030 제조 최강국 목표...산업부, AI 팩토리 전략 회의 개최",https://www.hellot.net/news/article.html?no=106026
2025-10-02,LAUNCH,[연합뉴스 이 시각 헤드라인] - 14:30,https://www.yna.co.kr/view/AKR20251002113700011?input=1195m
2025-10-02,LAUNCH,"반도체 이어 ' 디스플레이 '까지··· 삼성 D, 中 기술 유출에 산업 비상",http://www.enewstoday.co.kr/news/articleView.html?idxno=2337430
2025-10-02,INVEST,D램에  디스플레이  기술까지 중국에… 삼성 D 기술 유출 의혹 경찰 압색,https://www.newsquest.co.kr/news/articleView.html?idxno=254210
2025-10-02,LAUNCH,삼성디스플레이  아산사업장 압수수색…일부 임직원의 첨단기술 중국 유...,http://www.fieldnews.kr/news/articleView.html?idxno=22123
2025-10-02,LAUNCH,"경찰,  삼성디스플레이  압색…직원 첨단기술 中 유출 혐의",http://www.edaily.co.kr/news/newspath.asp?newsid=03476806642328984
2025-10-02,LAUNCH,"경찰,  삼성디스플레이  아산사업장 압수수색…첨단 기술 중국 유출 의혹",https://www.ebn.co.kr/news/articleView.html?idxno=1681245
2025-10-02,INVEST,[속보] 중국으로 줄줄 새는 한국 첨단기술… 삼성 디플 기술 유출 정황 경...,https://www.dt.co.kr/article/12021529?ref=naver
2025-10-02,CERT,"경찰,  삼성디스플레이  압수 수색…기술 유출 정황",https://www.cstimes.com/news/articleView.html?idxno=671032
2025-10-02,"INVEST,LAUNCH",""" 삼성 , 자회사 노동자 '2등' 취급…차별 중단하고 공정 성과급 실행하라...",http://www.lawleader.co.kr/news/articleView.html?idxno=17229
2025-10-02,LAUNCH,건축 및 에너지산업 패러다임 제시한 ‘BIPV’ 바인딩,https://isplus.com/article/view/isp202510010249
2025-10-02,"LAUNCH,REGUL","제조혁신, AI 팩토리가 이끈다",http://www.snmnews.com/news/articleView.html?idxno=558951
2025-10-02,"CERT,INVEST,ORDER","아이티켐, 美 생물보안법 통과 기대...열 폭주 잡을 핵심 소재 개발에도...",http://www.lkp.news/news/articleView.html?idxno=69964
2025-10-02,"LAUNCH,REGUL","라면 포장부터 함정 보수까지…제조업, AI로 새판 짠다",https://www.joongang.co.kr/article/25371629
2025-10-01,"LAUNCH,REGUL","산업부, ‘AI 팩토리 M.AX 얼라이언스’ 본격 가동",http://amenews.kr/news/view.php?idx=64103
2025-10-01,"INVEST,LAUNCH",'아산탕정 동일하이빌 파크레인' 1순위 청약 최고 141대1,http://www.enewstoday.co.kr/news/articleView.html?idxno=2337038
2025-10-01,LAUNCH,"산업부, AI 팩토리·휴머노이드 확산 '속도戰'…2030년까지 500개 선도사...",https://www.hankyung.com/article/202510011583i
2025-10-01,"LAUNCH,REGUL",제조혁신 이노베이션 AI 팩토리가 이끈다,https://www.irobotnews.com/news/articleView.html?idxno=42684
2025-10-01,"LAUNCH,REGUL",제조혁신 이끌 AI 팩토리 2030년까지 500개 만든다,https://zdnet.co.kr/view/?no=20251001173848
2025-10-01,INVEST,"유니셈, 티안마 TM18에 냉각기 26대 공급",http://www.thelec.kr/news/articleView.html?idxno=41695
2025-10-01,"LAUNCH,REGUL","반도체∙선박∙라면까지…정부 ""제조업 1위"" AI 팩토리 속도",https://www.joongang.co.kr/article/25371531
2025-10-01,LAUNCH,"SK하닉 '파격 합의'에 발끈?…  삼성  13개 노조, 성과급 제도 개편 촉구",https://www.thepublic.kr/news/articleView.html?idxno=278823
2025-10-01,"INVEST,LAUNCH","아산탕정 동일하이빌 파크레인, 1순위 청약 최고 141대 1 기록",https://www.donga.com/news/Economy/article/all/20251001/132504786/1
2025-10-01,"INVEST,LAUNCH",“SK하이닉스처럼 성과급 달라”… 삼성  계열사 노조 뭉쳤다,https://www.mk.co.kr/article/11434054
2025-10-01,"INVEST,REGUL","삼성  13개 계열사 노조, 성과급 제도 개선 요구···협상은 어떻게?",https://www.seoulfn.com/news/articleView.html?idxno=608701
2025-10-01,"LAUNCH,REGUL","반도체 불량도 선박 건조도 AI에게 맡긴다… 정부, AI 팩토리 '속도'",https://news.tvchosun.com/site/data/html_dir/2025/10/01/2025100190172.html
2025-10-01,"INVEST,LAUNCH","아산탕정 동일하이빌 파크레인, 1순위 청약 최고 141대 1",http://www.metroseoul.co.kr/article/20251001500474
2025-10-01,LAUNCH,'아산탕정 동일하이빌 파크레인' 1순위 최고 141.0대 1 인기...조기 완판...,http://www.popcornnews.net/news/articleView.html?idxno=96639
2025-10-01,"CERT,INVEST,LAUNCH",[기획]전 산업 위협하는 中…대안은 초격차·프리미엄,http://www.m-i.kr/news/articleView.html?idxno=1288965
2025-10-01,"LAUNCH,REGUL","제조 현장 AI 확산 ‘속도’…산업부, 2030년까지 500개 선도사업",https://biz.heraldcorp.com/article/10587877?ref=naver
2025-10-01,"LAUNCH,REGUL","AI 팩토리 선도사업, 2030년까지 500개로 확대한다",https://www.energy-news.co.kr/news/articleView.html?idxno=218489
2025-10-01,LAUNCH,삼성 ·현대차·LG 뭉쳤다…M.AX 얼라이언스 본격 가동,https://view.asiae.co.kr/article/2025100114475236979
2025-10-01,"LAUNCH,REGUL",레인보우로보틱스 로봇  삼성 디플 도입…제조업 'AI+휴머노이드' 속도,http://www.smedaily.co.kr/news/articleView.html?idxno=339786
2025-10-01,"LAUNCH,REGUL",'노란봉투법' 시행 앞둔  삼성 전자 노사 리스크 '발목',http://www.hansbiz.co.kr/news/articleView.html?idxno=781083
2025-10-01,"INVEST,LAUNCH","'아산탕정 동일하이빌 파크레인', 최고 141.0대 1 경쟁률 기록",https://www.rcast.co.kr/news/articleView.html?idxno=29168
2025-10-01,REGUL,삼성 은 '품질검사' 현대는 '선박수리' 농심은 '고장 탐지'에 AI 넣는다,https://www.mt.co.kr/economy/2025/10/01/2025100114202918338
2025-10-01,"LAUNCH,REGUL",'2030년 제조 AI 최강국' 정부 목표에  삼성 ·현대차·LG 뭉쳤다,https://news.einfomax.co.kr/news/articleView.html?idxno=4377210
2025-10-01,REGUL,"정부, 2030년까지 AI 팩토리 500개 목표…2030 제조 최강국 도약 박차",https://www.ajunews.com/view/20251001110536032
2025-10-01,"LAUNCH,REGUL","정부, AI 팩토리 얼라이언스 본격 가동… 삼성 ·현대·LG 제조혁신 나선...",https://www.news2day.co.kr/article/20250930500336
2025-10-01,"LAUNCH,REGUL",'제조업 AX' 위해 산학연 뭉쳤다…AI 선도사업 2030년까지 500개,https://www.nocutnews.co.kr/news/6408390?utm_source=naver&utm_medium=article&utm_campaign=20251001020021
2025-10-08,LAUNCH,9월 코스피 기술주 역대 최고점 돌파…10월 '건전한 조정' 예고,https://www.gokorea.kr/news/articleView.html?idxno=842248
2025-10-08,"INVEST,LAUNCH","코스피 역대 최고치 경신 주역 테크주, 10월엔 잠시 쉬어가나",https://www.yna.co.kr/view/AKR20251001121100008?input=1195m
2025-10-08,"CERT,INVEST,ORDER,REGUL","GS건설 손자회사 자이C&A, 3년째 실적 내리막...그룹 의존도는 '여전'",https://www.newspim.com/news/view/20251001001059
2025-10-07,INVEST,시총 상위 상장사 '미성년자 주주' 79만명...평균 373만원,http://www.newsfc.co.kr/news/articleView.html?idxno=74232
2025-10-02,"CERT,LAUNCH,ORDER,PARTNERSHIP","[재계는 지금]  LG  스마트코티지, 세컨드하우스 시장 새바람 外",https://dealsite.co.kr/articles/149271
2025-10-02,"CERT,LAUNCH","SK하이닉스, 산학 우수특허 시상…“반도체 생태계 지속 가능성 높인다...",https://www.kukinews.com/article/view/kuk202510020136
2025-10-02,LAUNCH,"LG디스플레이 , '제15회 2025 대한민국 SNS 대상' IT 제조 부문 대상 수상",https://www.lcnews.co.kr/news/articleView.html?idxno=112811
2025-10-02,LAUNCH,"LG디스플레이 , '대한민국 SNS 대상' IT 제조부문 대상",http://www.ftoday.co.kr/news/articleView.html?idxno=348715
2025-10-02,INVEST,"HB솔루션, OLED 넘어 마이크로LED 공정 장비 선도한다",https://www.pinpointnews.co.kr/news/articleView.html?idxno=382604
2025-10-02,LAUNCH,"LGD, '2025 대한민국 SNS 대상'서 IT 제조 부문 수상",http://www.inews24.com/view/1893496
2025-10-02,"INVEST,LAUNCH","LG 전자, 3분기 실적 체력 확인… 하반기 주가 반등 기대",https://www.pinpointnews.co.kr/news/articleView.html?idxno=382599
2025-10-02,"CERT,LAUNCH","LG디스플레이 ,'제15회 2025 대한민국 SNS 대상' IT 제조 부문 대상 '쾌거...",https://www.startuptoday.co.kr/news/articleView.html?idxno=520428
2025-10-02,"INVEST,LAUNCH,REGUL",빗썸의 ‘나스닥行 고려’…‘韓 거래소 美 경쟁’ 이뤄지나 [크립토브...,http://www.fnnews.com/news/202510021312421222
2025-10-02,"INVEST,REGUL","파주시의회 손성익 의원, ""시의 발전과 시민의 행복을 목표로 뚜벅뚜벅...",http://www.enewstoday.co.kr/news/articleView.html?idxno=2337398
2025-10-02,LAUNCH,"LG디스플레이 ,'제15회 2025 대한민국 SNS 대상' IT 제조 부문 수상",https://www.nextdaily.co.kr/news/articleView.html?idxno=243029
2025-10-02,"CERT,INVEST","PCB 기술 기반 유리기판 진출… 와이엠티, 고부가가치 사업 확대",https://www.pinpointnews.co.kr/news/articleView.html?idxno=382528
2025-10-02,"LAUNCH,REGUL","LGD, '대한민국 SNS 대상' IT 제조부문 대상 수상",http://www.sisafocus.co.kr/news/articleView.html?idxno=347822
2025-10-02,LAUNCH,"LG디스플레이 , '2025 대한민국 SNS 대상'서 IT제조 부문 대상",https://www.goodkyung.com/news/articleView.html?idxno=273854
2025-10-02,LAUNCH,"LG 디플, ‘대한민국 SNS 대상’ IT 제조 부문 수상",https://www.dt.co.kr/article/12021499?ref=naver
2025-10-02,LAUNCH,"LG디스플레이 ,'제15회 2025 대한민국 SNS 대상' IT 제조 부문 대상 수상",https://www.insightkorea.co.kr/news/articleView.html?idxno=233287
2025-10-02,"INVEST,ORDER","LG디스플레이 , ‘대한민국 SNS 대상’ 수상",http://www.newstomato.com/ReadNews.aspx?no=1277014&inflow=N
2025-10-02,LAUNCH,"LG디스플레이 , ‘대한민국 SNS 대상’ IT 제조 부문 대상 수상",https://www.dailian.co.kr/news/view/1556839/?sc=Naver
2025-10-02,LAUNCH,"LG디스플레이 , '2025 대한민국 SNS 대상' IT 제조 부문 대상 수상",https://www.mtnews.net/news/articleView.html?idxno=22835
2025-10-02,"LAUNCH,ORDER,PARTNERSHIP","LG디스플레이 , '제15회 2025 대한민국 SNS 대상' IT 제조 부문 대상",https://zdnet.co.kr/view/?no=20251002095033
2025-10-02,"INVEST,LAUNCH","LG디스플레이  '2025 대한민국 SNS 대상' 수상, ""진정성 있는 고객 소통 결...",https://www.businesspost.co.kr/BP?command=article_view&num=414605
2025-10-02,INVEST,"[52주] 코스피 첫 3500 돌파...신고가 57개, 신저가 25개",https://www.itooza.com/common/iview.php?no=2025100209340108375
2025-10-02,LAUNCH,"LG디스플레이 ,‘2025 대한민국 SNS 대상’ IT 제조 부문 대상 영예",https://www.news2day.co.kr/article/20251002500034
2025-10-02,LAUNCH,"LG디스플레이 , ‘대한민국 SNS 대상’ IT 제조 대상",https://biz.heraldcorp.com/article/10588286?ref=naver
2025-10-02,"LAUNCH,REGUL","LGD, '대한민국 SNS 대상' IT제조부문 대상 수상",http://www.edaily.co.kr/news/newspath.asp?newsid=02745366642328984
2025-10-02,LAUNCH,"LG디스플레이 , ‘2025 대한민국 SNS 대상’ IT 제조 부문 대상 수상",https://www.etoday.co.kr/news/view/2512644
2025-10-02,LAUNCH,"LGD, '제15회 대한민국 SNS 대상' IT 제조 부문 대상",http://www.srtimes.kr/news/articleView.html?idxno=187086
2025-10-02,LAUNCH,"LGD, ‘제15회 2025 대한민국 SNS 대상' IT 제조 부문 대상",http://www.datanews.co.kr/news/article.html?no=141092
2025-10-02,LAUNCH,"LG디스플레이 , ‘제15회 2025 대한민국 SNS 대상' IT 제조 부문 대상 수상",https://www.ceoscoredaily.com/page/view/2025100209431043025
2025-10-02,LAUNCH,"LG디스플레이 , '대한민국 SNS 대상' IT제조 부문 1위",https://www.newspim.com/news/view/20251002000099
2025-10-02,LAUNCH,"LG디스플레이 , 대한민국 SNS 대상 IT 제조 부문 최고 영예",https://www.newswhoplus.com/news/articleView.html?idxno=42451
2025-10-02,LAUNCH,"LGD, 2025 대한민국 SNS 대상 IT 제조 부문 대상 수상",https://www.asiaa.co.kr/news/articleView.html?idxno=225676
2025-10-02,LAUNCH,"'소통왕'  LG디스플레이 , SNS 가장 잘 쓴 기업 선정",https://weekly.hankooki.com/news/articleView.html?idxno=7131029
2025-10-02,LAUNCH,"LGD, '대한민국 SNS 대상' 수상···'기술'·'사람' 가치 집중 성과",https://www.seoulfn.com/news/articleView.html?idxno=608771
2025-10-02,"INVEST,LAUNCH,ORDER",증시 고점 불안한데… 실적 전망 개선된 저평가 종목은?,https://it.chosun.com/news/articleView.html?idxno=2023092148414
2025-10-01,INVEST,[중부일보 여론조사] 경기도민 56% '김동연호 100조 투자유치 사업' 잘하...,https://www.joongboo.com/news/articleView.html?idxno=363705210
2025-10-01,LAUNCH,"초이맘초이스, 영유아 수면교육 앱 '잘자람' 출시",https://platum.kr/archives/271994
2025-10-01,LAUNCH,"엘지씨엔에스, '최적화 그랜드 챌린지 2025' 성료…서울대팀 대상 수상",https://www.job-post.co.kr/news/articleView.html?idxno=181675
2025-10-08,LAUNCH,[K산업의 저력] '아재폰'된 아이폰…'힙'해진 갤럭시,https://www.asiatime.co.kr/article/20250930500089
2025-10-08,"INVEST,LAUNCH","LG이노텍 , 아이폰17 특수 타고'턴어라운드' 하나",https://www.startuptoday.co.kr/news/articleView.html?idxno=521302
2025-10-08,CERT,중고폰도  애플  강세…신흥시장 성장률 삼성 3배,https://zdnet.co.kr/view/?no=20251008094500
2025-10-08,"INVEST,LAUNCH,PARTNERSHIP",[인터뷰] '쩐의 전쟁' AI 시장... 프렌들리AI가 GPU 비용의 벽을 허문 비...,https://www.ddaily.co.kr/page/view/2025100221515355595
2025-10-08,"CERT,REGUL",중고폰 시장 둔화 속  애플  성장세만 뚜렷…상반기 7%↑,https://www.dailian.co.kr/news/view/1557765/?sc=Naver
2025-10-08,"INVEST,ORDER","[분석] 미국 뉴욕증시, 오라클 마진 우려…나스닥·테슬라 급락·엔비디...",https://www.topstarnews.net/news/articleView.html?idxno=15831641
2025-09-29,"CERT,INVEST,LAUNCH",스마트폰 ‘개화’시킨 안드로이드처럼…휴머노이드 게임체인저는 ‘이...,https://www.mk.co.kr/article/11431800
2025-10-08,LAUNCH,"""매그니피센트7은 옛말""...새롭게 바뀐 美 주도주는?",http://www.opinionnews.co.kr/news/articleView.html?idxno=125264
2025-10-08,LAUNCH,[IT하는법] 스마트폰 측면 버튼에 'AI 바로가기' 할당하는 법,https://it.donga.com/107670/
2025-10-08,LAUNCH,"넥슨 '마비노기 모바일', 추석 연휴 구글 매출 1위 등극",https://www.joongangenews.com/news/articleView.html?idxno=456002
2025-10-08,LAUNCH,초박형 스마트폰 경쟁…선택 전 알아야 할 것,https://it.donga.com/107674/
2025-10-08,LAUNCH,'아이폰의 나라' 일본서 갤럭시 돌풍,https://www.asiatoday.co.kr/view.php?key=20251008010001585
2025-10-08,LAUNCH,추석 밥상 화제된 '6일 천하' 카톡 개편...언제 원상복구 되나,https://www.etoday.co.kr/news/view/2512781
2025-10-08,"LAUNCH,PARTNERSHIP","엔비디아·SK ‘AI칩 독주’ 깨졌다…오픈AI, AMD·삼성과 새 판 짠다 [b...",https://www.sedaily.com/NewsView/2GZ3JTJI2B
2025-10-08,LAUNCH,유심 빠진 ‘아이폰 에어’…국내 첫 이심 전용폰 통할까,https://www.newsis.com/view/NISX20251001_0003352998
2025-10-08,"INVEST,LAUNCH",젠슨 황·이재용·최태원 '한 자리'…미리 보는 경주 APEC,https://www.newsis.com/view/NISX20250930_0003350171
2025-10-08,LAUNCH,"[시승기] ""가격부터 성능까지 합리적인 수입 전기SUV"" 르노 세닉 E-Tech",http://www.efnews.co.kr/news/articleView.html?idxno=123835
2025-10-08,"INVEST,LAUNCH","기술주 득세한 중화권 증시, 시총 1위 마오타이는 내려갔다",http://www.edaily.co.kr/news/newspath.asp?newsid=01256246642330952
2025-10-08,LAUNCH,"삼성, 갤럭시 S26 라인업 재검토…엣지 대신 플러스 유지하나",https://www.g-enews.com/view.php?ud=2025100807593975510c8c1c064d_1
2025-10-08,"INVEST,REGUL",'RE100 허브와 메가샌드박스'로 발전 노리는 새만금,http://www.fnnews.com/news/202510021608169768
2025-10-08,INVEST,"""내 노후 책임질 주식""…5060이 믿고 산 종목은[투자AGE]",https://www.news1.kr/finance/general-stock/5933699
2025-10-08,"CERT,LAUNCH",[써봤다] 지하철이 내 방처럼...무서운 노캔 '에어팟 프로 3',https://www.techm.kr/news/articleView.html?idxno=145203
2025-10-08,INVEST,"[종합] 뉴욕증시, 오라클 마진 우려 속 하락…나스닥 0.67%↓",https://www.etoday.co.kr/news/view/2513288
2025-10-08,"INVEST,LAUNCH,ORDER","스티브 잡스 반대 불구,  애플  터치스크린 맥북 프로 개발 ing?",https://www.theguru.co.kr/news/article.html?no=92574
2025-10-08,LAUNCH,"퀄컴, 모바일 넘어 로봇으로 확장 탄력...아두이노도 인수",https://www.digitaltoday.co.kr/news/articleView.html?idxno=595989
2025-10-08,"INVEST,LAUNCH","롯데하이마트, PB전략 통했나…수익 안정화 실현",https://dealsite.co.kr/articles/149122
2025-10-08,"INVEST,REGUL",'안정과 성장' 모두 노린 3040 개미…샤오미·코인주 담았다[투자AGE],https://www.news1.kr/finance/general-stock/5933698
2025-10-08,INVEST,"[상보] 뉴욕증시, 오라클 마진 우려 속 하락…나스닥 0.67%↓",https://www.etoday.co.kr/news/view/2513286
2025-10-08,INVEST,"뉴욕증시, 오라클 급락에 동반 하락…나스닥 0.67%↓",https://www.newsworks.co.kr/news/articleView.html?idxno=813828
2025-10-08,"INVEST,LAUNCH,PARTNERSHIP","엔비디아, 0.25% 하락하며 이틀 째 약세...반도체주, 대부분 약세 마감",http://www.beyondpost.co.kr/view.php?ud=2025100806195643512aaae0046f_30
2025-10-08,INVEST,"""추석 용돈으로 주식 산다""…'삼전·테슬라' 담는 리틀개미[투자AGE]",https://www.news1.kr/finance/general-stock/5933691
2025-10-08,"INVEST,LAUNCH",AI 랠리 과열 우려…S&P 8거래일 만에↓·테슬라 4.5%↓[월스트리트in],http://www.edaily.co.kr/news/newspath.asp?newsid=01170966642330952
2025-10-08,"INVEST,LAUNCH,PARTNERSHIP","[뉴욕증시] 셧다운 7일째 3대 지수 일제히 하락…테슬라, 실망감에 급락",https://www.g-enews.com/view.php?ud=202510080520162500be84d87674_1
2025-10-08,"INVEST,LAUNCH,ORDER","[상보]미국증시, 금-국채 안전자산 선호 반도체 2.1% 급락 나스닥-S&P-다...",https://www.socialvalue.kr/news/view/1065559010771614
2025-10-08,"INVEST,LAUNCH,ORDER,PARTNERSHIP","""내년엔 사업 더 잘된다"" 삼성전자, '10만 전자' 전망 쏟아져",https://www.sedaily.com/NewsView/2GZ3K0ILY7
2025-10-08,ORDER,붉은 여왕의 나라[취재 후],https://weekly.khan.co.kr/article/202510080600081
2025-10-08,"INVEST,REGUL",이재명 정부 국정과제 '전북 새만금'…RE100 '에너지 신도시' 떠오른다,https://news.tf.co.kr/read/national/2250359.htm
2025-10-08,"INVEST,LAUNCH",오라클·테슬라 급락에 뉴욕증시 일제히 하락[뉴욕 is],https://news.mtn.co.kr/news-detail/2025100805361159396
2025-10-08,"INVEST,LAUNCH","[마감]미국증시, 반도체 급락에 나스닥-다우-S&P 동반 하락 일부 AI주는...",https://www.socialvalue.kr/news/view/1065546063085688
2025-10-08,"INVEST,LAUNCH",[속보]뉴욕증시 일제히 하락…테슬라 가성비車출시에도 4.5% 급락,http://www.edaily.co.kr/news/newspath.asp?newsid=01144726642330952
2025-10-08,LAUNCH,""" 애플 이 내 목소리 몰래 훔쳐간다""…프랑스서 '시리' 고발당했다",https://www.sedaily.com/NewsView/2GZ3JFIKU3
2025-10-08,INVEST,"추석 용돈 진짜 불려준다…""엄마 고마워"" 말 듣는 ETF 정체",https://www.joongang.co.kr/article/25372411
2025-10-08,"INVEST,LAUNCH","[속보]미국증시, 고점 따른 차익매물에 반도체 하락 전환 나스닥-S&P-다...",https://www.socialvalue.kr/news/view/1065544651406356
2025-10-08,"INVEST,LAUNCH","[미국증시 개장브리핑] 나스닥 시장 분석: AMD·WTW 상승, 애틀라시안 약...",https://www.tokenpost.kr/news/market/292345
2025-10-08,"INVEST,LAUNCH,ORDER,PARTNERSHIP,REGUL","뉴욕증시 AMD-엔비디아 정면 충돌... 금값· 비트코인 ""셧다운 폭발""",https://www.g-enews.com/view.php?ud=202510070744576411906806b77b_1
2025-10-07,"INVEST,PARTNERSHIP","[분석] 미국 뉴욕증시 장초반, 잭스 '인하·AI' 견인…테슬라↓ 엔비디...",https://www.topstarnews.net/news/articleView.html?idxno=15831456
2025-10-07,INVEST,"[불붙은 글로벌 자산시장 ①] 뉴욕과 도쿄의 질주, 글로벌 증시 사상 최...",https://www.news2day.co.kr/article/20251007500066
2025-10-07,"INVEST,REGUL",KT·구글· 애플 까지 ‘초긴장’…연휴 끝나면 줄줄이 국감 불려간다,https://www.mk.co.kr/article/11436970
2025-10-07,INVEST,"[분석] 미국 뉴욕증시 장초반, 금리·AI 모멘텀…나스닥↑·테슬라↓",https://www.topstarnews.net/news/articleView.html?idxno=15831434
2025-10-07,"INVEST,LAUNCH,ORDER,REGUL","[증시전망] '9만전자' 넘은 삼성전자, 이번엔 진짜 다를까",http://www.sisacast.kr/news/articleView.html?idxno=83262
2025-10-07,"INVEST,LAUNCH,ORDER","“앱이 챗GPT 안으로 들어왔다”…오픈AI, 대화창이 곧 OS 선언",http://www.metroseoul.co.kr/article/20251007500077
2025-10-07,"INVEST,LAUNCH,PARTNERSHIP,REGUL","챗GPT, 챗봇의 허물 벗다… 'AI 운영체제'로 앱 생태계 정복 선언",https://www.econovill.com/news/articleView.html?idxno=714032
2025-10-07,LAUNCH,랜턴 하나에 529만원?…‘발뮤다’ 한정판 랜턴 화제,https://www.mk.co.kr/article/11434794
2025-10-07,"CERT,INVEST,LAUNCH,ORDER,REGUL",[삼성 파운드리 미래] ⑩ ESG·탄소중립 시대의 반도체 제조 혁신 과제,https://www.asiaa.co.kr/news/articleView.html?idxno=225881
2025-10-07,"INVEST,LAUNCH,ORDER","뉴욕증시 프리뷰, 랠리 피로감에 보합권 혼조…AMD·트릴로지 메탈↑ vs...",https://www.newspim.com/news/view/20251007000108
2025-10-07,LAUNCH,"노상현, '다 이루어질지니'서 인생 캐릭터 수현 완성",https://www.dailysportshankook.co.kr/news/articleView.html?idxno=415876
2025-10-07,LAUNCH,“추억세 매기나” 스냅챗 저장 공간 유료화에 이용자 항의 물결,https://www.hani.co.kr/arti/international/international_general/1222412.html
2025-10-07,LAUNCH,'팔라딘 업데이트' 넥슨 '마비노기 모바일' 구글플레이 매출 1위,https://www.nbnews.kr/news/articleView.html?idxno=115267
2025-10-07,REGUL,"애플  '시리', 데이터 불법 수집 고소로 프랑스 검찰 조사 받아",https://www.aitimes.com/news/articleView.html?idxno=202999
2025-10-07,INVEST,엔비디아·오라클은 너무 올랐다?… 숨은 'AI 수혜株' 찾아보니,https://www.mk.co.kr/article/11436915
2025-10-07,"CERT,INVEST","Infinex, 스마트폰만으로 암호화폐 지갑 없이 접속…패스키 로그인 베타...",https://www.tokenpost.kr/news/tech/292245
2025-10-07,"INVEST,LAUNCH,PARTNERSHIP","오픈AI, 챗GPT를 '앱 허브'로… 스포티파이 등 연동",https://it.chosun.com/news/articleView.html?idxno=2023092148604
2025-10-07,LAUNCH,"영국 경찰, 절도 휴대폰 4만대 중국으로 밀수한 조직 적발",http://www.fnnews.com/news/202510071609333993
2025-10-07,"INVEST,LAUNCH","[증권소식] ""11월 한은 금리인하 시 원화 약세로 대규모 자금이탈 우려...",https://www.asiatime.co.kr/article/20251007500023
2025-10-07,"CERT,INVEST,LAUNCH,PARTNERSHIP","포항시, 오픈AI·NeoAI 글로벌 데이터센터 건립 확정",https://www.getnews.co.kr/news/articleView.html?idxno=843679
2025-10-07,"INVEST,LAUNCH","美 하원의원 ""비트코인 채굴주 233% 급등 직전 매입...내부 정보 이용 논...",http://coinreaders.com/190896
2025-10-07,LAUNCH,[민기자의 '드라이빙'] 세련미 갖춘 아우디 신형 Q5… 디젤도 만족스러...,https://www.sisaweek.com/news/articleView.html?idxno=229653
2025-10-07,CERT,연휴 기간 USB 충전 조심! 주스 재킹 막으려면?,https://it.donga.com/107661/
2025-10-07,LAUNCH,"'시리' 개인정보 무단 수집?…佛,  애플  도청 의혹 수사",https://www.etnews.com/20251007000046
2025-10-07,LAUNCH,최수연·정신아 등 ‘가장 영향력 있는 아시아 여성 리더 100인’,https://www.womennews.co.kr/news/articleView.html?idxno=268178
2025-10-07,LAUNCH,"넥슨 '마비노기 모바일', 추석 연휴간 구글 매출 1위 달성",http://www.enewstoday.co.kr/news/articleView.html?idxno=2337992
2025-10-07,LAUNCH,아이폰17 흥행·고부가 제품 확대…삼성전기·LG이노텍 '깜짝 실적 기대...,http://www.m-i.kr/news/articleView.html?idxno=1289793
2025-10-07,LAUNCH,"'긴 명절, 어떤 스마트워치 차고 러닝할까'…'초경량화'삼성 VS '긴 배터...",https://www.ajunews.com/view/20251002113352997
2025-10-07,REGUL,"애플  '시리', 이용자 동의 없이 녹음?···프랑스, '도청 의혹' 수사 돌...",http://www.enewstoday.co.kr/news/articleView.html?idxno=2337985
2025-10-07,LAUNCH,"'아이폰 전설' 조니 아이브, ""AI에 '멀티터치'는 구식"" [오픈AI 데브데이...",https://www.sedaily.com/NewsView/2GZ33U5MIW
2025-10-07,LAUNCH,'아크 레이더스' 출시 앞둔 넥슨…'마비노기·카잔' 이어 3연타석 쏠까?,http://www.inews24.com/view/1893833
2025-10-07,"CERT,LAUNCH,PARTNERSHIP","아이폰 액세서리 전문 ‘벨킨’, 갤럭시까지 품고 한국 공략 박차",https://www.mk.co.kr/article/11433920
2025-10-07,INVEST,""" 애플 TV도 손흥민에 빠졌다"" 경기중 웃음 짓는 드문 선수",https://www.koreadaily.com/article/20251006204148106
2025-10-07,INVEST,전용 카메라로 손흥민 움직임 낱낱이 중계,https://www.koreadaily.com/article/20251006203728093
2025-10-07,"INVEST,LAUNCH,ORDER,REGUL","뉴욕증시, AMD가 불어넣은 탄력...국제유가, WTI 1.3%↑",https://www.asiatime.co.kr/article/20251007500002
2025-10-07,LAUNCH,"넥슨, '마비노기 모바일' 구글스토어 1위 달성",https://www.asiaa.co.kr/news/articleView.html?idxno=225878
2025-10-07,"INVEST,LAUNCH,ORDER",셧다운 이긴 AMD 초대형 계약… 나스닥 0.7%↑ ‘사상 최고’,https://www.busan.com/view/busan/view.php?code=2025100711511367737
2025-10-07,"LAUNCH,PARTNERSHIP,REGUL","가상자산 결제카드 시장 확대…""스테이블코인 정산·규제 정비가 성장 ...",https://www.dailian.co.kr/news/view/1556865/?sc=Naver
2025-10-07,"LAUNCH,ORDER","뉴욕증시, AMD 27%대 급등 속 혼조 마감",https://www.ziksir.com/news/articleView.html?idxno=107302
2025-10-07,"LAUNCH,ORDER","""이제는 앱 아닌 OS""…챗GPT에서 부킹닷컴·스포티파이 바로 쓴다",https://www.hankyung.com/article/202510077339i
2025-10-07,LAUNCH,"'음악 추천·호텔 예약까지 한 번에'...챗GPT, 앱 생태계 확장",https://www.wolyo.co.kr/news/articleView.html?idxno=302191
2025-10-07,LAUNCH,"' 애플  감성?' 발뮤다, 조니 아이브와 협업한 세일링 랜턴 출시",https://www.etnews.com/20251007000024
2025-10-07,"INVEST,LAUNCH,PARTNERSHIP","'오픈AI'와 손잡은 조니 아이브, AI 기기 개발 의지…기술 혁신 기대감 ...",https://www.topstarnews.net/news/articleView.html?idxno=15831057
2025-10-07,"INVEST,ORDER,REGUL","황무지서 세계 1위로…K조선, 마스가 타고 재도약",https://www.etoday.co.kr/news/view/2512761
2025-10-07,"INVEST,LAUNCH,ORDER",셧다운에도 S&P·나스닥 최고치...AMD 24% 급등,http://www.metroseoul.co.kr/article/20251007500005
2025-10-07,LAUNCH,운전자 없는데 혼자 시동 걸더니 출발한 샤오미 SU7... 차주 '화들짝' [지...,https://www.ytn.co.kr/_ln/0134_202510071031594657
2025-10-07,"INVEST,LAUNCH,ORDER",AMD·오픈AI 빅딜에 뉴욕증시 기술주 랠리… 나스닥 최고치,https://www.moneys.co.kr/article/2025100710181771064
2025-10-07,"INVEST,LAUNCH","뉴욕증시, AMD 훈풍에 기술주 강세…나스닥 0.7%↑",http://www.segyebiz.com/newsView/20251007503282?OutUrl=naver
2025-10-07,REGUL,"한달여 앞 다가온 구글 고정밀지도 반출…""핵심은 안보·주권""",http://www.edaily.co.kr/news/newspath.asp?newsid=01331686642330624
2025-10-07,"INVEST,LAUNCH,ORDER","뉴욕증시, 혼조 마감…오픈AI·AMD 계약에 S&P·나스닥 사상 최고",http://www.newstomato.com/ReadNews.aspx?no=1277134&inflow=N
2025-10-07,LAUNCH,아이폰17·고부가 전환에 전자부품 업계 3분기 실적 '청신호',https://www.ngonews.kr/news/articleView.html?idxno=215565
2025-10-07,LAUNCH,"뉴욕증시, AMD 기대감에…나스닥 0.7%↑ 마감",https://www.news2day.co.kr/article/20251007500008
2025-10-07,"LAUNCH,PARTNERSHIP",챗GPT서 스포티파이 음악 바로 듣는다,https://www.newsis.com/view/NISX20251007_0003356321
2025-10-07,LAUNCH,"아이폰 알람 끄기 더 어려워진다… 애플 , iOS 26.1 베타2 공개",https://www.digitaltoday.co.kr/news/articleView.html?idxno=595943
2025-10-07,LAUNCH,"“시리가 우리 대화 들었다”…프랑스,  애플  음성 데이터 수집 의혹 재...",https://www.ddaily.co.kr/page/view/2025100709493721332
2025-10-07,REGUL,애플  '시리'가 개인정보 무단 수집했나?,https://view.asiae.co.kr/article/2025100709355059292
2025-10-07,LAUNCH,"애플 , 아이패드·맥북 프로 재고 감소…신제품 출시 임박?",https://www.digitaltoday.co.kr/news/articleView.html?idxno=595956
2025-10-07,LAUNCH,"마비노기 모바일, 출시 6개월 만에 매출 1위",https://www.startuptoday.co.kr/news/articleView.html?idxno=521294
2025-10-07,INVEST,"앰코, 美 애리조나 첨단 패키징 공장 착공…투자액 4배 증액",https://www.etnews.com/20251007000010
2025-10-07,LAUNCH,"넥슨 '마비노기 모바일', 연휴간 구글 매출 1위 올라…""MMO 새 가능성 제...",https://zdnet.co.kr/view/?no=20251007092447
2025-10-07,CERT,[추석 기획] 연휴 끝나자마자 국감 시즌…보안·해킹 논란에 통신 3사 '...,https://www.getnews.co.kr/news/articleView.html?idxno=843555
2025-10-07,LAUNCH,"에어태그2, 4년 만의 업그레이드…더 강력해진 추적 기능·보안 개선",https://www.digitaltoday.co.kr/news/articleView.html?idxno=595941
2025-10-07,"LAUNCH,ORDER",뉴욕증시 혼조 마감…AI 훈풍에 나스닥 0.7%↑,http://www.yonhapnewstv.co.kr/AKR20251007092010t6m
2025-10-07,"INVEST,LAUNCH,PARTNERSHIP,REGUL","'APEC CEO 서밋' 3주 앞으로…이재용·최태원, 젠슨 황과 재회할까",https://www.dailian.co.kr/news/view/1556824/?sc=Naver
2025-10-07,"INVEST,LAUNCH,PARTNERSHIP","APEC, 세계 경제 '빅샷'도 집결…누가 방한하나",http://www.seoulwire.com/news/articleView.html?idxno=673926
2025-10-07,"INVEST,LAUNCH,ORDER",[뉴욕증시] 오픈AI·AMD 계약에 S&P·나스닥 최고치,https://www.mk.co.kr/article/11436775
2025-10-07,"INVEST,LAUNCH,ORDER,REGUL","뉴욕증시, AMD의 ‘AI 훈풍’에 나스닥 상승…필라델피아 반도체지수 3%...",https://sateconomy.co.kr/news/view/1065569163765348
2025-10-07,ORDER,"[실리콘 디코드] 텐스토런트, 2나노 AI칩 파운드리 선정 착수…삼성·TS...",https://www.g-enews.com/view.php?ud=202510070826518630fbbec65dfb_1
2025-10-07,"INVEST,LAUNCH,ORDER","[분석] 미국 뉴욕증시 나스닥 상승…테슬라 급등·엔비디아 하락, AMD 호...",https://www.topstarnews.net/news/articleView.html?idxno=15830947
2025-10-07,"INVEST,LAUNCH,ORDER,REGUL",AMD ‘AI칩 빅딜’에 기술주 훈풍…나스닥 또 사상 최고,https://biz.heraldcorp.com/article/10589903?ref=naver
2025-10-07,"INVEST,LAUNCH","[종합] S&P500ㆍ나스닥, AMDㆍ오픈AI 초대형 계약에 최고치",https://www.etoday.co.kr/news/view/2513253
2025-10-07,"LAUNCH,ORDER","[르포] 구글· 애플 만큼 '핫'했던 오픈AI 행사…""챗GPT 이용자 8억명""",https://www.yna.co.kr/view/AKR20251007009900091?input=1195m
2025-10-07,"INVEST,LAUNCH,ORDER,REGUL","뉴욕증시, AMD 주도 기술주 매력 부각에도 혼조 마감... 나스닥 0.7%↑",https://www.getnews.co.kr/news/articleView.html?idxno=843671
2025-10-07,"INVEST,LAUNCH,REGUL","AMD 24%↑…""버블 폭발 전, 폭발적 상승"" [김현석의 월스트리트나우]",https://www.hankyung.com/article/202510077289i
2025-10-07,CERT,[써봤다] 둘 다 갖고 싶네... 애플 워치 시리즈11·울트라 3,https://www.techm.kr/news/articleView.html?idxno=145197
2025-10-07,"INVEST,LAUNCH,REGUL",[뉴욕마켓워치] 日·佛 재정우려에 채권↓달러↑…S&P 500은 7일째 랠리,https://news.einfomax.co.kr/news/articleView.html?idxno=4377627
2025-10-07,LAUNCH,[자막뉴스] 안경에 들어온 스마트폰...'눈 번쩍' 뜨이는 역대급 기술,https://www.ytn.co.kr/_ln/0134_202510070756517291
2025-10-07,"INVEST,LAUNCH,ORDER,REGUL",[뉴욕증시] AMD가 불어넣은 탄력…나스닥 0.7%↑ 마감,https://news.einfomax.co.kr/news/articleView.html?idxno=4377626
2025-10-07,LAUNCH,"""굉장한 다큐!"" 마틴 스코세이지: 거장의 초상..  애플 TV+ 17일 공개",https://kstar.kbs.co.kr/list_view.html?idx=379976
2025-10-07,"INVEST,ORDER","뉴욕증시, AMD-오픈AI 공급 계약에 나스닥 '사상 최고'…다우는 하락",https://www.newsworks.co.kr/news/articleView.html?idxno=813808
2025-10-07,"INVEST,LAUNCH,ORDER,REGUL","AMD, 오픈AI와 대규모 계약 체결…뉴욕증시 기술주 강세",http://www.newsroad.co.kr/news/articleView.html?idxno=46921
2025-10-07,"INVEST,LAUNCH","뉴욕증시, 혼조 마감…AMD 급등 [뉴욕증시 브리핑]",https://www.hankyung.com/article/2025100772997
2025-10-07,INVEST,"다가온 APEC CEO 서밋, 글로벌 기업인 한 자리에",https://www.moneys.co.kr/article/2025100110453518156
2025-10-07,"INVEST,LAUNCH","[상보] 뉴욕증시, AMD 초대형 계약에 S&P500ㆍ나스닥 사상 최고치",https://www.etoday.co.kr/news/view/2513251
2025-10-07,LAUNCH,오픈AI 날개 단 AMD 날았다… ‘경쟁’ 엔디비아는 뒷걸음,https://www.dt.co.kr/article/12021781?ref=naver
2025-10-07,"INVEST,LAUNCH,REGUL",다우는 꺾였지만 나스닥은 '쾌청'… 뉴욕증시를 지배한 AI·반도체의 힘,https://www.pinpointnews.co.kr/news/articleView.html?idxno=383132
2025-10-07,"INVEST,LAUNCH","엔비디아 경쟁사 AMD, 오픈AI와 협력소식에 23.7% 폭등...엔비디아는 1.1...",http://www.beyondpost.co.kr/view.php?ud=2025100706241993002aaae0046f_30
2025-10-07,"INVEST,LAUNCH,ORDER",'나스닥' 0.7% 상승…'AMD' 오픈AI 계약에 필라델피아 반도체지수 2.9% 급...,https://www.topstarnews.net/news/articleView.html?idxno=15830876
2025-10-06,"INVEST,LAUNCH,ORDER","[분석] 미국 뉴욕증시 장초반, AI·정치 변수 속 빅테크 엇갈림",https://www.topstarnews.net/news/articleView.html?idxno=15830806
2025-10-06,INVEST,"[미국증시 개장브리핑] 나스닥 강세주 주목, 파가야 테크놀로지·인터디...",https://www.tokenpost.kr/news/market/292061
2025-10-06,LAUNCH,"오픈AI, '데브데이 2025'서 비공개 프로젝트 공개",http://www.metroseoul.co.kr/article/20251006500061
2025-10-06,INVEST,미국의 보호무역 2라운드… 약달러와 내수부양 요구,http://www.yonhapmidas.com/article/251006203836_519473
2025-10-06,"INVEST,LAUNCH",적금 들래?  애플  주식 살래? … 아이와 함께 추석용돈 재테크,https://www.mk.co.kr/article/11436699
2025-10-06,LAUNCH,추석 연휴 휴가는 '던바튼'에서? 넥슨 '마비노기 모바일' 5일 구글 플레...,https://gamefocus.co.kr/detail.php?number=169964
2025-10-06,LAUNCH,'마비노기 모바일' 구글 매출 1위…넥슨 신작 대박 행진,https://www.ebn.co.kr/news/articleView.html?idxno=1681463
2025-10-08,INVEST,[마켓인]‘조단위 몸값’ 케이조선 매각 예비입찰…이달 말 진행,http://www.edaily.co.kr/news/newspath.asp?newsid=01246406642330952
2025-10-08,LAUNCH,"삼성 ·SK·현대차·LG, '조기 인사'로 돌아선 이유",https://www.smartfn.co.kr/news/articleView.html?idxno=122172
2025-10-08,LAUNCH,"1778일 만에 PS 등판, 위력 과시한 구창모",https://www.ohmynews.com/NWS_Web/View/at_pg.aspx?CNTN_CD=A0003171559&CMPT_CD=P0010&utm_source=naver&utm_medium=newsearch&utm_campaign=naver_news
2025-10-08,INVEST,"'데이비슨 결승타', NC 돌풍은 '현재 진행형'",https://www.ohmynews.com/NWS_Web/View/at_pg.aspx?CNTN_CD=A0003171547&CMPT_CD=P0010&utm_source=naver&utm_medium=newsearch&utm_campaign=naver_news
2025-10-08,"INVEST,ORDER",증시 활황에 상장사 ‘목표 주가’도 상향 조정,https://www.busan.com/view/busan/view.php?code=2025100810032015506
2025-10-08,"INVEST,LAUNCH,REGUL","[마켓Q] '커버드콜 ETF', 고분배율 시대 끝나나?",https://www.asiatime.co.kr/article/20251001500007
2025-10-08,REGUL,분양가 상승질주 더 늦기 전 선점해야… 미래가치 확실한 '운정 아이파...,http://www.ikld.kr/news/articleView.html?idxno=321767
2025-10-08,INVEST,"[영상] “엄마, 외갓집서 하루 더 있자” 도심 속 리조트 표방한 신검단...",https://biz.heraldcorp.com/article/10588841?ref=naver
2025-10-08,"CERT,LAUNCH,PARTNERSHIP",'1회에만 4볼넷' 로건과 면담→'5이닝 퍼펙트' 합작하다니…'졌잘싸' NC...,https://www.xportsnews.com/article/2062483
2025-10-08,"INVEST,LAUNCH",연휴 뒤 '3분기 어닝시즌' 개막…증권가 주목한 종목은?,https://www.newsis.com/view/NISX20251002_0003354171
2025-10-08,"CERT,LAUNCH,PARTNERSHIP",내달 인적분할하는  삼성 바이오로직스...'준비 순항 중',https://www.g-enews.com/view.php?ud=2025100513535873723d7a510102_1
2025-10-08,LAUNCH,"""시작할 때 목표 없었다"" 마음 비웠더니 감동의 5위…그러나 주의할 것...",https://www.spotvnews.co.kr/news/articleView.html?idxno=774476
2025-10-08,PARTNERSHIP,[프로야구] 준PO 1차전 선발투수 예고(8일),https://www.news1.kr/sports/baseball/5935789
2025-10-08,LAUNCH,홈런왕도 꼼짝 못한 154km 미친 강속구… 삼성 에 새로운 가을 히어로가 ...,https://www.spotvnews.co.kr/news/articleView.html?idxno=774513
2025-10-08,REGUL,"다가오는 국감, 건설사들 '긴장감 고조'",https://www.mediapen.com/news/view/1047922
2025-10-08,LAUNCH,국내외 불확실성에 빨라진 시계…내달 4대그룹 ‘인사태풍’ 예고,https://www.dnews.co.kr/uhtml/view.jsp?idxno=202510080938114900104
2025-10-08,"INVEST,ORDER",효성중공업 목표가 114%↑...3분기 증시 최고치 행진에 10곳 중 8곳 목표...,https://www.news2day.co.kr/article/20251008500009
2025-10-08,INVEST,관세 폭탄·환율 급등… 인천 수출 '빨간불',https://www.joongboo.com/news/articleView.html?idxno=363705369
2025-10-08,INVEST,"[K리그2 프리뷰] 사실상 우승 결정전! '1위' 인천vs'2위' 수원, 시즌 마지...",https://www.interfootball.co.kr/news/articleView.html?idxno=670290
2025-10-08,REGUL,"HDC현대산업개발, 분양가 상승 속 ‘운정 아이파크 시티’ 이달 공급",https://www.mk.co.kr/article/11436227
2025-10-08,LAUNCH,4대 그룹 연말 인사 빨라진다…불확실성 대처 위해 신속한 조직 정비,https://www.econovill.com/news/articleView.html?idxno=714040
2025-10-08,"INVEST,LAUNCH",[부고] 최필규(전 한국경제신문 편집국 부국장) 모친상,https://www.newspim.com/news/view/20251008000018
2025-10-08,"INVEST,LAUNCH","원태인 무실점 쾌투+'1안타' 승...가을야구 진기록 세운  삼성 , NC 잡고 준...",https://www.mhnse.com/news/articleView.html?idxno=469360
2025-10-08,INVEST,연구개발비 18조원 쏟아부은  삼성 전자가 거둔 '미래 성과',https://www.news2day.co.kr/article/20251008500007
2025-10-08,INVEST,[k2.preview] 나란히 지옥 일정 스타트...분위기 꺾인' 천안 자존심 VS '8...,https://www.fourfourtwo.co.kr/news/articleView.html?idxno=80568
2025-10-08,"LAUNCH,PARTNERSHIP",[이 달의 신문광고] 우리 기업의 '기술 비전'이 그리는 미래,https://www.banronbodo.com/news/articleView.html?idxno=30967
2025-10-08,"INVEST,REGUL",2033년 13조 원 돌파…글로벌 태양광 배터리 플랫폼 시장 ‘연 16% 폭발 ...,https://www.g-enews.com/view.php?ud=202510080905232102fbbec65dfb_1
2025-10-08,"INVEST,ORDER","전기차 충전 인프라 확장 이끄는 에바, 국내외 시장 진출 박차",https://www.joongangenews.com/news/articleView.html?idxno=456012
2025-10-08,LAUNCH,"삼성 전기, 협력사와 함께 2025년 동반성장 기반 마련",https://www.joongangenews.com/news/articleView.html?idxno=455987
2025-10-08,ORDER,"한화 포함 조선업계, 호황기 타고 채용 증가세 지속",https://www.joongangenews.com/news/articleView.html?idxno=456011
2025-10-08,ORDER,"삼성 물산·현대건설, 정비사업 수주 10조 '코앞'",https://www.smarttoday.co.kr/news/articleView.html?idxno=93112
2025-10-08,INVEST,"전량 수입하던 에피웨이퍼, 국산화 성공한 기업 ‘웨이브로드’",https://shindonga.donga.com/3/all/13/5881150/1
2025-10-08,LAUNCH,연휴 끝자락 밀린 메일·업무 고민…AI가 대신 해드립니다,https://www.etoday.co.kr/news/view/2513085
2025-10-08,"INVEST,REGUL","""코스피, 5000까지 쉽게 간다""…쏟아진 장밋빛 전망",http://www.edaily.co.kr/news/newspath.asp?newsid=01266086642330952
2025-10-08,"CERT,INVEST,LAUNCH,REGUL","中 공세에 美 눈칫밥까지…흔들리는 ‘K-배터리’, 복합위기 파고 넘을...",https://biz.heraldcorp.com/article/10589172?ref=naver
2025-10-08,"INVEST,LAUNCH","ESS에 희비 갈린 3분기…LG엔솔 '맑음', SK온· 삼성 SDI '흐림' [소부장박...",https://www.ddaily.co.kr/page/view/2025100417464464284
2025-10-08,LAUNCH,유례없는 불확실성에 빨라진 시계…내달 4대그룹 '인사태풍' 분다,https://www.yna.co.kr/view/AKR20251007029900003?input=1195m
2025-10-08,LAUNCH,"삼성 생명 '일탈회계' 종료 수순…업계 ""계약고객 반발은 여전할 듯""",https://www.bloter.net/news/articleView.html?idxno=645048
2025-10-08,"ORDER,REGUL",'역시 K조선' 전세계 발주한 LNG운반선 韓이 싹쓸이…중국 아직 멀었다,https://view.asiae.co.kr/article/2025100211105520553
2025-10-08,LAUNCH,"아시아 최대 바이오 전시회 개막… 삼성 ·롯데바이오, CDMO 경쟁력 알린다",https://www.asiatoday.co.kr/view.php?key=20251007010001575
2025-10-08,"LAUNCH,ORDER,PARTNERSHIP","삼성 바이오로직스, '바이오재팬 2025' 단독 부스 참가",https://www.startuptoday.co.kr/news/articleView.html?idxno=521300
2025-10-08,"INVEST,LAUNCH,ORDER","추석 후 실적시즌 개막...반도체·조선 '쨍쨍', 자동차만 '흐림'",https://www.pointdaily.co.kr/news/articleView.html?idxno=273319
2025-10-08,"CERT,INVEST,LAUNCH",이정후가 귀띔한 송성문 MLB행 가능성...히어로즈표 6번째 빅리거 등장...,https://isplus.com/article/view/isp202510080007
2025-10-08,"CERT,LAUNCH,PARTNERSHIP","'라일리도 안 만났는데' WC 2경기 '타율 0.115'  삼성  타선, 인천서 반전...",https://www.xportsnews.com/article/2062474
2025-10-08,"INVEST,LAUNCH,REGUL","[박근종 칼럼] 반도체 주도 코스피 3,500 돌파, 증시 새 지평 넘어 구조...",https://www.mhns.co.kr/news/articleView.html?idxno=727559
2025-10-08,ORDER,"삼성 중공업, 원유운반선 2척 수주…올해 목표 51% 달성",https://news.kbs.co.kr/news/pc/view/view.do?ncd=8376391&ref=A
2025-10-08,INVEST,"이런 날 상상이나 했나, ERA 8점대 좌완의 대반전… 삼성  가을야구 필승...",https://www.mydaily.co.kr/page/view/2025100800273899300
2025-10-08,"INVEST,LAUNCH,PARTNERSHIP,REGUL","GE버노바· 삼성 물산, 차세대 소형원전(SMR) 글로벌 확산 위한 전략적 동...",https://www.g-enews.com/view.php?ud=2025100808372992560c8c1c064d_1
2025-10-08,"CERT,INVEST,LAUNCH,REGUL","“스테이블코인, 토스의 큰 전환점…슈퍼앱으로 승부”",https://biz.heraldcorp.com/article/10590101?ref=naver
2025-10-08,INVEST,"2032년 파운드리 시장 2,110억 달러…AI·5G·전기차가 성장 견인",https://www.g-enews.com/view.php?ud=202510080807258672fbbec65dfb_1
2025-10-08,LAUNCH,준플레이오프 입장권 예매...경찰과 공조→암표 거래 단속 강화,https://isplus.com/article/view/isp202510080006
2025-10-08,INVEST,"[초점] CATL, 세계 1위 독주…K-배터리, 점유율 16%대로 추락",https://www.g-enews.com/view.php?ud=202510080830027892fbbec65dfb_1
2025-10-08,ORDER,"'연이은 고배' 한화시스템, 연합지휘통제체계 수주로 ""분위기 반전""",https://www.news1.kr/industry/general-industry/5934425
2025-10-08,INVEST,올해에만 3조9000억 뭉칫돈...비결은,https://www.pinpointnews.co.kr/news/articleView.html?idxno=381626
2025-10-08,LAUNCH,삼성 ·LG 이어버드 맞대결··· 내게 맞는 건?,https://www.smartfn.co.kr/news/articleView.html?idxno=121944
2025-10-08,"CERT,LAUNCH,PARTNERSHIP","[단독] 삼성 물산, GE히타치와 맞손...글로벌 SMR 시장 공략",http://thetracker.co.kr/View.aspx?No=3808603
2025-10-08,LAUNCH,정부 '9·7 부동산 대책' 한 달…서울 아파트 신고가 속출,https://www.hankyung.com/article/202510023704i
2025-10-08,ORDER,"한화오션· 삼성 중공업·HD한국조선해양, 2년 새 채용 두 배 증가",https://www.joongangenews.com/news/articleView.html?idxno=455995
2025-10-08,"INVEST,LAUNCH,ORDER",'최대 고객  삼성 SDI' 中 OLED 소재 업체 '지우무화' 상장 시동,https://www.theguru.co.kr/news/article.html?no=92402
2025-10-08,"INVEST,LAUNCH",소부장·바이오社 잇단 증권신고서 제출…연말 IPO '봇물',https://www.mt.co.kr/stock/2025/10/08/2025100300093920580
2025-10-08,"INVEST,LAUNCH","삼성 전자, 1년여 만에 '분기 영업익 10조 클럽' 눈앞",http://www.edaily.co.kr/news/newspath.asp?newsid=01230006642330952
2025-10-08,"CERT,INVEST,ORDER","건설업계, 업황 요동 속 신사업 투자 활발",https://www.newsway.co.kr/news/view?ud=2025100118154387600
2025-10-08,"INVEST,LAUNCH",'물 들어올 때 노 젓자'…식지 않는 '케데헌' 올라탄 K유통가,http://www.shinailbo.co.kr/news/articleView.html?idxno=2126534
2025-10-08,"INVEST,PARTNERSHIP,REGUL",이번달 열리는 APEC 비즈니스 서밋… 이재용ㆍ최태원ㆍ젠슨황 또 만날까,https://www.etoday.co.kr/news/view/2513118
2025-10-08,"INVEST,REGUL","내부부터 바꾼다…K기업, 임직원 AI 역량 강화 집중",https://www.straightnews.co.kr/news/articleView.html?idxno=283211
2025-10-08,"LAUNCH,PARTNERSHIP,REGUL","""항공지연 손실에 기후성 질환까지""…손보업계, 지수형보험 경쟁 ""후끈...",https://www.youthdaily.co.kr/news/article.html?no=198313
2025-10-08,LAUNCH,1년 만에 주가 411% 폭등…30대에 '6500억→3조' 대박 난 CEO,https://www.mt.co.kr/stock/2025/10/08/2025100216574898827
2025-10-08,"LAUNCH,REGUL","美, 中선박 입항 수수료 부과 임박...HD현대·한화오션· 삼성 重, '반사이...",https://www.joongangenews.com/news/articleView.html?idxno=455975
2025-10-08,PARTNERSHIP,"추석연휴 신용카드 포인트 챙기세요…잘 쌓고, 잘 쓰는 꿀팁은?",http://www.sisaon.co.kr/news/articleView.html?idxno=175829
2025-10-08,LAUNCH,"퀄컴, 아두이노 인수로 로보틱스 사업 본격화…반도체 거인의 새로운 전...",https://www.gokorea.kr/news/articleView.html?idxno=842270
2025-10-08,INVEST,"한국투자증권, 자산 이전 이벤트 실시...최대 300만원 상품권",https://www.pinpointnews.co.kr/news/articleView.html?idxno=382074
2025-10-08,"INVEST,LAUNCH",삼성 전자 상반기 특허 1만 건 육박... 글로벌 기술 리더십 '입증',https://www.gokorea.kr/news/articleView.html?idxno=842256
2025-10-08,"CERT,INVEST",추석 연휴 끝나면 '언박싱' 공모주는… 심사승인 종목 뜯어보기,https://www.moneys.co.kr/article/2025100111200679438
2025-10-08,LAUNCH,30년 직함을 내려놓다…새롭게 시작한 '나'의 시간,https://www.news1.kr/life-culture/book/5928773
2025-10-08,ORDER,정비사업 첫 10조 수주 눈앞… 삼성 물산·현대건설 양강 구도,https://www.news1.kr/realestate/general/5933846
2025-10-08,"LAUNCH,REGUL","테크인사이트, 화웨이 '어센드 910C'서 TSMC· 삼성 ·SK하이닉스 부품 확...",https://www.abcn.kr/news/articleView.html?idxno=83316
2025-10-08,"INVEST,LAUNCH,ORDER",증시 최고가에 증권가 '베팅'…상장사 83% 목표주가 일제히 상향 조정,https://www.pinpointnews.co.kr/news/articleView.html?idxno=383249
2025-10-08,INVEST,[k2.preview] 사실상 '우승 결정전'…시즌 마지막 '수인선 더비'→인천v...,https://www.fourfourtwo.co.kr/news/articleView.html?idxno=80558
2025-10-08,LAUNCH,"[추석, 보험사는] 늙어가는 대한민국…이것 주목",http://www.newsdream.kr/news/articleView.html?idxno=96953
2025-10-07,"INVEST,LAUNCH,REGUL","기업규제장벽에 가로막힌 한국, 대만에 추월당하다 [나기자의 데이터로...",https://www.mk.co.kr/article/11435527
2025-10-08,"INVEST,ORDER",'불장'에 상장사 10곳 중 8곳 목표가 상향…상승·하락률 1위는,https://www.yna.co.kr/view/AKR20251002142100008?input=1195m
2025-10-08,LAUNCH,일자리 많아야 주거 수요 몰린다…산단 인근 아파트 '인기몰이',https://www.etoday.co.kr/news/view/2512788
2025-10-08,"INVEST,LAUNCH,PARTNERSHIP","네이버, 컬리 지분 투자 '전략적 협업'…커머스 판 키워",https://dealsite.co.kr/articles/149102
2025-10-08,"LAUNCH,ORDER,REGUL","[건설혁신①] ""동별 하루 한 층 뚝딱"" 모듈러 건축, 건설업 새 성장축",http://theviewers.co.kr/View.aspx?No=3802848
2025-10-08,"CERT,INVEST,ORDER,REGUL",'조방원' 질주에  삼성 전자도 가세...코스피 웃었다,https://news.dealsitetv.com/articles/159926
2025-10-08,"INVEST,LAUNCH",낸드도 D램처럼 적층…HBF 기술 경쟁 시동,https://news.dealsitetv.com/articles/159836
2025-10-08,"INVEST,REGUL","뮤직카우 의장 “K팝 저작권, 외국인 투자 끌어올 한국 대표 자산” [헤...",https://biz.heraldcorp.com/article/10589056?ref=naver
2025-10-08,LAUNCH,"원태인의 가을엔 핑계도 한계도 없다 ""던질 수 있냐고 묻지 마세요, 언...",https://isplus.com/article/view/isp202510080003
2025-10-08,"CERT,INVEST",'공급자 우위' D램 초호황 조짐… 삼성  10조·SK하이닉스 사상최대 예고,https://www.ddaily.co.kr/page/view/2025100723390723302
2025-10-08,"INVEST,LAUNCH",'반도체의 봄' 돌아온다…4분기 전망도 맑음,https://www.goodkyung.com/news/articleView.html?idxno=273801
2025-10-08,"INVEST,REGUL","李정부 4개월, 대선 공약 가속…100조 혁신경제·檢개혁·주택공급",https://www.news1.kr/politics/president/5934649
2025-10-08,"CERT,ORDER","[초격차 K테크②] 韓 LNG·컬러강판, 中 레드테크 못 따라온다",https://www.insightkorea.co.kr/news/articleView.html?idxno=233308
2025-10-08,"INVEST,LAUNCH",기후 위기 극복할 '묘안'…공기 중 이산화탄소 잡아라,https://www.sedaily.com/NewsView/2GZ3KEIJH0
2025-10-08,"INVEST,ORDER",3분기 상장사 10곳 중 8곳 목표주가 ‘상향’…효성중공업 114% 급등 1위,https://magazine.hankyung.com/business/article/202510088121b
2025-10-08,LAUNCH,"[3]티몰서 흔들리는 K 뷰티 베이스메이크업, 무엇이 문제인가?",https://www.thebk.co.kr/news/articleView.html?idxno=302872
2025-10-08,LAUNCH,글린트. 10월 올영픽 '아이돌 광채 메이크업' 3종 공개,https://www.slist.kr/news/articleView.html?idxno=683813
2025-10-08,LAUNCH,"글로우:업 바이 비욘드, '세라마이드 펩타이드 영양 장벽' 5종 공개",https://www.slist.kr/news/articleView.html?idxno=683812
2025-10-08,"LAUNCH,PARTNERSHIP","LG 전자·부산대, 미래기술 연구와 인재 양성 위한 산학협력 강화",https://www.joongangenews.com/news/articleView.html?idxno=456005
2025-10-08,INVEST,[BK 프리뷰] ‘홈 첫 승 도전’ DB vs ‘원정 첫 승 도전’ 정관장,https://basketkorea.com/news/newsview.php?ncode=1065623338634142
2025-10-08,"CERT,LAUNCH,REGUL","[IPO] 올해 55곳 상장, 1천억이상 공모 4곳...누가누가 잘했나",http://theviewers.co.kr/View.aspx?No=3806556
2025-10-08,PARTNERSHIP,LG 전자 베스트샵 양주옥정점 오픈 이벤트...전제품 할인 혜택 및 사은품...,https://www.thepowernews.co.kr/view.php?ud=2025100216361531339aeda69934_7
2025-10-08,"INVEST,ORDER",3분기 증시 훈풍에 10곳 중 8곳 목표주가 ‘상향’…효성중공업 114%↑,https://www.g-enews.com/view.php?ud=202510080854532126e30fcb1ba8_1
2025-10-08,INVEST,LG -GS 다시 하나 되나…조인트벤처 '긍정적'[석유화학 통폐합 초읽기②...,https://www.newsis.com/view/NISX20250929_0003349071
2025-10-08,"INVEST,LAUNCH","K뷰티기업 M&A, 브랜드 쇼핑에서 ‘전략 포트폴리오’로[M&A알쓸신잡]",https://view.asiae.co.kr/article/2025100212492418540
2025-10-08,"CERT,INVEST,PARTNERSHIP",'편리함의 그림자' 전자여행허가제(ESTA)...구금 사태와 수수료 인상이...,http://www.sisunnews.co.kr/news/articleView.html?idxno=229666
2025-10-08,"INVEST,REGUL",[PE는 지금]중소형 PEF 전성시대 올까,https://view.asiae.co.kr/article/2025100209032703753
2025-10-08,LAUNCH,"하이엠솔루텍 ""가을철 시스템에어컨 관리 이렇게 하세요""",https://www.asiaa.co.kr/news/articleView.html?idxno=225502
2025-10-08,"INVEST,LAUNCH","IPO 시장 얼어붙었다더니…3분기 ‘대반전’, 상장·공모 모두 늘었다 [...",https://biz.heraldcorp.com/article/10588847?ref=naver
2025-10-08,CERT,"르노코리아, 추석명절 맞아 전기차 구매 특별지원",http://www.fnnews.com/news/202510080843163630
2025-10-08,"INVEST,PARTNERSHIP","LG 엔솔 김동명 대표, 연임에 '빨간불'…니콜라·ICE 사태 후폭풍에 주주...",https://www.abcn.kr/news/articleView.html?idxno=83319
2025-10-08,"INVEST,LAUNCH","[심층분석] 한국, 美 통상압박 정면돌파…'공장 단속' 후폭풍을 협상 지...",https://www.g-enews.com/view.php?ud=202510080803079382fbbec65dfb_1
2025-10-08,INVEST,"옵션이 필요한 DB, 그 가능성을 보인 최성원...FA로이드 발동할까",http://www.rookie.co.kr/news/articleView.html?idxno=114246
2025-10-08,"CERT,REGUL",[단독] 방통위 마비로 불법 스팸 대책 '개점휴업'…시행령·예산 공백,https://www.sedaily.com/NewsView/2GZ3KBUY0N
2025-10-08,"INVEST,LAUNCH,PARTNERSHIP",영화계 '깜깜이 정산' 갈등에 이통사 '영화표 할인' 뭇매…왜?,https://www.mt.co.kr/tech/2025/10/08/2025100212063830844
2025-10-08,"INVEST,LAUNCH,ORDER",""" LG 엔솔, 안전관리 허점 드러났다""…美 니콜라 사태 여파 확산(2부)",https://www.abcn.kr/news/articleView.html?idxno=83318
2025-10-08,"CERT,INVEST,LAUNCH,PARTNERSHIP","넥스트스타 에너지, 윈저 49.5GWh 배터리 공장 ‘입주 허가’…北미 전...",https://www.g-enews.com/view.php?ud=202510080735457362fbbec65dfb_1
2025-10-08,ORDER,"美 델라웨어 법원, 한국에 '사법공조' 요청… LG 엔솔 배터리 화재 조사 착...",https://www.abcn.kr/news/articleView.html?idxno=83317
2025-10-08,"LAUNCH,REGUL","배터리 잔량 초과, 소방점검 거부…전산망 화재 돌아보니 '예견된 인재...",https://www.newsis.com/view/NISX20251007_0003356268
2025-10-08,INVEST,"[K-산업, 스마트팩토리에 2.0에 빠지다⑥]  LG 유플러스, 소상공인 맞춤 D...",https://www.news2day.co.kr/article/20251001500295
2025-10-08,INVEST,"LG 전자 인도법인 IPO, 투자 몰리며 완판...14일 거래 시작",http://thetracker.co.kr/View.aspx?No=3808592
2025-10-08,"INVEST,LAUNCH,PARTNERSHIP","추석에도 여전했던 '해킹' 걱정…""피해 없어도 불안해요""",https://isplus.com/article/view/isp202510020087
2025-10-08,"INVEST,LAUNCH",통신업계 '해킹 후폭풍'…3분기 합산 영업익 '1조원' 아래로,https://www.newsway.co.kr/news/view?ud=2025100215563388617
2025-10-08,INVEST,"“네모 그리기 전 집중부터” 남발은 금물, 코치 챌린지도 전략이다",https://m.sports.naver.com/basketball/article/065/0000285569
2025-10-08,INVEST,"삼성전기· LG 이노텍, 기술 초격차 이어갈 글로벌 인재확보 총력",http://www.hansbiz.co.kr/news/articleView.html?idxno=781505
2025-10-08,PARTNERSHIP,"국회, 국정감사에 최태원·정의선·정용진 등 재계 인사 대거 소환",https://www.newsis.com/view/NISX20251002_0003354173
2025-10-08,INVEST,"""포상 늘리고, 대학원 짓고""…삼성· LG ·SK, AI 인재 양성에 총력",https://it.chosun.com/news/articleView.html?idxno=2023092148500
2025-10-08,LAUNCH,"환절기가 왔다..뷰티업계, 피부장벽·영양 강화 제품 출시 잇따라",http://www.hansbiz.co.kr/news/articleView.html?idxno=781487
2025-10-08,"LAUNCH,REGUL",‘포스트 추석’ 국정감사 스타트…관전 포인트는?,https://www.etoday.co.kr/news/view/2513267
2025-10-08,LAUNCH,"LG 유플러스, ‘엑사원 3.5’ 경량화한 온디바이스 AI 개발",https://www.dt.co.kr/article/12021652?ref=naver
2025-10-08,"INVEST,LAUNCH","기업들의 운명, 해킹 막을 보안에 달렸다 [창간20주년 특별기획 – 기업...",https://biz.newdaily.co.kr/site/data/html/2025/10/02/2025100200253.html
2025-10-08,LAUNCH,"'1안타' 치고 이겼다고? 웃어야 하나, 울어야 하나…'타율 0.115' 삼성, 타...",https://www.spotvnews.co.kr/news/articleView.html?idxno=774498
2025-10-08,"INVEST,LAUNCH",SSG 준PO 직행 이유 있었나…1-2군 합동 관리→스터디형 전력 미팅→선...,https://www.mydaily.co.kr/page/view/2025100722081486644
2025-10-08,LAUNCH,"'하늘이 내린 1위'  LG 가 2년 전과 다른 이것, 이천 캠프에서 답 찾을까",https://www.spotvnews.co.kr/news/articleView.html?idxno=774483
2025-10-08,"INVEST,LAUNCH","김태형 명장 자존심에 금이 갔다… 부임 2년인데 순위가 그대로라니, 마...",https://www.spotvnews.co.kr/news/articleView.html?idxno=774497
2025-10-08,LAUNCH,"염경엽, 이범호·김태형·이강철 추월 확정?  LG  재계약 발표 언제 하나…...",https://www.mydaily.co.kr/page/view/2025100801435357651
2025-10-07,INVEST,"FA 박찬호 '100억설' 현실화되나 ""2구단 관심"",  LG  오지환 6년 124억 뛰어...",https://www.starnewskorea.com/sports/2025/10/08/2025100720411024169
2025-10-08,"CERT,LAUNCH,PARTNERSHIP","삼성과 준PO 격돌…이숭용 SSG 감독 ""와일드카드 결정전 잘 봤다, 랜더스...",https://www.xportsnews.com/article/2062437
2025-10-07,"CERT,LAUNCH",트럼프발 100% 관세…국내 바이오 '위기' 오나,http://www.koreareport.co.kr/news/articleView.html?idxno=40752
2025-10-07,"INVEST,REGUL",미국의 관세폭탄·안보겁박을 국민투표로 돌파하자!,http://www.tongilnews.com/news/articleView.html?idxno=214685
2025-10-07,"INVEST,PARTNERSHIP","한국관광공사,  LG 전자와 글로벌 방한객 유치 협업",https://www.asiatoday.co.kr/view.php?key=20251007010001574
2025-10-07,"INVEST,LAUNCH,REGUL","정규시즌 1위 결정한 그 방망이… 통산 3안타가 다 홈런, 구단의 뜻을 선...",https://www.spotvnews.co.kr/news/articleView.html?idxno=774479
2025-10-07,"CERT,INVEST,LAUNCH,PARTNERSHIP,REGUL",통화스왑 구걸과 환율 간섭 허용의 위험성,http://www.tongilnews.com/news/articleView.html?idxno=214684
2025-10-07,"CERT,LAUNCH","""개인정보 불안·번거로움 끝…중고폰 시장 선순환 이끌 것""",https://zdnet.co.kr/view/?no=20251007175237
2025-10-07,"CERT,INVEST,LAUNCH,REGUL",[봇규의 헬로BOT] 생존 조건이 된 로봇 혁신...전문가가 답한 미래向 키...,https://www.hellot.net/news/article.html?no=106078
2025-10-07,INVEST,"탄소중립 앞장선 글로벌 기업, RE100 산단 중요",http://www.jmbc.co.kr/news/view/58516
2025-10-07,"INVEST,LAUNCH","[EBN 오늘(7일) 이슈 종합] 금값 온스당 3977달러 사상 최고치…""단순 투...",https://www.ebn.co.kr/news/articleView.html?idxno=1681497
2025-10-07,"CERT,LAUNCH,PARTNERSHIP","삼성, 1안타 PS 승리 '최초 역사'…1회 밀어내기 2점→원태인 6이닝 무실...",https://www.xportsnews.com/article/2062375
2025-10-07,"CERT,LAUNCH",[긴급] ‘오라클 EBS’ 사용 기업 보안 경고등! 취약점 악용해 클롭 랜섬...,http://www.boannews.com/media/view.asp?idx=139672&kind=
2025-10-02,"LAUNCH,PARTNERSHIP","카페도, 편의점도 뭉쳐야 산다...격해지는 ‘제휴’ 전쟁",https://www.chosun.com/economy/market_trend/2025/10/07/ZVYTU6NZ35GD3LMINASXJD2D34/?utm_source=naver&utm_medium=referral&utm_campaign=naver-news
2025-10-07,INVEST,"‘김선형 종료 3초전 결승 자유투’ KT, 연장 접전 끝 현대모비스에 1점...",https://sports.donga.com/sports/article/all/20251007/132523813/1
2025-10-07,"CERT,INVEST,LAUNCH,PARTNERSHIP,REGUL","[박대석칼럼] 한미 관세협상 딜레마, 스테이블 코인이 답이다",https://www.fntoday.co.kr/news/articleView.html?idxno=365208
2025-10-07,REGUL,"LG 화학, 고객 맞춤형 혁신소재로 글로벌 시장 공략 - 독일 'K2025' 참가",https://www.webeconomy.co.kr/news/articleView.html?idxno=2024054
2025-10-07,PARTNERSHIP,"LH, 한국전파진흥협회·이동통신사와 공공주택 통신환경 개선",https://www.webeconomy.co.kr/news/articleView.html?idxno=2024056
2025-10-07,"CERT,LAUNCH,PARTNERSHIP","'푸른 피의 에이스' 역시 해냈다! 원태인, 벼랑 끝 수중전 '6이닝 무실점...",https://www.xportsnews.com/article/2062355
2025-10-07,LAUNCH,음식물처리기도 알고보니 중국에서 온 이모님? 국내 생산업체는 어디,https://www.joongang.co.kr/article/25372395
2025-10-07,INVEST,"김선형은 위닝 자유투, 함지훈은 결정적 자유투 실패, KT 연장 혈투 끝 ...",https://www.mydaily.co.kr/page/view/2025100716562913075
2025-10-02,LAUNCH,"탑런토탈솔루션, 150억원 규모 탑런머티리얼솔루션 주식 취득",http://www.edaily.co.kr/news/newspath.asp?newsid=04040966642328984
2025-10-02,LAUNCH,"""신제품 총 정리"" 애플, 10월 'M5 아이패드 프로·비전 프로' 등 5종 공개...",https://www.autodaily.co.kr/news/articleView.html?idxno=537314
2025-10-02,INVEST,"원익IPS, 증착·열처리 장비로 글로벌 반도체 공정 선도",https://www.pinpointnews.co.kr/news/articleView.html?idxno=382623
2025-10-02,"CERT,LAUNCH","올 10월, 애플 5개 이상 신제품 선보인다…기대작 총정리",https://www.digitaltoday.co.kr/news/articleView.html?idxno=595618
2025-10-02,LAUNCH,"애플, 이번 달 행사 열고 M5 칩 공개할까",https://zdnet.co.kr/view/?no=20251002072215
2025-10-02,"INVEST,ORDER,PARTNERSHIP","공정 안정성 책임진다… 유니셈 칠러,  OLED  라인 핵심 장착",https://www.pinpointnews.co.kr/news/articleView.html?idxno=382510
2025-10-02,LAUNCH,"﻿반석전자, 레노버 '리전 고2' 1차 예판 1분 만에 완판 달성",https://www.epnc.co.kr/news/articleView.html?idxno=323239
2025-10-07,LAUNCH,"""안방은 못 내준다""…삼성·LG 대응책은?[中 가전이 몰려온다③]",https://www.newsis.com/view/NISX20250928_0003347336
2025-10-02,"CERT,LAUNCH","솔벤텀코리아, 아쿠아퓨어 냉온정수기 신제품 출시",https://www.nocutnews.co.kr/news/6408090?utm_source=naver&utm_medium=article&utm_campaign=20251002090030
2025-10-02,"CERT,LAUNCH","솔벤텀코리아, 신제품 ‘아쿠아퓨어 냉온정수기’ 출시",https://www.donga.com/news/Economy/article/all/20250929/132486509/1
2025-10-02,LAUNCH,"솔벤텀코리아, Aqua-Pure™(아쿠아퓨어) 냉온정수기 신제품 출시",https://www.seoul.co.kr/news/economy/2025/10/01/20251001500023?wlog_tag3=naver
2025-10-02,"CERT,LAUNCH","솔벤텀코리아, Aqua-Pure™ 냉온정수기 신제품 출시",https://www.hankyung.com/article/202510019853O
2025-10-02,"CERT,LAUNCH","솔벤텀코리아, 'Aqua-Pure™ 냉온정수기' 신제품 선봬 ""냉수와 초고온수...",https://www.dailian.co.kr/news/view/1555290/?sc=Naver
2025-10-02,"CERT,LAUNCH","솔벤텀코리아, 'Aqua-Pure™ 냉온정수기' 신제품 선봬",https://view.asiae.co.kr/article/2025092914052625958
2025-10-02,LAUNCH,"솔벤텀코리아, Aqua-Pure™ 신제품 출시",https://www.hankookilbo.com/News/Read/A2025092915250000796?did=NA
2025-10-02,"INVEST,LAUNCH,REGUL",‘서울 관광 르네상스’ 꿈꾸는 길기연 대표 | “글로벌 MZ세대에게 가장...,http://monthly.chosun.com/client/news/viw.asp?ctcd=E&nNewsNumb=202510100053
2025-10-02,"INVEST,REGUL",[목요일 아침에] 누가 ‘테메레르 전함’ 예인선 침몰시키나,https://www.sedaily.com/NewsView/2GZ0RSPYK1
2025-10-02,"CERT,INVEST,LAUNCH,ORDER,REGUL","2차전지 관련주, '함박웃움' HB테크놀러지·삼기에너지솔루션즈·피아이...",http://www.finomy.com/news/articleView.html?idxno=240295
2025-10-01,"CERT,LAUNCH",[크크맨의 카라이프] 쿠페+AMG=메르세데스-AMG CLE 53 4MATIC+쿠페,http://www.sisacast.kr/news/articleView.html?idxno=83118
2025-10-01,LAUNCH,"카네, 차세대 플래그십 거리측정기 부쉬넬 ‘Pro XM’ 공개",http://www.wowtv.co.kr/NewsCenter/News/Read?articleId=A202510010820&t=NN
2025-10-01,LAUNCH,"다이트연구소 강병수 소장, 전국한의학학술대회서 '혈당과 한방 비만 치...",http://www.medisobizanews.com/news/articleView.html?idxno=129515
2025-10-01,INVEST,"원익머트리얼즈, 특수가스로 반도체·디스플레이 시장 공략",https://www.pinpointnews.co.kr/news/articleView.html?idxno=382195
2025-10-01,LAUNCH,"부쉬넬, 차세대 플래그십 'Pro XM' 출시",http://www.newsprime.co.kr/news/article.html?no=706606
2025-10-01,"CERT,INVEST,LAUNCH",'최초 OLED 디스플레이 탑재' 차세대 플래그십 거리측정기 부쉬넬 'Pro X...,https://www.mhnse.com/news/articleView.html?idxno=466836
2025-10-01,LAUNCH,"부쉬넬, 차세대 플래그십 거리측정기 Pro XM 출시",http://www.m-i.kr/news/articleView.html?idxno=1288901
2025-10-01,LAUNCH,"카네, 프리미엄 거리측정기의 진화 차세대 플래그십 부쉬넬 'Pro XM'",http://www.ktnews.com/news/articleView.html?idxno=141448
2025-10-01,LAUNCH,"프리미엄 거리측정기의 진화, 차세대 플래그십 부쉬넬 ‘Pro XM’ 출시",https://www.hankookilbo.com/News/Read/A2025100109500003933?did=NA
2025-10-01,LAUNCH,"삼성, 11만원짜리 저가폰 '갤럭시 M07' 인도서 조용히 출시",https://kbench.com/?q=node/271903
2025-10-01,LAUNCH,"아마존 킨들, 더 얇고 가볍다…AI 기반 노트 검색·컬러 필기 [MOVIEW]",https://www.ddaily.co.kr/page/view/2025100109203720519
2025-10-01,"LAUNCH,PARTNERSHIP,REGUL",아이디어가 현실이 되는 곳: 유럽 디스플레이 쇼룸 '프랑크푸르트 삼성...,http://www.issuenbiz.com/news/articleView.html?idxno=66821
2025-10-01,INVEST,"[2025국감] '먹튀'논란 한국옵티칼, 화재보험금 총 627억 수령 '논란'",https://www.ilyoseoul.co.kr/news/articleView.html?idxno=507952
2025-09-30,INVEST,‘먹튀’논란 한국옵티칼... 화재보험금 총 647억 수령,https://www.dailyt.co.kr/newsView/dlt202509300012
2025-09-30,INVEST,"中 디스플레이 기업 BOE, 400억 출자해 로봇 자회사 설립",https://www.irobotnews.com/news/articleView.html?idxno=42646
2025-09-30,"INVEST,LAUNCH","[CEO와칭] ""고객을 향한 혁신, 멈추지 않겠다"" LG 구광모 회장",http://www.metroseoul.co.kr/article/20250930500538
2025-09-30,CERT,"인텔 코어 울트라 9 & Z890 조합, 고성능 게이밍 PC 구성하기",https://www.ilovepc.co.kr/news/articleView.html?idxno=56251
2025-09-30,PARTNERSHIP,"저가형TV 중국업체에 아웃 소싱... LG전자, 비주력 제품 가격 경쟁력 강...",https://www.autodaily.co.kr/news/articleView.html?idxno=537123
2025-09-30,INVEST,"'브랜드 50년의 도전' 엡손… 삶 바꾸는 기술, 산업 혁신 선도",https://www.ajunews.com/view/20250929092120977
2025-09-30,"CERT,LAUNCH",전기차 구매부터 판매까지 관리… 맞춤형 프로그램 ‘EV 에브리케어’,https://www.donga.com/news/Economy/article/all/20250929/132474695/2
2025-09-30,"CERT,LAUNCH","현대자동차, 고객 중심 혁신으로 'KCSI 전 부문 1위' 달성",https://www.mk.co.kr/article/11431990
2025-09-29,LAUNCH,"라온텍 ""엘코스 기반 AR 광학 모듈 공급""",http://www.thelec.kr/news/articleView.html?idxno=41586
2025-09-29,LAUNCH,"청소기는 청소를 잘해야...삼성전자, 무선 스틱 청소기 미국·유럽에서...",https://www.greened.kr/news/articleView.html?idxno=331682
2025-09-29,LAUNCH,"삼성 무선 청소기, 미국·유럽 7개국 소비자연맹지 1위 석권",https://www.ezyeconomy.com/news/articleView.html?idxno=222586
2025-09-29,LAUNCH,"뉴로메카, E-ONG과 합작법인 설립…중국 로봇 시장 본격 진출",https://www.epnc.co.kr/news/articleView.html?idxno=323086
2025-09-29,LAUNCH,"삼성전자 무선 청소기, 미국·유럽 7개국 소비자연맹지 1위",https://www.siminilbo.co.kr/news/newsview.php?ncode=1160285501553417
2025-09-29,"CERT,INVEST",‘기본기’로 제조 위상 높이고 ‘혁신성’으로 세계 주도,https://www.junggi.co.kr/article/articleView.html?no=34574
2025-09-29,LAUNCH,"삼성 무선 청소기, 미국·유럽 7개국 소비자연맹지 1위",https://www.hinews.co.kr/view.php?ud=202509291123512160dacad52b71_48
2025-09-29,LAUNCH,"에이스침대, 1mm 초슬림 '닥터스 온열매트' 론칭",http://www.ikld.kr/news/articleView.html?idxno=321347
2025-09-29,INVEST,[더벨]중국 굴기와 아침 알람,https://www.thebell.co.kr/free/content/ArticleView.asp?key=202509251454192800108131
2025-09-29,INVEST,삼성디스플레이 40조 챙길 때 8조 날려버린 LG디스플레이...이유는?,http://www.financialreview.co.kr/news/articleView.html?idxno=37308
2025-09-29,"LAUNCH,PARTNERSHIP","테브론, 뷰티 테크 솔루션 '시그니쳐 무브' 출시",http://www.sisunnews.co.kr/news/articleView.html?idxno=229437
2025-09-28,LAUNCH,"삼성전자 무선 청소기, 미국·유럽 7개국 소비자연맹지 1위 휩쓸었다",https://www.autodaily.co.kr/news/articleView.html?idxno=537048
2025-09-28,INVEST,"첨단산업 밀어주는 中, 7개 분야 '글로벌 1위' 배출",https://www.hankyung.com/article/2025092832451
2025-09-28,LAUNCH,"삼성전자 무선 청소기, 미국·유럽 7개국 소비자 연맹지 1위",https://www.cstimes.com/news/articleView.html?idxno=669852
2025-09-28,LAUNCH,"삼성전자 무선 청소기, 미국·유럽 7개국 소비자연맹지서 1위 석권",https://zdnet.co.kr/view/?no=20250928153659
2025-09-28,LAUNCH,"삼성 '비스포크 AI 제트 400W', 미국·유럽 신뢰도 최고",https://www.joongboo.com/news/articleView.html?idxno=363704730
2025-09-28,LAUNCH,"삼성전자 무선 청소기, 미국·유럽 7개국 소비자연맹지 1위 휩쓸어",https://www.s-journal.co.kr/news/articleView.html?idxno=34113
2025-09-28,LAUNCH,"삼성 무선 청소기, 美·유럽 소비자 매체 평가 1위 휩쓸었다",http://www.fnnews.com/news/202509281503257198
2025-09-28,"INVEST,LAUNCH,REGUL",[ET톡]공격 필요한 디스플레이,https://www.etnews.com/20250926000210
2025-09-28,LAUNCH,"삼성전자 무선 청소기, 미국·유럽 7개국 소비자연맹지 평가 '1위'",https://www.asiaa.co.kr/news/articleView.html?idxno=225176
2025-09-28,LAUNCH,"삼성전자 무선 청소기, 글로벌 소비자연맹지 1위 '휩쓸어'",http://www.m-i.kr/news/articleView.html?idxno=1287403
2025-09-28,LAUNCH,"삼성전자 무선 청소기, 미국·유럽 7개국 소비자연맹지 평가 1위",http://www.shinailbo.co.kr/news/articleView.html?idxno=2123853
2025-09-28,LAUNCH,"삼성전자 무선 스틱 청소기, 美·유럽 소비자연맹지 1위 휩쓸어",http://www.metroseoul.co.kr/article/20250928500063
2025-09-28,LAUNCH,"삼성전자 무선 청소기, 미국·유럽 7개국 소비자연맹지 1위 선정",https://www.betanews.net/article/view/beta202509280006
2025-09-28,LAUNCH,"삼성전자 무선 청소기, 美·유럽 7개국 소비자연맹지 1위",https://www.newspim.com/news/view/20250928000038
2025-09-28,LAUNCH,"미국·유럽 소비자, 삼성 무선 청소기에 '엄지척'…7개국서 1위",https://www.mt.co.kr/industry/2025/09/28/2025092809563379916
2025-09-28,LAUNCH,"삼성전자 무선청소기, 美·유럽 소비자연맹지 1위 휩쓸어",http://thetracker.co.kr/View.aspx?No=3799342
2025-09-28,LAUNCH,"삼성전자 무선 청소기, 美·유럽 7개국 소비자연맹지 1위 석권",https://www.newscj.com/news/articleView.html?idxno=3322775
2025-09-28,LAUNCH,"삼성전자 무선 청소기, 미국·유럽 7개국 소비자연맹지서 잇다른 1위 호...",https://www.businessplus.kr/news/articleView.html?idxno=98245
2025-09-28,LAUNCH,"삼성전자 무선 청소기, 미국·유럽 7개국소비자연맹지서 1위 차지",https://www.viva100.com/article/20250928500286
2025-09-28,LAUNCH,"삼성전자 무선 청소기, 美·유럽 7개국 소비자연맹지 1위 휩쓸어",https://www.youthdaily.co.kr/news/article.html?no=197680
2025-09-28,LAUNCH,"삼성전자 무선 청소기, 미국·유럽 소비자연맹지 1위 휩쓸어",http://www.segyebiz.com/newsView/20250928503805?OutUrl=naver
2025-09-28,"CERT,LAUNCH,PARTNERSHIP","삼성 비스포크 무선 스틱청소기, 해외서 줄줄이 '1위' 호평",https://www.wolyo.co.kr/news/articleView.html?idxno=301815
2025-09-28,LAUNCH,"삼성전자 무선 청소기, 미국·유럽 7개국 소비자매체 평가 1위 휩쓸어",http://www.worktoday.co.kr/news/articleView.html?idxno=74805
2025-09-28,LAUNCH,"삼성 비스포크 무선 청소기, 미국·유럽 소비자연맹지 1위",https://www.seoulfn.com/news/articleView.html?idxno=608310
2025-09-28,LAUNCH,"삼성전자 무선청소기, 美·EU 소비자 매체 평가 1위 휩쓸어",https://www.ngonews.kr/news/articleView.html?idxno=215061
2025-09-28,LAUNCH,"삼성 무선 청소기, 미국·유럽 7개국 소비자연맹지서 1위",https://www.g-enews.com/view.php?ud=202509280832384176ed0c62d49_1
2025-09-28,LAUNCH,"삼성 무선청소기, 美·유럽 소비자연맹지 1위 휩쓸었다",http://www.edaily.co.kr/news/newspath.asp?newsid=01220166642304712
2025-09-28,LAUNCH,"삼성전자 무선 스틱 청소기, 미국·유럽서 소비자 호평 휩쓸어",https://www.dt.co.kr/article/12020442?ref=naver
2025-09-28,LAUNCH,"삼성전자 무선 청소기, 미국·유럽 7개국 소비자연맹지 인기 1위 '독 차...",http://www.popcornnews.net/news/articleView.html?idxno=96034
2025-09-28,LAUNCH,"삼성 무선청소기, 美·유럽 7개국 소비자평가 1위 석권",https://www.newswhoplus.com/news/articleView.html?idxno=41941
2025-09-28,LAUNCH,"삼성 무선청소기, 美·유럽 소비자평가 1위 휩쓸어",https://www.abcn.kr/news/articleView.html?idxno=82952
2025-09-28,LAUNCH,"삼성 무선 스틱 청소기, 美·유럽 7개국 소비자紙 1위 '싹쓸이'",https://www.financialpost.co.kr/news/articleView.html?idxno=234038
2025-09-28,LAUNCH,"삼성 '무선 청소기', 미국·유럽 소비자연맹지 1위 휩쓸어",https://www.asiatoday.co.kr/view.php?key=20250928010014926
2025-09-28,LAUNCH,"삼성 무선청소기, 미국·유럽 7개국 소비자연맹지 1위 휩쓸어",https://www.slist.kr/news/articleView.html?idxno=681540
2025-09-28,LAUNCH,"삼성전자 무선 청소기, 미국·유럽 7개국 소비자 연맹지 호평",https://www.raonnews.com/news/article.html?no=51588
2025-09-28,LAUNCH,"""올 추석도 건강하게""…제약사들, 힐링 특별기획전 '풍성'",https://www.newsis.com/view/NISX20250926_0003345981
2025-09-28,LAUNCH,에이스침대. 환절기 따뜻한 '닥터스 온열매트' 출시,http://www.metroseoul.co.kr/article/20250927500129
2025-09-27,LAUNCH,90Hz 화면 내장한 저가형 갤럭시탭A11 출시,https://www.betanews.net/article/view/beta202509270008
2025-09-27,"INVEST,LAUNCH","LG디스플레이, OLED 기술로 중국 추격 따돌린다 …시장 기대감 고조",https://www.econovill.com/news/articleView.html?idxno=713010
2025-09-27,"INVEST,LAUNCH","[기자수첩] 150조 국민성장펀드, 우는 아이 모두 젖을 줄 순 없다",https://www.greened.kr/news/articleView.html?idxno=331642
2025-10-09,"INVEST,LAUNCH","삼성·LG디스플레이 '미래 모빌리티'서 새 먹거리 찾아, '차량용  OLED ' 각...",https://www.businesspost.co.kr/BP?command=article_view&num=414799
2025-10-08,"LAUNCH,ORDER","삼성디스플레이, 애플 폴더블 아이폰용  OLED 패널  독점 공급권 확보",https://www.autodaily.co.kr/news/articleView.html?idxno=537448
2025-10-08,"INVEST,LAUNCH,PARTNERSHIP",“중국TV 쓰기 좀 불안한데”…삼성전자 반격의 열쇠 된 ‘이 기술’,https://www.mk.co.kr/article/11437375
2025-10-08,"INVEST,LAUNCH,ORDER","中 LCD 휩쓸자 … 삼성,  OLED  TV로 돌파구",https://www.mk.co.kr/article/11437289
2025-10-08,"CERT,INVEST,LAUNCH,ORDER,PARTNERSHIP","뉴로메카, ‘2028년 147조’ 中 시장 노린다...LTOM 그룹과 합작법인 설...",https://www.hellot.net/news/article.html?no=106079
2025-10-08,LAUNCH,"LG 올레드 TV, ""'기술 복리효과'로 왕좌 유지할 듯""",http://www.fnnews.com/news/202510081346500509
2025-10-08,LAUNCH,"""10년 넘게 쌓아온 기술력 복리 효과… LG 올레드 TV왕좌 굳건""",http://www.biztribune.co.kr/news/articleView.html?idxno=341303
2025-10-09,LAUNCH,"삼성 갤 폴드7-플립7, 美-유럽 소비자평가 최고점",https://www.donga.com/news/Economy/article/all/20251008/132526896/2
2025-10-08,LAUNCH,삼성전자 폴드·플립7 해외 소비자 최고 평가…트라이폴드 공개도 임박,https://www.imaeil.com/page/view/2025100811262320383
2025-10-08,"CERT,LAUNCH,ORDER","[Biz&Law] 협력사 기술 탈취?…삼성전자, 무선충전 기술 특허침해 피소",http://www.seoulwire.com/news/articleView.html?idxno=674277
2025-10-08,LAUNCH,"ESG와 첨단 소재 결합…소니드, 차세대 전자재료 사업 확장",https://www.pinpointnews.co.kr/news/articleView.html?idxno=383308
2025-10-08,"INVEST,LAUNCH","삼성전자 갤럭시 Z 폴드7·플립7, 美 소비자 평가서 최고점",https://www.mk.co.kr/article/11437162
2025-10-08,LAUNCH,폴드7·플립7 해외서 최고 평가…'두 번 접히는' 트라이폴드 공개 임박,http://www.m-i.kr/news/articleView.html?idxno=1289823
2025-10-08,LAUNCH,삼성전자 폴드7·플립7 해외 소비자지 최고 평가…트라이폴드 출격 임박,https://www.tfmedia.co.kr/news/article.html?no=196284
2025-10-08,LAUNCH,"갤럭시 폴드7·플립7, 美·유럽 소비자평가 1위…‘세번 접는 폰’ 연내...",https://www.donga.com/news/Economy/article/all/20251008/132524666/1
2025-10-08,LAUNCH,폴드7·플립7 해외 소비자지 최고 평가,https://www.econovill.com/news/articleView.html?idxno=714058
2025-10-08,LAUNCH,"中 아너, 올해 스마트폰 판매 목표치 달성 전망…내년 2000만대 상향",https://www.etnews.com/20251008000021
2025-10-08,LAUNCH,'트라이폴드' 앞두고 호평 받은 폴드7·플립7,http://www.smedaily.co.kr/news/articleView.html?idxno=340054
2025-10-08,LAUNCH,"삼성 갤럭시 Z 폴드7·플립7, 美·유럽서 '최고  폴더블 폰' 평가",https://www.tokenpost.kr/news/tech/292430
2025-10-08,"INVEST,PARTNERSHIP","유티아이, 삼성 협력·코닝 기술에 이어 'Flexible Glass'로 신시장 연다",https://www.pinpointnews.co.kr/news/articleView.html?idxno=383272
2025-10-08,LAUNCH,폴드7·플립7 해외 소비자지 호평…트라이폴드 출격 임박,http://www.yonhapnewstv.co.kr/AKR20251008104330KMw
2025-10-08,LAUNCH,폴드7·플립7 해외 소비자 최고 평가…트라이폴드 출격 임박,https://www.betanews.net/article/view/beta202510080007
2025-10-08,LAUNCH,"삼성 갤럭시Z 폴드7·플립7, 해외 소비자지 최고 평가",https://www.newscj.com/news/articleView.html?idxno=3325703
2025-10-08,INVEST,"LED  기술 혁신 앞장…서울반도체, 차세대 고효율 제품 개발 박차",https://www.pinpointnews.co.kr/news/articleView.html?idxno=383314
2025-10-08,"CERT,LAUNCH,REGUL",[테크 리포트] 의료기기 설계를 위한 최적의 배터리 선택 방법,https://www.epnc.co.kr/news/articleView.html?idxno=322362
2025-10-07,"INVEST,LAUNCH,REGUL","세계는 화합물반도체 전쟁 중, 韓 생태계 육성부터",https://shindonga.donga.com/3/all/13/5883196/1
2025-10-04,"LAUNCH,PARTNERSHIP","삼성전자, 니오와 생성형 디지털 아트 설치 작품 ' 코드 오브 네이처' 공...",https://www.theguru.co.kr/news/article.html?no=92405
2025-10-03,"CERT,LAUNCH",[2025 네트워크 스위치 제품&솔루션 리포트] 네트워크 스위치가 만드는...,http://www.boannews.com/media/view.asp?idx=139550&kind=
2025-10-03,INVEST,"차세대 반도체 소재 '웨이브로드', 130억 투자 유치",https://www.newstopkorea.com/news/articleView.html?idxno=40219
2025-10-02,LAUNCH,선명한 4K 해상도에 AI 더한 IP 카메라... 티피링크 타포 C260,https://www.ilovepc.co.kr/news/articleView.html?idxno=56305
2025-10-02,"INVEST,LAUNCH","[더벨]스틱벤처스, 웨이브로드 팔로우온 투자",https://www.thebell.co.kr/free/content/ArticleView.asp?key=202510011524297080109388
2025-10-02,LAUNCH,"[현장]가전 매장인가, 갤러리인가…기술과 예술이 만난 청담동의 LG 플래...",https://www.hankookilbo.com/News/Read/A2025090415470003453?did=NA
2025-10-01,LAUNCH,"중앙대, 고강도 단열난연 경량 복합소재 개발",https://www.thebk.co.kr/news/articleView.html?idxno=302797
2025-10-01,LAUNCH,[1일 대학가] 고려대·이화여대·중앙대·성균관대,https://www.asiatime.co.kr/article/20251001500425
2025-10-01,"CERT,LAUNCH,PARTNERSHIP","[대학가 오늘] 중앙대, 고강도 단열·난연 경량 복합소재 개발 外",http://www.metroseoul.co.kr/article/20251001500523
2025-10-01,LAUNCH,최신 스마트폰 렌즈 '폰 마이크로 ' 300배 확대 기능으로 미세 세계 탐험...,https://www.cbci.co.kr/news/articleView.html?idxno=534665
2025-10-01,INVEST,코세스 주가 불 뿜는다... 고속·고정밀 제어 기술로 미래 성장동력 확...,https://www.pinpointnews.co.kr/news/articleView.html?idxno=382064
2025-10-01,LAUNCH,"진화하는 사이니지, 2030년 시장규모 58조…삼성·LG, TV 구원투수",https://www.news1.kr/industry/general-industry/5930754
2025-10-01,LAUNCH,"' LED  혁명' 노벨상 수상자의 일침 ""당신 연구는 세상에 보탬 되나"" [창간...",https://www.joongang.co.kr/article/25371392
2025-09-30,LAUNCH,"SKT·KT, 'AI 페스타'서 최신 AI 기술 집중 조명",https://daily.hankooki.com/news/articleView.html?idxno=1278327
2025-09-30,LAUNCH,삼성은 자동차·LG는 축구장…글로벌 사이니지 맞대결,https://www.asiatime.co.kr/article/20250930500345
2025-09-30,LAUNCH,"삼성전자 DX부문, 3분기 B2C·B2B 공세 강화…TV·가전, 실적 반등 '총력...",https://www.techm.kr/news/articleView.html?idxno=145043
2025-09-30,"CERT,LAUNCH",미 무바늘 혈당 패치 첫 승인,http://www.bosa.co.kr/news/articleView.html?idxno=2259007
2025-09-30,INVEST,"작지만 강한 칩…사피엔반도체, 차세대 디스플레이 숨은 주역",https://www.pinpointnews.co.kr/news/articleView.html?idxno=381606
2025-09-30,"INVEST,LAUNCH,ORDER,PARTNERSHIP",[증시 시황] 상한가 일정실업·동양우선주 급등… AI·우주항공 테마 동...,https://www.topstarnews.net/news/articleView.html?idxno=15824247
2025-09-29,ORDER,"삼성전자, 40개국 토요타 매장에 스마트 사이니지 2만3000대 공급",https://www.gpkorea.com/news/articleView.html?idxno=134409
2025-09-29,LAUNCH,"삼성전자, 전 세계 1250개 토요타 매장에 스마트 사이니지 공급",http://www.e2news.com/news/articleView.html?idxno=323691
2025-09-29,LAUNCH,"현대모비스, 車반도체 국산화 시동…삼성전자·LX세미콘 등 협력",http://www.thelec.kr/news/articleView.html?idxno=41577
2025-09-29,"CERT,LAUNCH","삼성전자, 토요타에 '스마트 사이니지' 공급",https://www.startuptoday.co.kr/news/articleView.html?idxno=517584
2025-09-29,"CERT,LAUNCH,PARTNERSHIP,REGUL",[AT 산업 단신] 삼성전자·LG전자·대한전선·대한화섬·로보락,https://www.asiatime.co.kr/article/20250929500358
2025-09-29,INVEST,"삼성전자, 도요타에 스마트 사이니지 2만3000대 공급",https://www.mk.co.kr/article/11431917
2025-09-29,LAUNCH,"삼성전자, 전 세계 토요타 매장에 스마트 사이니지 2.3만대 공급",https://www.koit.co.kr/news/articleView.html?idxno=202505
2025-09-29,INVEST,도요타 매장에 초대형 삼성전자 사이니지,https://www.mk.co.kr/article/11431901
2025-09-29,LAUNCH,"삼성전자, 토요타와 손잡고 전세계 매장 디지털화",https://www.ezyeconomy.com/news/articleView.html?idxno=222582
2025-09-29,INVEST,"충남TP, 유기반도체 기업 ‘클랩’ 충남 유치",http://amenews.kr/news/view.php?idx=64025
2025-09-29,LAUNCH,"라온텍, 고성능 AR용 광학 모듈 공급 개시",https://www.widedaily.com/news/articleView.html?idxno=279342
2025-09-29,"CERT,LAUNCH,ORDER,PARTNERSHIP","[재계는 지금] KT, GPT-4o 기반 'SOTA K' 공개 外",https://dealsite.co.kr/articles/148991
2025-09-29,PARTNERSHIP,"삼성전자, 日토요타에 스마트 사이니지 2.3만대 공급…시장 점유율 17년...",http://www.wikileaks-kr.org/news/articleView.html?idxno=175536
2025-09-29,LAUNCH,"삼성전자, 토요타에 스마트 사이니지 2만3000대 공급",https://www.econovill.com/news/articleView.html?idxno=713152
2025-09-29,"CERT,REGUL",[오늘의 전자] 삼성전자·LG전자,http://www.financialreview.co.kr/news/articleView.html?idxno=37319
2025-09-29,LAUNCH,"'車 매장도 디지털 전환'···삼성전자, 토요타 전시장 스마트 사이니...",http://www.enewstoday.co.kr/news/articleView.html?idxno=2335375
2025-09-29,LAUNCH,"삼성전자, 日 토요타에 스마트 시니지 2만3000대 및 솔루션 공급",https://www.ddaily.co.kr/page/view/2025092909134485587
2025-09-29,INVEST,"삼성전자, 토요타 전시장에 스마트 사이니지 2만3천 대 공급",https://www.businesspost.co.kr/BP?command=article_view&num=413909
2025-09-29,PARTNERSHIP,"삼성전자, 토요타와 손잡고 40개국 매장 '디지털 전환' 주도",http://www.newslock.co.kr/news/articleView.html?idxno=116619
2025-09-29,LAUNCH,"삼성전자, 日 토요타 40개국 전시장 '스마트 사이니지' 공급",https://www.news1.kr/industry/electronics/5928032
2025-09-29,"LAUNCH,PARTNERSHIP","삼성전자, 토요타 매장에 스마트 사이니지 공급",http://theviewers.co.kr/View.aspx?No=3799958
2025-09-29,PARTNERSHIP,"삼성전자, 日 토요타와 맞손…스마트 사이니지 공급",http://www.m-i.kr/news/articleView.html?idxno=1287545
2025-09-29,"INVEST,LAUNCH","“중국 말고, 스마트안경 부품 기업 어디 없나?”…애타는 메타, 결국 찾...",https://www.mk.co.kr/article/11431343
2025-09-28,"INVEST,LAUNCH","메타 ""스마트안경 부품, 중국보다 한국서""",https://www.mk.co.kr/article/11431116
2025-09-28,LAUNCH,[오늘 뭐했니?] LG전자·LG유플러스·LG생활건강,http://www.financialreview.co.kr/news/articleView.html?idxno=37301
2025-09-28,LAUNCH,"""요즘 폰 다 똑같다""며 등장한 낫싱 폰(3)…스마트폰에 현대미술을 얹다",https://www.newsis.com/view/NISX20250926_0003345651
2025-09-27,"CERT,INVEST,LAUNCH,PARTNERSHIP","LS일렉트릭, LG전자·한전과 직류 기반 스마트팩토리 사업 본격화",http://www.bizwnews.com/news/articleView.html?idxno=112659
2025-09-26,"INVEST,LAUNCH","정철동 LG디스플레이 사장 ""韓 미래는 OLED… 하반기 실적 개선 확대 전...",https://www.newscj.com/news/articleView.html?idxno=3322517
2025-09-26,"INVEST,LAUNCH","정철동 ""미니  LED , OLED 화질 따라올 수 없어""",https://dealsite.co.kr/articles/148955
2025-09-26,INVEST,"정철동 LG디스플레이 사장 ""하반기 더 좋은 실적 기대""",https://www.greened.kr/news/articleView.html?idxno=331635
2025-09-26,"INVEST,LAUNCH","[현장] 韓 IT산업 기둥 '디스플레이', 미래 청사진은",https://www.sisaweek.com/news/articleView.html?idxno=229427
2025-09-26,INVEST,"충남TP, 유기 반도체 선도기업 클랩(CLAP) 충남에 불러들였다",https://www.gukjenews.com/news/articleView.html?idxno=3388864
2025-09-26,INVEST,"정철동 LGD 사장 ""하반기 실적 개선… 연간 흑자 전환 위해 노력""",https://www.moneys.co.kr/article/2025092618224898705
2025-09-26,INVEST,"정철동 ""OLED의 미래도 OLED""…LGD 흑자 전환 가속",http://news.bizwatch.co.kr/article/industry/2025/09/26/0055
2025-09-26,"INVEST,LAUNCH","정철동 LGD 사장 "" 마이크로 ·미니 RGB  LED , 올레드 못 따라올 기술""",https://daily.hankooki.com/news/articleView.html?idxno=1276974
2025-09-26,"INVEST,LAUNCH",삼성D “8.6세대 2분기 양산” LGD “8.6세대 열려있다”,https://www.etnews.com/20250926000345
2025-09-26,"INVEST,LAUNCH","삼성D·LGD 사장, '하반기 실적 개선' 한목소리…전통적 성수기 기대",https://www.mt.co.kr/industry/2025/09/26/2025092618155981728
2025-09-26,"INVEST,LAUNCH","LGD 정철동 ""미니  LED 도 결국 LCD…OLED 못 이긴다""",http://www.edaily.co.kr/news/newspath.asp?newsid=03945846642304056
2025-09-26,LAUNCH,정철동 LG디스플레이 사장 “흑자 전환 위해 노력… 하반기 실적 개선 ...,https://biz.chosun.com/it-science/ict/2025/09/26/NCTCX65H4BHK5KIBDY7JG7J24M/?utm_source=naver&utm_medium=original&utm_campaign=biz
2025-09-26,INVEST,"정철동 LGD 사장, OLED 패널 초격차 자신...""하반기 실적 확대 전망""",https://zdnet.co.kr/view/?no=20250926181735
2025-09-26,"INVEST,LAUNCH","정철동 LGD 사장 ""연간 흑자 가능성 있다"" 자신감",https://www.newspim.com/news/view/20250926000946
2025-09-26,INVEST,정철동 LGD 사장 “올레드 기술력 자신…하반기 흑자 전환 최선”,https://www.etoday.co.kr/news/view/2510794
2025-09-26,INVEST,"정철동 LGD 사장 ""하반기 실적, 상반기 이상 개선 있을 것""",https://biz.newdaily.co.kr/site/data/html/2025/09/26/2025092600377.html
2025-09-26,INVEST,"정철동 LGD 대표 ""미니  LED 도 결국 LCD, OLED 못 이겨…8.6세대 투자 중장...",https://www.ddaily.co.kr/page/view/2025092617511318533
2025-09-26,"CERT,INVEST,REGUL","'바늘 없는 혈당측정기' 시대 개막, 미 FDA 바이오링크 샤인에 첫 허가",https://www.pharmnews.com/news/articleView.html?idxno=263444
2025-09-26,"INVEST,LAUNCH",""" 마이크로 LED  스마트워치 시장, 5년후 7.5배 성장""",http://www.thelec.kr/news/articleView.html?idxno=41454
2025-09-26,"LAUNCH,PARTNERSHIP,REGUL","삼성전자, 인도서 ‘AI 홈’ 공개…미래 생활 경험 선보여 外 LG디스플레...",https://www.kukinews.com/article/view/kuk202509260099
2025-09-26,INVEST,"충남테크노파크, 유기 반도체 기업 '클랩' 유치",https://www.energy-news.co.kr/news/articleView.html?idxno=218306
2025-10-08,"CERT,INVEST",[The First 리뷰] 매일 10분이면 두피 관리 끝... 바디프랜드  미니  '두피...,http://www.thefirstmedia.net/news/articleView.html?idxno=182838
2025-10-05,INVEST,"""농어촌 기본소득 시범사업, 화순으로!"" 화순군, 유치 결의대회 개최로...",http://www.breaknews.com/1152552
2025-10-03,LAUNCH,"원도어 모여라~! 멜론 스포트라이트, 보이넥스트도어  미니  5집 ‘The Acti...",https://sports.khan.co.kr/article/202510030858003?pt=nv
2025-10-02,"CERT,LAUNCH",[Today Auto]현대차그룹 'H-점프스쿨 인도네시아' 2기 발대식 개최 外,http://www.press9.kr/news/articleView.html?idxno=67716
2025-10-02,LAUNCH,"동아대 공두형 박사과정생, ‘IMID 2025’ 우수포스터상 받아",https://www.cnbnews.com/news/article.html?no=754167
2025-10-02,LAUNCH,"동아대 공두형 박사과정생, 'IMID 2025' 우수포스터상 수상",http://www.enewstoday.co.kr/news/articleView.html?idxno=2337349
2025-10-02,LAUNCH,보이넥스트도어 쇼케이스 가고 싶다면 ‘멜론 스포트라이트’로,https://www.kukinews.com/article/view/kuk202510020118
2025-10-02,LAUNCH,"동아대 화학공학과 공두형 박사과정생, ‘IMID 2025’ 우수포스터상 받...",https://www.busan.com/view/busan/view.php?code=2025100214372289031
2025-10-02,LAUNCH,"원도어 시선집중!…멜론 스포트라이트, 보넥도 팬 위한 '특별 선물'",https://www.etnews.com/20251002000198
2025-10-02,LAUNCH,"멜론 스포트라이트, 보이넥스트도어 함께 '독점 콘텐츠 & 이벤트' 선물",http://www.fnnews.com/news/202510021448433991
2025-10-02,LAUNCH,동아대 화학공학과 공두형 박사과정생 'IMID 2025' 우수포스터상 수상,http://www.veritas-a.com/news/articleView.html?idxno=575852
2025-10-02,LAUNCH,"'IMID 2025 수상' 동아대 공두형, '균일 광치료 패치' 최초 개발",https://www.joongdo.co.kr/web/view.php?key=20251002010000783
2025-10-02,CERT,"TCL, QD- 미니 LED  TV로 ‘EISA 어워즈’ 및 ’IFA 2025’ 동시 수상",https://www.dnews.co.kr/uhtml/view.jsp?idxno=202510021325059620999
2025-10-02,LAUNCH,"멜론 스포트라이트, 보이넥스트도어 컴백 앞두고 이벤트 쏟아진다",https://www.tenasia.co.kr/article/2025100232134
2025-10-02,LAUNCH,"동아대 화학공학과 공두형 박사과정생, 'IMID 2025' 우수포스터상 받아",http://www.kyosu.net/news/articleView.html?idxno=145720
2025-10-02,CERT,"TCL, QD- 미니 LED  TV로 ‘EISA 어워즈’ 및 ’IFA 2025’에서 동시 수상",http://www.edaily.co.kr/news/newspath.asp?newsid=02807686642328984
2025-10-02,CERT,"TCL, QD- 미니 LED  TV로 'EISA 어워즈'·'IFA 2025' 동시 수상",https://www.ajunews.com/view/20251002094313822
2025-10-02,CERT,"TCL, QD- 미니 LED  TV로 ‘EISA 어워즈’·‘IFA 2025’ 수상",https://www.dailian.co.kr/news/view/1556766/?sc=Naver
2025-10-02,CERT,"TCL, QD- 미니 LED  TV로 'EISA 어워즈'·'IFA 2025'에서 동시 수상",https://view.asiae.co.kr/article/2025100209301738944
2025-10-02,LAUNCH,"""보이넥스트도어 열기 가득""… 미니  5집 'The Action' 컴백→멜론 스포트...",https://www.topstarnews.net/news/articleView.html?idxno=15826851
2025-10-02,LAUNCH,"멜론 스포트라이트, 보이넥스트도어  미니  5집 'The Action' 발매 기념 콘...",https://www.stardailynews.co.kr/news/articleView.html?idxno=503287
2025-10-02,LAUNCH,"보이넥스트도어, 20일 멜론 뮤직웨이브 실시간 채팅 등 'The Action' 컴백 ...",https://www.slist.kr/news/articleView.html?idxno=682766
2025-10-02,LAUNCH,"‘中 스마트홈 역습’⋯ 삼성·LG, 안방마저 ‘사정권’",https://www.viva100.com/article/20251001500698
2025-10-01,LAUNCH,"[현장] '두근두근타운'에 발길이 멈췄다… XD, TGS 2025서 생활형·시네...",https://www.gokorea.kr/news/articleView.html?idxno=841618
2025-10-01,"INVEST,LAUNCH,PARTNERSHIP",[Today Auto]현대자동차 '아이오닉 6 N' 판매 개시 外,http://www.press9.kr/news/articleView.html?idxno=67660
2025-10-01,REGUL,"""TV가 안 나와요""…한국선 먹통인 中 샤오미, 알고보니 '황당'",https://www.hankyung.com/article/202509306602g
2025-09-30,INVEST,"""2036 전주올림픽, 시민이 먼저 뛰다"" 범시민 문화축제 성료",https://www.thefairnews.co.kr/news/articleView.html?idxno=57280
2025-09-30,INVEST,'전주올림픽 유치 붐 조성'…범시민 문화축제 개최,http://www.jeollailbo.com/news/articleView.html?idxno=780063
2025-09-30,INVEST,전주시민 '올림픽 유치' 열망 활~활,http://www.jjn.co.kr/news/articleView.html?idxno=1019163
2025-09-30,"CERT,LAUNCH","""쇼핑하러 왔다가 캠핑하고 가요!"" 가을 캠핑장으로 변신한 롯데 아울렛...",https://www.asiatoday.co.kr/view.php?key=20250930001641389
2025-09-30,LAUNCH,"작지만 강하다… 크나우스, 3000만원대 다용도 초소형 캠핑카 출시",https://www.thedrive.co.kr/news/newsview.php?ncode=1065585463986651
2025-09-29,"CERT,INVEST,LAUNCH,PARTNERSHIP","데브시스터즈, 롯데 아울렛서 가을 팝업 ‘쿠키캠프’ 개최…10월 의왕...",https://www.xportsnews.com/article/2059409
2025-09-29,"CERT,LAUNCH","데브시스터즈, 롯데 프리미엄 아울렛에서 '쿠키캠프' 팝업 개최",http://www.worktoday.co.kr/news/articleView.html?idxno=74894
2025-09-29,LAUNCH,'블루 프로토콜: 스타 레조넌스'와 '두근두근 타운'으로 꾸며진 '도쿄게...,https://www.stardailynews.co.kr/news/articleView.html?idxno=502959
2025-09-29,"CERT,LAUNCH","데브시스터즈, 롯데 프리미엄 아울렛서 ‘쿠키캠프’ 팝업 개최",http://www.metroseoul.co.kr/article/20250929500493
2025-09-29,LAUNCH,축제로 물든 인천의 가을…도시 곳곳 흥겨운 무대,https://www.hankyung.com/article/2025092941031
2025-09-29,"CERT,LAUNCH",[게임in도쿄] 서브컬처 전성기·멀티플랫폼 가속…韓中 강세·日 주춤,https://www.bloter.net/news/articleView.html?idxno=644842
2025-09-29,"CERT,LAUNCH","데브시스터즈, 롯데 프리미엄 아울렛서 '쿠키캠프' 팝업 개최",https://www.digitaltoday.co.kr/news/articleView.html?idxno=594717
2025-09-29,"CERT,LAUNCH","데브시스터즈, 롯데 프리미엄 아울렛에 가을 맞이 팝업 행사 '쿠키캠프...",http://www.maniareport.com/view.php?ud=202509291534109048cecffa9387_19
2025-09-29,"INVEST,PARTNERSHIP","""건물 안에서 농작물 키워요"" 장수군, 전국 최초 공공 수직농장 눈길",https://www.hankookilbo.com/News/Read/A2025092911210003366?did=NA
2025-09-29,"CERT,LAUNCH","데브시스터즈, 롯데 프리미엄 아울렛에 '쿠키캠프' 팝업 개최",https://www.inven.co.kr/webzine/news/?news=310086
2025-09-29,CERT,"데브시스터즈, 롯데 프리미엄 아울렛에서 ‘쿠키캠프’ 팝업 개최",https://biz.chosun.com/it-science/ict/2025/09/29/VPNLMRUQYRFTDJNTXT7OZMQRNE/?utm_source=naver&utm_medium=original&utm_campaign=biz
2025-09-29,"CERT,LAUNCH","데브시스터즈, 가을맞이 롯데 프리미엄 아울렛에서 '쿠키캠프' 팝업 개...",https://www.onews.tv/news/articleView.html?idxno=260070
2025-09-29,"CERT,LAUNCH","데브시스터즈, 롯데 프리미엄 아울렛에서 쿠키캠프 팝업 열어",https://www.fomos.kr/redirect/news_view?news_cate_id=2&entry_id=147675
2025-09-29,"CERT,LAUNCH","애플, M5 탑재 맥북 생산 돌입…2026년 초 출시 예정",https://www.digitaltoday.co.kr/news/articleView.html?idxno=594566
2025-09-29,"CERT,LAUNCH","데브시스터즈, 롯데 프리미엄 아울렛과 협업…'쿠키캠프' 팝업 오픈",https://zdnet.co.kr/view/?no=20250929101814
2025-09-29,"CERT,LAUNCH","데브시스터즈, 롯데 프리미엄 아울렛서 가을 팝업 행사 '쿠키캠프' 개최",https://www.ngetnews.com/news/articleView.html?idxno=537508
2025-09-29,"CERT,LAUNCH","데브시스터즈, 롯데 프리미엄 아울렛에서 '쿠키캠프' 이벤트",http://www.hansbiz.co.kr/news/articleView.html?idxno=780322
2025-09-29,"CERT,LAUNCH","데브시스터즈-롯데 프리미엄 아울렛, 가을 맞이 팝업 '쿠키캠프' 오픈 ...",https://gamefocus.co.kr/detail.php?number=169744
2025-09-29,"CERT,LAUNCH","데브시스터즈, 롯데프리미엄아울렛에 '쿠키캠프' 팝업 연다",https://www.newspim.com/news/view/20250929000146
2025-09-28,"CERT,INVEST,LAUNCH,REGUL",[韓中 세탁기 전쟁] 美관세·中 기술 도전 ‘압박’ 속 K-가전 ‘초격차...,https://www.ekn.kr/web/view.php?key=20250928027431457
2025-09-28,LAUNCH,무섭게 파고드는 ‘中 가전’⋯ 초격차 시험대 오른 ‘삼성·LG전자’,https://www.viva100.com/article/20250928500535
2025-09-27,LAUNCH,‘놀면뭐하니’ 서울가요제 본선 경연,https://www.bntnews.co.kr/article/view/bnt202509270046
2025-09-26,LAUNCH,"OLED 넘어 RGB  LED …TV 기술 경쟁, 새 판 열린다",https://www.mediapen.com/news/view/1045740
2025-09-26,"INVEST,LAUNCH",[브리프] 신라면세점 조선호텔 대명소노 놀유니버스 야놀자 여기어때 에...,http://www.biztribune.co.kr/news/articleView.html?idxno=340901
2025-09-26,"INVEST,LAUNCH,REGUL",저가 이미지 벗은 中 스마트폰 … 갤럭시도 위험하다 [취재수첩],https://www.newdaily.co.kr/site/data/html/2025/09/26/2025092600113.html
2025-09-26,"INVEST,LAUNCH","[빅테크 코리아 러시④] 오프라인 거점 넓히는 샤오미…""연내 추가 확장...",https://www.ntoday.co.kr/news/articleView.html?idxno=119886
2025-09-25,"CERT,INVEST,LAUNCH,PARTNERSHIP",[브리프] 넥슨 넷마블 크래프톤 스마일게이트 엔씨소프트 컴투스 위메이...,http://www.biztribune.co.kr/news/articleView.html?idxno=340862
2025-09-25,"INVEST,LAUNCH,PARTNERSHIP","'공세 강화' 中 샤오미, '신제품·오프라인 매장' 앞세워 韓 시장 공략",https://www.bloter.net/news/articleView.html?idxno=644693
2025-09-25,LAUNCH,"점유율 0% 굴욕에도…샤오미, 2·3호 매장에 ‘틈새 공략’ 신제품 공세",https://www.joongang.co.kr/article/25369978
2025-09-25,"INVEST,LAUNCH,PARTNERSHIP",얼마전에 첫 매장 오픈했는데 벌써 2·3호점…한국서 ‘폭풍 성장’ 이...,https://www.mk.co.kr/article/11429241
2025-09-25,LAUNCH,'가성비 프리미엄' 내건 中 샤오미…한국 시장 공략 박차,https://www.hankyung.com/article/202509257451g
2025-09-25,"CERT,INVEST,LAUNCH,PARTNERSHIP","[재계는 지금] 삼성전자, AI 업무 생산성 지표 '트루벤치' 공개 外",https://dealsite.co.kr/articles/148842
2025-09-25,"INVEST,LAUNCH,PARTNERSHIP","샤오미의 한국 공략 2막 전략은... ""최대한 접점 넓힌다""",https://www.dailian.co.kr/news/view/1553896/?sc=Naver
2025-09-25,"INVEST,LAUNCH","샤오미, 향후 5년간 AI·OS·칩셋 분야에 39조원 투자",https://zdnet.co.kr/view/?no=20250925132005
2025-09-25,LAUNCH,"""국내 판매 스마트폰 40% 고급형""…샤오미, 韓 공략 강화",https://zdnet.co.kr/view/?no=20250925125934
2025-09-25,"CERT,LAUNCH","20년 왕좌 지킨 삼성, 글로벌 TV 시장 초격차로 달린다",https://www.the-pr.co.kr/news/articleView.html?idxno=54212
2025-09-25,"CERT,LAUNCH",韓 공략 속도 내는 샤오미 … 용산에 '익스클루시브 서비스 센터' 짓는...,https://biz.newdaily.co.kr/site/data/html/2025/09/25/2025092500161.html
2025-09-24,LAUNCH,노랗게 물들어가는 9~10월 이색 잔치마당으로 오세요,http://www.kihoilbo.co.kr/news/articleView.html?idxno=1160288
2025-09-24,"INVEST,PARTNERSHIP",혁신이 현실이 되는 곳: 삼성전자 상업용 디스플레이 전시장 '어바인 CE...,http://www.issuenbiz.com/news/articleView.html?idxno=66567
2025-09-23,LAUNCH,"넥슨 '블루 아카이브', 4주년 앞두고 IP 확장 계획 공개",https://www.gamevu.co.kr/news/articleView.html?idxno=51920
2025-09-23,LAUNCH,LCD TV 끝판왕 ‘RGB’ 놓고 한·중 격돌…승부처는 ‘차별화’,https://www.hani.co.kr/arti/economy/economy_general/1220148.html
2025-09-23,LAUNCH,"낫싱, 플래그십 모델 ‘폰 (3)’ 발표",https://www.dt.co.kr/article/12019442?ref=naver
2025-09-22,LAUNCH,"낫싱, 플래그십 스마트폰 '폰 (3)' 공개...109만9천원부터",https://zdnet.co.kr/view/?no=20250922115707
2025-09-22,"CERT,INVEST,LAUNCH,PARTNERSHIP",[오늘의 장바구니] 롯데마트·LG생활건강·아성다이소 외,http://www.newsprime.co.kr/news/article.html?no=705312
2025-09-22,LAUNCH,250만원→129만원 '반값 TV' 반응 폭발…가성비에 지갑 연다,https://www.hankyung.com/article/202509228696g
2025-09-22,LAUNCH,"낫싱, 플래그십 스마트폰 '폰(3)' 공개…창의력 자극하는 신 기준 제시",https://www.epnc.co.kr/news/articleView.html?idxno=322747
2025-09-22,LAUNCH,"'삼성이냐, LG냐' 고민하더니 '돌변'…""중국 TV 어딨어요?"" [트렌드+]",https://www.hankyung.com/article/202509228232g
2025-09-21,INVEST,[진영전자] 김기자 청소 고민 1순위 '먼지'···'로보락 H60 Hub Ultra'로 ...,http://www.enewstoday.co.kr/news/articleView.html?idxno=2332035
2025-09-20,LAUNCH,"현대차, 자원순환 체험 전시회 '컬러풀 라이프-RE:Color' 개최",https://www.apnews.kr/news/articleView.html?idxno=3040207
2025-09-20,LAUNCH,"현대차, 자원순환 체험 전시회 개최",https://www.newscj.com/news/articleView.html?idxno=3319983
2025-09-19,LAUNCH,"[리뷰] ‘미쿠미쿠’한 게이밍기어, 에이수스 TUF 하츠네 미쿠 에디션 3...",https://www.donga.com/news/It/article/all/20250919/132425614/1
2025-09-19,LAUNCH,"현대차, 자원순환 체험 전시회 '컬러풀 라이프 - RE:Color' 개최",https://www.autodaily.co.kr/news/articleView.html?idxno=536600
2025-09-19,LAUNCH,"현대차, 자원순환 중요성 알린다… 체험 전시회 개최",https://www.moneys.co.kr/article/2025091916522680939
2025-09-19,LAUNCH,"현대차, 21일까지 자원순환 체험 전시회 '컬러풀 라이프' 개최",https://news.tf.co.kr/read/economy/2245823.htm
2025-09-19,LAUNCH,현대차 '리:컬러' 전시 개막…폐기물의 새로운 가능성 조명,http://www.whitepaper.co.kr/news/articleView.html?idxno=252239
2025-09-19,"INVEST,LAUNCH,PARTNERSHIP","[Today Auto]현대차, 첨단 전동화 기술력 앞세워 글로벌 車산업 위기 정...",http://www.press9.kr/news/articleView.html?idxno=67263
2025-09-19,LAUNCH,"[위클리오늘] 현대차, 자원순환 체험 전시회 '컬러풀 라이프 - RE:Color' 개...",http://www.weeklytoday.com/news/articleView.html?idxno=726345
2025-09-19,LAUNCH,"현대차, 친환경 신소재·자원순환 전시 '컬러풀 라이프' 개최",http://news.mt.co.kr/mtview.php?no=2025091915302726161
2025-09-19,LAUNCH,"현대차, 자원순환 전시회 '컬러풀 라이프' 개최",http://www.finomy.com/news/articleView.html?idxno=239357
2025-09-19,"CERT,LAUNCH","현대차, 자원순환 체험 전시회 ‘컬러풀 라이프–리:컬러’ 개최",https://www.sentv.co.kr/article/view/sentv202509190132
2025-09-19,LAUNCH,"현대차, 자원순환 체험 전시회 '컬러플 라이프 - RE:Color' 개최",https://www.wolyo.co.kr/news/articleView.html?idxno=301435
2025-09-19,LAUNCH,"현대차, 자원순환 체험 전시회 '컬러풀 라이프 - 리:컬러' 개최",https://www.pinpointnews.co.kr/news/articleView.html?idxno=378461
2025-09-19,LAUNCH,"현대차, 친환경 자원순환 전시회 '컬러풀 라이프 - RE:Color' 개최",http://www.g-enews.com/ko-kr/news/article/news_all/2025091914191452023fe8821aee_1/article.html
2025-09-19,LAUNCH,"현대자동차, '컬러풀 라이프 - RE:Color' 친환경 신소재·자원순환 전시...",http://www.queen.co.kr/news/articleView.html?idxno=442678
2025-09-19,LAUNCH,"현대차, 친환경 자원순환 전시 'RE:Color' 개최",https://www.getnews.co.kr/news/articleView.html?idxno=841400
2025-09-19,LAUNCH,"현대차, 탄소중립 위한 자원순환 체험 전시회 개최",https://www.ebn.co.kr/news/articleView.html?idxno=1679300
2025-09-19,LAUNCH,"현대차, 자원순환 체험 전시회 '컬러풀 라이프 – RE:Color' 개최",http://www.m-i.kr/news/articleView.html?idxno=1284316
2025-09-19,LAUNCH,"현대차, 자원순환 전시회 '컬러풀 라이프 – RE:Color' 개최",http://www.ferrotimes.com/news/articleView.html?idxno=43677
2025-09-19,LAUNCH,"현대차, 자원순환 전시회 컬러풀 라이프 RE:Color 개최",https://www.kgnews.co.kr/news/article.html?no=865733
2025-09-19,LAUNCH,"현대차, 자원순환 체험 전시회 '컬러풀 라이프' 개최",http://www.smarttimes.co.kr/news/articleView.html?idxno=37701
2025-09-19,LAUNCH,"오스템임플란트, GAMEX 2025 관람객 호평",https://www.dentalnews.or.kr/news/article.html?no=45252
2025-09-19,"LAUNCH,ORDER",효성 GS건설 外(산업 동향),https://www.newsclaim.co.kr/news/articleView.html?idxno=3049193
2025-09-19,LAUNCH,"현대차, '흙과 회복' 주제 자원순환 전시회 '컬러풀 라이프 RE:Color' 개최",https://www.financialpost.co.kr/news/articleView.html?idxno=233481
2025-09-19,LAUNCH,"현대차, 서울 성동구에서 '컬러풀 라이프 - RE:Color' 개최",https://www.lcnews.co.kr/news/articleView.html?idxno=111705
2025-09-19,LAUNCH,"현대차, 자원순환 중요성 전시로 알린다",http://autotimes.co.kr/detail.php?number=684747&thread=27
2025-09-19,"INVEST,LAUNCH",[AT 오토 단신] 마세라티·현대차·벤츠코리아·만트럭버스코리아·기아,https://www.asiatime.co.kr/article/20250919500276
2025-09-19,LAUNCH,"현대차, 자원순환 전시회 '컬러풀 라이프 - RE:Color' 21일까지 개최",http://www.ttlnews.com/news/articleView.html?idxno=3032260
2025-09-19,LAUNCH,"현대차, '컬러풀 라이프-RE:Color' 전시회로 자원순환 가치 알린다",https://www.insight.co.kr/news/520776
2025-09-19,LAUNCH,"현대차, 폐기물-재사용 자원순환 체험 전시 개최",https://zdnet.co.kr/view/?no=20250919120816
2025-09-19,LAUNCH,"현대차, 자원순환 체험전시회 ‘컬러풀 라이프-리:컬러’ 개최",https://www.munhwa.com/article/11534341?ref=naver
2025-09-19,LAUNCH,"현대차, 자원순환 체험 전시회 ‘컬러풀 라이프 -리:컬러’ 개최",https://www.viva100.com/article/20250919500273
2025-09-19,LAUNCH,"현대차, 자원순환 체험 전시회 ‘컬러풀 라이프 – RE:Color’ 개최",https://www.seoultimes.news/news/article.html?no=2000080873
2025-09-19,LAUNCH,"현대차, 자원순환 체험 전시회 ‘컬러풀 라이프 - RE:Color’ 개최",https://biz.heraldcorp.com/article/10579223?ref=naver
2025-10-04,LAUNCH,"추석 아트는 하이테크를 입는다..아트코리아랩,아르떼,모나용평,제주시...",https://biz.heraldcorp.com/article/10589378?ref=naver
2025-09-30,LAUNCH,"Axon, 초경량 바디 카메라 ABW  Mini  출시… 안전의 새 시대 열어간다",https://www.cbci.co.kr/news/articleView.html?idxno=533664
2025-09-18,"CERT,INVEST,LAUNCH,PARTNERSHIP","GC녹십자 독감백신 지씨플루, 누적 생산량 4억 도즈 돌파 外",http://www.newsmp.com/news/articleView.html?idxno=248870
2025-09-18,"CERT,LAUNCH,PARTNERSHIP",[의료기기업계 소식] 9월 18일,http://www.doctorstimes.com/news/articleView.html?idxno=234464
2025-09-18,PARTNERSHIP,"동아참메드, '태국 방콕 의료기기 전시회' 참가",https://www.rapportian.com/news/articleView.html?idxno=226381
2025-09-18,PARTNERSHIP,"동아참메드, 태국 의료기기 전시회 참가",https://mdtoday.co.kr/news/view/1065585707497095
2025-09-18,PARTNERSHIP,"이비인후과 장비로 승부... 동아참메드, 태국 전시회 참여",https://www.hinews.co.kr/view.php?ud=2025091810074457616aa9cc43d0_48
2025-09-18,PARTNERSHIP,동아참메드 'Medical Fair Thailand 2025' 참가,http://www.hitnews.co.kr/news/articleView.html?idxno=69085
2025-09-18,PARTNERSHIP,"동아참메드, 'Medical Fair Thailand 2025' 참가",https://www.pharmnews.com/news/articleView.html?idxno=263223
2025-09-17,INVEST,"집으로 들어온 극장, 벤큐 W4100i 시네마 빔프로젝터",https://www.ilovepc.co.kr/news/articleView.html?idxno=56069
2025-09-12,LAUNCH,[르포] 獨 양강에 현대차·폭스바겐까지…‘유럽 심장부 전기차 대전’...,https://biz.heraldcorp.com/article/10573993?ref=naver
2025-09-11,LAUNCH,"[Biz-inside,China] IFA 2025, 中 기업 ‘기술 혁신’으로 글로벌 시장에...",https://www.joongang.co.kr/article/25366262
2025-09-10,REGUL,"미니프 MINIF, '2025 대한민국 소비자만족지수1위' 수상",http://news.mt.co.kr/mtview.php?no=2025090814261625075
2025-09-09,"LAUNCH,REGUL","""AI·친환경 혁신의 경영장""…IFA 2025, 닷새간 여정 마무리[폐막]",https://www.dailian.co.kr/news/view/1546119/?sc=Naver
2025-09-08,"CERT,INVEST,LAUNCH,PARTNERSHIP,REGUL",[브리프] 삼성전자 LG유플러스 삼성디스플레이 한국타이어 넥센타이어 ...,http://www.biztribune.co.kr/news/articleView.html?idxno=339780
2025-09-08,"CERT,INVEST,LAUNCH,PARTNERSHIP","[Today Auto]폭스바겐, IAA 모빌리티 2025서 'ID.크로스 콘셉트' 세계 최초...",http://www.press9.kr/news/articleView.html?idxno=66848
2025-09-08,"INVEST,LAUNCH","삼성D, 獨 'IAA 모빌리티 2025' 참가",http://www.smedaily.co.kr/news/articleView.html?idxno=337146
2025-09-08,"INVEST,LAUNCH","삼성디스플레이, 세계 최대 모빌리티 전시 獨 'IAA 모빌리티 2025' 참가",http://www.popcornnews.net/news/articleView.html?idxno=93232
2025-09-08,"INVEST,LAUNCH","'IAA 2025' 삼성D, 차량용 OLED로 영토 확장",http://www.shinailbo.co.kr/news/articleView.html?idxno=2112567
2025-09-08,"LAUNCH,PARTNERSHIP",SPC 정관장 유한킴벌리 外(오늘의 유통망),https://www.newsclaim.co.kr/news/articleView.html?idxno=3048723
2025-09-08,"CERT,INVEST,LAUNCH,REGUL",[AT 산업 단신] 삼성전자·삼성디스플레이·LS전선·오텍캐리어·하이센...,https://www.asiatime.co.kr/article/20250908500267
2025-09-08,"INVEST,LAUNCH","삼성디스플레이, 'IAA 2025'서 차량용 OLED 제품·기술력 뽐낸다",https://www.pointdaily.co.kr/news/articleView.html?idxno=268227
2025-09-08,"INVEST,LAUNCH","삼성디스플레이, 獨 'IAA 모빌리티 2025' 참가",https://biz.newdaily.co.kr/site/data/html/2025/09/08/2025090800164.html
2025-09-08,"INVEST,LAUNCH","삼성디스플레이, 독일 'IAA 모빌리티' 참가… 패널업체 유일",http://www.seoulwire.com/news/articleView.html?idxno=669651
2025-09-08,"INVEST,LAUNCH","삼성디스플레이, 'IAA 모빌리티' 출격…OLED 영토 확장 가속",http://www.m-i.kr/news/articleView.html?idxno=1279202
2025-09-08,LAUNCH,다음은 '모빌리티'... 삼성디스플레이 차세대 OLED 기술 선봬,https://www.pressman.kr/news/articleView.html?idxno=93859
2025-09-08,"INVEST,LAUNCH","삼성디스플레이, ‘IAA 모빌리티 2025’ 참가",https://www.cnbnews.com/news/article.html?no=748690
2025-09-08,"INVEST,LAUNCH","삼성디스플레이, IAA 모빌리티 참가...""차량용 OLED 기술 총망라""",http://www.ftoday.co.kr/news/articleView.html?idxno=347216
2025-09-08,"INVEST,LAUNCH","삼성디스플레이, OLED로 만든 미래형 '디지털콕핏' 첫 공개",https://zdnet.co.kr/view/?no=20250908092906
2025-09-08,LAUNCH,"삼성디스플레이, 獨 IAA 모빌리티 참가…OLED 영토 확장",http://www.srtimes.kr/news/articleView.html?idxno=185363
2025-09-08,LAUNCH,"삼성D, 'IAA 모빌리티 2025' 참가…혁신 기술 대거 공개",https://www.econovill.com/news/articleView.html?idxno=710421
2025-09-08,"INVEST,LAUNCH","삼성D, 'IAA 모빌리티 2025' 참가…전세계 패널 업체 중 '유일'",http://www.datanews.co.kr/news/article.html?no=140599
2025-09-08,"INVEST,LAUNCH","[IAA 모빌리티 2025] 삼성디스플레이, 미래형 '디지털콕핏' 첫 공개…OLE...",https://www.financialpost.co.kr/news/articleView.html?idxno=232670
2025-09-08,LAUNCH,“IFA 보니 유럽 경기 안좋네” 가성비 중국산 부스 북적,https://www.joongang.co.kr/article/25365007
2025-09-07,LAUNCH,"유럽 IFA, 관람객은 가성비에 눈길...삼성·LG 아닌 中 로봇·청에 '우와...",https://www.joongang.co.kr/article/25364941
2025-09-07,LAUNCH,"국내 가전업계, 마이크로  LED  TV로 프리미엄 시장 공략",https://www.mediapen.com/news/view/1041182
2025-09-07,LAUNCH,[IFA 2025]유럽 전통 강호 본고장서 삼성·LG vs 중국 신흥강자 AI 기술력...,https://www.newsway.co.kr/news/view?ud=2025090709182099894
2025-09-07,"LAUNCH,PARTNERSHIP","LG전자 조주완 ""RGB TV 내년 출시…B2B 성장도 속도""[IFA 2025]",https://www.dailian.co.kr/news/view/1545420/?sc=Naver
2025-09-07,LAUNCH,"""OLED는 잊어라"" 中 TV업체, RGB TV로 삼성·LG '저격' [IFA 2025]",https://www.sedaily.com/NewsView/2GXT5E1O4R
2025-09-05,LAUNCH,"TCL, 제미나이 탑재 구글 TV 출시…'QM9K' 시리즈 공개",https://www.digitaltoday.co.kr/news/articleView.html?idxno=589739
2025-09-04,LAUNCH,"좁혀진 격차, 한·중 가전 ‘기술 대전’…IFA 2025 5일 베를린서 개막",https://www.khan.co.kr/article/202509042027025
2025-09-04,LAUNCH,TV·로봇청소기 둘러싸고 한·중 ‘기술 대결’[IFA 2025],https://www.khan.co.kr/article/202509041830001
2025-09-03,LAUNCH,"HDR을 넘어섰다는 돌비 비전2, 도입 확정은 하이센스만..",https://kbench.com/?q=node/270944
2025-09-01,LAUNCH,[뉴스줌인] MSI의 '듀얼모드' 지원 게이밍 모니터 출시...주목할 점은?,https://it.donga.com/107488/
2025-09-01,LAUNCH,"12% + 5% MSI 모니터 세일, 11번가 9월 십일절 행사로 여름 특가 시작!",https://kbench.com/?q=node/270880
2025-09-01,"CERT,ORDER","스페클립스, 인모드와 레이저 의료기기 ODM 공급 계약 체결",https://www.venturesquare.net/1002213
2025-08-31,LAUNCH,"TV명가 일본의 귀환 … 삼성·LG, 프리미엄 전략 '적신호' [N-경제포커스...",https://biz.newdaily.co.kr/site/data/html/2025/08/28/2025082800220.html
2025-08-29,"CERT,LAUNCH","MSI, 게이밍 모니터 'MAG 274UPDF E16M' 출시... 27인치 4K  Mini - LED  패널,...",https://kr.aving.net/news/articleView.html?idxno=1803473
2025-08-29,INVEST,[시승기] 올-일렉트릭  MINI  컨트리맨…큰 덩치에도 날렵함 ‘뿜뿜~’,https://www.ekn.kr/web/view.php?key=20250829023320401
2025-08-29,LAUNCH,"MSI, 4K  Mini - LED 와 듀얼 모드를 갖춘 차세대 게이밍 모니터 'MAG 274UPDF E1...",https://kbench.com/?q=node/270818
2025-08-28,LAUNCH,"세계 최대 유럽 가전 시장 공략하는 삼성·LG, IFA 2025서 'AI 홈' 선보인...",https://www.lcnews.co.kr/news/articleView.html?idxno=109523
2025-08-25,ORDER,"엑스큐어, 피플멀티와 실외 스마트 AED 보관함 총판 계약",https://www.newsis.com/view/NISX20250825_0003302104
2025-08-25,ORDER,"엑스큐어, 피플멀티와 ‘실외 스마트 AED 보관함’ 총판 계약 체결",https://www.etoday.co.kr/news/view/2499785
2025-08-25,ORDER,"엑스큐어, 피플멀티와 '실외 스마트 AED 보관함' 총판 계약 체결",http://www.popcornnews.net/news/articleView.html?idxno=91363
2025-08-25,ORDER,"엑스큐어, 피플멀티와 ‘실외 스마트 AED 보관함’ 총판 계약",http://www.edaily.co.kr/news/newspath.asp?newsid=02663366642270928
2025-08-24,"CERT,INVEST","[시승기] 올-일렉트릭  MINI  쿠퍼 ""더 길어진 주행거리로 장거리도 거뜬...",http://www.efnews.co.kr/news/articleView.html?idxno=122672
2025-08-22,LAUNCH,"에스파, 세 번째 단독 콘서트서 ‘Rich Man’ 최초 공개+‘쇠 맛’ 밴드...",http://www.breaknews.com/1142174
2025-08-22,"CERT,INVEST,LAUNCH,REGUL",남아공 모니터 시장 동향,http://dream.kotra.or.kr/kotranews/cms/news/actionKotraBoardDetail.do?SITE_NO=3&MENU_ID=190&CONTENTS_NO=2&bbsGbn=254&bbsSn=254&pNttSn=232879
2025-08-22,LAUNCH,“당신 미쳤어? 왜 이따위 차를”…타보더니 “다른 차 필요없다” 이런...,https://www.mk.co.kr/article/11399922
2025-08-20,"CERT,LAUNCH",LG전자 희망퇴직에서 본 국내 TV 산업의 위기,https://www.smartfn.co.kr/news/articleView.html?idxno=117770
2025-08-19,"INVEST,LAUNCH","기회의 서울반도체, 중국 공세 넘는다···전장·마이크로  LED 로 '턴어라...",http://www.enewstoday.co.kr/news/articleView.html?idxno=2317212
2025-08-14,LAUNCH,'펀 드라이빙' 궁금하다면… 정답은 '일렉트릭  MINI  쿠퍼' [시승기],https://biz.newdaily.co.kr/site/data/html/2025/08/14/2025081400369.html
2025-08-17,"CERT,INVEST","[초점] TCL, '가성비 프리미엄'으로 삼성·LG 아성 도전",http://www.g-enews.com/ko-kr/news/article/news_all/202508170915082097fbbec65dfb_1/article.html
2025-08-16,"INVEST,LAUNCH,PARTNERSHIP","[통신리뷰] LG유플러스, 국내 최고 수준 정보 보호 역량 입증(8월2주차)",https://www.theguru.co.kr/news/article.html?no=90629
2025-08-15,PARTNERSHIP,"태양광에너지 관련주, '화양연화' 씨엔플러스·원익IPS·한화솔루션... ...",http://www.finomy.com/news/articleView.html?idxno=236529
2025-10-04,LAUNCH,"中, 소형 넘어 대형 가전 도전장… 추석 지나 연말 특수 노린다",https://www.ajunews.com/view/20251002132427039
2025-09-30,"CERT,LAUNCH","세계 첫 마이크로 RGB 출시, 글로벌기관 인증 취득",https://www.donga.com/news/Economy/article/all/20250929/132474554/2
2025-09-30,"CERT,LAUNCH,PARTNERSHIP","삼성전자, 인공지능 TV 앞세워 글로벌 시장서 선전",https://www.mk.co.kr/article/11431987
2025-09-29,"LAUNCH,PARTNERSHIP","""영상통화부터 명화 감상까지""…삼성·LG TV, 콘텐츠로 차별화 꾀한다",https://www.newsquest.co.kr/news/articleView.html?idxno=253923
2025-09-26,LAUNCH,"삼성전자, 군인 '50% 할인' 방법은?... 경찰·소방도 혜택 제공",https://www.ggilbo.com/news/articleView.html?idxno=1115769
2025-09-26,LAUNCH,"LG전자, 시니어 겨냥 'LG 이지 TV' 출시…왜 OLED 아닌 LCD 택했나",https://www.ngetnews.com/news/articleView.html?idxno=537270
2025-09-25,LAUNCH,"""가전 큰손 온다""… LG전자 조주완, '5070' 집중공략 나선 이유는?",https://www.pinpointnews.co.kr/news/articleView.html?idxno=380178
2025-09-24,REGUL,"""UHD 방송 안 나오는데 UHD TV?""…中 광고에 소비자 '혼란'",http://www.edaily.co.kr/news/newspath.asp?newsid=03657206642303400
2025-09-24,LAUNCH,"삼성전자, ‘K-히어로 페스타’ 진행… 군인·공무원 대상 최대 50% 할인",https://www.hinews.co.kr/view.php?ud=202509241143478577dacadd0fca_48
2025-09-23,LAUNCH,"삼성전자, 군인·경찰·소방·교정 공무원 대상 제2회 'K-히어로 페스타...",https://www.dailysportshankook.co.kr/news/articleView.html?idxno=414999
2025-09-23,"CERT,LAUNCH,PARTNERSHIP",[브리프] 삼성전자 현대기아차 LG유플러스 LG화학 LG디스플레이 삼성SDS...,http://www.biztribune.co.kr/news/articleView.html?idxno=340661
2025-09-23,LAUNCH,"삼성전자, 군·경·소방·교정 공무원 위한 감사 프로모션 진행",https://www.e-science.co.kr/news/articleView.html?idxno=112430
2025-09-23,"INVEST,LAUNCH","6년 연속 최고 자리 지켰다…에미레이트 항공, APEX 어워즈 수상",https://www.mk.co.kr/article/11426634
2025-09-23,LAUNCH,"삼성전자, 제2회 'K-히어로 페스타' 실시…일반 병사까지 확대",https://www.apnews.kr/news/articleView.html?idxno=3040316
2025-09-23,"INVEST,PARTNERSHIP",[오늘의 브리핑_항공사｜9월23일] 오랜 비행에도 심심할 틈 없다,https://www.traveltimes.co.kr/news/articleView.html?idxno=414155
2025-09-22,LAUNCH,"삼성전자, 제2회 'K-히어로 페스타' 실시",https://www.smarttoday.co.kr/news/articleView.html?idxno=91995
2025-09-22,"INVEST,LAUNCH","에미레이트항공, '월드 클래스 어워즈' 6년 연속 수상",http://www.inews24.com/view/1889818
2025-09-22,LAUNCH,"삼성, 군인·경찰·소방 등 'K-히어로'에 50% 할인 혜택",http://www.econotelling.com/news/articleView.html?idxno=17966
2025-09-22,LAUNCH,"삼성전자, 군인·경찰·소방·교정 공무원 대상 '최대 50% 할인'",https://www.job-post.co.kr/news/articleView.html?idxno=179314
2025-09-22,LAUNCH,"삼성전자, 군인·경찰 등에 최대 50% 할인…'K-히어로 페스타' 실시",https://www.newsquest.co.kr/news/articleView.html?idxno=253369
2025-09-22,LAUNCH,"삼성전자, 국가안보 영웅들에 TV·스마트폰 등 반값 보답! 제 2회 K-히어...",https://www.autodaily.co.kr/news/articleView.html?idxno=536695
2025-09-22,LAUNCH,"삼성전자, 제 2회 'K-히어로 페스타' 실시… 일반 병사도 98형  QLED  4K TV 반...",http://www.lkp.news/news/articleView.html?idxno=69567
2025-09-22,LAUNCH,"삼성전자, 군인·경찰·소방 공무원 등에 '최대 50% 할인' 혜택 제공",https://www.delighti.co.kr/news/articleView.html?idxno=102916
2025-09-22,LAUNCH,"삼성전자, 군인·경찰·소방·교정 대상 ‘K-히어로 페스타’ 실시",http://www.segyebiz.com/newsView/20250922514158?OutUrl=naver
2025-09-22,LAUNCH,"""군인·소방관은 우리의 영웅""... 삼성전자, '이 조건' 충족시 최대 50% ...",https://www.insight.co.kr/news/521214
2025-09-22,LAUNCH,"삼성전자, 군인·경찰·소방 공무원 대상 'K-히어로 페스타'…일반 병사...",http://www.updownnews.co.kr/news/articleView.html?idxno=314282
2025-09-22,"CERT,LAUNCH",[AT 산업 단신] 삼성전자·삼성전자서비스·삼성SDS·로보락·소니코리아,https://www.asiatime.co.kr/article/20250922500326
2025-09-22,"INVEST,LAUNCH","에미레이트 항공, ‘월드 클래스 어워즈’ 6년 연속 수상",https://www.segye.com/newsView/20250922512923?OutUrl=naver
2025-09-22,"CERT,LAUNCH","삼성전자, 군인·경찰·소방 대상 ‘최대 50% 할인’…제2회 K-히어로 페...",https://www.todayeconomic.com/news/article.html?no=28357
2025-09-22,LAUNCH,"삼성전자, 군인·경찰·소방·교정 공무원 대상 'K-히어로 페스타' 진행",http://www.finomy.com/news/articleView.html?idxno=239475
2025-09-22,"CERT,LAUNCH","[재계 투데이] 삼성전자, 군인∙경찰∙소방 등에 신제품 최대 50% 할인 外",https://news.dealsitetv.com/articles/159459
2025-09-22,LAUNCH,"삼성전자, 군·경·소방·교정 공무원에 역대급 할인…최대 50%",http://www.m-i.kr/news/articleView.html?idxno=1285045
2025-09-22,LAUNCH,"삼성전자, 군인·경찰·소방·교정 공무원에 최대 반값 할인",https://www.kpinews.kr/newsView/1065591263346060
2025-09-22,LAUNCH,"삼성전자, 제 2회 'K-히어로 페스타' 진행",https://www.discoverynews.kr/news/articleView.html?idxno=1073987
2025-09-22,LAUNCH,"삼성전자, 군인∙경찰∙소방∙교정 공무원 대상 제 2회 'K-히어로 페스타...",http://www.worktoday.co.kr/news/articleView.html?idxno=74479
2025-09-22,LAUNCH,"삼성전자 ""육·해·공군 일반병사까지 TV·스마트폰·PC 최대50% 할인""",https://www.nbnews.kr/news/articleView.html?idxno=114803
2025-09-22,LAUNCH,“육·해·공군 일반 병사까지 반값에 드려요”…삼성전자 ‘히어로’ ...,https://www.mk.co.kr/article/11425945
2025-09-22,LAUNCH,"삼성전자, 군인·경찰·소방·교정 공무원 대상 제2회 ‘K-히어로 페스타...",https://www.cnbnews.com/news/article.html?no=751716
2025-09-22,INVEST,"삼성전자, 군인·경찰·소방·교정 공무원 대상 'K-히어로 페스타' 실시",https://www.businesspost.co.kr/BP?command=article_view&num=412923
2025-09-22,LAUNCH,"삼성전자, 군인∙경찰∙소방∙교정 공무원 대상...제2회 'K-히어로 페스...",https://www.pointe.co.kr/news/articleView.html?idxno=56560
2025-09-22,LAUNCH,"삼성전자, 군인·경찰·소방 공무원 할인…""최대 50%+추가 쿠폰까지""",http://www.kdfnews.com/news/articleView.html?idxno=166353
2025-09-22,LAUNCH,"삼성전자, 군인∙경찰∙소방∙교정 공무원 대상 '제2회 K-히어로 페스타...",https://www.cstimes.com/news/articleView.html?idxno=668513
2025-09-22,LAUNCH,"삼성전자, 'K-히어로 페스타' 실시…일반 병사도 혜택 확대",https://www.ziksir.com/news/articleView.html?idxno=105365
2025-09-22,LAUNCH,"삼성전자, 제2회 'K-히어로 페스타'…군·경·소방·교정에 일반 병사까...",https://www.thepublic.kr/news/articleView.html?idxno=277473
2025-09-22,LAUNCH,"삼성전자, ‘제2회 K 히어로 페스타’ 진행…국민안전 지킴이 ‘최대 5...",https://www.swtvnews.com/news/newsview.php?ncode=1065572927703171
2025-09-22,LAUNCH,"“군인·경찰·소방 공무원에 감사 전한다”…삼성, K-히어로 페스타 실...",https://www.ceoscoredaily.com/page/view/2025092212284787741
2025-09-22,LAUNCH,"삼성전자, 군인·경찰·소방·교정 공무원 대상 ‘K-히어로 페스타’ 진...",http://www.thevaluenews.co.kr/news/view.php?idx=192655
2025-09-22,"INVEST,LAUNCH","에미레이트 항공, APEX ‘월드클래스 어워즈’ 6년 연속 수상",https://biz.heraldcorp.com/article/10580597?ref=naver
2025-09-22,"CERT,INVEST,LAUNCH,REGUL","[산업 이모저모] LG디스플레이, 국내 전 사업장 '폐기물 매립 제로' 플래...",https://www.greened.kr/news/articleView.html?idxno=331371
2025-09-22,LAUNCH,"삼성전자, 'K-히어로 페스타' 실시...군인·경찰·소방·교정 공무원 대...",http://www.metroseoul.co.kr/article/20250922500152
2025-09-22,LAUNCH,군인·경찰·소방·교정 공무원이면 삼성 제품 최대 50% 할인,http://www.fnnews.com/news/202509220903344238
2025-09-22,LAUNCH,"삼성전자, 군인·경찰 등 공무원 대상 ‘K-히어로 페스타’ 진행",https://weekly.cnbnews.com/news/article.html?no=190726
2025-09-22,LAUNCH,"삼성전자, 군인·경찰·소방 공무원에 ‘최대 50% 할인’",https://sports.khan.co.kr/article/202509221111003?pt=nv
2025-09-22,"CERT,LAUNCH","삼성전자, 군·경·소방·교정 공무원 위한 'K-히어로 페스타' 개최…일...",http://www.queen.co.kr/news/articleView.html?idxno=442727
2025-09-22,LAUNCH,"삼성전자, 군인·경찰·소방 등 대상 'K-히어로 페스타' 실시",https://www.businessplus.kr/news/articleView.html?idxno=97654
2025-09-22,LAUNCH,삼성전자가 우리 사회 '숨은 영웅'을 응원합니다,http://www.opinionnews.co.kr/news/articleView.html?idxno=124603
2025-09-22,LAUNCH,"삼성전자, 'K-히어로 페스타' 실시…올해 일반 병사까지 확대",https://www.goodkyung.com/news/articleView.html?idxno=272941
2025-09-22,LAUNCH,"'일반병사도 할인' 삼성전자, K히어로 페스타 진행",http://www.shinailbo.co.kr/news/articleView.html?idxno=2120177
2025-09-22,LAUNCH,"삼성전자, 'K-히어로 페스타' 열어…일반 병사까지 혜택 확대",https://www.globale.co.kr/news/articleView.html?idxno=34718
2025-09-22,LAUNCH,"삼성전자, 군인?경찰?소방?교정 공무원에 최대 50% 할인",http://thetracker.co.kr/View.aspx?No=3790641
2025-09-22,LAUNCH,"삼성전자, 군인‧경찰‧소방‧교정 공무원 대상 제2회 ‘K-히어로 페스...",http://journal.kobeta.com/?post_type=post&p=60407
2025-09-22,LAUNCH,"삼성전자, 군인∙경찰∙소방 공무원 최대 50% 할인…'K-히어로 페스타'...",http://www.g-enews.com/ko-kr/news/article/news_all/202509221009289666ed0c62d49_1/article.html
2025-09-22,LAUNCH,"삼성전자, 군인·경찰 등 최대 50% 할인 혜택",https://www.jnilbo.com/news/articleView.html?idxno=90000006164
2025-09-22,LAUNCH,"삼성전자, 공무원 대상 'K-히어로 페스타' 실시",http://www.inews24.com/view/1889419
2025-09-22,LAUNCH,"삼성전자, 군인·경찰·소방·교정 공무원 대상 'K-히어로 페스타' 실시...",http://www.popcornnews.net/news/articleView.html?idxno=95117
2025-09-22,LAUNCH,"삼성전자, 군인·경찰·소방 등 50% 할인…일반 병사까지 확대",https://www.econovill.com/news/articleView.html?idxno=712199
2025-09-22,"INVEST,LAUNCH","에미레이트 항공, 2026 APEX '월드 클래스 어워즈' 6년 연속 수상",http://www.enewstoday.co.kr/news/articleView.html?idxno=2332120
2025-09-22,LAUNCH,"삼성전자, 'K-히어로 페스타' 실시… 군인·경찰·소방 등 대상",http://www.mhj21.com/169524
2025-09-22,LAUNCH,"삼성전자, 군인·경찰·소방·교정 공무원 대상 최대 50% 할인",https://www.inthenews.co.kr/news/article.html?no=77207
2025-09-22,"CERT,LAUNCH","[N2 전자 정보통] LG전자, 콜센터품질지수 최우수 평가…삼성전자, 'K-히...",https://www.news2day.co.kr/article/20250922500039
2025-09-22,LAUNCH,"삼성전자, 군인·경찰·소방·교정 공무원 대상 'K-히어로 페스타' 진행...",http://www.hansbiz.co.kr/news/articleView.html?idxno=778318
2025-09-22,"CERT,LAUNCH",[E Works] 삼성전자·LG전자,http://www.newsprime.co.kr/news/article.html?no=705234
2025-09-22,LAUNCH,"삼성전자, 군인∙경찰∙소방∙교정 공무원 대상 'K-히어로 페스타' 실시",https://www.nextdaily.co.kr/news/articleView.html?idxno=242568
2025-09-22,LAUNCH,"삼성전자, 히어로 페스타 실시...""군인·경찰 등 50% 할인""",http://www.ftoday.co.kr/news/articleView.html?idxno=348007
2025-09-22,"INVEST,LAUNCH","에미레이트 항공, APEX '월드 클래스 어워드' 6년 연속 수상",https://www.econovill.com/news/articleView.html?idxno=712187
2025-09-22,LAUNCH,삼성 'K-히어로' 가전 최대 50% 할인…경찰·소방관에 일반 군인까지 확...,https://view.asiae.co.kr/article/2025092209450056675
2025-09-22,LAUNCH,"삼성전자, 제2회 'K-히어로 페스타'..군인∙경찰∙소방∙교정 공무원 대...",http://www.4th.kr/news/articleView.html?idxno=2095862
2025-09-22,LAUNCH,"“군인·경찰 등에 최대 50% 할인”…삼성전자, ‘K히어로 페스타’",https://www.dt.co.kr/article/12019217?ref=naver
2025-09-22,LAUNCH,"삼성전자, 군인∙경찰∙소방∙교정 공무원 대상 2회 'K-히어로 페스타'...",https://www.asiaa.co.kr/news/articleView.html?idxno=224455
2025-09-22,LAUNCH,삼성전자 'K-히어로 페스타' 실시… 군인·경찰·소방 등 50% 할인,https://www.newscj.com/news/articleView.html?idxno=3320374
2025-09-22,LAUNCH,"삼성전자, 군인·경찰·소방·교정 공무원 대상 ‘최대 50% 할인’ 행사",https://www.ekn.kr/web/view.php?key=20250922021569336
2025-09-22,LAUNCH,"""군인·경찰·소방 50% 할인 혜택'...삼성전자, 제 2회 'K-히어로 페스타...",http://www.newslock.co.kr/news/articleView.html?idxno=116156
2025-09-22,LAUNCH,"[위클리오늘] 삼성전자, 군인∙경찰∙소방∙교정 공무원 대상 제 2회 'K...",http://www.weeklytoday.com/news/articleView.html?idxno=726417
2025-09-22,LAUNCH,"""최대 50% 할인""…삼성전자, 'K-히어로 페스타' 프로모션 진행",http://www.srtimes.kr/news/articleView.html?idxno=186342
2025-09-22,LAUNCH,"삼성전자, 군인∙경찰∙소방관 등에 '최대 50% 할인' 프로모션",https://www.dailian.co.kr/news/view/1552077/?sc=Naver
2025-09-22,LAUNCH,"일반 병사까지 포함…삼성전자, ‘이 조건’ 해당하면 ‘최대 50% 할인’...",https://www.wikitree.co.kr/articles/1082820
2025-09-22,LAUNCH,"""일반 병사도""… 삼성전자, 'K-히어로 페스타' 실시",https://www.newsclaim.co.kr/news/articleView.html?idxno=3049230
2025-09-22,LAUNCH,"""군인·경찰·소방관 최대 50% 할인""…삼성전자, 'K-히어로 페스타' 실시",https://www.youthdaily.co.kr/news/article.html?no=196931
2025-09-22,LAUNCH,"삼성전자, 군인·경찰·소방 등에 최대 50% 할인",https://www.busan.com/view/busan/view.php?code=2025092209022170008
2025-09-22,"INVEST,LAUNCH","삼성전자, 군인∙경찰∙소방 등 대상 'K-히어로 페스타' 실시",https://www.sentv.co.kr/article/view/sentv202509220018
2025-09-22,LAUNCH,"삼성전자, 군인·경찰·소방 최대 50% 할인…'히어로 페스타'",https://www.newsis.com/view/NISX20250922_0003337765
2025-09-22,LAUNCH,"삼성전자, 'K-히어로 페스타' 실시… 군인·경찰·소방 등 최대 50% 할인",https://www.moneys.co.kr/article/2025092208510210535
2025-09-22,LAUNCH,"삼성전자, 제2회 'K-히어로 페스타'…올해 일반 병사까지 확대",https://www.seoultimes.news/news/article.html?no=2000080948
2025-09-22,LAUNCH,"삼성전자, 군인·경찰·소방·교정 등 '최대 50% 할인'…일반병사도 혜택",https://www.news1.kr/industry/general-industry/5919893
2025-09-22,LAUNCH,"삼성전자, 'K-히어로 페스타' 실시...""올해 일반 병사도 혜택""",https://daily.hankooki.com/news/articleView.html?idxno=1273911
2025-09-22,LAUNCH,"삼성전자, 군인∙경찰∙소방∙교정공무원 대상 'K-히어로 페스타'",https://www.slist.kr/news/articleView.html?idxno=679759
2025-09-21,LAUNCH,"삼성전자, 군인·경찰·소방 등에 신제품 ‘최대 50% 할인’ 행사 진행",https://biz.chosun.com/it-science/ict/2025/09/22/PL67WIFGEFBPDFO3FTNHQN6UHU/?utm_source=naver&utm_medium=original&utm_campaign=biz
2025-09-22,LAUNCH,"삼성전자, 제 2회 'K-히어로 페스타' … 올해 일반 병사까지 확대",https://www.etnews.com/20250922000012
2025-09-22,LAUNCH,"삼성전자, 군인·경찰·소방 공무원 대상 'K-히어로 페스타' 혜택 확대",https://www.ebn.co.kr/news/articleView.html?idxno=1679415
2025-09-22,LAUNCH,"삼성전자, 군인·경찰·소방관 '최대 50% 할인'…일반 병사까지 확대",https://www.etoday.co.kr/news/view/2508723
2025-09-22,LAUNCH,"""군인∙경찰∙소방 50% 할인""...삼성전자, 제2회 'K-히어로 페스타' 실시",https://www.pinpointnews.co.kr/news/articleView.html?idxno=378820
2025-09-22,LAUNCH,"삼성전자, 'K-히어로 페스타' 실시…올해 일반 병사도 혜택 적용",https://zdnet.co.kr/view/?no=20250922082359
2025-09-22,LAUNCH,"삼성, 군인·경찰·소방관 '최대 50% 할인'…일반 병사도 혜택",http://www.edaily.co.kr/news/newspath.asp?newsid=02059846642302744
2025-09-22,LAUNCH,"삼성전자, 군인·경찰·소방 등에 '최대 50% 할인' 혜택 제공",https://www.yna.co.kr/view/AKR20250922020000003?input=1195m
2025-09-20,PARTNERSHIP,[韓中 세탁기 전쟁] 中 ‘TV 굴기’ 무섭다···美 전시장 명당 휩쓴 TC...,https://www.ekn.kr/web/view.php?key=20250920022078389
2025-09-19,"LAUNCH,PARTNERSHIP","'희망퇴직' LG전자, 승부수 통할까?",https://www.econovill.com/news/articleView.html?idxno=711976
2025-09-19,LAUNCH,"中 추격 속 TV사업 재편⋯ 삼성·LG, AI·플랫폼 ‘투 트랙’",https://www.viva100.com/article/20250918500954
2025-09-18,PARTNERSHIP,"삼성, 인도 비디오텍스 생산 TV에 타이젠OS 적용…보급형 시장 라이선싱...",https://www.theguru.co.kr/news/article.html?no=91923
2025-09-17,"CERT,LAUNCH","탐투스, 2025 에듀테크 코리아 페어서 '미래 교실' 구현",https://kr.aving.net/news/articleView.html?idxno=1804192
2025-09-14,"LAUNCH,PARTNERSHIP","삼성전자, 美서 ESPN과 맞손…스포츠 마케팅 확대",https://www.theguru.co.kr/news/article.html?no=91740
2025-09-12,"CERT,REGUL",미국 컴퓨터 모니터 시장동향,http://dream.kotra.or.kr/kotranews/cms/news/actionKotraBoardDetail.do?SITE_NO=3&MENU_ID=190&CONTENTS_NO=2&bbsGbn=254&bbsSn=254&pNttSn=234114
2025-09-11,LAUNCH,"삼성전자 TV, 美 소비자 만족도 1위…2년 연속",http://www.edaily.co.kr/news/newspath.asp?newsid=02542006642299136
2025-09-10,LAUNCH,[르포]영국 산업혁명 중심지에서 'AI 홈' 전진기지로…삼성 킹스크로스,https://www.etnews.com/20250910000266
2025-09-10,PARTNERSHIP,"삼성, 산업혁명 심장 런던서 'AI 홈'으로 과거와 미래를 잇다",https://www.dailian.co.kr/news/view/1546840/?sc=Naver
2025-09-10,PARTNERSHIP,"체험형 매장 '삼성전자 킹스크로스', 런던 랜드마크로 우뚝 [르포]",https://biz.newdaily.co.kr/site/data/html/2025/09/10/2025091000106.html
2025-09-10,"LAUNCH,PARTNERSHIP",런던 사로잡은 삼성…'AI 홈' 만나보는 디지털 놀이터,https://view.asiae.co.kr/article/2025091005143111690
2025-09-10,PARTNERSHIP,"[르포] 석탄 나르던 '산업혁명 상징' 런던 킹스크로스, '삼성 AI홈' 거점...",https://www.moneys.co.kr/article/2025091009562186453
2025-09-08,CERT,삼성전자 OLED TV '눈부심 방지' 역대급,https://www.joongboo.com/news/articleView.html?idxno=363702833
2025-09-08,"INVEST,LAUNCH,ORDER",모디 총리 인도 최대 규모 세금 개혁...삼성·LG 혜택 전망,https://www.theguru.co.kr/news/article.html?no=91460
2025-09-07,LAUNCH,"갤럭시AI 성공 주역 삼성전자 노태문 ""가전도 AI로 차별화"" [IFA 2025]",https://www.joongang.co.kr/article/25364892
2025-09-07,"INVEST,LAUNCH","삼성전자-하만, CEDIA 엑스포 2025서 공동 몰입형 AV 쇼케이스",https://www.theguru.co.kr/news/article.html?no=91458
2025-09-06,LAUNCH,[IFA 2025] 삼성이 보여준 '일상의 AI'…집·밖 어디서든 동일한 경험을,http://www.biztribune.co.kr/news/articleView.html?idxno=339693
2025-09-06,LAUNCH,삼성전자가 제안하는 ‘바람처럼 스며드는’ AI홈[IFA 2025],https://www.khan.co.kr/article/202509061433001
2025-09-06,"CERT,LAUNCH,PARTNERSHIP","“AI가 집 안으로 들어 왔다”…삼성·LG, IFA서 ‘AI 홈’ 진검승부",https://www.ceoscoredaily.com/page/view/2025090515430771269
2025-09-06,LAUNCH,흔들리는 ‘글로벌 TV 왕좌’...중국 2강에 新 경쟁자까지 ['치지직' 위...,https://economist.co.kr/article/view/ecn202509020034
2025-09-06,LAUNCH,"[2025 IFA] 삼성-LG전자, AI기술 입힌 첨단 제품으로 유럽 가전시장 사로...",https://www.news2day.co.kr/article/20250905500227
2025-09-06,"INVEST,LAUNCH",‘유럽의 하이마트’까지 갖겠다는 중국…삼성·LG 어쩌나 [IFA 2025],https://biz.heraldcorp.com/article/10569725?ref=naver
2025-09-05,LAUNCH,[IFA 2025] '비전 AI'로 미래 일상 체험… 관람객 홀린 삼성전자 전시장,https://www.moneys.co.kr/article/2025090523244552875
2025-09-05,LAUNCH,[IFA 2025] 獨 IFA 성대한 개막…삼성·LG 'AI홈' 공세에 中기업도 기술 ...,https://www.newsworks.co.kr/news/articleView.html?idxno=810042
2025-09-05,LAUNCH,"삼성전자 “ QLED , 우리가 진짜”…허위광고 논란 중국 기업 겨냥",https://www.hani.co.kr/arti/economy/economy_general/1217220.html
2025-09-05,"LAUNCH,REGUL",[IFA 2025] AI가 만든 나만의 집…삼성·LG 'IFA 2025' 부스 미리 가보니,https://www.asiatoday.co.kr/view.php?key=20250905010003198
2025-09-05,LAUNCH,"""냉장고가 말을 해"" 입이 쩍!…삼성·LG 'AI 가전 신제품' 감탄 쏟아져",http://news.mt.co.kr/mtview.php?no=2025090423162047047
2025-09-05,LAUNCH,"삼성·LG, 유럽서 AI 가전 패러다임 새로 쓴다… 150조 시장 쟁탈전 [IFA...",https://biz.newdaily.co.kr/site/data/html/2025/09/05/2025090500114.html
2025-09-05,"LAUNCH,ORDER","[코스닥 히든챔피언] ②에이텀, 'EV·선박·DB센터' 등 발빠른 변신으로...",https://www.fetv.co.kr/news/article.html?no=199693
2025-09-05,LAUNCH,"[IFA 2025] '따로 또 같이'…삼성, 'AI 홈'에 가용성 꽉꽉 눌러 담았다",https://www.ddaily.co.kr/page/view/2025090506063630766
2025-09-05,LAUNCH,미래가 생활이 되는 순간… 삼성이 그려낸 AI 일상[르포] [IFA 2025],https://biz.newdaily.co.kr/site/data/html/2025/09/05/2025090500008.html
2025-09-05,LAUNCH,"삼성전자, IFA 2025서 'AI 홈' 공개…미래형 스마트가전 생태계 과시",https://www.tokenpost.kr/news/ai/283065
2025-09-04,LAUNCH,바람처럼 펼쳐진 미래…삼성 'AI 홈'이 그려낸 일상의 모습은,https://www.yna.co.kr/view/AKR20250904175300003?input=1195m
2025-09-04,LAUNCH,"""편리함 넘어 돌봄 받는다""…삼성전자, AI홈 '미래 일상 현실로'",https://www.news1.kr/industry/general-industry/5902091
2025-09-04,"CERT,LAUNCH","[IFA 2025] 삼성전자, 현실이 된 미래의 일상 'AI 홈' 선보여",https://dealsite.co.kr/articles/147655
2025-09-04,"CERT,LAUNCH","삼성전자, IFA 2025서 현실이 된 미래의 일상 'AI 홈' 선보여",http://www.popcornnews.net/news/articleView.html?idxno=92902
2025-09-04,"CERT,LAUNCH","삼성전자, 'IFA 2025'서 현실이 된 미래의 일상 'AI 홈' 공개",https://www.thepublic.kr/news/articleView.html?idxno=275520
2025-09-04,CERT,"삼성전자, 베를린 ‘IFA 2025’서 AI 홈 실현",https://www.busan.com/view/busan/view.php?code=2025090416435870967
2025-09-04,"CERT,LAUNCH","삼성전자, IFA 2025에서 현실이 된 미래의 일상 'AI 홈' 선보인다",https://www.joongangenews.com/news/articleView.html?idxno=447974
2025-09-04,LAUNCH,"삼성·LG전자, IFA 2025 출격…'AI 홈'으로 글로벌 시장 공략",http://www.ftoday.co.kr/news/articleView.html?idxno=347085
2025-09-04,"CERT,LAUNCH","삼성전자, IFA 2025에서 현실이 된 미래의 일상 'AI 홈' 선 봬",http://www.paxetv.com/news/articleView.html?idxno=244823
2025-09-04,"CERT,LAUNCH","삼성전자, IFA 2025에서 현실이 된 미래의 일상 'AI 홈' 선보여",http://www.econonews.co.kr/news/articleView.html?idxno=403340
2025-09-04,"CERT,LAUNCH","삼성전자, 'IFA 2025'서 현실이 된 미래의 일상 'AI 홈' 선보여",http://www.g-enews.com/ko-kr/news/article/news_all/2025090414520391916ed0c62d49_1/article.html
2025-09-04,"LAUNCH,PARTNERSHIP","삼성전자, ‘IFA 2025’서 업계 최대 규모 전시",http://theviewers.co.kr/View.aspx?No=3770447
2025-10-01,LAUNCH,"[기획]심상찮은 中공습…韓, 안방도 불안하다",http://www.m-i.kr/news/articleView.html?idxno=1288959
2025-09-26,LAUNCH,"포화된 가전시장, '시니어'로 돌파구…실버 가전 경쟁 격화",https://news.mtn.co.kr/news-detail/2025092611461197333
2025-09-26,CERT,최고 11.3대 1… ‘서면 어반센트 데시앙’ 청약에 실수요 대거 몰렸다,https://www.viva100.com/article/20250926500196
2025-09-26,CERT,'서면 어반센트 데시앙' 청약 흥행…부산 부동산 반등세에 실수요층 몰...,https://www.ksilbo.co.kr/news/articleView.html?idxno=1037897
2025-09-26,CERT,최고 11.3대 1… '서면 어반센트 데시앙' 청약에 실수요 대거 몰렸다,https://www.sedaily.com/NewsView/2GY1VKITN1
2025-09-25,LAUNCH,"""시니어 고객 잡는다""…LG전자, 생활 밀착형 '이지 TV' 출시",http://www.womentimes.co.kr/news/articleView.html?idxno=91066
2025-09-26,LAUNCH,"시니어 세대 위한 TV 등장, “쉽게 쓰고, 가족과 교류”",https://bravo.etoday.co.kr/view/atc_view/17412
2025-09-26,LAUNCH,"LG전자, '이지 TV' 출시...시니어 맞춤형 TV시장 연다",https://www.slist.kr/news/articleView.html?idxno=681042
2025-09-26,"INVEST,LAUNCH",“아버님 댁에 ‘쉬운 TV’ 하나 놔드려야겠어”…LG의 ‘시니어 가전’...,https://www.mk.co.kr/article/11429656
2025-09-26,LAUNCH,"LG전자 '이지 TV', 큰 글씨·쉬운 홈화면 '효자TV' ON",https://www.mt.co.kr/industry/2025/09/26/2025092519131356519
2025-09-26,LAUNCH,‘단순한 조작에 큰 글씨’ 시니어TV 나왔다,https://www.joongang.co.kr/article/25370057
2025-09-25,LAUNCH,영상통화에 치매예방 게임까지…‘효자보다 시니어 TV’,https://www.khan.co.kr/article/202509252100025
2025-09-25,LAUNCH,"'헬프' 버튼 하나로 효도…LG전자, 노인용 스마트 TV 출시",https://weekly.hankooki.com/news/articleView.html?idxno=7130104
2025-09-25,"INVEST,LAUNCH","'약 복용 알림', '자녀와 영상 통화'...1,000만 노년층 맞춤 TV 나왔다",https://www.hankookilbo.com/News/Read/A2025092515340005714?did=NA
2025-09-25,LAUNCH,"[현장] LG전자, '시니어 시장' 공략 본격화…'조작 쉽고 약 먹는 시간' ...",https://www.news2day.co.kr/article/20250925500252
2025-09-25,"CERT,LAUNCH","[현장] LG전자, '시니어 전용 TV' 첫 공개… '시니어 시장 신호탄'",http://www.economytalk.kr/news/articleView.html?idxno=412357
2025-09-25,LAUNCH,"LG, 효도폰 같은 TV 내놓는다",https://www.hankyung.com/article/2025092584621
2025-09-25,LAUNCH,"LG, '이지 TV' 출시…시니어 시장 노린다",https://dealsite.co.kr/articles/148822
2025-09-25,"CERT,INVEST,LAUNCH,ORDER,PARTNERSHIP","[DD퇴근길] ""에이닷부터 AI DC까지""…SKT표 통합 AI 조직 방향성은",https://www.ddaily.co.kr/page/view/2025092516574225438
2025-09-25,LAUNCH,"[WIKI 현장] TV가 약먹는 시간까지?…LG전자, 시니어 중심 UI 혁신해 맞춤...",http://www.wikileaks-kr.org/news/articleView.html?idxno=175387
2025-09-25,LAUNCH,"""TV로 영상통화 하고 가족사진 찍는다""...LG전자, 시니어 맞춤형 TV 출시",https://www.getnews.co.kr/news/articleView.html?idxno=842346
2025-09-25,"LAUNCH,PARTNERSHIP","""엄마 편하게 임영웅·이찬원 봐""… LG전자, 시니어 TV로 1천만 베이비부...",https://www.econovill.com/news/articleView.html?idxno=712710
2025-09-25,LAUNCH,"“영양제 먹을 시간이에요”…LG전자, 이지 TV로 시니어 시장 이끈다",http://www.segyebiz.com/newsView/20250925514787?OutUrl=naver
2025-09-25,LAUNCH,"""TV로 카톡 보내고 영상통화""…LG전자, '이지 TV' 출시",https://www.hankyung.com/article/202509258024i
2025-09-25,LAUNCH,"어르신, TV 기능이 너무 많아 복잡하시죠?...LG전자, 시니어 전용 TV 출시",https://www.greened.kr/news/articleView.html?idxno=331568
2025-09-25,LAUNCH,"어르신, 갑자기 TV 켜더니 자식들과 영상통화를?...1000만 시니어 시장 ...",https://www.mk.co.kr/article/11429227
2025-09-25,LAUNCH,"TV로 영상통화, 치매예방 게임···부모님 케어하는 ‘시니어 TV’ 나왔...",https://www.khan.co.kr/article/202509251556001
2025-09-25,LAUNCH,"[현장] LG전자 ""부모님도 쉽게 즐기도록···시니어 전용 '이지 TV'가 해...",http://www.enewstoday.co.kr/news/articleView.html?idxno=2334165
2025-09-25,LAUNCH,"""시니어 시장 선도"" LG전자, 시니어 케어 특화 'LG 이지 TV' 출시",https://www.thepublic.kr/news/articleView.html?idxno=278023
2025-09-25,LAUNCH,"LG전자, 기억 돌봄부터 가족 대화까지···효도가 된 TV",http://www.finomy.com/news/articleView.html?idxno=239840
2025-09-25,LAUNCH,"TV로 자녀와 화상통화, 리모컨 눌러 카톡 전송...LG전자 시니어 맞춤 TV...",https://www.joongang.co.kr/article/25369938
2025-09-25,"CERT,LAUNCH","LG전자, 1천만 시니어 고객 타깃 'LG 이지 TV' 출시",https://www.itbiznews.com/news/articleView.html?idxno=181777
2025-09-25,LAUNCH,"LG전자, '이지 TV'로 시니어 TV 시장 뛰어든다",http://www.hansbiz.co.kr/news/articleView.html?idxno=779465
2025-09-25,LAUNCH,시니어 TV 내놓은 LG전자...라이프사이클 맞춤 전략 강화,https://www.mediapen.com/news/view/1045405
2025-09-25,LAUNCH,[해설] ‘케어형 TV·가전’ 시장 여는 LG전자,https://www.dnews.co.kr/uhtml/view.jsp?idxno=202509251216101460079
2025-09-25,LAUNCH,"LG전자, 시니어 고객 위한 'LG 이지 TV' 출시…""글씨 키우고 앱 단순화""",https://www.newsway.co.kr/news/view?ud=2025092510061702010
2025-09-25,LAUNCH,"[현장] LG전자, 시니어 맞춤형 TV 공개…""쉽게·케어·재미""로 효도 수요...",http://www.popcornnews.net/news/articleView.html?idxno=95727
2025-09-25,LAUNCH,"""쉬운 TV, 따뜻한 케어""…LG가 시니어 일상에 건넨 작은 배려 [현장에서...",http://www.sisaon.co.kr/news/articleView.html?idxno=175778
2025-09-25,LAUNCH,"LG전자, '이지 TV'로 시니어 시장 개척...""모바일·가전까지 확장""",http://www.thelec.kr/news/articleView.html?idxno=41356
2025-09-25,LAUNCH,"LG전자, 시니어 맞춤형 'LG 이지 TV' 출시…""고객 목소리 듣고 개발""",https://www.straightnews.co.kr/news/articleView.html?idxno=282476
2025-09-25,LAUNCH,"""1000만 시니어 노린 LG의 승부수""... 'LG 이지 TV' 출시 화제",https://www.insight.co.kr/news/521762
2025-09-25,LAUNCH,"LG전자, ‘LG 이지 TV’ 출시… 시니어 맞춤형 TV 시장 본격 진출",https://www.hinews.co.kr/view.php?ud=202509251432014758dacadeb388_48
2025-09-25,LAUNCH,"TV는 시작에 불과…LG전자, 가전 포트폴리오에 '시니어' 추가",https://www.ddaily.co.kr/page/view/2025092512102004557
2025-09-25,LAUNCH,"""시니어 고객이 보다 쉽게 사용하는 TV""…LG전자, 'LG 이지 TV' 출시",http://www.efnews.co.kr/news/articleView.html?idxno=123595
2025-09-25,LAUNCH,"LG전자, 시니어 맞춤형 TV로 중국 저가 공세 돌파구 모색",https://it.chosun.com/news/articleView.html?idxno=2023092148013
2025-09-25,LAUNCH,"[이슈] ""TV로 영상통화, 복약 알림까지""...LG전자, '이지TV'로 시니어 공...",http://www.paxetv.com/news/articleView.html?idxno=247375
2025-09-25,LAUNCH,"“글씨 키우고 화면 단순화”…LG전자, 첫 시니어 전용 ‘이지 TV’ 공개",https://www.kukinews.com/article/view/kuk202509250109
2025-09-25,LAUNCH,"[현장] LG전자, 시니어 맞춤형 TV 신규 개발...주요 기능 살펴보니",https://www.ekoreanews.co.kr/news/articleView.html?idxno=82337
2025-09-25,LAUNCH,"LG전자, 1천만 시니어와 자녀층 겨냥한 'LG 이지 TV' 출시",https://www.ngonews.kr/news/articleView.html?idxno=214842
2025-09-25,LAUNCH,"LG전자, 국내 첫 시니어 특화 'LG 이지 TV' 출시…1000만 시니어 시장 정...",https://www.etnews.com/20250925000309
2025-09-25,LAUNCH,"'1000만명 고령층 시장을 잡아라'…LG, 시니어 맞춤 TV 첫 출시",https://www.ajunews.com/view/20250925110704130
2025-09-25,LAUNCH,"[현장] LG전자 '이지 TV' 시니어 시장 공략…""라이프스타일 제품군 확대...",https://www.ebn.co.kr/news/articleView.html?idxno=1680038
2025-09-25,LAUNCH,"LG전자, 시니어 고객 특화 'LG 이지 TV' 출시-시니어 TV 시장 연다",http://www.techholic.co.kr/news/articleView.html?idxno=218332
2025-09-25,LAUNCH,"LG전자 백선필 ""시니어TV, 동급  QNED  TV와 가격차 거의 없어""",http://www.shinailbo.co.kr/news/articleView.html?idxno=2122750
2025-09-25,LAUNCH,"LG전자 ""'신제품 LG 이지 TV', 시니어 고객 니즈 반영…기존 기능 전면 ...",https://www.megaeconomy.co.kr/news/newsview.php?ncode=1065573244764181
2025-09-25,LAUNCH,"LG전자, 시니어 맞춤형 '이지 TV' 출시… 헬프 버튼으로 사용 편의성 강...",https://www.topstarnews.net/news/articleView.html?idxno=15818519
2025-09-25,LAUNCH,"LG전자, 시니어 맞춤형 'LG 이지 TV' 출시… 시니어 TV 시장 본격 진입",https://www.ngetnews.com/news/articleView.html?idxno=537246
2025-09-25,LAUNCH,"LG전자, 시니어 타깃으로 TV 돌파구 찾는다…""생활가전도 적용할 것""",https://www.newsworks.co.kr/news/articleView.html?idxno=812586
2025-09-25,LAUNCH,"[현장 직썰] 'LG 이지 TV' 공개···""시니어 시장 공략""",https://www.ziksir.com/news/articleView.html?idxno=105929
2025-09-25,LAUNCH,"LG전자, 시니어 맞춤형 '이지 TV'로 활로 모색",http://www.fntimes.com/html/view.php?ud=2025092511460422187de3572ddd_18
2025-09-25,LAUNCH,"[현장] ""시니어 고객이 쉽게 쓰고, 가족과 함께 케어받는 'LG 이지 TV'""",https://www.smartfn.co.kr/news/articleView.html?idxno=121253
2025-09-25,LAUNCH,"[현장] LG, 시니어 전용 ‘이지 TV’ 첫 공개…""효도 TV로 안성맞춤""",https://www.fetv.co.kr/news/article.html?no=202054
2025-09-25,LAUNCH,"가족 도움 요청 기능에 복약 알림까지… LG전자, 시니어 겨냥 ‘이지 TV...",https://sports.khan.co.kr/article/202509251138013?pt=nv
2025-09-25,"LAUNCH,PARTNERSHIP","고령층 위한 '이지 TV'…LG전자, 시니어 시장 공략 본격화",http://theviewers.co.kr/View.aspx?No=3795902
2025-09-25,LAUNCH,"[현장] ""쉬운데 재미에 케어까지""… LG전자, 시니어 맞춤 TV 출시",https://www.newscj.com/news/articleView.html?idxno=3321909
2025-09-25,LAUNCH,"‘헬프’만 누르면 알아서 척척…LG전자, ‘시니어 전용 TV’ 출시",https://www.dt.co.kr/article/12020085?ref=naver
2025-09-25,LAUNCH,'노인을 위한 나라는 있다' LG전자 시니어 이지 TV 출시,https://www.polinews.co.kr/news/articleView.html?idxno=708566
2025-09-25,LAUNCH,"위기의 LG전자, LCD 기반 '시니어 TV'로 반전 노린다",https://www.sisajournal-e.com/news/articleView.html?idxno=415546
2025-09-25,LAUNCH,"'효도 수요' 노리는 LG전자…""시니어 맞춤형 '이지 TV' 출시""",http://www.edaily.co.kr/news/newspath.asp?newsid=03060246642303728
2025-09-25,LAUNCH,"LG전자, 시니어 고객 사로잡는다···'LG 이지 TV' 출시",https://www.tournews21.com/news/articleView.html?idxno=116477
2025-09-25,LAUNCH,"[위클리오늘] LG전자, 'LG 이지 TV' 출시···시니어 TV 시장 연다",http://www.weeklytoday.com/news/articleView.html?idxno=727661
2025-09-25,LAUNCH,"LG전자, 'LG 이지 TV' 출시···1천만 시니어 시장 '정조준'",https://www.seoulfn.com/news/articleView.html?idxno=608090
2025-09-25,LAUNCH,"“버튼은 크고 조작은 쉽고""…LG전자, 어르신 위한 ‘이지 TV’ 공개",https://www.etoday.co.kr/news/view/2510187
2025-09-25,LAUNCH,"[A 현장] ""쉽게 사용하세요""...LG전자, 시니어 대상 TV 신제품 선보인다",https://www.asiaa.co.kr/news/articleView.html?idxno=224895
2025-09-25,"INVEST,LAUNCH",'실버 시장' 뛰어든 LG전자…첫 시니어 가전 '이지TV' 출시(종합),https://www.news1.kr/industry/electronics/5924638
2025-09-25,LAUNCH,"'노인 1000만명 시대' LG, 시니어 특화 TV 출시…새 시장 연다",https://www.mt.co.kr/industry/2025/09/26/2025092511043013090
2025-09-25,LAUNCH,"[현장] “TV가 약까지 챙겨준다”…LG전자, ‘이지 TV’로 시니어 시장 ...",https://www.mydaily.co.kr/page/view/2025092510401948891
2025-09-25,LAUNCH,"“노안 부모님도 쉽게 조작” LG전자, 시니어 맞춤 ‘이지 TV’ 출시",https://biz.heraldcorp.com/article/10583321?ref=naver
2025-09-25,LAUNCH,"LG전자, 시니어 특화 '이지 TV' 출시…""영상통화까지 쉽게""",https://www.dailian.co.kr/news/view/1553794/?sc=Naver
2025-09-25,LAUNCH,"LG전자, 'LG 이지 TV' 출시...시니어 TV 시장 연다",http://www.financialreview.co.kr/news/articleView.html?idxno=37263
2025-09-25,LAUNCH,"LG전자, 'LG 이지 TV' 출시...큰 글씨·헬프 버튼 적용 등 시니어 친화적...",http://www.consumernews.co.kr/news/articleView.html?idxno=741154
2025-09-25,LAUNCH,"[현장] LG전자, 시니어 맞춤 '이지 TV' 공개…""간편·돌봄·즐거움 한 화...",http://www.newswatch.kr/news/articleView.html?idxno=73154
2025-09-25,"INVEST,LAUNCH","""TV가 약먹는 시간 알려준다""..LG전자, 시니어 TV 시장 연다(종합)",http://www.4th.kr/news/articleView.html?idxno=2096271
2025-09-25,LAUNCH,"LG전자, 시니어 대상 'LG 이지 TV' 출시…TV 주 고객인 고령층 소비자 공...",https://www.nextdaily.co.kr/news/articleView.html?idxno=242736
2025-09-25,"LAUNCH,PARTNERSHIP","침체된 TV 시장, 효도 수요가 답 될까...LG전자, 시니어 TV 승부수",https://www.newspim.com/news/view/20250925000453
2025-09-25,LAUNCH,"LG전자, 시니어 위한 '헬프' 기능 넣은 맞춤형 TV 공개",http://www.datanews.co.kr/news/article.html?no=140959
2025-09-25,LAUNCH,시니어 겨냥 LG TV 나온다…화면 단순화·리모컨도 크게,https://www.nocutnews.co.kr/news/6405763?utm_source=naver&utm_medium=article&utm_campaign=20250925105952
2025-09-25,LAUNCH,"""추석 효도선물로 딱이네"" LG전자, 신제품 'LG 이지 TV' 출시..1000만 시니...",https://www.industrynews.co.kr/news/articleView.html?idxno=72033
2025-09-25,LAUNCH,“리모콘 조작이 어려워”…‘LG 이지 TV’ 출시,https://www.busan.com/view/busan/view.php?code=2025092508014983177
2025-09-25,LAUNCH,"""여보! 아버님 댁에 TV 한 대 사드려야겠어요""...LG, 시니어 맞춤형 TV 출...",https://www.raonnews.com/news/article.html?no=51497
2025-09-25,LAUNCH,"LG전자, '이지 TV' 출시…시니어 TV 시장 개척",https://www.koit.co.kr/news/articleView.html?idxno=202409
2025-09-25,LAUNCH,"LG전자, 1000만 시니어 시장 정조준…'이지 TV'로 실버가전 선도",http://www.m-i.kr/news/articleView.html?idxno=1286497
2025-09-25,LAUNCH,"""어려운 조작 덜고 편의기능 더했다"" LG전자, 시니어 TV 출시",https://www.newsquest.co.kr/news/articleView.html?idxno=253592
2025-09-25,LAUNCH,"LG전자, 시니어 특화 제품 'LG 이지 TV' 출시...""아버님 댁에 TV 하나 놔...",http://www.newslock.co.kr/news/articleView.html?idxno=116419
2025-09-25,LAUNCH,"포화한 TV 시장…LG전자, '시니어 맞춤형 TV'로 돌파구 찾는다",https://news.einfomax.co.kr/news/articleView.html?idxno=4376216
2025-09-25,LAUNCH,"LG전자, 시니어 특화 ‘LG 이지 TV’ 29일 출시…시니어 가전 시장 본격...",https://www.nspna.com/news/?mode=view&newsid=779156
2025-09-25,LAUNCH,"LG전자, 시니어 고객 맞춤형 'LG 이지 TV' 출시",http://www.inews24.com/view/1890824
2025-09-25,LAUNCH,"LG전자, 'LG 이지 TV' 출시… 시니어 시장 겨냥",https://it.chosun.com/news/articleView.html?idxno=2023092147998
2025-09-25,"INVEST,LAUNCH","LG전자, '시니어 맞춤 TV'로 불황 돌파구 모색",https://www.newstopkorea.com/news/articleView.html?idxno=30780
2025-09-25,LAUNCH,"LG전자, 시니어 고객 케어 'LG 이지 TV' 출시",http://www.wsobi.com/news/articleView.html?idxno=290990
2025-09-25,LAUNCH,"LG전자, 시니어만을 위한 TV, ‘LG 이지 TV’ 국내 첫선…고령층 시장 공...",https://www.socialvalue.kr/news/view/1065576530868107
2025-09-25,LAUNCH,"LG전자, ‘LG 이지 TV’ 출시… 시니어 시장 공략 본격화",http://www.g-enews.com/ko-kr/news/article/news_all/202509251009236198e8350d33db_1/article.html
2025-09-25,LAUNCH,"LG전자, 시니어 고객 위한 'LG 이지 TV' 국내 출시…시니어 TV 시장 연다",https://www.goodkyung.com/news/articleView.html?idxno=273283
2025-09-25,LAUNCH,"'시니어 TV 시장 열렸다'…LG전자, '이지 TV' 출시",https://www.it-b.co.kr/news/articleView.html?idxno=84320
2025-09-25,LAUNCH,"'시니어 TV 출사표' LG전자, 분위기 반전 묘수될까",https://biz.newdaily.co.kr/site/data/html/2025/09/25/2025092500111.html
2025-09-25,LAUNCH,"""TV 바꾸더니 엄마가 영상통화를""…LG가 또 일냈다",https://www.hankyung.com/article/202509256530g
2025-09-25,LAUNCH,"LG전자, 시니어 맞춤 'LG 이지 TV' 출시…리모컨 전면 재설계",http://www.newsdream.kr/news/articleView.html?idxno=96049
2025-09-25,LAUNCH,"복약시간 알려주고 영상통화까지…LG전자, ‘이지 TV’로 시니어 시장 ...",https://www.sedaily.com/NewsView/2GY1FO2JJH
2025-09-25,LAUNCH,"'시니어 TV' 시장 연다 .... LG전자, 시니어 고객에 중점 둔 '이지 TV' 출...",http://www.worktoday.co.kr/news/articleView.html?idxno=74662
2025-09-25,LAUNCH,"LG전자, 시니어 맞춤형 'LG 이지 TV' 출시… ""쉽고 편하게, 가족과 더 가...",https://www.gpkorea.com/news/articleView.html?idxno=134247
2025-09-25,LAUNCH,"LG전자, 시니어 맞춤형 ‘LG 이지 TV’ 공개…1000만 시니어 시장 공략",https://www.inthenews.co.kr/news/article.html?no=77418
2025-09-25,LAUNCH,"LG전자, '이지TV'로 시니어 TV 시장 연다",https://www.smarttoday.co.kr/news/articleView.html?idxno=92297
2025-09-25,LAUNCH,"'마이크 대신 리모컨 잡고 노래'…LG전자, 시니어 맞춤 TV 출시",https://www.mt.co.kr/industry/2025/09/25/2025092508295499315
2025-09-25,"INVEST,LAUNCH","LG전자 고령화 시대 발맞춰 시니어 TV 시장 열어, 'LG 이지 TV' 출시",https://www.businesspost.co.kr/BP?command=article_view&num=413461
2025-09-25,LAUNCH,"""시니어도 스마트하게""…LG전자, '이지 TV' 출시",http://www.srtimes.kr/news/articleView.html?idxno=186581
2025-09-25,LAUNCH,"LG전자, 'LG 이지 TV' 출시…시니어 TV 시장 연다",https://www.dizzotv.com/site/data/html_dir/2025/09/25/2025092580028.html
2025-09-25,LAUNCH,'부모님도 손쉽게' 1000만 시니어 맞춤 'LG 이지 TV' 출격,https://www.theguru.co.kr/news/article.html?no=92279
2025-09-25,LAUNCH,"LG전자, 시니어 맞춤형 ‘이지 TV’ 출시",https://www.bigtanews.co.kr/article/view/big202509250004
2025-09-25,LAUNCH,"'LG 이지 TV' 출시, 시니어 TV 시장 연다",https://www.asiatime.co.kr/article/20250925500038
2025-09-25,LAUNCH,"LG전자, '시니어 맞춤' 이지 TV 국내 출시",https://news.mtn.co.kr/news-detail/2025092509015420150
2025-09-25,LAUNCH,"""시니어 TV 시장 열었다""…LG전자 '이지 TV', 시니어 맞춤 간편한 조작·...",https://www.ddaily.co.kr/page/view/2025092508211777239
2025-09-25,LAUNCH,"“노안 부모님도 쉽게 조작” LG전자, 시니어 위한 ‘이지 TV’ 출시",https://biz.heraldcorp.com/article/10583110?ref=naver
2025-09-25,LAUNCH,"LG전자, 시니어 특화 ‘이지TV’ 출시...리모콘 키우고 가족 도움 요청도",https://www.chosun.com/economy/tech_it/2025/09/25/HJACAGLS5VB27MWDX32T7LWIJ4/?utm_source=naver&utm_medium=referral&utm_campaign=naver-news
2025-09-25,LAUNCH,"고령층 위한 맞춤형 기능…LG전자, '시니어 TV' 내놨다",http://www.edaily.co.kr/news/newspath.asp?newsid=02643686642303728
2025-09-25,LAUNCH,"LG전자, '이지 TV' 출시…시니어 시장 연다",https://www.ebn.co.kr/news/articleView.html?idxno=1679980
2025-09-25,LAUNCH,"""시니어 고객이 쉽게 사용하고, 시니어 고객을 케어하는 TV"" 'LG 이지 TV' ...",http://www.issuenbiz.com/news/articleView.html?idxno=66617
2025-09-25,LAUNCH,"LG전자, 시니어 맞춤형 TV 출시…EASY·FUN·CARE 담겼다",http://news.bizwatch.co.kr/article/industry/2025/09/25/0008
2025-09-25,LAUNCH,"""글씨 키우고 화면도 단순화""…LG전자, 시니어 전용 '이지 TV' 출시",https://www.news1.kr/industry/electronics/5924267
2025-09-25,LAUNCH,"LG전자, 시니어 맞춤형 '이지 TV' 출시로 신규 시장 공략",https://www.newspim.com/news/view/20250925000032
2025-09-25,LAUNCH,시니어 TV 시장 여는 LG전자…더 크고 더 쉬운 '이지 TV' 출시,https://www.newsworks.co.kr/news/articleView.html?idxno=812560
2025-09-25,LAUNCH,"시니어 TV 시장 활짝...LG전자, 'LG 이지 TV' 출시",https://www.bizwork.co.kr/news/articleView.html?idxno=407064
2025-09-25,LAUNCH,"어르신 맞춤 TV 등장! LG, '이지 TV'로 시니어 시장 연다",https://www.autodaily.co.kr/news/articleView.html?idxno=536900
2025-09-25,LAUNCH,"LG전자, '이지 TV' 출시…시니어 시장 공략",http://www.wowtv.co.kr/NewsCenter/News/Read?articleId=A202509250345&t=NN
2025-09-25,LAUNCH,"LG전자, 시니어 고객 특화 'LG 이지 TV' 출시… 시니어 TV 시장 개척",https://www.financialpost.co.kr/news/articleView.html?idxno=233830
2025-09-25,LAUNCH,"LG전자, 시니어 고객 편의성 높인다… 'LG 이지 TV' 첫 선",https://www.moneys.co.kr/article/2025092508164013533
2025-09-25,LAUNCH,"""시니어 TV 시장 연다""…LG전자, '이지 TV' 국내 출시",https://www.asiatoday.co.kr/view.php?key=20250925010013792
2025-09-25,LAUNCH,"LG전자, 시니어 특화 'LG 이지 TV' 국내 출시",https://isplus.com/article/view/isp202509250007
2025-09-25,LAUNCH,"LG전자, 'LG 이지 TV' 출시…""시니어 TV 시장 연다""",https://www.businessplus.kr/news/articleView.html?idxno=98013
2025-09-25,LAUNCH,"LG전자, 'LG 이지 TV' 출시...시니어 TV 시장 연",https://www.joongangenews.com/news/articleView.html?idxno=453274
2025-09-25,LAUNCH,"‘큰 글씨에 특화기능까지’ LG전자, 6070 겨냥 ‘LG 이지TV’ 출격",http://www.shinailbo.co.kr/news/articleView.html?idxno=2122456
2025-09-25,LAUNCH,"LG전자, 'LG 이지 TV' 국내 출시…시니어 TV 시장 공략",https://www.cstimes.com/news/articleView.html?idxno=669288
2025-09-25,"INVEST,LAUNCH","1000만 시니어 고객 겨냥한 LG전자, 'LG 이지 TV' 출시",https://www.techm.kr/news/articleView.html?idxno=144876
2025-09-25,LAUNCH,"LG전자, 이지 TV' 출시⋯시니어 TV 시장 연다",https://www.epnc.co.kr/news/articleView.html?idxno=322902
2025-09-25,LAUNCH,"영상통화·복약 알림까지… LG전자, 시니어 TV 시장 연다",https://www.newsclaim.co.kr/news/articleView.html?idxno=3049376
2025-09-25,LAUNCH,"LG전자, ‘LG 이지TV’ 출시...시니어 TV시장 연다",https://www.seoultimes.news/news/article.html?no=2000081329
2025-09-25,"INVEST,LAUNCH,PARTNERSHIP","""시니어 TV 시장 연다""..LG전자 'LG 이지 TV' 출시",http://www.4th.kr/news/articleView.html?idxno=2096223
2025-09-25,LAUNCH,"""시니어 TV 시장 연다""...LG전자, ‘LG 이지 TV’ 출시",http://thetracker.co.kr/View.aspx?No=3795759
2025-09-24,CERT,1순위 최고 경쟁률 6.13대 1… ‘서면 어반센트 데시앙’ 금일 2순위 청...,https://biz.heraldcorp.com/article/10582161?ref=naver
2025-09-24,CERT,1순위 최고 경쟁률 6.13대 1… '서면 어반센트 데시앙' 금일 2순위 청약...,https://www.rcast.co.kr/news/articleView.html?idxno=29092
2025-09-23,"CERT,INVEST,LAUNCH",'서면 어반센트 데시앙' 금일 1순위 청약 접수 실시,https://view.asiae.co.kr/article/2025092309481410848
2025-09-22,LAUNCH,"삼성·LG, 디자인 어워드 석권…글로벌 위상 강화",https://www.asiatime.co.kr/article/20250922500260
2025-09-22,"CERT,LAUNCH","태영건설, '서면 어반센트 데시앙' 본격 청약 시작",https://www.ziksir.com/news/articleView.html?idxno=105296
2025-09-22,"CERT,LAUNCH","'서면 어반센트 데시앙' 22일 특별공급, 23일 1순위 청약 접수 진행",http://www.ikld.kr/news/articleView.html?idxno=320739
2025-09-20,LAUNCH,"LG전자, 세계 3대 디자인 어워드서 賞 100개 휩쓸어",https://www.thepublic.kr/news/articleView.html?idxno=277283
2025-09-19,LAUNCH,"LG전자, 3대 디자인 어워드에서 총 100개 상 받아",https://www.dailysportshankook.co.kr/news/articleView.html?idxno=414748
2025-09-19,LAUNCH,"LG전자, 올해 글로벌 3대 디자인상 '100관왕' 달성",https://idsn.co.kr/news/view/1065597949435048
2025-09-19,LAUNCH,"LG전자, 레드닷·IDEA·iF 등 글로벌 디자인 어워드서 올해 총 100개 수상",https://www.straightnews.co.kr/news/articleView.html?idxno=281965
2025-09-19,LAUNCH,"LG전자, 글로벌 디자인 어워드서 연이어 수상",https://www.smarttoday.co.kr/news/articleView.html?idxno=91809
2025-09-19,LAUNCH,"LG전자, 3대 디자인 어워드서 '100개 상' 수상···디자인 경쟁력 입증",https://www.tournews21.com/news/articleView.html?idxno=116071
2025-09-19,LAUNCH,"LG전자, 세계 3대 디자인 어워드서 100개 수상…'올레드 T'로 디자인 혁...",http://www.queen.co.kr/news/articleView.html?idxno=442659
2025-09-19,LAUNCH,"LG전자, 3대 글로벌 디자인 어워드서 올해만 100개 수상…디자인 혁신 인...",https://www.thedailypost.kr/news/articleView.html?idxno=111041
2025-09-19,LAUNCH,"LG전자, 글로벌 3대 디자인 어워드서 100개상 ‘싹쓸이’",https://www.mydaily.co.kr/page/view/2025091913325471661
2025-09-19,LAUNCH,"LG전자, 레드닷·IDEA·iF 3대 디자인 어워드에서 총 100개 상 받아 ... 디...",http://www.worktoday.co.kr/news/articleView.html?idxno=74378
2025-09-19,LAUNCH,"[오늘의 전자] 삼성전자·LG전자, 글로벌 디자인 공모전 '싹쓸이'",http://www.financialreview.co.kr/news/articleView.html?idxno=37156
2025-09-19,LAUNCH,"삼성·LG, IDEA 2025 휩쓸었다…'디자인 혁신' 성과 인정(종합)",https://view.asiae.co.kr/article/2025091911460151978
2025-09-19,LAUNCH,"LG전자, 세계 3대 디자인 어워드서 총 100개 상 받아",http://www.smarttimes.co.kr/news/articleView.html?idxno=37691
2025-09-19,LAUNCH,"LG전자, 3대 디자인 어워드 휩쓸어…총 100개 상 수상",http://www.g-enews.com/ko-kr/news/article/news_all/2025091911013873166ed0c62d49_1/article.html
2025-09-19,LAUNCH,"LG전자, 세계 3대 디자인 어워드서 '100관왕' 달성",https://www.newsinside.kr/news/articleView.html?idxno=4022042
2025-09-19,LAUNCH,"LG전자, 글로벌 디자인 어워드서 연이어 수상 쾌거...""디자인 경쟁력 입...",https://www.industrynews.co.kr/news/articleView.html?idxno=71736
2025-09-19,LAUNCH,"LG전자, 3대 디자인 어워드 석권…'100관왕' 영예",https://news.tf.co.kr/read/economy/2245636.htm
2025-09-19,LAUNCH,"""3대 디자인 어워드서 100개상 휩쓸다""…LG전자, 디자인 경쟁력 입증",https://www.financialpost.co.kr/news/articleView.html?idxno=233465
2025-09-19,LAUNCH,"LG전자, 글로벌 디자인 어워드서 잇따라 수상...디자인 경쟁력 입증",https://www.todayenergy.kr/news/articleView.html?idxno=289004
2025-09-19,LAUNCH,"LG전자, 글로벌 디자인 어워드서 수상 석권…디자인 경쟁력 입증",https://www.youthdaily.co.kr/news/article.html?no=196765
2025-09-19,LAUNCH,"삼성·LG전자, 글로벌 디자인상 휩쓸어",http://www.newsprime.co.kr/news/article.html?no=705068
2025-09-19,LAUNCH,"LG전자, 올해 세계 3대 디자인 어워드서 총 100개 상 받아",https://news.tvchosun.com/site/data/html_dir/2025/09/19/2025091990074.html
2025-09-19,"CERT,LAUNCH",부산 '2호선 황금라인' 입지… '서면 어반센트 데시앙' 주목,https://www.apnews.kr/news/articleView.html?idxno=3040202
2025-09-19,LAUNCH,"LG전자, 올해 세계 3대 디자인 어워드서 100개상 '싹쓸이'",https://www.sedaily.com/NewsView/2GXYOSWVM9
2025-09-19,LAUNCH,"LG전자, 3대 디자인어워드서 총 100개 상 싹쓸이...""글로벌 경쟁력 입증...",http://www.newslock.co.kr/news/articleView.html?idxno=116060
2025-10-08,LAUNCH,'이걸 차 안에서?' 뜻밖의 돌풍…현대·기아차 천하에 도전장 [신차털기...,https://www.hankyung.com/article/202510022540g
2025-10-08,"LAUNCH,ORDER","LG전자, 글로벌 완성차 10대 중 8곳 품었다…SDV 시장 '정조준'",https://www.polinews.co.kr/news/articleView.html?idxno=709607
2025-10-08,"INVEST,LAUNCH","이미지스, 터치·햅틱 IC 설계로 모바일 시장 공략 강화",https://www.pinpointnews.co.kr/news/articleView.html?idxno=383281
2025-10-09,"LAUNCH,REGUL",[속보] 뉴욕증시 혼조…나스닥 1.12%↓,https://www.etoday.co.kr/news/view/2513359
2025-10-09,"INVEST,PARTNERSHIP","[상보]미국증시, AI산업 낙관론 기술주 불꽃 반도체-나스닥-S&P 끝 모를 ...",https://www.socialvalue.kr/news/view/1065559592260193
2025-10-09,"INVEST,LAUNCH,PARTNERSHIP",[뉴욕마켓워치] 다시 날아오른 기술주…채권 혼조·달러↑,https://news.einfomax.co.kr/news/articleView.html?idxno=4377724
2025-10-09,LAUNCH,"삼성전기·LG이노텍, 3Q 실적 '파란불'…개선 기대감↑",https://www.dailian.co.kr/news/view/1557108/?sc=Naver
2025-10-09,"INVEST,LAUNCH","금은 빛나고, 나스닥은 날았다…‘에브리씽 랠리’[월스트리트in]",http://www.edaily.co.kr/news/newspath.asp?newsid=01180806642331280
2025-10-09,"INVEST,LAUNCH",젠슨 황 'AI 낙관론'에 엔비디아 2.2% ↑…은값 14년만에 최고치 [데일리...,https://www.sedaily.com/NewsView/2GZ3Z2S9O4
2025-10-09,"INVEST,PARTNERSHIP","뉴욕증시, 젠슨 황이 다시 불지핀 AI 낙관론…나스닥 1.1%↑ 마감",https://www.yna.co.kr/view/AKR20251009005900009?input=1195m
2025-10-09,"INVEST,LAUNCH","뉴욕증시, 셧다운·거품론에도 S&P500·나스닥 최고치 마감(종합)",https://www.yna.co.kr/view/AKR20251009004752072?input=1195m
2025-10-09,LAUNCH,"[속보]천연가스 4.5% 급락세로 돌변, 국제 유가는 수요 증가에 상승 추세...",https://www.socialvalue.kr/news/view/1065549629382641
2025-10-09,"INVEST,LAUNCH",셧다운 딛고...미국증시 S&P500·나스닥 '사상 최고',http://www.choicenews.co.kr/news/articleView.html?idxno=154989
2025-10-09,INVEST,뉴욕증시·금·은 등 모든 자산 'UP'[뉴욕 is],https://news.mtn.co.kr/news-detail/2025100905383267241
2025-10-09,"INVEST,LAUNCH","뉴욕증시, 기술주 강세 속 혼조 마감…S&P500·나스닥 신고가",https://www.newspim.com/news/view/20251009000007
2025-10-09,INVEST,국제금값 온스당 4천달러 안착…은값 14년만에 최고치 경신,https://news.kbs.co.kr/news/pc/view/view.do?ncd=8376757&ref=A
2025-10-09,"INVEST,LAUNCH,PARTNERSHIP","[마감]미국증시, 반도체-AI 브레이크 없는 상승 AMD 11% 나스닥 1.1% S&P 0...",https://www.socialvalue.kr/news/view/1065550682469161
2025-10-09,"CERT,INVEST,LAUNCH,PARTNERSHIP","엔비디아 젠슨황 ""중대 선언"" 뉴욕증시 비트코인 금값 ""환호 폭발 ""... C...",https://www.g-enews.com/view.php?ud=202510090523417727906806b77b_1
2025-10-09,"INVEST,LAUNCH","'금' 지금이라도 사면 좋다?… ""내년엔 더올라 5000달러 넘본다""",https://www.moneys.co.kr/article/2025100816033490740
2025-10-09,"INVEST,LAUNCH,PARTNERSHIP","[속보] 연준 의사록 ""연내 금리인하"" 뉴욕증시 금값 비트코인 AMD 오라클...",https://www.g-enews.com/view.php?ud=202510090503424534906806b77b_1
2025-10-09,"INVEST,LAUNCH",[속보]S&P·나스닥 또 최고치…금·은도 치솟아 '에브리씽 랠리',http://www.edaily.co.kr/news/newspath.asp?newsid=01161126642331280
2025-10-09,LAUNCH,"동유럽 긴장 지속...국제유가 WTI, 1%대 '상승'",http://www.choicenews.co.kr/news/articleView.html?idxno=154988
2025-10-09,LAUNCH,[뉴욕유가] 우-러 종전 기대감 약화…WTI 1.3%↑ 마감,https://www.yna.co.kr/view/AKR20251009003900009?input=1195m
2025-10-09,LAUNCH,"佛 국채금리 일제히 하락…떠나는 총리, 예산안 낙관론 표명",https://news.einfomax.co.kr/news/articleView.html?idxno=4377715
2025-10-09,"INVEST,LAUNCH,PARTNERSHIP","[속보]미국증시, AMD 10% 급등 반도체-AI주 강세에 나스닥-S&P 또 날았다",https://www.socialvalue.kr/news/view/1065548466764310
2025-10-09,"INVEST,LAUNCH","유럽증시, 철강주 강세와 프랑스 정세 호전 기대감에 일제히 상승… 범...",https://www.newspim.com/news/view/20251009000004
2025-10-09,"INVEST,LAUNCH","美 달러, 사흘째 강세…유로·엔 약세에 안전 자산 역할",https://news.einfomax.co.kr/news/articleView.html?idxno=4377712
2025-10-09,"INVEST,LAUNCH,PARTNERSHIP","뉴욕증시, FOMC 의사록 대기 속 상승 출발…AI 테마주 강세",https://www.abcn.kr/news/articleView.html?idxno=83340
2025-10-09,"CERT,INVEST","[불붙은 글로벌 자산시장 ②] 금과 비트코인, 왜 안전과 위험이 동시에...",https://www.news2day.co.kr/article/20251009500001
2025-10-09,LAUNCH,美 국채가 상승…유럽물에 연동·FOMC 의사록 대기,https://news.einfomax.co.kr/news/articleView.html?idxno=4377711
2025-10-09,"INVEST,LAUNCH",할인으로 버티던 현대차 앞에…EV6보다 싼 테슬라 등장,https://www.joongang.co.kr/article/25372519
2025-10-09,"INVEST,LAUNCH","[인더 드라이빙] BYD 씨라이언 7, 타고보니 ‘가격’보다 승차감에 놀라...",https://www.inthenews.co.kr/news/article.html?no=77844
2025-10-09,"INVEST,LAUNCH","[양원택의 마켓 나우] 채권의 반전, 안전 자산에서 전략 자산으로",https://www.joongang.co.kr/article/25372512
2025-10-09,"INVEST,LAUNCH,ORDER,REGUL","연준 FOMC 의사록 ""금리인하 중대 차질"" 뉴욕증시 비트코인 ""셧다운 고용...",https://www.g-enews.com/view.php?ud=20250929190957228906806b77b_1
2025-10-08,"INVEST,LAUNCH,PARTNERSHIP","뉴욕증시, FOMC 의사록 대기 속 3대 지수 강보합…다우 0.15% 상승",https://www.topstarnews.net/news/articleView.html?idxno=15832039
2025-10-08,"INVEST,LAUNCH,PARTNERSHIP","뉴욕증시, FOMC 의사록 대기하며 상승 출발",https://www.yna.co.kr/view/AKR20251008042500009?input=1195m
2025-10-08,"ORDER,PARTNERSHIP",[뉴욕개장] 상승 출발…연준 금리 방향 주시,https://www.news1.kr/world/usa-canada/5936000
2025-10-08,"INVEST,LAUNCH","뉴욕증시 프리뷰, 전날 하락 후 반등…콘플루언트·오라클↑ vs. 페덱스...",https://www.newspim.com/news/view/20251008000102
2025-10-08,LAUNCH,'골때녀' 방송시간 변경...구척장신+원더우먼 합체→최강 연합팀 출격,https://www.gukjenews.com/news/articleView.html?idxno=3396609
2025-10-08,"INVEST,LAUNCH","테슬라 보급형 전기차 美출시에…현대차, 울며 겨자먹기 '파격할인'",https://www.joongang.co.kr/article/25372482
2025-10-08,LAUNCH,"""38주 기다려야 산다"" 샤오미 SU7·YU7, 中 전기차 시장 폭발적 수요에 ...",https://www.autodaily.co.kr/news/articleView.html?idxno=537436
2025-10-08,"INVEST,LAUNCH",사상 최초 외부 대회 '퀸컵'에 도 전장 ...'구척장신+원더우먼' 합체→최...,https://www.mhnse.com/news/articleView.html?idxno=469340
2025-10-08,LAUNCH,'골때녀' 편성 변경..구척장신x원더우먼 최강 연합팀 일찍 보자,http://www.osen.co.kr/article/G1112672089
2025-10-08,"LAUNCH,PARTNERSHIP","LG전자, 완성차 10곳 중 8곳과 거래…SDV 사업 확대 본격화",https://www.g-enews.com/view.php?ud=202510080915169348e8350d33db_1
2025-10-08,INVEST,다카이치 '아베노믹스 시즌2' 예고…8개월 만에 엔·달러 152엔 돌파,https://www.hankyung.com/article/2025100884901
2025-10-08,"LAUNCH,PARTNERSHIP","LG전자, 글로벌 완성차 8곳 고객사로",https://www.hankyung.com/article/2025100885221
2025-10-08,"INVEST,LAUNCH,PARTNERSHIP,REGUL","앤트로픽, 2026년 초 인도에 첫 사무소 개설... AI 도구 수요 급증 대응",https://www.g-enews.com/view.php?ud=2025100817170559930c8c1c064d_1
2025-10-08,"CERT,INVEST,LAUNCH,ORDER","IPO 앞둔 車 보안솔루션 페스카로, 아우토크립트 뛰어 넘을까",https://www.mt.co.kr/future/2025/10/08/2025092917032838646
2025-10-08,"LAUNCH,REGUL","미 의회 ""중국에 반도체 장비 판매 전면 금지 확대해야""",http://www.joseilbo.com/news/news_read.php?uid=554204&class=42&grp=
2025-10-08,LAUNCH,93회 슈퍼스타브랜드파워 개막…안성훈·박서진·송가인 질주,https://www.topstarnews.net/news/articleView.html?idxno=15831794
2025-10-08,LAUNCH,"푸틴, 73세 생일 軍수뇌부 회의서  전장  주도권 장악 주장",https://www.newsis.com/view/NISX20251008_0003356693
2025-10-08,INVEST,"프로텍, 반도체 장비 넘어 첨단 응용기술 기업으로 진화 중",https://www.pinpointnews.co.kr/news/articleView.html?idxno=383302
2025-10-08,INVEST,코스모신소재 전지부터 필름까지... 첨단소재 밸류체인 완성,https://www.pinpointnews.co.kr/news/articleView.html?idxno=383301
2025-10-08,"INVEST,LAUNCH","남자들이 잡혀가자 여자들이 나타났다, 민청련 여자 박문숙",https://www.ohmynews.com/NWS_Web/View/at_pg.aspx?CNTN_CD=A0003171588&CMPT_CD=P0010&utm_source=naver&utm_medium=newsearch&utm_campaign=naver_news
2025-10-08,LAUNCH,"'골때녀' 김설희 ""'구척장신'과 이렇게 잘 맞는다고? 싶었다""",http://enews.imbc.com/News/RetrieveNewsInfo/479364
2025-10-08,"LAUNCH,PARTNERSHIP","LG전자, 10대 완성차 중 8곳 고객사로 확보",http://www.ftoday.co.kr/news/articleView.html?idxno=348813
2025-10-08,"LAUNCH,PARTNERSHIP","LG전자, 글로벌 車 상위 10위 기업 중 8곳 고객사로 확보... 전장 사업 가...",http://www.fnnews.com/news/202510081329222992
2025-10-08,"INVEST,LAUNCH","S&P500선물, FOMC 의사록 발표 앞두고 강보합…달러화 강세",https://news.einfomax.co.kr/news/articleView.html?idxno=4377704
2025-10-08,LAUNCH,‘자주파·동맹파’…누가 부질없는 갈등을 부추기나[송종호의 국정쏙...,https://www.sedaily.com/NewsView/2GZ3K1JWLS
2025-10-08,"INVEST,LAUNCH,REGUL","[칼럼] 반도체 주도 코스피 3,500 돌파, 증시 새 지평 넘어 구조 개혁 서...",https://www.jeonmae.co.kr/news/articleView.html?idxno=1191130
2025-10-08,"INVEST,LAUNCH","RBNZ, 2.5%로 금리 50bp 인하…""필요시 추가 인하 고려"" (상보)",https://news.einfomax.co.kr/news/articleView.html?idxno=4377702
2025-10-08,LAUNCH,[G론칭] 마지막 폴리싱 앞둔 넥슨 기대작 '아크 레이더스',http://www.worktoday.co.kr/news/articleView.html?idxno=75186
2025-10-08,INVEST,금값 4000달러 돌파… 연준 금리인하 기대·달러 약세에 급등,https://www.moneys.co.kr/article/2025100811344056518
2025-10-08,"INVEST,LAUNCH","큐알티, 고객 맞춤형 시험 솔루션으로 반도체 신뢰성 검증 선도",https://www.pinpointnews.co.kr/news/articleView.html?idxno=383278
2025-10-08,LAUNCH,"닛케이, 미 증시 하락에도 엔화 약세에 상승 시도",https://news.einfomax.co.kr/news/articleView.html?idxno=4377699
2025-10-08,CERT,"[야! 타 볼래]""추석 연휴 가족여행에 딱""…더 기아 EV5",https://www.newsway.co.kr/news/view?ud=2025100215022575823
2025-10-08,"LAUNCH,PARTNERSHIP",완성차 10곳 중 8곳은 LG전자 고객,http://www.smedaily.co.kr/news/articleView.html?idxno=340056
2025-10-08,"INVEST,LAUNCH,ORDER",뉴욕증시 3대 지수 일제히 하락···기술주 타격 영향,https://www.sisajournal-e.com/news/articleView.html?idxno=415879
2025-10-08,"INVEST,LAUNCH",딜링룸 24시…챙겨봐야 할 국제경제뉴스,https://news.einfomax.co.kr/news/articleView.html?idxno=4377695
2025-10-08,LAUNCH,"'골때녀' 구척장신X원더우먼 연합팀 결성, 외부 대회 '퀸컵' 출전",https://www.slist.kr/news/articleView.html?idxno=683823
2025-10-08,"INVEST,LAUNCH,ORDER","뉴욕증시, 오라클 수익 우려에 기술주 타격...3대 지수 하락 마감",https://www.newstopkorea.com/news/articleView.html?idxno=40231
2025-10-08,INVEST,BYD 씨라이언7 참 잘 나가는데…2% '감성'이 아쉽다[타봤어요],http://www.edaily.co.kr/news/newspath.asp?newsid=01295606642330952
2025-10-08,INVEST,"""정부도 뛴다""…미국과 중국 AI 경쟁 진검승부",http://www.yonhapnewstv.co.kr/MYH20251008092659dGw
2025-10-08,"INVEST,LAUNCH",테슬라 '값 내린 모델Y·3' 공개했지만…투자자 반응은 '실망 매도',https://www.kizmom.com/news/articleView.html?idxno=105176
2025-10-08,LAUNCH,"""여기가 아이온라이크의 나라입니까? 꼭 와보고 싶었습니다""",https://www.econovill.com/news/articleView.html?idxno=713788
2025-10-08,"INVEST,LAUNCH,ORDER","미국 뉴욕증시, 오라클 마진 우려에 기술주 타격…다우존스·S&P500·나스...",https://www.lecturernews.com/news/articleView.html?idxno=188318
2025-10-08,"INVEST,LAUNCH","국제 금값, 사상 첫 4천달러 돌파...亞시장서도 강세 지속",http://www.choicenews.co.kr/news/articleView.html?idxno=154980
2025-10-08,"INVEST,LAUNCH,ORDER","뉴욕증시, AI 투자 열기 냉각에 기술주 중심으로 하락 마감",https://www.getnews.co.kr/news/articleView.html?idxno=843710
2025-10-08,"INVEST,LAUNCH,ORDER",[뉴욕마켓워치] 증시 동반 하락 속 채권↑…엔화 급락에 강달러,https://news.einfomax.co.kr/news/articleView.html?idxno=4377686
2025-10-08,LAUNCH,"""드론""… 비즈니스를 변화시키고 있다",http://www.digitalbizon.com/news/articleView.html?idxno=2341105
2025-10-08,"INVEST,LAUNCH,ORDER",[뉴욕증시] 오라클 마진 우려에 기술주 타격…동반 하락 마감,https://news.einfomax.co.kr/news/articleView.html?idxno=4377680
2025-10-08,"INVEST,LAUNCH",[뉴욕환시] 달러 이틀째↑…日 다카이치 효과에 엔화 7개월來 최저,https://news.einfomax.co.kr/news/articleView.html?idxno=4377679
2025-10-08,LAUNCH,"푸틴 ""올해 우크라이나 영토 5,000㎢ 확보…전략적 주도권 완전 장악""",https://www.newspim.com/news/view/20251008000013
2025-10-08,"INVEST,LAUNCH","뉴욕증시, AI테마·셧다운 우려에 줄다리기…혼조 출발",https://news.einfomax.co.kr/news/articleView.html?idxno=4377677
2025-10-08,"INVEST,LAUNCH",[뉴욕증시-1보] AI 투자 열기 식히는 조정…동반 하락 마감,https://news.einfomax.co.kr/news/articleView.html?idxno=4377678
2025-10-08,"CERT,INVEST,PARTNERSHIP","트릴로지메탈스, 美정부 지분투자에 주가 238% 급등",https://news.einfomax.co.kr/news/articleView.html?idxno=4377675
2025-10-08,INVEST,뉴욕증시 S&P 500 8일만에 하락...나스닥 0.7%↓,https://www.womennews.co.kr/news/articleView.html?idxno=268183
2025-10-08,CERT,"김병주 ""'무뢰배' 나경원, 경기도 아닌 정치판에서 뽑아내야""",https://www.kyeonggi.com/article/20251008580005
2025-10-08,"INVEST,LAUNCH","뉴욕증시, 오라클 마진 우려에 기술주 타격…동반하락 마감",https://www.slist.kr/news/articleView.html?idxno=683774
2025-10-08,LAUNCH,국내최대 항공우주·방위산업 전시회 내주 개막…3대 키워드는 ‘AI·유...,https://biz.heraldcorp.com/article/10588834?ref=naver
2025-10-08,"INVEST,LAUNCH",'골때리는 그녀들' 퀸컵 마시마·허경희vs성남→충남아산FC,https://enter.etoday.co.kr/news/view/285616
2025-10-08,"INVEST,LAUNCH","""급등 이후 건전한 조정""…셧다운·AI과열 점검 타이밍[뉴욕마감]",https://www.mt.co.kr/world/2025/10/08/2025100806475050080
2025-10-08,LAUNCH,[뉴욕채권] 국채가 상승…美 증시 약세 속 3년물 입찰 호조,https://news.einfomax.co.kr/news/articleView.html?idxno=4377673
2025-10-08,"INVEST,LAUNCH","뉴욕증시, 오라클 마진 부진에 기술주 타격…AI 열기 식으며 하락",https://www.abcn.kr/news/articleView.html?idxno=83314
2025-10-08,INVEST,"뉴욕증시, 오라클 실적 우려에 AI 열기 식었다…3대 지수 동반 하락",https://sateconomy.co.kr/news/view/1065562496519557
2025-10-08,"INVEST,ORDER","뉴욕증시, 오라클 마진 우려에 기술주 중심 하락…나스닥 0.67%↓",https://www.topstarnews.net/news/articleView.html?idxno=15831519
2025-10-08,"INVEST,LAUNCH","뉴욕증시, 오라클 마진 우려에 기술주 타격...동반 하락 마감",https://www.ytn.co.kr/_ln/0104_202510080629183043
2025-10-08,INVEST,오라클 수익성 우려 쇼크…뉴욕증시 하락 마감,https://www.newsis.com/view/NISX20251008_0003356554
2025-10-08,"INVEST,LAUNCH","뉴욕증시, 오라클 약세 속 랠리 피로감에 일제히 하락",https://www.newspim.com/news/view/20251008000008
2025-10-08,INVEST,국방비 증액 시대...‘미래  전장 ’ 대응하는 K-방산,https://www.dailian.co.kr/news/view/1557086/?sc=Naver
2025-10-08,INVEST,"속옷만 입고 ""내 몸매 예쁘지?""…92세 홍숙자는 결혼이 싫다",https://www.joongang.co.kr/article/25372414
2025-10-08,"INVEST,LAUNCH,ORDER",뉴욕증시 3대 지수 일제히 하락…'AI 랠리' 식히는 기술주 조정,https://www.pinpointnews.co.kr/news/articleView.html?idxno=383228
2025-10-08,"INVEST,LAUNCH,ORDER","뉴욕증시, 오라클 마진 우려에 기술주 타격…동반 하락 마감",https://www.yna.co.kr/view/AKR20251008004700009?input=1195m
2025-10-08,INVEST,"[뉴욕 금가격] 위험 회피 흐름 속 사상 첫 4,000달러 돌파",https://news.einfomax.co.kr/news/articleView.html?idxno=4377670
2025-10-08,"INVEST,LAUNCH","노벨상 양자컴 ""가상화폐 암호 해독"" 뉴욕증시 비트코인 리플 이더리움...",https://www.g-enews.com/view.php?ud=202510080512278328906806b77b_1
2025-10-08,INVEST,"[속보] “테슬라, 4.45% 급락” AI 투자 열기 식히는 조정…동반 하락 마...",https://www.kmib.co.kr/article/view.asp?arcid=0028797789&code=61141211&cp=nv
2025-10-08,LAUNCH,"""SUV가 캠핑카로 변신!"" 포드 브롱코, 中 전용 '팝업 루프 캠핑 버전' 공...",https://www.autodaily.co.kr/news/articleView.html?idxno=537433
2025-10-08,"INVEST,LAUNCH","뉴욕증시 테슬라 · 오라클 ""돌연 급락"" ... 모델Y 신차 발표 예상밖 역...",https://www.g-enews.com/view.php?ud=202510080456549085906806b77b_1
2025-10-08,"INVEST,LAUNCH","[속보] 금값 마침내 4000달러 돌파 ""셧다운 유동성 폭발"" ... 뉴욕증시 비...",https://www.g-enews.com/view.php?ud=202510080444238206906806b77b_1
2025-10-08,LAUNCH,"테슬라, 저가형 모델3·모델Y 공개…주가는 하락",https://www.newspim.com/news/view/20251008000007
2025-10-08,"INVEST,LAUNCH","유럽증시, 헬스케어 약세·명품 강세 엇갈리며 혼조세 마감…LVMH 3.6%, 케...",https://www.newspim.com/news/view/20251008000005
2025-10-08,LAUNCH,"美 달러, 이틀째 강세…佛·日 재정 불안 지속",https://news.einfomax.co.kr/news/articleView.html?idxno=4377659
2025-10-08,INVEST,"퀄리타스반도체, 9% 급등…시간외서도 매수세 지속",https://www.pointdaily.co.kr/news/articleView.html?idxno=273519
2025-10-08,"CERT,INVEST","트릴로지 메탈스, 미 정부의 지분 인수에 200%대 폭등해 신고가",https://www.newspim.com/news/view/20251007000113
2025-10-08,REGUL,"순천만국가정원, 추석 연휴 속 300만 돌파…자연과 사람, ‘모두가 행복...",https://www.geconomy.co.kr/news/article.html?no=308045
2025-10-08,"INVEST,REGUL","가을동화 속 ""정원, 정원"" 추석 연휴 흥행 축포…귀성 대신 추캉스, 30만...",https://www.sedaily.com/NewsView/2GZ3LL9YZI
2025-10-08,"CERT,INVEST","경북교육청, 'K-EDU EXPO' 경주서 개막",http://www.sisafocus.co.kr/news/articleView.html?idxno=348004
2025-10-08,CERT,혼잡도 알림·자율주행셔틀… 인천공항 ‘디지털 대전환’ 성과,http://www.fnnews.com/news/202510081801566084
2025-10-08,"INVEST,LAUNCH","가상자산·IT 서비스까지… 비트맥스, 기술·사업 다각화 박차",https://www.pinpointnews.co.kr/news/articleView.html?idxno=383316
2025-10-08,"LAUNCH,PARTNERSHIP",미 뷰티 시장의 새로운 패러다임 ‘뷰티 테크’,https://weeklytrade.co.kr/news/view.html?section=1&category=136&item=&no=96833
2025-10-08,CERT,현실로 녹아든 인천공항 디지털 전환... K-공항 수출 기대감,http://www.fnnews.com/news/202510021608130203
2025-10-09,"INVEST,LAUNCH","현대차 싼타페 부분변경 모델 조기 출시, 호불호 갈린 외관 바꿔 부진 ...",https://www.businesspost.co.kr/BP?command=article_view&num=414798
2025-10-01,INVEST,"추석 연휴 이후엔 실적 장세… “여행·레저주 주목""",https://biz.chosun.com/stock/stock_general/2025/10/09/TVV777DUNBBRFK2NCNIRYXG2TY/?utm_source=naver&utm_medium=original&utm_campaign=biz
2025-10-09,"INVEST,LAUNCH",반도체 '3분기 어닝 서프라이즈' 기대...주가 더 오르나,https://www.newspim.com/news/view/20251001000647
2025-10-09,LAUNCH,"""스마트홈 대변혁 예고"" 애플, 신형 '애플TV 4K' 및 '홈팟 미니2' 출시한...",https://www.autodaily.co.kr/news/articleView.html?idxno=537449
2025-10-08,INVEST,"韓석화, 독일 K-쇼 총출동…고부가가치로 유럽  시장  문 두드린다",https://www.g-enews.com/view.php?ud=2025100810385511027bdb7041ec_1
2025-10-08,"INVEST,LAUNCH","테슬라, 저가형 '모델Y·모델3' 공개…판매 부진 만회 나서",https://www.imaeil.com/page/view/2025100812061134746
2025-10-08,"CERT,INVEST,LAUNCH","한선엔지니어링, 'S-LOK' 기술력으로 산업별 맞춤 전략 강화",https://www.pinpointnews.co.kr/news/articleView.html?idxno=383306
2025-10-08,LAUNCH,주가 확 올랐다 한순간 푹… 역대급으로 반응 갈린다는 '신차',https://www.wikitree.co.kr/articles/1086840
2025-10-08,INVEST,"전해질 강자 천보, 전고체 배터리까지 노린다…차세대 기술 선도",https://www.pinpointnews.co.kr/news/articleView.html?idxno=383304
2025-10-08,"INVEST,ORDER","100% 자회사 품은 원익피앤이, 글로벌 전력장비 강자로 도약 예고",https://www.pinpointnews.co.kr/news/articleView.html?idxno=383298
2025-10-08,LAUNCH,"'선풍기 기업' 신일전자, 사업 다각화 총력",https://www.ajunews.com/view/20251002115619004
2025-10-08,LAUNCH,"테슬라, 신형 모델Y 공개… 가격 인하로 전기차  시장  재도약 노린다",https://www.gokorea.kr/news/articleView.html?idxno=842336
2025-10-08,"INVEST,LAUNCH","테슬라, '모델Y'와 '모델3' 저가형 공개… 가격 인하로  시장  반등 가능할...",https://www.gokorea.kr/news/articleView.html?idxno=842333
2025-10-08,LAUNCH,트럼프 보조금 폐지에 저가 전기차 출시…테슬라 주가 향방은 [김기혁의...,https://www.sedaily.com/NewsView/2GZ3KNLCLB
2025-10-08,LAUNCH,"테슬라, '모델Y' 저가 버전 전격 공개...판매 부진 만회 시도",http://www.newscape.co.kr/news/articleView.html?idxno=116462
2025-10-08,INVEST,반도체· 디스플레이  기술 中에 또 털렸다…연이은 기술 유출에 '골머리...,https://www.sedaily.com/NewsView/2GZ3L4IDII
2025-10-08,LAUNCH,"내연차보다 싸다, 테슬라 저가형 전기차 2종 발표",http://www.thelec.kr/news/articleView.html?idxno=41890
2025-10-08,LAUNCH,"애플, 신형 애플TV 4K 출시 임박…스마트홈 대변혁 예고",https://www.digitaltoday.co.kr/news/articleView.html?idxno=596021
2025-10-08,"INVEST,LAUNCH",테슬라 저가형 모델Y·모델3 공개… 시장  반응 '싸늘',https://www.sedaily.com/NewsView/2GZ3KFX318
2025-10-08,"LAUNCH,REGUL",[소버린 AI 생태계]⑰'피지컬 AI'도 소버린 확보한다,https://www.newsfreezone.co.kr/news/articleView.html?idxno=650780
2025-10-08,"INVEST,LAUNCH","테슬라, '저렴한' 모델Y·모델3 새 버전 공개… 시장  반응 냉담",https://news.tvchosun.com/site/data/html_dir/2025/10/08/2025100890009.html
2025-10-08,LAUNCH,"700만원 싼 테슬라 '모델Y' 공개…""이럴 줄은"" 냉담한 반응",https://www.hankyung.com/article/2025100881387
2025-10-08,LAUNCH,"테슬라, 5000달러 인하 보급형 모델Y·모델3 공개",https://www.etoday.co.kr/news/view/2513297
2025-10-08,"INVEST,LAUNCH,ORDER",긴 휴장 맞은 국내 증시… 연휴 이후 상승할까,https://www.sisaweek.com/news/articleView.html?idxno=229581
2025-10-08,LAUNCH,"테슬라, '모델Y 스탠다드' 사양 보니...FSD 옵션가 8000달러",https://www.bloter.net/news/articleView.html?idxno=645281
2025-10-08,LAUNCH,"테슬라, 5천 달러 내린 '저가 모델Y' 공개…'매출 하락 만회'",https://biz.sbs.co.kr/article_hub/20000264146?division=NAVER
2025-10-08,LAUNCH,"테슬라, 판매 부진 만회 위해 3만9천990달러 모델Y 새롭게 선보여",https://www.stardailynews.co.kr/news/articleView.html?idxno=503578
2025-10-08,"INVEST,LAUNCH","테슬라, 모델Y·3 저가형 출시… 시장  반응 '냉담'",https://www.sentv.co.kr/article/view/sentv202510080003
2025-10-08,"INVEST,LAUNCH",7백만원 내렸지만 주행거리도 짧아졌다…5천만원대 테슬라 전기차,https://www.mk.co.kr/article/11437036
2025-10-08,LAUNCH,"테슬라, 모델Y·모델3 저가형 버전 공개",http://www.opinionnews.co.kr/news/articleView.html?idxno=125411
2025-10-08,"INVEST,LAUNCH",'테슬라' 저가형 모델Y·모델3 발표…주가 4.45% 하락 마감,https://www.topstarnews.net/news/articleView.html?idxno=15831588
2025-10-08,LAUNCH,"테슬라, 모델Y 가격 대폭 인하...  시장  점유율 회복 전략 주목",https://www.gokorea.kr/news/articleView.html?idxno=842277
2025-10-08,"INVEST,LAUNCH","테슬라, ‘저렴한’ 모델Y·모델3 새 버전 공개",https://www.dt.co.kr/article/12021831?ref=naver
2025-10-08,LAUNCH,“5000만원대 테슬라 출시 된다”…관세 25% 한국차 ‘초비상’,https://www.segye.com/newsView/20251008501302?OutUrl=naver
2025-10-08,"INVEST,LAUNCH","테슬라, '저렴한' 모델Y·모델3 새 버전 공개… 시장  반응 냉담(종합2보)",https://www.yna.co.kr/view/AKR20251008001152091?input=1195m
2025-10-07,LAUNCH,"테슬라, ‘저가형 모델Y’ 전격 공개…5천달러 인하",http://www.yonhapnewstv.co.kr/AKR202510080657209Ek
2025-10-08,"CERT,INVEST,LAUNCH","테슬라, 저가형 모델Y 공개…기존보다 5천달러 싸졌다",https://www.kyeonggi.com/article/20251008580003
2025-10-08,"INVEST,LAUNCH","테슬라, 저가 모델 실망감에 4.5% 급락...기존 모델Y와 모델3보다 가격 ...",http://www.beyondpost.co.kr/view.php?ud=2025100806365684282aaae0046f_30
2025-10-08,"INVEST,LAUNCH,ORDER",기대만큼 큰 실망… 테슬라 ‘가성비 모델Y’에도 급락,https://www.dt.co.kr/article/12021825?ref=naver
2025-10-08,LAUNCH,테슬라 모델Y 저가형 3만9990달러 출시…기존보다 5천 달러↓,https://news.kbs.co.kr/news/pc/view/view.do?ncd=8376286&ref=A
2025-10-08,LAUNCH,"테슬라, 가격 5천 달러 내린 '저렴한' 모델Y 공개",https://www.ytn.co.kr/_ln/0104_202510080539263486
2025-10-08,LAUNCH,"""5천달러 내렸다""…테슬라, '저렴한' 모델Y 전격 공개",http://www.wowtv.co.kr/NewsCenter/News/Read?articleId=A202510080261&t=NN
2025-10-08,"INVEST,LAUNCH",'테슬라' 5천 달러 가격 인하한 새 모델Y 공개…주가 5% 상승,https://www.topstarnews.net/news/articleView.html?idxno=15831504
2025-10-08,LAUNCH,"""모델Y가 5600만원대""…테슬라, 5000달러 내린 저가형 신차 공개",https://www.mt.co.kr/world/2025/10/08/2025100804382870230
2025-10-08,LAUNCH,"테슬라, 가격 5천 달러 내린 '저렴한' 모델Y 공개(종합)",https://www.yna.co.kr/view/AKR20251008001151091?input=1195m
2025-10-08,"INVEST,ORDER","라온테크, 6% 급등하며 9000원 돌파…단기 랠리 이어질까",https://www.pointdaily.co.kr/news/articleView.html?idxno=273524
2025-10-07,INVEST,"테슬라, 자율주행 대전환 시동…FSD V14.1로 로보택시 시대 앞당겨",https://www.topstarnews.net/news/articleView.html?idxno=15831391
2025-10-07,"CERT,INVEST,PARTNERSHIP","AI 청소로봇, 오락실 홍보대사 역할 '톡톡'",https://www.irobotnews.com/news/articleView.html?idxno=42707
2025-10-07,LAUNCH,"[시승기] 르노 그랑 콜레오스 누아르, 달리는 극장이 되다",https://www.wolyo.co.kr/news/articleView.html?idxno=302187
2025-10-07,CERT,"인피넥스, Trezor 없이도 20개 체인 인증…크롬 확장 프로그램 '베타 테...",https://www.tokenpost.kr/news/tech/292244
2025-10-07,LAUNCH,“사람보다 뛰어난 점!” AI가 디자인한 1100마력 V12 하이퍼카 50대 한정...,https://www.thedrive.co.kr/news/newsview.php?ncode=1065595852992120
2025-10-07,LAUNCH,캠핑형 SUV로 진화한 포드 브롱코…팝업 루프·오버랜드 기능 갖춰,https://www.thedrive.co.kr/news/newsview.php?ncode=1065595144924266
2025-10-07,"INVEST,ORDER","라온테크, 중국 교두보로 글로벌 진출 박차…진공로봇 선도",https://www.pinpointnews.co.kr/news/articleView.html?idxno=383169
2025-10-07,"INVEST,ORDER,REGUL","(월요기획) 소재·장비 국산화 가속…K-배터리, 공급망 전쟁의 한복판에...",https://www.electimes.com/news/articleView.html?idxno=360444
2025-10-02,"CERT,LAUNCH","LM, 에스컬레이드 컨버전 패키지 선보여… VIP 의전부터 비즈니스 이동...",https://www.megaeconomy.co.kr/news/newsview.php?ncode=1065575302482424
2025-10-07,INVEST,"한양이엔지, 클린룸 넘어 우주로…K-엔지니어링 새 장 연다",https://www.pinpointnews.co.kr/news/articleView.html?idxno=383160
2025-10-07,INVEST,연휴 뒤 실적 시즌 돌입…업종별 차별화 주목,https://www.etoday.co.kr/news/view/2513072
2025-10-07,LAUNCH,모두와 함께 할 수 있는 패밀리 EV - 기아 EV5[별별시승],https://www.sedaily.com/NewsView/2GZ33GN20J
2025-10-07,"INVEST,LAUNCH,ORDER,REGUL",美 해군 차세대 고등훈련기 사업 경쟁 가열…텍스트론 제안 기종 공개,https://www.theguru.co.kr/news/article.html?no=92559
2025-10-07,"INVEST,LAUNCH","사상 최초 3500선 넘긴 코스피, 장기연휴 후에도 상승 모드?",https://www.ebn.co.kr/news/articleView.html?idxno=1681291
2025-10-07,"INVEST,LAUNCH","손보사, 자동차보험 손해율 급등... '우량고객·맞춤형 특약'으로 돌파",http://www.hansbiz.co.kr/news/articleView.html?idxno=781402
2025-10-07,"INVEST,ORDER,REGUL","4분기, 투자자가 주목해볼 업종·기업은?",https://www.inthenews.co.kr/news/article.html?no=77827
2025-10-06,"INVEST,LAUNCH,PARTNERSHIP,REGUL","AI 커머스의 도래: 오픈AI, '에이전틱 커머스 프로토콜' 발표",https://slownews.kr/146678
2025-10-06,LAUNCH,그랜저·소나타 다 제쳤다…인기 SUV까지 누른 뜻밖의 ‘국산차 모델’,https://www.wikitree.co.kr/articles/1086607
2025-10-06,CERT,"프로톡스, 美·유럽  시장  정조준… 디에스케이 '제2 성장 엔진' 시동",https://www.pinpointnews.co.kr/news/articleView.html?idxno=383086
2025-10-06,"INVEST,LAUNCH",핑크퐁·노타 줄줄이 대기···추석 이후 IPO '큰장' 선다,http://www.enewstoday.co.kr/news/articleView.html?idxno=2337937
2025-10-06,"CERT,LAUNCH","""큰 거 온다"" 아카디아, 대형 SUV 판 뒤집는다[이車어때]",http://www.edaily.co.kr/news/newspath.asp?newsid=01203766642330296
2025-10-06,"INVEST,LAUNCH",휴머노이드 로봇 기대감↑… 눈돌리는 금투업계,https://news.mtn.co.kr/news-detail/2025100609112138540
2025-10-06,LAUNCH,"중형 세단의 제도약…쏘나타·K5, 디자인 혁신 힘입어 반등 조짐",https://www.g-enews.com/view.php?ud=202510050320145552112616b072_1
2025-10-06,ORDER,추석 연휴 이후 코스피 상승 전망…“에너지·반도체 주목”,https://www.etoday.co.kr/news/view/2512622
2025-10-06,"INVEST,LAUNCH",기아·현대·제네시스 '전기 3총사'… 기술 넘어 라이프스타일로 간다,https://www.thepublic.kr/news/articleView.html?idxno=279133
2025-10-06,LAUNCH,[추석 기획] 집안일은 덜고 건강은 챙기고...추석 맞이 '효도가전' A to ...,https://www.getnews.co.kr/news/articleView.html?idxno=843290
2025-10-06,"INVEST,LAUNCH",길게 쉬고 본격 출격… 추석 연휴 뒤 IPO 일정에 관심↑,https://www.moneys.co.kr/article/2025100114254118030
2025-10-06,"INVEST,ORDER","한성크린텍, '홀딩스 체제'로 전환… 경영 효율성·투자매력↑",https://www.pinpointnews.co.kr/news/articleView.html?idxno=383042
2025-10-06,"LAUNCH,PARTNERSHIP",PBV가 바꾸는 이동의 판…모빌리티가 라이프스타일 된다,https://www.sedaily.com/NewsView/2GZ2M2V6W4
2025-10-06,LAUNCH,"[시승기] ""가성비 전기차 입문용으로 딱""…BYD '아토 3'",https://news.tf.co.kr/read/economy/2248517.htm
2025-10-05,LAUNCH,"BMW·벤츠 거부, 제네시스·현대차 유지… '카플레이 울트라'가 만든 자...",https://www.autodaily.co.kr/news/articleView.html?idxno=537394
2025-10-05,"LAUNCH,PARTNERSHIP",산업계 '전문학사 인력' 주목… 李정부 '바이오헬스 강국' 실현하나,https://news.unn.net/news/articleView.html?idxno=584638
2025-10-05,INVEST,"6월 이후 월간 영업이익 흑자 전환 기대… 해성옵틱스, 실적 개선 청신...",https://www.pinpointnews.co.kr/news/articleView.html?idxno=383007
2025-10-05,LAUNCH,"""스포티지 긴장해야겠다""…현대차 '투싼 풀체인지' 변화 포인트 살펴보...",https://www.autodaily.co.kr/news/articleView.html?idxno=537395
2025-10-05,"INVEST,PARTNERSHIP","흥국화재, 자동차보험  시장  역성장 속 14% 성장",https://www.stardailynews.co.kr/news/articleView.html?idxno=503481
2025-10-05,"LAUNCH,REGUL","롯데케미칼, K 2025 참가해 혁신 소재 솔루션 대거 공개",https://www.stardailynews.co.kr/news/articleView.html?idxno=503479
2025-10-05,"CERT,INVEST,LAUNCH","'사법 족쇄 푼' 이재용, '이 국가' 출장 가능성↑…추석 맞은 총수들 '경...",https://www.financialpost.co.kr/news/articleView.html?idxno=234488
2025-10-05,INVEST,"""서울=서프리카"" 부동산 새 변수로 등장한 '기후 리스크'[기후로운 경제...",https://www.nocutnews.co.kr/news/6410266?utm_source=naver&utm_medium=article&utm_campaign=20251005093307
2025-10-05,"INVEST,ORDER",한라캐스트 탄탄한 수주 실적과 매출 증가로 실적 개선 기대,https://www.joongangenews.com/news/articleView.html?idxno=455754
2025-10-05,LAUNCH,"외산폰 전쟁터 된 한국…애플·샤오미·낫싱, 삼성에 도전장",https://news.mtn.co.kr/news-detail/2025100314424816915
2025-10-05,"CERT,INVEST,ORDER","‘반도체 후공정’ 점찍은 SKC, 매각 거듭한 SK엔펄스 운명은?",https://shindonga.donga.com/3/all/13/5886088/1
2025-10-05,"INVEST,LAUNCH,REGUL",“화합물반도체는 국가 성장 이끌 전략 자산…정부 전폭 지원 시급”,https://shindonga.donga.com/3/all/13/5883187/1
2025-10-05,INVEST,반도체 소부장 폭풍 줍줍한 국민연금…코스닥 잔혹사 끝낼까 [이런국장...,https://www.sedaily.com/NewsView/2GZ2697X8E
2025-10-05,PARTNERSHIP,"JY, 올 명절엔 어디로…재계 총수들 '경영 구상' 몰두",http://www.edaily.co.kr/news/newspath.asp?newsid=01164406642329968
2025-10-05,LAUNCH,폼은 일시적이지만 클래스는 영원…럭셔리 세단 정수 벤츠 S클래스,https://www.news1.kr/industry/auto-industry/5933456
2025-10-05,CERT,"[시승기] 중국산 편견 깰 고성능 전기차, BYD 씰",https://daily.hankooki.com/news/articleView.html?idxno=1279401
2025-10-09,"INVEST,LAUNCH",나스닥100 '상승'...엔비디아 · 마이크론 · 테슬라 '활짝',http://www.choicenews.co.kr/news/articleView.html?idxno=154991
2025-10-09,"INVEST,LAUNCH","'국정자원 화재'로 리튬 배터리 안전성 재부각, K배터리 3사 화재예방 기...",https://www.businesspost.co.kr/BP?command=article_view&num=414794
2025-10-09,INVEST,"증권사 유튜브 '신삼국지', 키움 밀리고 삼성 NH 미래 '200만 구독' 대열...",https://www.businesspost.co.kr/BP?command=article_view&num=414795
2025-10-09,"INVEST,LAUNCH",[뉴욕증시] 엔비디아 반등에 S&P500·나스닥 사상 최고…다우는 약보합,https://www.g-enews.com/view.php?ud=202510090520531016be84d87674_1
2025-10-09,"INVEST,LAUNCH","뉴욕증시,  AI  랠리 재점화에 'S&P500·나스닥' 사상 최고치",https://www.newsis.com/view/NISX20251009_0003356831
2025-10-09,"INVEST,LAUNCH","실적 시즌 임박한 빅테크...투자자들,  AI 가 돈 되는지에 초점",https://www.g-enews.com/view.php?ud=202510090114013725be84d87674_1
2025-10-09,"CERT,INVEST,LAUNCH,REGUL","소프트뱅크, ABB 그룹 로봇틱스 사업 인수한다",https://www.digitaltoday.co.kr/news/articleView.html?idxno=596039
2025-10-09,LAUNCH,"[모닝 뉴스브리핑] 영국, 자산 토큰화 본격 추진 外",https://www.tokenpost.kr/news/briefing/292656
2025-10-02,"INVEST,REGUL",로봇이 바꿀 부동산 시장…변화에 따른 투자 전략 세워야 [부동산 돋보...,https://biz.chosun.com/real_estate/real_estate_general/2025/10/09/D22GGAOXHFBB7J5LEBXFXBMUSA/?utm_source=naver&utm_medium=original&utm_campaign=biz
2025-10-09,"LAUNCH,ORDER,PARTNERSHIP","헬스케어, '새 아파트 상징' 되다…안방으로 영토 확장 중",https://www.newsis.com/view/NISX20250924_0003341692
2025-10-09,LAUNCH,"대우건설, '2025 스마트건설 포럼' 성료…""건설혁신 미래 공유""",https://www.newsis.com/view/NISX20251001_0003352505
2025-10-09,"INVEST,LAUNCH,PARTNERSHIP,REGUL",3500 넘긴 코스피…긴 추석 연휴 이후 주식시장 체크 포인트는,http://www.fntimes.com/html/view.php?ud=202510082041406480179ad43907_18
2025-10-09,INVEST,"[그때 그 시절 인천,  AI 로 되살리다] ⑰ 공중전화 줄 선 부평역부터 학...",https://www.incheonilbo.com/news/articleView.html?idxno=1305416
2025-10-09,LAUNCH,제주 신설 특성화고 '제주미래산업고' 4개 학과 편성,https://www.yna.co.kr/view/AKR20251003047400056?input=1195m
2025-10-09,"LAUNCH,REGUL",[더 나은 세상] 제125회 노벨상,https://www.yeongnam.com/web/view.php?key=20251008022220512
2025-10-09,"INVEST,REGUL","증시, 추석 이후 다시 달린다…주목할 업종 '금·반·지'",https://www.pointdaily.co.kr/news/articleView.html?idxno=273147
2025-10-09,INVEST,에너지믹스 성공 위해선…“재생·원전·송전망 보완이 핵심”,https://www.asiatoday.co.kr/view.php?key=20251009010000770
2025-10-09,"CERT,LAUNCH",구직자 보호·검증 안전망 고삐 죄는 채용 플랫폼들,https://it.chosun.com/news/articleView.html?idxno=2023092148503
2025-10-09,"INVEST,ORDER","""내년 코스피 4000 거뜬하다""…'금반지' 빼고 '반바지' 입어라",https://www.joongang.co.kr/article/25372562
2025-10-09,INVEST,"'아기상어'부터 '우주기업'까지…연휴 끝, IPO 시동건다",https://www.news1.kr/finance/general-stock/5934232
2025-10-09,LAUNCH,앱마켓도 구독 시대… 변화의 선봉장은 구글 플레이,https://it.chosun.com/news/articleView.html?idxno=2023092148506
2025-10-09,"INVEST,REGUL","[주식 고수] 김승현 하나운용 ETF본부장 "" AI ·제조업 결합, 中증시 장기...",https://www.newspim.com/news/view/20251001000662
2025-10-09,"INVEST,LAUNCH,REGUL",1000만 고령자 시대… '돌봄 기술'이 산업이 된다,https://www.moneys.co.kr/article/2025100515284295015
2025-10-09,"INVEST,LAUNCH,REGUL",1%대 저성장 고착화 우려… AI 대전환·초혁신 속도전[추석 이후 한국경제...,https://www.newsis.com/view/NISX20251005_0003355996
2025-10-09,INVEST,"젠슨 황 “ AI  수요, 기하급수적으로 늘고 있다”…엔비디아, 나흘 만에...",https://www.g-enews.com/view.php?ud=202510090104369758be84d87674_1
2025-10-09,"INVEST,LAUNCH,REGUL",“증시 6800까지 간다”…연일 ‘가즈아’ 외치는 월가의 늑대들,https://www.mk.co.kr/article/11437403
2025-10-09,"INVEST,ORDER","AMD-오픈 AI  '빅딜'에 젠슨 황 ""지분 내준 건 놀라워""…엔비디아 독점 흔...",https://www.newsis.com/view/NISX20251009_0003356826
2025-10-09,LAUNCH,"AI  시대, 데이터센터의 심장을 바꾸는 '광컴퓨팅'의 급부상",https://www.tokenpost.kr/news/tech/292652
2025-10-09,ORDER,"가스공사,  AI  도입·활용 확대…대국민 서비스 획기적 제고",https://zdnet.co.kr/view/?no=20251009054906
2025-10-09,"INVEST,LAUNCH","[뉴욕증시] S&P500·나스닥, 사상 최고…엔비디아도 최고치 경신",http://www.fnnews.com/news/202510090543124069
2025-10-09,INVEST,"그레이스케일, 2025년 3분기 자산 재조정…DeFi· AI ·스마트컨트랙트 펀...",https://www.tokenpost.kr/news/breaking/292651
2025-10-09,"CERT,REGUL","""연구재단 해킹·인재유출 가속…과학계 국감 쟁점은""",https://www.news1.kr/it-science/general-it/5932669
2025-10-09,REGUL,17년 만에 부활한 과기부총리… AI 에 국가 역량 총동원,https://www.segye.com/newsView/20251009500356?OutUrl=naver
2025-10-09,"CERT,INVEST",[사설] 바닥 없는 건설업 부진에 지역 경제 휘청인다,https://www.imaeil.com/page/view/2025100817333775090
2025-10-09,"INVEST,LAUNCH",AI  투자 순환 구조에 경고등… '20조 거품' 논란 가열,https://www.tokenpost.kr/news/ai/292645
2025-10-08,LAUNCH,"[역사속 오늘·10.9·한글날] 北육상선수 신금단, 한국전쟁 때 헤어진 南...",http://kor.theasian.asia/archives/392149
2025-10-09,"INVEST,LAUNCH","IMF ""관세 영향 제한적…세계경제 우려보다 괜찮지만 안심 일러""",https://www.newspim.com/news/view/20251009000006
2025-10-09,"INVEST,LAUNCH,PARTNERSHIP","'AMD' 10% 지분 오픈 AI 에…엔비디아 CEO "" AI  칩 시장 판도 변동""",https://www.topstarnews.net/news/articleView.html?idxno=15832087
2025-10-09,"INVEST,LAUNCH","금값, 45년 만에 최고 상승…""세계 경제 불안의 경고음""",https://www.newsis.com/view/NISX20251009_0003356820
2025-10-09,PARTNERSHIP,"AI 가 일한다… '에이전틱  AI ', 기업 혁신의 실전 무기로 급부상",https://www.tokenpost.kr/news/ai/292639
2025-10-09,"INVEST,LAUNCH,REGUL",젠슨 황 엔비디아 CEO “미중  AI  격차 크지 않다…정교한 전략 필요”,http://www.fnnews.com/news/202510090358220718
2025-10-09,LAUNCH,"개발자 없이도 앱 만든다… 리툴,  AI 로 '앱 생성 민주화' 선언",https://www.tokenpost.kr/news/tech/292638
2025-10-09,"INVEST,LAUNCH,PARTNERSHIP",젠슨 황 “AMD가 오픈 AI 에 지분 제안한건 놀랍고 영리한 거래”,https://news.kbs.co.kr/news/pc/view/view.do?ncd=8376749&ref=A
2025-10-09,LAUNCH,"시스코, 51.2Tbps  AI  라우터 공개… 엔비디아와 '스케일 어크로스' 격돌",https://www.tokenpost.kr/news/tech/292636
2025-10-09,"INVEST,LAUNCH,PARTNERSHIP","젠슨 황 ""AMD가 오픈 AI 에 지분 제안한건 놀랍고 영리한 거래""",https://www.yna.co.kr/view/AKR20251009003100091?input=1195m
2025-10-09,"INVEST,LAUNCH","손정의 소프트뱅크, ABB 로봇 사업부 7조7000억원 인수로 피지컬  AI  시장...",https://www.insight.co.kr/news/523407
2025-10-09,LAUNCH,"우버 기사, 퍼시픽 팰리세이즈 산불 방화 혐의 기소",https://www.radiokorea.com/news/article.php?uid=484604
2025-10-09,"INVEST,LAUNCH",엔비디아 CEO “ AI 컴퓨팅 수요 6개월 새 급증”…주가 2% 상승,http://www.edaily.co.kr/news/newspath.asp?newsid=01118486642331280
2025-10-09,INVEST,"금값, 정치·경제적 우려로 4천 달러 첫 돌파",https://www.gukjenews.com/news/articleView.html?idxno=3396708
2025-10-09,LAUNCH,구글 “기초연구의 힘”… 2년 연속 노벨상 배출,https://www.donga.com/news/Economy/article/all/20251008/132527246/2
2025-10-09,LAUNCH,음악 듣고 호텔 예약까지… 챗GPT 안에서 척척 ‘슈퍼앱’ 뜬다,https://www.donga.com/news/Economy/article/all/20251008/132526898/2
2025-10-09,"LAUNCH,REGUL","WTO, 내년 세계 무역성장률 1.8→0.5% 낮춰",https://www.donga.com/news/Inter/article/all/20251008/132527138/2
2025-10-09,LAUNCH,"EU, ‘ AI  자립’에 1조6천억 투입…“미중 의존 줄이고 산업 전반에 확대...",https://sateconomy.co.kr/news/view/1065544159688773
2025-10-09,LAUNCH,""" AI ·로봇이 농사 짓는다""...미래 농업기술 나주에 집결",https://www.ytn.co.kr/_ln/0115_202510090136357920
2025-10-09,LAUNCH,"퀄컴, 오픈소스 하드웨어의 성지 '아두이노' 품었다…왜?",https://www.econovill.com/news/articleView.html?idxno=714062
2025-10-09,"INVEST,LAUNCH",AI  클라우드의 판이 바뀐다…‘네오클라우드’가 쏘아올린 인프라 혁신,https://www.tokenpost.kr/news/ai/292584
2025-10-09,INVEST,"Kafka 넘은 AlgoX2, 50억 원 시드 투자 유치…실시간 데이터 인프라 혁신...",https://www.tokenpost.kr/news/tech/292587
2025-10-09,LAUNCH,"""포르노=예술프로젝트"" 일본 기술위원장, 한국 축구 수준 낮다’ 조롱하...",http://www.osen.co.kr/article/G1112671976
2025-10-08,INVEST,"트럼프 리스크, 日 돈풀기 우려에… 달러·엔화 ‘엑소더스’",https://www.chosun.com/economy/money/2025/10/09/D3JIOQTMGVE4HNS5RJ55SIV4QU/?utm_source=naver&utm_medium=referral&utm_campaign=naver-news
2025-10-09,"INVEST,LAUNCH",물리12 화학9 생리의학6 문학2 평화2…노벨상 강국 일본,https://www.joongang.co.kr/article/25372546
2025-10-09,LAUNCH,"'미중 의존 줄이자'…EU,  AI  활용 확대에 1조6천억 투입(종합)",https://www.yna.co.kr/view/AKR20251008033451085?input=1195m
2025-10-09,"INVEST,LAUNCH,PARTNERSHIP","뉴욕증시, FOMC 의사록 공개 앞두고 강세… AI  테마 부각",https://www.pointdaily.co.kr/news/articleView.html?idxno=273547
2025-10-09,LAUNCH,"IMF ""세계 경제, 잘 버티고 있지만 여전히 불안… AI  낙관론 주의해야""",https://www.newsis.com/view/NISX20251008_0003356813
2025-10-09,"INVEST,LAUNCH","AI , CFO의 역할을 바꾸다… 숫자 계산에서 전략 지휘까지",https://www.tokenpost.kr/news/ai/292571
2025-10-08,LAUNCH,"[플라자] 서울시, 한글날 기념 시민 참여 행사 연다 외",https://www.chosun.com/national/people/2025/10/09/NDXBWNXBC5EW3CBOIXJ7LRPZII/?utm_source=naver&utm_medium=referral&utm_campaign=naver-news
2025-10-09,"INVEST,LAUNCH,PARTNERSHIP","[ AI  경쟁력, 데이터센터 역량에 달렸다! (1)] 들어가면서 -  AI  수요 충족...",https://www.news2day.co.kr/article/20251008500033
2025-10-09,LAUNCH,[Biz & Now] 소뱅 “7.6조원에 ABB 로봇사업 인수”,https://www.joongang.co.kr/article/25372530
2025-10-09,LAUNCH,"성북구, 느린학습자 자유학기 성장스쿨 성과공유회 개최",https://www.siminilbo.co.kr/news/newsview.php?ncode=1160234614804312
2025-10-09,"CERT,INVEST,LAUNCH",올트먼·수 ‘1000억달러짜리 포옹’…이재용도 웃는다?,https://www.joongang.co.kr/article/25372524
2025-10-09,"INVEST,REGUL","[4분기 증시] 김영일 대신증권 센터장 ""내년 상반기까지 강세, 10월 코스...",http://www.paxetv.com/news/articleView.html?idxno=248358
2025-10-09,"INVEST,LAUNCH,PARTNERSHIP","[분석] 미국 뉴욕증시 장초반, FOMC 완화·셧다운 공백에 엔비디아↑ 테...",https://www.topstarnews.net/news/articleView.html?idxno=15832041
2025-10-09,INVEST,'10월 공모주' 노타·이노테크 등 수요예측과 청약일정,https://www.gukjenews.com/news/articleView.html?idxno=3396645
2025-10-08,LAUNCH,"[사설] 中의 무서운 테크 굴기, 이젠 한국이 추격 나설 때",https://www.hankyung.com/article/2025100884681
2025-10-09,INVEST,"은행권,  AI  앞세워 ""보이스피싱 꼼짝마"" 차단 총력",https://www.theguru.co.kr/news/article.html?no=92448
2025-10-09,"CERT,INVEST,LAUNCH",AI 가 불러온 ‘메모리 초호황기’…삼성·하이닉스에 달린 날개,https://www.inthenews.co.kr/news/article.html?no=77660
2025-10-09,INVEST,"한동대 카리나팀, ' AI  커리어 스쿨 창업톤 L:AUNCH'서 최우수상 수상",http://www.beyondpost.co.kr/view.php?ud=20251008232544834192e75d13a3_30
2025-10-09,LAUNCH,11월 4대그룹 '인사태풍' 예고… 경영 불확실성 대비,http://www.koreareport.co.kr/news/articleView.html?idxno=40762
2025-10-09,"LAUNCH,REGUL","[기획 칼럼⑩] 아동·청소년의 권리 보호, 잊힐 권리의 보장으로부터",https://news.tf.co.kr/read/life/2250661.htm
2025-10-09,"INVEST,LAUNCH,REGUL","추석 이후 IPO 시장 전망은? ""코스피 사상 최고치에 훈풍 기대""",https://www.theguru.co.kr/news/article.html?no=92486
2025-10-09,CERT,[알림] 연합뉴스 콘텐츠 저작권 고지,https://www.yna.co.kr/view/AKR20251009000100011?input=1195m
2025-10-09,INVEST,AI 가 예측한 띠별 오늘의 운세 10월 9일,https://www.vegannews.co.kr/news/article.html?no=286809
2025-10-09,PARTNERSHIP,[알림] 뉴스1 콘텐츠 저작권 고지,https://www.news1.kr/society/general-society/5936003
2025-10-08,"INVEST,LAUNCH",나스닥 다우지수 상승 출발...미국 금리 인하-오픈 AI  투자 '기대',https://www.gukjenews.com/news/articleView.html?idxno=3396655
2025-10-08,"CERT,INVEST,LAUNCH,REGUL","[미국증시 개장브리핑] 바이오테크 급등 속 나스닥 혼조세, 빅테크는 고...",https://www.tokenpost.kr/news/market/292555
2025-10-08,INVEST,"엔디비아도 올라탄 일론 머스크 xAI, 28조원 대규모 자금 조달 성공",https://www.insight.co.kr/news/523406
2025-10-08,"INVEST,LAUNCH,REGUL","생리의학 이어 화학까지…'기초과학 강국' 日, 노벨상 2관왕",https://www.hankyung.com/article/2025100886581
2025-10-08,LAUNCH,"신정훈 행안위원장 “ AI 농업·K-푸드 중심지 전남, 농식품부가 와야 완...",https://www.geconomy.co.kr/news/article.html?no=308046
2025-10-08,"INVEST,LAUNCH","美 테크업계, 구조조정 재점화…2025년 들어 해고 다시 급증",https://www.tokenpost.kr/news/tech/292550
2025-10-08,"INVEST,LAUNCH,REGUL","Spacelift, 코딩 없이 인프라 배포하는 'Intent' 공개… AI 로 감성 코딩 시...",https://www.tokenpost.kr/news/tech/292549
2025-10-08,"INVEST,LAUNCH","뉴욕증시,  AI  기대감에 전 날 하락 딛고 반등",https://www.hankyung.com/article/202510088665i
2025-10-08,LAUNCH,[횡설수설/박중현]“연구비 삭감은 재앙”,https://www.donga.com/news/Opinion/article/all/20251008/132527121/2
2025-10-08,"CERT,INVEST",[광화문에서/김상운]인재 확보 경쟁 앞에선 함께 피흘린 동맹도 없다,https://www.donga.com/news/Opinion/article/all/20251008/132527123/2
2025-10-08,"CERT,INVEST,LAUNCH,PARTNERSHIP,REGUL","해남군, RE100 국가산단 유치 총력 ""당장 착수 가능 유일한 입지""",http://www.newsworker.co.kr/news/articleView.html?idxno=397644
2025-10-08,"CERT,LAUNCH,PARTNERSHIP","1패스워드,  AI  인증 자동화 도구 공개…보안 강화 나선다",https://www.tokenpost.kr/news/tech/292534
2025-10-08,"CERT,INVEST,LAUNCH,PARTNERSHIP","[분석] 미국 뉴욕증시 장초반, FOMC 의사록· AI  모멘텀 속 혼조",https://www.topstarnews.net/news/articleView.html?idxno=15831998
2025-10-08,"CERT,LAUNCH","""클로드 최신 모델, 자신이 테스트받는다는 것을 알아차려""",https://www.aitimes.com/news/articleView.html?idxno=203021
2025-10-08,INVEST,"김영록 지사, 목포 경로당 찾아 '어르신들 안부' 살펴",http://www.newsworker.co.kr/news/articleView.html?idxno=397641
2025-10-08,"INVEST,LAUNCH","'오토바이 천국' 호찌민시, 이제는 전기차로 달린다",https://www.ajunews.com/view/20251008153019411
2025-10-08,LAUNCH,대학생 아들 택배 열었다 '깜짝'…안에서 쏟아진 물건 정체,https://www.hankyung.com/article/202510088210i
2025-10-08,"INVEST,REGUL","리플 CEO, 금융 시스템 대전환 예고…스테이블코인 자금 1조 달러 이동 ...",https://www.topstarnews.net/news/articleView.html?idxno=15831993
2025-10-08,REGUL,"리플 CEO ""금융 인프라 재편 시점 도래""…스테이블코인· AI 로 변화 가속",https://www.tokenpost.kr/news/blockchain/292523
2025-10-09,"INVEST,ORDER",트럼프 “좌파 테러 심각…우린 훨씬 더 위협적으로 대응할 것”,https://news.kbs.co.kr/news/pc/view/view.do?ncd=8376762&ref=A
2025-10-09,"CERT,INVEST,LAUNCH","삼성· 애플 , 스마트워치 양강 구도 속 '헬스케어' 경쟁 본격화",http://www.metroseoul.co.kr/article/20251008500026
2025-10-09,"INVEST,ORDER","트럼프 ""좌파 테러 심각…우린 훨씬 더 위협적으로 대응할 것""",https://www.yna.co.kr/view/AKR20251009006100071?input=1195m
2025-10-09,REGUL,美에 가로막혀 멈춰선 온플법...추석 후엔 재개될까,https://www.etoday.co.kr/news/view/2512668
2025-10-09,"CERT,LAUNCH","건강관리 넘어 의료 기능까지 된다…삼성· 애플 , 신형 스마트워치 경쟁...",https://it.chosun.com/news/articleView.html?idxno=2023092148314
2025-10-09,LAUNCH,"중고 아이폰 신흥국 돌풍, 갤럭시는 선진국서 점유율 상승세 기록",https://www.insight.co.kr/news/523408
2025-10-09,INVEST,"비트코인 전략비축 SBR 루미스법 재발의... 금값 폭등 이익 ""암호화폐 대...",https://www.g-enews.com/view.php?ud=20250930195539883906806b77b_1
2025-10-08,"INVEST,LAUNCH",'혁신 상징' 미 실리콘밸리는 어쩌다 해묵은 '996' 과로로 치닫게 됐나,https://www.pressian.com/pages/articles/2025100219003769785?utm_source=naver&utm_medium=search
2025-10-08,LAUNCH,이재용·최태원·젠슨황 경주행... 글로벌 빅테크 'AI 빅딜' 예고[경주A...,http://www.fnnews.com/news/202510081829207269
2025-10-08,"INVEST,REGUL",새만금의 무기 '천혜 자연'… 글로벌 RE100 허브 보인다[로컬 포커스],http://www.fnnews.com/news/202510081820146851
2025-10-08,LAUNCH,"중고 아이폰, 신흥국에서 잘팔렸다…갤럭시는 선진국서 인기",http://www.fnnews.com/news/202510081811352478
2025-10-08,ORDER,파운드리 입지 다지는 삼성… 암바렐라 차세대 AI칩 수주,http://www.fnnews.com/news/202510081804068489
2025-10-08,"INVEST,LAUNCH,PARTNERSHIP,REGUL","챗GPT에 ""호텔 예약해줘"" 치면 … 앱 열어 곧바로 실행",https://www.mk.co.kr/article/11437272
2025-10-08,INVEST,"애플 ·메타 제쳤다! 스트래티지, 세계 2위 ‘비트코인 트레저리 기업’...",http://coinreaders.com/191088
2025-10-08,LAUNCH,"아키텍트, 사전등록 200만 돌파 가즈아",https://www.nbntv.co.kr/news/articleView.html?idxno=4010483
2025-10-08,LAUNCH,국민 앱의 대변신은 왜 반발로 돌아왔나?,https://www.harpersbazaar.co.kr/article/1889184
2025-10-08,"INVEST,LAUNCH","오픈AI, 자산관리 앱 '로이' 인수… 맞춤형 AI 전략 강화",http://www.digitalbizon.com/news/articleView.html?idxno=2341109
2025-10-08,"INVEST,REGUL","새만금, 'RE100 허브' 대한민국 에너지 신도시로 변신",http://www.domin.co.kr/news/articleView.html?idxno=1531329
2025-10-08,"CERT,LAUNCH","셀트리온, 美 FDA서 '아이덴젤트' 허가 획득…'아일리아' 시밀러 출격 예...",https://www.medicopharma.co.kr/news/articleView.html?idxno=65722
2025-10-08,LAUNCH,글로벌 빅테크 거물 총출동에....경주 APEC 기대감 '솔솔',http://www.fnnews.com/news/202510081451075346
2025-10-08,INVEST,"[세미콘 웨스트 2025] TSMC ""첨단 패키징 공정 혁신으로 AI 시장 선도""",http://www.thelec.kr/news/articleView.html?idxno=41900
2025-10-08,"INVEST,LAUNCH",[美반도체 반격]②작전명 '인텔 살리기',http://news.bizwatch.co.kr/article/industry/2025/09/24/0040
2025-10-08,LAUNCH,"넥슨 '마비노기 모바일', 출시 6개월 만에 구글 매출 1위",https://www.polinews.co.kr/news/articleView.html?idxno=709614
2025-10-08,LAUNCH,"애플 , 리퍼폰 시장 판도 바꾼다…신흥국서 12% 급성장",https://www.tokenpost.kr/news/tech/292449
2025-10-08,REGUL,"추석이 더 바쁜 총수들, 휴식 대신 전략 구상",http://www.segyebiz.com/newsView/20251008504172?OutUrl=naver
2025-10-08,"CERT,INVEST,LAUNCH",[단독] ‘LPGA 투어 직행’ 황유민 우승 축하 와인은 샴페인 아니라 프로...,https://www.segye.com/newsView/20251008504009?OutUrl=naver
2025-10-08,LAUNCH,"인도 물류, 기술 혁신으로 재편...  애플  등 글로벌 기업 공급망 이전 가...",https://www.g-enews.com/view.php?ud=2025100812461935070c8c1c064d_1
2025-10-08,REGUL,"애플 , 중고폰 시장서 강세…신흥시장 성장률 삼성 앞질러",https://www.etnews.com/20251008000019
2025-10-08,"CERT,REGUL","중고폰 시장 ‘ 애플  독주’… 신흥시장 성장률, 삼성의 3배",http://www.edaily.co.kr/news/newspath.asp?newsid=01403846642330952
2025-10-08,"CERT,INVEST",젠슨 황 “H-1B 비자 전액 지원 유지”,https://www.mk.co.kr/article/11437097
2025-10-08,"INVEST,LAUNCH,REGUL","[칼럼] 기후위기시대, 우리는 무엇을 할 것인가",https://www.jeonmae.co.kr/news/articleView.html?idxno=1191121
2025-10-08,"CERT,REGUL",정체된 중고폰 시장서  애플  강세… 상반기 판매량 7%↑,https://www.newscj.com/news/articleView.html?idxno=3325725
2025-10-08,LAUNCH,에어팟 맥스2 이렇게 바뀐다…무게 줄이고 신형 칩 탑재,https://www.digitaltoday.co.kr/news/articleView.html?idxno=596022
2025-10-08,"CERT,LAUNCH,REGUL",중고폰 시장서도 '갤럭시'보다 '아이폰'…선진 시장서 점유율 3배 차이,https://www.itbiznews.com/news/articleView.html?idxno=182849
2025-10-08,"INVEST,LAUNCH,ORDER,PARTNERSHIP",구글· 애플  반열에 오른 오픈AI… 올트먼도 떴다,https://weeklytrade.co.kr/news/view.html?section=1&category=136&item=&no=96821
2025-10-08,"CERT,REGUL",중고폰 시장서도  애플  강세…신흥시장 성장률 삼성의 3배 [MOVIEW],https://www.ddaily.co.kr/page/view/2025100810352054958
2025-10-08,INVEST,"포천 허브아일랜드, 30년 외길 걸어온 임옥 대표의 열정과 변신",https://www.nbntv.co.kr/news/articleView.html?idxno=4010470
2025-10-08,"INVEST,LAUNCH","""쉰내 나는 인스타"" 오명까지…카카오가 저지른 세 가지 실수",https://magazine.hankyung.com/business/article/202510023389b
2025-10-09,REGUL,상반기 중간배당 17% 늘었다··· 삼성전자  4조9천억원 배당,https://weekly.khan.co.kr/article/202510090613001
2025-10-09,"CERT,INVEST,LAUNCH,ORDER","' 삼성 ·현대 주도' 해외건설 수주 중동 일색, '비자 리스크'에 미국 신규...",https://www.businesspost.co.kr/BP?command=article_view&num=414800
2025-10-09,"CERT,REGUL","[단독] 삼성 , SK 보니…尹 정부 반도체특별법 과장이었다",https://www.nocutnews.co.kr/news/6410048?utm_source=naver&utm_medium=article&utm_campaign=20251009050057
2025-10-08,"INVEST,LAUNCH",[세미콘 웨스트 2025] 반도체 출처 '추적'….글로벌 표준화 논의 본격화,http://www.thelec.kr/news/articleView.html?idxno=41904
2025-10-08,"INVEST,LAUNCH,REGUL","4대금융 시총 123조원…올해 들어 38%↑""정부 증시부양 수혜주 될 듯""",https://www.industrynews.co.kr/news/articleView.html?idxno=72486
2025-10-08,LAUNCH,"가전업계, 브랜드 스토리·경험 앞세운 이색 마케팅",https://www.slist.kr/news/articleView.html?idxno=683873
2025-10-08,LAUNCH,“12만  전자  간다”…커지는 기대감,https://www.ichannela.com/news/main/news_detailPage.do?publishId=000000495275
2025-10-08,"INVEST,LAUNCH","삼성전자 , 상반기 특허등록 1만건 육박...'역대 최다'",http://www.metroseoul.co.kr/article/20251008500072
2025-10-08,INVEST,"삼성전자 , 올해만 특허 1만여개 등록…역대 ‘최다’",http://www.newstomato.com/ReadNews.aspx?no=1277155&inflow=N
2025-10-08,LAUNCH,"4대 그룹, 연말 인사 앞당기나…‘뉴  삼성 ’ 체제 · SK 거취 주목",https://www.betanews.net/article/view/beta202510080005
2025-10-08,"CERT,INVEST,LAUNCH,ORDER",엔비디아 이어 AMD하고도 손잡은 오픈AI… 삼성전자  최대 수혜자 될까,https://www.joongang.co.kr/article/25372475
2025-10-08,"INVEST,ORDER",재계 비상경영 … 연말인사 앞당긴다,https://www.mk.co.kr/article/11437338
2025-10-08,"INVEST,REGUL",AI 기술활용이 해법 … 위험계좌 탐지·현금인출도 막아줘,https://www.mk.co.kr/article/11437317
2025-10-08,"INVEST,REGUL",초대형 화면·육각형 S펜 태블릿PC의 한계 넘었다,https://www.mk.co.kr/article/11437304
2025-10-08,"INVEST,LAUNCH,ORDER","AMD·오픈AI 동맹…"" 삼성 ·하이닉스에 호재""",https://www.hankyung.com/article/2025100885391
2025-10-08,"INVEST,LAUNCH","삼성전자 , 상반기 韓美 특허 1만건 육박",https://www.hankyung.com/article/2025100885351
2025-10-08,LAUNCH,"LG 전자 , HBM 장비 사업 속도",https://www.hankyung.com/article/2025100885401
2025-10-08,"INVEST,LAUNCH",인도 지점 수 20개 '눈앞'…14억 인구 공략 나서는 K은행,https://www.hankyung.com/article/2025100885211
2025-10-08,"INVEST,PARTNERSHIP",증시 달구는 오픈AI…스치기만 해도 '불기둥',https://www.hankyung.com/article/2025100884991
2025-10-08,"INVEST,LAUNCH","삼성전자 ·DB하이텍, 차세대 전력 칩 시동",https://www.hankyung.com/article/2025100884941
2025-10-07,INVEST,"악성재고 사라지고, 효자상품은 없어서 못팔아···SK하이닉스의 행복...",https://www.mk.co.kr/article/11435493
2025-10-08,LAUNCH,"美 퀄컴, M&A로 로봇 사업 강화",https://www.hankyung.com/article/2025100884591
2025-10-08,LAUNCH,"삼성 , 세계 최초 0.5㎛ 2억 화소 이미지 센서 공개.. 갤럭시엔 언제?",http://www.fnnews.com/news/202510081609314218
2025-10-08,LAUNCH,"퀄컴, 아두이노 인수합병…로보틱스 사업 진출 본격화",https://www.imaeil.com/page/view/2025100811355228357
2025-10-08,LAUNCH,삼전·하이닉스 더 가나요?…추석 이후 '깜짝 전망' 나왔다,http://www.edaily.co.kr/news/newspath.asp?newsid=01469446642330952
2025-10-08,INVEST,"삼성전자 , 상반기 특허등록 1만건 육박..연구개발비도 역대 최대",http://kpenews.com/View.aspx?No=3808826
2025-10-08,LAUNCH,한글의 우수성과 추석의 정취를 전 세계인과 함께,https://www.dongponews.net/news/articleView.html?idxno=54197
2025-10-08,LAUNCH,내달 4대 그룹 ‘인사 태풍’ 분다,https://www.kbmaeil.com/article/20251008500072
2025-10-08,"INVEST,LAUNCH","삼성전자 , 유럽 소비자 인사이트 공로상 수상",http://www.newstomato.com/ReadNews.aspx?no=1277150&inflow=N
2025-10-08,LAUNCH,4대그룹 '인사 시계' 앞당긴다…신상필벌·효율화 핵심,http://www.m-i.kr/news/articleView.html?idxno=1289821
2025-10-08,"INVEST,LAUNCH",'9만전자' 탈환한  삼성전자 ... 10만전자 돌파하나?,http://www.biztribune.co.kr/news/articleView.html?idxno=341304
2025-10-08,"INVEST,LAUNCH","삼성전자 , 특허·R&D '역대 최대'···10조 클럽 복귀 눈앞",http://www.enewstoday.co.kr/news/articleView.html?idxno=2338033
2025-10-08,"INVEST,PARTNERSHIP","'11만 전자 ·50만닉스' 현실로?… 삼성 ·SK, 3Q 동반 호실적 예고",http://news.bizwatch.co.kr/article/industry/2025/10/02/0022
2025-10-08,"INVEST,LAUNCH","[연재] NZSI INDEX 10월 1일 : 1382.14 (△2.80%) 발표, 9만 전자 , 주식시장...",https://www.livesnews.com/news/article.html?no=55151
2025-10-08,LAUNCH,"퀄컴, '개발자 요람' 아두이노 품었다…차세대 로보틱스 승부수",https://www.hankyung.com/article/202510088196i
2025-10-08,"CERT,INVEST,ORDER",'에바(EVAR)' 국내외 전기차 충전시장 공략,http://www.newstown.co.kr/news/articleView.html?idxno=657540
2025-10-08,INVEST,"삼성전자 , 상반기 한·미 특허 9599건 등록…역대 최대 기록",http://www.newscape.co.kr/news/articleView.html?idxno=116461
2025-10-08,LAUNCH,대내외 불확실성에 빨라진 '인사 시계'…4대그룹 '인사태풍' 11월 유력,https://www.dailian.co.kr/news/view/1557794/?sc=Naver
2025-10-08,LAUNCH,불확실성 고조된 4대그룹…내달 ‘인사태풍’ 예의주시,https://economist.co.kr/article/view/ecn202510080013
2025-10-08,INVEST,올해 127% 오른 SK하이닉스…‘주당 56만 원’ 전망도 나왔다 [이런국장...,https://www.sedaily.com/NewsView/2GZ3K0J8DG
2025-10-08,INVEST,"""질문 잘하는 게 최고 스펙""…여의도 증권가서 뜨는 인재 [AI가 일한다 ...",https://www.hankyung.com/article/2025100347276
2025-10-08,"LAUNCH,REGUL",벌써 '인사 태풍' 예고된 4대 그룹,http://www.smedaily.co.kr/news/articleView.html?idxno=340064
2025-10-08,"CERT,INVEST,ORDER","경기도, 판교 스타트업 '에바', 270억 원 전기차 충전시설 계약",http://www.seoulwire.com/news/articleView.html?idxno=674263
2025-10-08,LAUNCH,"극심한 불확실성 직면  삼성 •SK•현대차•LG , 신상필벌 조기 인사태풍...",https://www.viva100.com/article/20251008500068
2025-10-08,"INVEST,LAUNCH,ORDER","HBM4 전쟁, 장비업체들로 확산…국내 4개사 출사표",https://www.dailian.co.kr/news/view/1557077/?sc=Naver
2025-10-08,"CERT,INVEST,LAUNCH",삼성 ·SK HBM 점유율 80%…한국의 저력 어디서 나오나,http://www.seoulwire.com/news/articleView.html?idxno=673861
2025-10-08,ORDER,"고속·대용량·다기능 PCB 선도…대덕 전자 , 첨단 기판 시장 점유율 확대",https://www.pinpointnews.co.kr/news/articleView.html?idxno=383279
2025-10-08,"INVEST,ORDER","반도체 장비 국산화·첨단화…피에스케이, 기술 혁신으로 성장 견인",https://www.pinpointnews.co.kr/news/articleView.html?idxno=383276
2025-10-08,LAUNCH,' 삼성 ·SK·현대차·LG' 연말 인사 앞당긴다…신상필벌·사업 효율화 방...,https://www.etnews.com/20251008000014
2025-10-08,INVEST,"메모리 가격 상승·HBM 수요 급증… SK하이닉스, 실적 훈풍 예고",https://www.pinpointnews.co.kr/news/articleView.html?idxno=383275
2025-10-08,LAUNCH,"K-IP의 반란… 오픈엣지테크놀로지, 글로벌 반도체 기업에 기술 수출",https://www.pinpointnews.co.kr/news/articleView.html?idxno=383274
2025-10-08,"INVEST,LAUNCH","삼성전자 , 반기 특허 등록 사상 최대…9599건으로 신기록",https://www.sisajournal.com/news/articleView.html?idxno=348690
2025-10-08,LAUNCH,'로봇' 들어간 것들 쉽지 않네… 삼성 ·LG 위기감 고조,https://www.dailian.co.kr/news/view/1557005/?sc=Naver
2025-10-08,"INVEST,PARTNERSHIP",[오픈AI 파트너십③] 차세대 AI 칩 전략 본격화… 삼성 ·SK에 기회 열렸다,https://www.ntoday.co.kr/news/articleView.html?idxno=120067
2025-10-08,INVEST,삼성전자  상반기에만 특허등록 1만건 육박… 18조원 R&D 투자 결실,http://www.segyebiz.com/newsView/20251008503207?OutUrl=naver
2025-10-08,LAUNCH,대내외 불확실성에 빨라진 '인사 시계'…내달 4대그룹 '인사태풍' 전망,http://www.yonhapnewstv.co.kr/AKR20251008103602OVP
2025-10-08,"CERT,INVEST,ORDER","경기도 스타트업 육성 수혜 '에바', 전기차 충전사각 해소 선도",https://www.pressian.com/pages/articles/2025100810331777167?utm_source=naver&utm_medium=search
2025-10-08,"CERT,INVEST,LAUNCH",[숨은 ETF 맛집]'테슬라'는 기본...삼전·엔비디아까지 동반투자,http://news.bizwatch.co.kr/article/market/2025/10/02/0044
2025-10-08,LAUNCH,"SK하이닉스.  삼성 . 마이크론, 141조 HBM4시장 선점 '초박빙' 승부",https://www.autodaily.co.kr/news/articleView.html?idxno=537446
2025-10-08,LAUNCH,"""글로벌 경기침체 거듭""…4대그룹 '인사태풍' 11월 유력",http://www.ftoday.co.kr/news/articleView.html?idxno=348810
2025-10-09,"INVEST,LAUNCH","‘소방차’로 떼돈 번 정원관, 전 재산 탕진할 수밖에 없었던 속사정",https://www.segye.com/newsView/20251003506478?OutUrl=naver
2025-10-09,LAUNCH,"70만 '라이프집' 강남역에 등장,  LG전자  '커뮤니티 광고' 진행",https://www.etnews.com/20251008000054
2025-10-09,LAUNCH,명절 직후는 이마트에서..간편식 행사에 '가격파격'상품까지,http://www.4th.kr/news/articleView.html?idxno=2097112
2025-10-09,LAUNCH,"이마트, 연휴 끝 '일상 복귀' 할인 대전 실시",https://www.newswhoplus.com/news/articleView.html?idxno=42651
2025-10-09,LAUNCH,"이마트, '포스트 추석' 맞춤 할인행사… 간편식·생활용품 최대 20% 할인",https://www.eroun.net/news/articleView.html?idxno=64539
2025-10-09,REGUL,"이마트, 신선식품·간편식 등 먹거리 할인…가격 파격 상품도 선봬",https://www.news1.kr/industry/distribution/5935978
2025-10-09,"INVEST,LAUNCH","LG전자  인도법인, 공모 첫날 1.8조 목표 채워",https://www.donga.com/news/Economy/article/all/20251008/132526888/2
2025-10-09,LAUNCH,日과학자 노벨 생리의학상 이어 화학상… 올해 벌써 2명,https://www.donga.com/news/Economy/article/all/20251008/132527244/2
2025-10-08,"INVEST,PARTNERSHIP","한국관광공사,  LG전자 와 '한국관광 해외 마케팅 협력' 업무협약 체결",http://www.econonews.co.kr/news/articleView.html?idxno=408262
2025-10-08,CERT,"'꿈의 흡착 신소재' 개발한 3인, 노벨화학상…日 생리의학 이어 2관왕 (...",https://www.news1.kr/it-science/general-it/5935971
2025-10-08,LAUNCH,1g 금속에 축구장 표면적…MOF 새 물질 만든 3인 노벨 화학상,https://www.busan.com/view/busan/view.php?code=2025100821413945809
2025-10-08,LAUNCH,"노벨화학상 기술,  LG전자  차세대 공기청정기 필터에도 들어 있다",https://www.hankookilbo.com/News/Read/A2025100820340005403?did=NA
2025-10-08,LAUNCH,"일본 노벨상 2관왕 안긴 ‘금속유기골격체’는…日, 한 해 2명 수상자 배...",https://www.dt.co.kr/article/12021869?ref=naver
2025-10-08,LAUNCH,"화학의 경계를 넓힌 '금속-유기 골격체', 노벨 화학상 영예(종합)",https://view.asiae.co.kr/article/2025100820501050049
2025-10-08,"INVEST,LAUNCH",인류난제 해결할 혁신소재 개발 길 열었다...‘MOF의 아버지들’ 노벨화...,https://www.mk.co.kr/article/11437367
2025-10-08,LAUNCH,LG  공기청정기 필터에도 적용···노벨화학상 수상자들 다공성물질로 ...,http://www.edaily.co.kr/news/newspath.asp?newsid=01620326642330952
2025-10-08,"INVEST,LAUNCH,PARTNERSHIP",박지영 치어리더 ‘우월한 비율’[포토],https://www.xportsnews.com/article/2062613
2025-10-08,"INVEST,LAUNCH,PARTNERSHIP",소노 치어리더 ‘심쿵 아이컨택’[포토],https://www.xportsnews.com/article/2062617
2025-10-08,"INVEST,LAUNCH,PARTNERSHIP",소노 치어리더 ‘비타민 에너지가 가득’[포토],https://www.xportsnews.com/article/2062609
2025-10-08,"INVEST,LAUNCH,PARTNERSHIP",박소영 치어리더 ‘파워풀한 댄스’[포토],https://www.xportsnews.com/article/2062615
2025-10-08,"INVEST,LAUNCH,PARTNERSHIP",박소영 치어리더 ‘치명적인 매력’[포토],https://www.xportsnews.com/article/2062611
2025-10-08,"INVEST,LAUNCH,PARTNERSHIP",박혜인 치어리더 ‘얼굴에 미소’[포토],https://www.xportsnews.com/article/2062614
2025-10-08,"INVEST,LAUNCH,PARTNERSHIP",소노 치어리더 ‘부드러운 미소’[포토],https://www.xportsnews.com/article/2062616
2025-10-08,"INVEST,LAUNCH,PARTNERSHIP",정서연 치어리더 ‘인형같은 모습’[포토],https://www.xportsnews.com/article/2062618
2025-10-08,"INVEST,LAUNCH,PARTNERSHIP",박소영 치어리더 ‘손 머리 위로’[포토],https://www.xportsnews.com/article/2062612
2025-10-08,"INVEST,LAUNCH,PARTNERSHIP",정서연 치어리더 ‘이기적인 S라인’[포토],https://www.xportsnews.com/article/2062610
2025-10-08,LAUNCH,"노벨화학상, 다공성 물질 개발 3인 수상…"" LG전자  공기청정기에도 쓰여...",https://zdnet.co.kr/view/?no=20251008201006
2025-10-08,INVEST,“다음 경기 준비할 생각에 머리는 아프지만…” 첫 승 따낸 손창환 감...,https://m.sports.naver.com/basketball/article/065/0000285592
2025-10-08,INVEST,"""실망도 했고 자책도 많이 했어요"" 돌아온 고양의 '하입 보이' 이정현 ""...",http://www.rookie.co.kr/news/articleView.html?idxno=114271
2025-10-08,INVEST,"""제가 최고입니다"" 자신감 드러낸 소노 외국 선수 나이트... 마레이 상대...",http://www.rookie.co.kr/news/articleView.html?idxno=114270
2025-10-08,INVEST,“고질병 같다. 꼭 고쳐야” 느슨한 경기력 꼬집은 전희철 감독,https://m.sports.naver.com/basketball/article/065/0000285590
2025-10-08,INVEST,"""정희재 득점 결정적이었다"" 마수걸이 승리 따낸 소노 손창환 감독, 그...",http://www.rookie.co.kr/news/articleView.html?idxno=114269
2025-10-08,INVEST,‘천신만고 끝에 프로농구 첫 승’ 소노 손창환 감독 “워니에게 40점 주...,http://www.osen.co.kr/article/G1112672107
2025-10-08,INVEST,"시즌 첫 배패 SK 전희철 감독 ""오늘 패배가 선수들에게 약이 되길""",http://www.rookie.co.kr/news/articleView.html?idxno=114267
2025-10-08,"INVEST,LAUNCH,PARTNERSHIP",소노 82:79 승리'[포토],https://www.xportsnews.com/article/2062596
2025-10-08,"INVEST,LAUNCH,PARTNERSHIP",소노 '홈에서 첫 승 달성'[포토],https://www.xportsnews.com/article/2062595
2025-10-08,"INVEST,LAUNCH,PARTNERSHIP",소노 'SK 잡았다'[포토],https://www.xportsnews.com/article/2062594
2025-10-08,INVEST,"'드디어 터졌다!' 이정현-켐바오-나이트 동시 폭발한 소노, SK 꺾고 시즌...",http://www.rookie.co.kr/news/articleView.html?idxno=114265
2025-10-08,INVEST,"‘이정현-나이트 미쳤다!’ 소노, 접전 끝에 SK 꺾고 개막 첫 승… 손창...",https://m.sports.naver.com/basketball/article/065/0000285588
2025-10-08,"INVEST,LAUNCH,PARTNERSHIP",워니 '끝까지 추격'[포토],https://www.xportsnews.com/article/2062592
2025-10-08,"INVEST,LAUNCH,PARTNERSHIP",나이트 '하나 더 가자'[포토],https://www.xportsnews.com/article/2062591
2025-10-08,"INVEST,LAUNCH,PARTNERSHIP",나이트 '파워풀하게'[포토],https://www.xportsnews.com/article/2062589
2025-10-08,"INVEST,LAUNCH,PARTNERSHIP",김낙현 '이게 안들어가네'[포토],https://www.xportsnews.com/article/2062588
2025-10-08,"INVEST,LAUNCH,PARTNERSHIP",나이트 '힘으로는 안밀려'[포토],https://www.xportsnews.com/article/2062587
2025-10-08,"INVEST,LAUNCH,PARTNERSHIP",최부경 '종아리 통증 호소'[포토],https://www.xportsnews.com/article/2062586
2025-10-08,"INVEST,LAUNCH,PARTNERSHIP",켐바오 '쇼타임'[포토],https://www.xportsnews.com/article/2062585
2025-10-08,"INVEST,LAUNCH,PARTNERSHIP",손창환 감독 '작전 지시'[포토],https://www.xportsnews.com/article/2062584
2025-10-08,"INVEST,LAUNCH,PARTNERSHIP",켐바오 '버저비터 후 포효'[포토],https://www.xportsnews.com/article/2062581
2025-10-08,LAUNCH,"KIST- LG , 차세대 휴머노이드 ‘케이펙스’ 공개...미·중 로봇 분야 양강...",https://www.hellot.net/news/article.html?no=106081
2025-10-08,"INVEST,LAUNCH,PARTNERSHIP",켐바오 '버저비터 성공시키며 짜릿'[포토],https://www.xportsnews.com/article/2062580
2025-10-08,"INVEST,LAUNCH,PARTNERSHIP",켐바오 '엄청난 원핸드 덩크'[포토],https://www.xportsnews.com/article/2062579
2025-10-08,"INVEST,LAUNCH,PARTNERSHIP",정희재 '분위기 내줄 수 없지'[포토],https://www.xportsnews.com/article/2062578
2025-10-08,"INVEST,LAUNCH,PARTNERSHIP",워니 '힘으로 밀고 들어간다'[포토],https://www.xportsnews.com/article/2062577
2025-10-08,"INVEST,LAUNCH,PARTNERSHIP",워니 '공격은 빠르게'[포토],https://www.xportsnews.com/article/2062575
2025-10-08,"INVEST,LAUNCH,PARTNERSHIP",워니 '나이트 수비가 높다'[포토],https://www.xportsnews.com/article/2062574
2025-10-08,"INVEST,LAUNCH,PARTNERSHIP",안영준 '빠르게 턴'[포토],https://www.xportsnews.com/article/2062572
2025-10-08,"INVEST,LAUNCH,PARTNERSHIP",워니 '정희재와 갑작스러운 신경전'[포토],https://www.xportsnews.com/article/2062571
2025-10-08,"INVEST,LAUNCH,PARTNERSHIP",박소영 치어리더 ‘힘차게 바운스 바운스’[엑's HD포토],https://www.xportsnews.com/article/2062568
2025-10-08,"INVEST,LAUNCH,PARTNERSHIP",박소영 치어리더 ‘숏컷 여신’[엑's HD포토],https://www.xportsnews.com/article/2062567
2025-10-08,"INVEST,LAUNCH,PARTNERSHIP",박소영 치어리더 ‘새침’[엑's HD포토],https://www.xportsnews.com/article/2062569
2025-10-08,"INVEST,LAUNCH,PARTNERSHIP",박소영 치어리더 ‘귀여운 눈웃음’[엑's HD포토],https://www.xportsnews.com/article/2062565
2025-10-08,"INVEST,LAUNCH,PARTNERSHIP",박소영 치어리더 ‘군살 제로’[엑's HD포토],https://www.xportsnews.com/article/2062566
2025-10-08,"INVEST,LAUNCH,PARTNERSHIP",박소영 치어리더 ‘카리스마 눈빛’[엑's HD포토],https://www.xportsnews.com/article/2062570
2025-10-08,"INVEST,LAUNCH,PARTNERSHIP",박소영 치어리더 ‘깜찍 보조개’[엑's HD포토],https://www.xportsnews.com/article/2062564
2025-10-08,INVEST,"[JB화보] 원주 DB, 안양 정관장을 75-69로 승리",https://m.sports.naver.com/basketball/article/065/0000285587
2025-10-08,"INVEST,LAUNCH,PARTNERSHIP",소노 'SK를 압박한다'[포토],https://www.xportsnews.com/article/2062561
2025-10-08,"INVEST,LAUNCH,PARTNERSHIP",이정현 '완벽하게 우리 분위기'[포토],https://www.xportsnews.com/article/2062560
2025-10-08,"INVEST,LAUNCH,PARTNERSHIP",켐바오 '날았다'[포토],https://www.xportsnews.com/article/2062559
2025-10-08,"INVEST,LAUNCH,PARTNERSHIP",전희철 감독 '역전해야 하는데'[포토],https://www.xportsnews.com/article/2062558
2025-10-08,"INVEST,LAUNCH,PARTNERSHIP",존슨 '공 내놔'[포토],https://www.xportsnews.com/article/2062556
2025-10-08,"INVEST,LAUNCH,PARTNERSHIP",이재도 '완벽한 기회'[포토],https://www.xportsnews.com/article/2062555
2025-10-08,"INVEST,LAUNCH,PARTNERSHIP",이재도 '막기에는 늦었지'[포토],https://www.xportsnews.com/article/2062553
2025-10-08,"CERT,INVEST",안방 첫 승에 만족감 표한 김주성 감독 “엘런슨 부진도 국내 선수들이...,https://m.sports.naver.com/basketball/article/065/0000285585
2025-10-08,"INVEST,LAUNCH,PARTNERSHIP",나이트 '워니와 힘 대결'[포토],https://www.xportsnews.com/article/2062550
2025-10-08,INVEST,"""해결사 알바노 맹활약""…DB, 정관장 제압하고 홈 첫 승 수확",https://www.topstarnews.net/news/articleView.html?idxno=15831831
2025-10-08,"INVEST,LAUNCH,PARTNERSHIP",나이트 '강렬한 덩크'[포토],https://www.xportsnews.com/article/2062549
2025-10-08,"INVEST,LAUNCH,PARTNERSHIP",켐바오 '다시 한 번 노마크'[포토],https://www.xportsnews.com/article/2062547
2025-10-08,INVEST,"영입 이유 증명한 캡틴 이정현 ""내 기록 좋지 않더라도...우리는 자신있...",http://www.rookie.co.kr/news/articleView.html?idxno=114261
2025-10-08,"INVEST,LAUNCH,PARTNERSHIP",나이트 '반칙이야'[포토],https://www.xportsnews.com/article/2062545
2025-10-08,"INVEST,LAUNCH,PARTNERSHIP",전희철 감독 '초반 공격이 안되네'[포토],https://www.xportsnews.com/article/2062544
2025-10-08,"INVEST,LAUNCH,PARTNERSHIP",나이트 '나도 한 번 3점을'[포토],https://www.xportsnews.com/article/2062543
2025-10-08,INVEST,"“시즌 첫 홈 승”…원주DB, 안양 정관장 제압 성공",https://www.kwnews.co.kr/page/view/2025100816344372224
2025-10-08,"INVEST,LAUNCH,PARTNERSHIP",이정현 '가운데가 열렸다'[포토],https://www.xportsnews.com/article/2062542
2025-10-08,"INVEST,LAUNCH,PARTNERSHIP",켐바오 '안막으면 쏴야지'[포토],https://www.xportsnews.com/article/2062541
2025-10-08,"INVEST,LAUNCH,PARTNERSHIP",이정현 '두 명 사이로'[포토],https://www.xportsnews.com/article/2062540
2025-10-08,"INVEST,LAUNCH,PARTNERSHIP",김진유 '찬스다'[포토],https://www.xportsnews.com/article/2062539
2025-10-08,INVEST,"두 번의 실패는 없었던 김주성 감독 ""선수들의 집중력 좋았다""",http://www.rookie.co.kr/news/articleView.html?idxno=114260
2025-10-08,"INVEST,LAUNCH,PARTNERSHIP",이정현 '과감하게 3점'[포토],https://www.xportsnews.com/article/2062537
2025-10-08,"INVEST,LAUNCH,PARTNERSHIP",나이트 '가볍게'[포토],https://www.xportsnews.com/article/2062536
2025-10-08,"INVEST,LAUNCH,PARTNERSHIP",이정현 '플로터'[포토],https://www.xportsnews.com/article/2062535
2025-10-08,INVEST,"시즌 첫 패 안은 유도훈 감독 ""내가 정확히 못 짚어줘, 선수들한테 미안...",http://www.rookie.co.kr/news/articleView.html?idxno=114258
2025-10-08,"INVEST,LAUNCH,PARTNERSHIP",손창환 감독 '선수들 연습 지켜보며'[포토],https://www.xportsnews.com/article/2062533
2025-10-08,INVEST,"'알바노가 살렸다' DB, 정관장 상대로 6점 차 짜릿한 승리... 홈 첫 승전...",http://www.osen.co.kr/article/G1112672035
2025-10-08,ORDER,"한화에어로·현대로템·에이피알, 올해 목표가 가장 많이 올랐다",https://www.hankyung.com/article/2025100883961
2025-10-08,INVEST,"3연승 노리는 SK 전희철 감독 ""선수들에게 정신적인 부분 강조했다""",http://www.rookie.co.kr/news/articleView.html?idxno=114257
2025-10-08,"INVEST,LAUNCH","LG전자 , 우간다서 가전 사업 확대…동아프리카 수요 급증에 대응",http://www.press9.kr/news/articleView.html?idxno=67721
2025-10-08,INVEST,"‘승부처 알바노 미쳤다!’ DB, 접전 끝에 정관장 제압하며 시즌 2승 신...",https://m.sports.naver.com/basketball/article/065/0000285582
2025-10-08,INVEST,"""미치고 환장하겠네요. 그래도 믿어야죠"" 최근 외곽슛 부진 겪고 있는 ...",http://www.rookie.co.kr/news/articleView.html?idxno=114256
2025-10-08,INVEST,"'에이스 알바노의 승부처 지배' DB, 정관장 꺾고 홈 첫 승",http://www.rookie.co.kr/news/articleView.html?idxno=114254
2025-10-07,"INVEST,LAUNCH","삼성·LG 가전, 로봇화 속도 조절…""휴머노이드 등 첨단 기술에 힘 싣는...",https://www.etoday.co.kr/news/view/2512585
2025-10-06,LAUNCH,"""20년만에 스크린 복귀"" 김민종, 할리우드 3관왕..‘K-영화' 증명[핫피플...",http://www.osen.co.kr/article/G1112671338
2025-10-06,INVEST,"'피렌체' 김민종, 20년 만의 스크린 복귀...할리우드 무대 빛내",http://www.interview365.com/news/articleView.html?idxno=110510
2025-10-06,"INVEST,LAUNCH","김민종, 20년만 영화 복귀→할리우드 영화제 3관왕...""피렌체, 널리 전파...",https://www.mhnse.com/news/articleView.html?idxno=469304
2025-10-06,INVEST,김민종 ‘피렌체’로 할리우드 3관왕…20년 공백 무색,https://sports.donga.com/ent/article/all/20251006/132522829/1
2025-10-06,INVEST,"'신사의 품격' 13년 만..김민종 뭐하나 봤더니, 맙소사 할리우드 진출",http://www.osen.co.kr/article/G1112671297
2025-10-06,INVEST,"김민종, 20년 만의 복귀작 '피렌체'로 다시 빛나다",http://www.atstar1.com/news/articleView.html?idxno=6027513
2025-10-06,"INVEST,LAUNCH,PARTNERSHIP","김민종, 20년 만에 일냈다…""할리우드에서 인정받아 감회 남달라""",https://www.xportsnews.com/article/2062108
2025-10-06,INVEST,"김민종, 20년 만의 복귀...‘피렌체’로 스크린 복귀 ‘할리우드가 인정...",https://www.mk.co.kr/article/11436631
2025-10-06,INVEST,김민종 ‘피렌체’로 할리우드 영화제 3관왕,https://www.bntnews.co.kr/article/view/bnt202510060065
2025-10-05,LAUNCH,"한화큐셀, 이탈리아 가정·상업용 태양광 솔루션 출시",https://www.theguru.co.kr/news/article.html?no=92389
2025-10-02,"INVEST,LAUNCH,REGUL",중국의 가격파괴 전략: 태양광부터 스마트폰까지,https://www.forbeskorea.co.kr/news/articleView.html?idxno=400601
2025-10-02,INVEST,"""TV 팔아선 못 버틴다""…삼성·LG, 'FAST'로 돌파구 찾는다",https://www.pinpointnews.co.kr/news/articleView.html?idxno=382483
2025-10-02,"CERT,ORDER",한국선 '먹통'인 중국 TV…공정위 나서자 인증절차 착수,https://www.hankyung.com/article/202510022074g
2025-10-02,LAUNCH,"트럼프 ‘미국 우선주의’ 여파, 관광객 발길 뚝",https://www.koreadaily.com/article/20251001181350283
2025-10-02,INVEST,"엔시트론 주가, 급등세... 이유는?",https://www.ggilbo.com/news/articleView.html?idxno=1117009
2025-10-01,"INVEST,LAUNCH,ORDER,REGUL",[주식마감기사] 제이준코스메틱 '차바이오텍' 계열사 피인수 소식에 상...,https://www.ggilbo.com/news/articleView.html?idxno=1116974
2025-10-01,"LAUNCH,PARTNERSHIP","고급은 고급으로 통한다…LG전자 ‘스탠바이미 2’, 럭셔리 전략 잰걸음",https://www.ekn.kr/web/view.php?key=20251001028423006
2025-10-01,LAUNCH,"[기획]가전부터 전기차까지…中, 안방 장악력 확대",http://www.m-i.kr/news/articleView.html?idxno=1288979
2025-10-01,"LAUNCH,REGUL",“관광객 안 온다” LA 초비상… 할리웃 거리도 ‘텅텅’,http://www.koreatimes.com/article/1583228
2025-10-01,"INVEST,LAUNCH",[특징주] 엔시트론 상한가…9월 반도체 수출 역대 최대치 기록,https://www.widedaily.com/news/articleView.html?idxno=279511
2025-10-01,INVEST,"엔시트론 주가, 상한가 달성",https://www.ggilbo.com/news/articleView.html?idxno=1116653
2025-10-01,"INVEST,LAUNCH","[영상] “중국, AI 탑재 ‘노인 돌봄 로봇’ 집중 육성 가능성”",https://weekly.donga.com/3/all/11/5872462/1
2025-09-30,"INVEST,REGUL","[기자수첩] 中으로 기운 기술추, 韓 다시 잡으려면",http://www.fnnews.com/news/202509301810144877
2025-09-30,LAUNCH,"[韓中 세탁기 전쟁] 기술 장벽 낮은 세탁기 시장, 韓 기업 ‘M&A 전략’...",https://www.ekn.kr/web/view.php?key=20250930024541113
2025-09-28,LAUNCH,"[韓中 세탁기 전쟁] 삼성·LG, AI·올인원 고도화로 ‘글로벌 리더십 구...",https://www.ekn.kr/web/view.php?key=20250928028161192
2025-09-26,LAUNCH,"스마트폰 대체할까, 메타가 이끄는 미국 스마트 글라스 시장",http://dream.kotra.or.kr/kotranews/cms/news/actionKotraBoardDetail.do?SITE_NO=3&MENU_ID=180&CONTENTS_NO=1&bbsGbn=243&bbsSn=243&pNttSn=234715
2025-09-26,PARTNERSHIP,"'3S' 통했다…삼성전자 쑤저우 공장, '중국 최고 품질' 우수성 인정",https://www.theguru.co.kr/news/article.html?no=92338
2025-09-26,LAUNCH,"TV 시장도 中 침투 가속…삼성·LG, 위기 극복 전략은?",https://www.ebn.co.kr/news/articleView.html?idxno=1680233
2025-09-26,"CERT,LAUNCH","LG 구광모號, 中 추격 따돌리자…사장단 회의 비상소집, “AX로 성장 가...",https://www.ceoscoredaily.com/page/view/2025092511091215112
2025-09-25,"INVEST,LAUNCH","삼성 XR 기기 '무한' 내달 공개…업계 ""AR이 진짜 승부처""",https://www.greened.kr/news/articleView.html?idxno=331559
2025-09-25,LAUNCH,"로봇청소기 이어 세탁건조기도 상륙…""韓 간파했다"" '덩치' 키워 주류 노...",https://view.asiae.co.kr/article/2025092510025542100
2025-09-25,LAUNCH,"‘프리미엄 vs 가성비’⋯‘이동식 TV 전쟁’, 삼성·LG 이어 中까지 가...",https://www.viva100.com/article/20250924501018
2025-09-24,"INVEST,LAUNCH,PARTNERSHIP","""속도보다 완성도""…삼성·LG, AI 로봇 장기전 택했다",http://www.srtimes.kr/news/articleView.html?idxno=186508
2025-09-24,"LAUNCH,ORDER,PARTNERSHIP",[퀄컴 서밋 10주년] ⑦ AI 대전환 원년…스냅드래곤8 2세대 '한계 넘기',https://www.ddaily.co.kr/page/view/2025091517443857820
2025-09-24,LAUNCH,80인치 이상 시장 급성장… 한·중 ‘TV 전쟁’ 불 붙는다,https://www.dt.co.kr/article/12019909?ref=naver
2025-09-24,LAUNCH,"구글, 구글 TV용 '제미나이' 발표",https://kbench.com/?q=node/271652
2025-09-24,LAUNCH,'팃 포 탯' 전략을 아시나요 [기자수첩-산업],https://www.dailian.co.kr/news/view/1552997/?sc=Naver
2025-09-24,"INVEST,LAUNCH",[단독]한국서 1조 쓸어담는데 직원은 고작 5명…韓 투자 외면하는 中 업...,https://view.asiae.co.kr/article/2025092216553750874
2025-09-23,LAUNCH,구글 TV에 '제미나이' 탑재...2026년부터 확대 적용,https://www.aitimes.com/news/articleView.html?idxno=202656
2025-09-23,"INVEST,LAUNCH","韓 디스플레이 산업, ‘쌍두마차’서 밀려나나",https://www.dnews.co.kr/uhtml/view.jsp?idxno=202509231454127070722
2025-09-23,INVEST,"中 추격 가속…한국 디스플레이, 차세대 기술로 반격 나서야",https://www.asiatoday.co.kr/view.php?key=20250923010012802
2025-09-23,LAUNCH,"구글TV, 제미나이 탑재…콘텐츠 추천도 AI가 알아서",https://www.digitaltoday.co.kr/news/articleView.html?idxno=593509
2025-09-22,"CERT,LAUNCH",[韓中 세탁기 전쟁] 파나소닉·히타치 등 ‘각양각색’ 마케팅···자리...,https://www.ekn.kr/web/view.php?key=20250922029048969
2025-09-21,LAUNCH,"""차세대 시장 선점하라""…韓·中 '움직이는 TV' 격돌",http://www.m-i.kr/news/articleView.html?idxno=1284551
2025-09-20,"INVEST,LAUNCH",中 8.6세대 IT OLED 투자 본격화…삼성D·LGD 맹추격,https://www.ceoscoredaily.com/page/view/2025091617371504294
2025-09-19,INVEST,"[Biz&Law] LG전자, 중국계 기업에 스마트TV 특허침해 피소",http://www.seoulwire.com/news/articleView.html?idxno=671767
2025-09-19,INVEST,8.6세대 OLED '잉크젯'으로 간 中 ' TCL  CSOT'…투자 유치 vs 양산성 '딜레...,https://www.ddaily.co.kr/page/view/2025091913413985528
2025-09-19,LAUNCH,[그래픽] 가정용 로봇 시장 전망,https://www.ceoscoredaily.com/page/view/2025091911160325253
2025-09-19,CERT,"LG전자, 공식 부인에도 블라인드발 희망퇴직설이 힘 얻는 까닭",https://www.livesnews.com/news/article.html?no=54562
2025-09-19,"CERT,LAUNCH","삼성, 가정용 AI 로봇 ‘볼리’ 연내 베일 벗나…전파인증 획득, 초기 시...",https://www.ceoscoredaily.com/page/view/2025091814072714254
2025-09-19,LAUNCH,"""즐거운 과몰입 만든다""…K콘텐츠 꽂힌 돌비의 '빅픽처' [인터뷰]",https://www.hankyung.com/article/202509179527g
2025-09-19,"INVEST,PARTNERSHIP","이슈=LG전자 전사 희망퇴직, 전자업계 전반 구조조정 신호탄인가, 2부",http://www.abcn.kr/news/articleView.html?idxno=82575
2025-09-19,LAUNCH,"삼성, 이달 '더 무빙스타일' 출시…'움직이는 TV' 경쟁 격화",http://www.edaily.co.kr/news/newspath.asp?newsid=01679366642301760
2025-09-18,LAUNCH,"시그마인텔 ""내년 애플 OLED 맥북 50만대 출하 전망""",http://www.thelec.kr/news/articleView.html?idxno=41013
2025-09-18,INVEST,"LG전자, 전사 희망퇴직 확대…인력 선순환 총력",https://www.sentv.co.kr/article/view/sentv202509180088
2025-09-18,"CERT,LAUNCH,PARTNERSHIP","[韓中 세탁기 전쟁] 메이드인 차이나, 기술·가격·마케팅 ‘3박자 진화...",https://www.ekn.kr/web/view.php?key=20250918028097981
2025-09-18,"INVEST,LAUNCH",[韓中 세탁기 전쟁] GE·도시바도 삼킨 中가전 ‘프리미엄 행보’ 거침...,https://www.ekn.kr/web/view.php?key=20250918021557984
2025-09-18,"INVEST,LAUNCH",[韓中 세탁기 전쟁] 中 글로벌공략 거세진다…삼성·LG ‘K-백색가전’...,https://www.ekn.kr/web/view.php?key=20250918028067980
2025-09-18,"INVEST,LAUNCH",中에 밀린 삼성·LG…위기의 K-OLED TV 시장,https://www.newstopkorea.com/news/articleView.html?idxno=30612
2025-09-18,LAUNCH,中성장·美관세 영향에 전자 업계 '칼바람',https://www.asiatime.co.kr/article/20250918500313
2025-09-18,"INVEST,LAUNCH",[이슈+] 2세대 스마트글라스 시대 개막하나,http://www.biztribune.co.kr/news/articleView.html?idxno=340359
2025-09-18,"INVEST,LAUNCH","그랜저 1대 값, RGB LED TV…중 ‘가성비’ 추격",http://www.newstomato.com/ReadNews.aspx?no=1275344&inflow=N
2025-09-18,INVEST,"LG전자, 2년 만에 '희망 퇴직' 접수… HS·VS·ES 등 전 부문 확대",https://www.financialpost.co.kr/news/articleView.html?idxno=233388
2025-09-18,"LAUNCH,REGUL","고급차 1대 가격, RGB LED TV…中 가성비로 도전장",https://www.widedaily.com/news/articleView.html?idxno=278388
2025-09-17,LAUNCH,"삼성·LG, 프리미엄 TV로 중국 공세에 '반격의 칼날' 세우다",http://www.ftoday.co.kr/news/articleView.html?idxno=347760
2025-09-17,INVEST,[단독] LG전자 대규모 희망퇴직…TV 이어 전체 사업부로 확대,https://www.hankyung.com/article/202509170485i
2025-09-17,LAUNCH,“더 크고 더 싸다”…中 ‘아트TV’서도 삼성 압박,https://www.dt.co.kr/article/12018551?ref=naver
2025-09-17,LAUNCH,글로벌 TV 시장 장악중인 中 맞서 삼성전자 RGB 마이크로 LED TV 공개…시...,https://www.thepublic.kr/news/articleView.html?idxno=276937
2025-10-08,"INVEST,REGUL","영란은행, 스테이블코인 보유 한도 완화 추진…거래소에 예외 적용 검토",https://www.topstarnews.net/news/articleView.html?idxno=15831997
2025-10-08,REGUL,"영국 중앙은행, 스테이블코인 규제 완화 예고",https://www.digitaltoday.co.kr/news/articleView.html?idxno=596031
2025-10-07,REGUL,"[환경정책, 새로운 장을 열다 ④] CCS, 경제성 확보가 연착륙의 열쇠",https://kidd.co.kr/news/243462
2025-10-06,LAUNCH,"이례적 장기 휴장후 개장 앞둔 코스피, 변동성 확대 주의보",http://www.hansbiz.co.kr/news/articleView.html?idxno=781806
2025-10-06,LAUNCH,추석연휴에도 미장은 달린다…셧다운으로 각종 통계발표는 불투명[D’s...,https://www.donga.com/news/Economy/article/all/20251005/132508219/1
2025-10-05,INVEST,英 인플레 재가속·성장 둔화…스태그플레이션 우려↑,https://www.ajunews.com/view/20251002123703016
2025-10-02,"LAUNCH,REGUL","英 중앙은행 총재 ""스테이블코인, 은행 의존도 낮출 수 있다""",https://www.digitaltoday.co.kr/news/articleView.html?idxno=595480
2025-10-02,"INVEST,LAUNCH,ORDER","[초점]  BOE , 디스플레이 넘어 로봇·AI 산업 출사표",https://www.g-enews.com/view.php?ud=202510011809517057fbbec65dfb_1
2025-10-02,"LAUNCH,REGUL","英 중앙은행 총재 ""스테이블코인, 보험제도 없으면 지속불가""…규제 초...",https://www.tokenpost.kr/news/cryptocurrency/291009
2025-10-01,"INVEST,REGUL","코스닥 기관, 파마리서치·레인보우로보틱스 매도 압력… 차익실현 본격...",https://www.pinpointnews.co.kr/news/articleView.html?idxno=382291
2025-09-30,LAUNCH,"원플러스, 차기 플래그십 '원플러스 15' 10월 27일 출시 암시",https://kbench.com/?q=node/271896
2025-09-29,LAUNCH,[뉴욕 마켓 브리핑](29일),https://news.einfomax.co.kr/news/articleView.html?idxno=4376655
2025-09-28,"INVEST,LAUNCH",외환위기 방파제 '한미 통화스와프'…비기축국 한계 딛고 美 설득할까,https://www.newsis.com/view/NISX20250927_0003346812
2025-09-26,INVEST,"삼성·LG, AI·OLED로 돌파구 모색…'디스플레이의 날'이 던진 메시지",https://www.abcn.kr/news/articleView.html?idxno=82922
2025-09-26,"INVEST,LAUNCH","이청 삼성디스플레이 사장 ""8.6세대 OLED 내년 2~3분기 양산""",https://www.greened.kr/news/articleView.html?idxno=331637
2025-09-26,INVEST,"삼성D 이청 ""8.6세대 OLED, 이르면 내년 2분기 말 양산""",http://www.inews24.com/view/1891318
2025-09-26,"INVEST,LAUNCH","이청 삼성D 사장 ""내년 3분기 8.6세대 IT OLED 양산""",https://www.yna.co.kr/view/AKR20250926049000003?input=1195m
2025-09-26,INVEST,"정철동 LGD 사장 ""8.6세대 투자, 가능성 있어""",https://www.newstopkorea.com/news/articleView.html?idxno=40060
2025-09-26,ORDER,"이청 삼성디스플레이 사장 ""8.6세대 OLED, 내년 2분기 말 양산""",https://news.einfomax.co.kr/news/articleView.html?idxno=4376525
2025-09-26,INVEST,"'AX 속도전' 주문한 구광모… ""中, 우리보다 자본·인력 3~4배 투자""",https://www.thepublic.kr/news/articleView.html?idxno=278231
2025-09-26,"INVEST,LAUNCH",美 3500억달러 선불 요구 통화스와프 난항…외환 리스크 우려,https://www.pointdaily.co.kr/news/articleView.html?idxno=272040
2025-09-26,ORDER,"""中 추격에 체질 개선 절실""…LG 구광모, AI 전환·선택과 집중 속도전",https://www.mstoday.co.kr/news/articleView.html?idxno=98953
2025-09-26,"INVEST,LAUNCH,REGUL","“투자 中 못따라가” 구광모의 위기론 속 LG, 선택과 집중 속도전…“...",https://www.sedaily.com/NewsView/2GY1W48G1X
2025-09-25,"INVEST,ORDER","""투자 中 못따라가"" 구광모의 위기론…LG, 선택과 집중 속도전",https://www.sedaily.com/NewsView/2GY1H7AG5B
2025-09-25,"INVEST,LAUNCH,PARTNERSHIP","삼성디스플레이, 타이베이서 'OLED IT 서밋 2025' 개최",https://www.mediapen.com/news/view/1045551
2025-09-25,"INVEST,LAUNCH,REGUL","글로벌 2천대 기업 생태계 성장률, 中 한국比 6배↑",http://amenews.kr/news/view.php?idx=63981
2025-09-25,"INVEST,LAUNCH,ORDER","AP시스템, 中 비전옥스 8세대 OLED 장비 수주",https://www.etnews.com/20250925000333
2025-09-25,"INVEST,LAUNCH","[더벨][Sanction Radar]미국의 중국화, 노골적인 '인텔 구하기'",https://www.thebell.co.kr/free/content/ArticleView.asp?key=202509191520021120107351
2025-09-25,"INVEST,REGUL",[더벨]석유화학산업이 마주한 숙명,https://www.thebell.co.kr/free/content/ArticleView.asp?key=202509231534568160102815
2025-09-25,"INVEST,LAUNCH","[더벨]'8세대 설비투자 발목' 파인원, 결국 회생절차 개시",https://www.thebell.co.kr/free/content/ArticleView.asp?key=202509240757072120104559
2025-09-25,"CERT,INVEST,LAUNCH,ORDER",[뉴욕마켓워치] AI 의구심 속 차입 나선 오라클…증시·채권↓달러↑,https://news.einfomax.co.kr/news/articleView.html?idxno=4376156
2025-09-25,LAUNCH,[뉴욕환시] 달러 반등…유로 약세 속 파월 신중론에 DXY '98' 육박,https://news.einfomax.co.kr/news/articleView.html?idxno=4376142
2025-09-24,LAUNCH,미 달러화 상승…신중한 파월 + 獨 기업심리 부진발 유로 약세,https://news.einfomax.co.kr/news/articleView.html?idxno=4376116
2025-09-24,"INVEST,LAUNCH",[DD퇴근길] 롯데카드·KT CEO가 정보유출에 대처하는 자세는,https://www.ddaily.co.kr/page/view/2025092417105126819
2025-09-24,"INVEST,LAUNCH","선익시스템, 8.6G 장비 공장 신설…190억원 투자",http://www.thelec.kr/news/articleView.html?idxno=41284
2025-09-24,"INVEST,LAUNCH","[단독]  BOE , 8.6세대 OLED 3~4라인 발주 착수…中 내수·애플 물량 겨냥 ...",https://www.ddaily.co.kr/page/view/2025092415281237896
2025-09-24,INVEST,"턱끝까지 쫓아온 中 디스플레이…국내 업계 ""세제 지원 절실""",http://www.metroseoul.co.kr/article/20250924500369
2025-09-24,LAUNCH,"BOE , ESG 이니셔티브 발표...메타·하이센스 등 참여",http://www.thelec.kr/news/articleView.html?idxno=41254
2025-09-24,INVEST,"삼성D·LGD, 디스플레이 위기론에 '세제 지원' 촉구",https://www.ntoday.co.kr/news/articleView.html?idxno=119795
2025-09-24,REGUL,"""中 OLED 구매 금지""… 美 국방수권법에 K-디스플레이 반사이익 기대감",https://biz.newdaily.co.kr/site/data/html/2025/09/24/2025092400155.html
2025-09-24,"INVEST,LAUNCH,PARTNERSHIP",WIPO 선정 '전세계 혁신 클러스터' 5위에 대한민국 '서울',https://www.itbiznews.com/news/articleView.html?idxno=181569
2025-09-24,LAUNCH,마그네슘 부족시 과민성 방광 위험 증가,http://www.medical-tribune.co.kr/news/articleView.html?idxno=210893
2025-09-24,INVEST,"금 매집한 중국, 이번엔 외국 금까지 보관…'세계 금고' 야심",https://www.newspim.com/news/view/20250924000377
2025-09-24,"INVEST,REGUL","""K-디스플레이, 특별법이 생존선""…산·학·연 국회서 한목소리",http://news.bizwatch.co.kr/article/industry/2025/09/23/0057
2025-09-24,INVEST,中 정부는 패널값 40% 지원하는데…K디스플레이 대응책은?,https://www.sedaily.com/NewsView/2GY0YA3JJ0
2025-09-24,LAUNCH,"중국은 질주, 한국은 후퇴…알리바바·비야디 치솟을 때 금융만 컸다",https://magazine.hankyung.com/business/article/202509233308b
2025-09-24,INVEST,"""韓 디스플레이 위기… 세제·인력보호 등 전방위 지원 필요""",https://www.mt.co.kr/industry/2025/09/23/2025092319055014629
2025-09-24,"INVEST,REGUL","글로벌 2000대 기업, 中 53% 늘때 한국은 되레 줄어",https://www.donga.com/news/Economy/article/all/20250923/132450554/2
2025-09-24,REGUL,"엔비디아 28배 뛸 때, 하이닉스는 2배",https://www.joongang.co.kr/article/25369373
2025-09-24,LAUNCH,미 달러화 약보합…파월 연설 대기 속 美 제조·서비스 PMI 주목,https://news.einfomax.co.kr/news/articleView.html?idxno=4375882
2025-09-23,LAUNCH,"9월 영국 종합 PMI 51.0·2.5P↓…""세금 인상 우려""",https://www.newsis.com/view/NISX20250923_0003341118
2025-09-23,LAUNCH,"OECD ""영국의 올해 인플레이션 3.5% 전망… G7 중 가장 높은 수준""",https://www.newspim.com/news/view/20250923001167
2025-09-23,INVEST,"""BOE, 8.6세대 OLED 조기 양산""…삼성D 추격 가속",https://dealsite.co.kr/articles/148712
2025-09-23,INVEST,디스플레이 업계 “OLED마저 中에 내줄 판…稅혜택 확대 등 정부 강력지...,https://biz.heraldcorp.com/article/10581782?ref=naver
2025-09-22,"INVEST,LAUNCH,PARTNERSHIP","""中과 너무 달라""…아쉬움 커진 K-디스플레이 시장",https://www.newstopkorea.com/news/articleView.html?idxno=30648
2025-09-17,"INVEST,LAUNCH","이재용, 삼성디스플레이 아산 방문…中 추격 따돌릴 차세대 OLED 라인 점...",https://www.joongang.co.kr/article/25367724
2025-09-16,"LAUNCH,REGUL",설자리 잃은 韓제조업…中 엑소더스 심화,https://www.hankyung.com/article/2025091678651
2025-09-15,"INVEST,LAUNCH,ORDER","[DD퇴근길] 통신 침해사고, 5G는 안전?…""통신망 위험, 완전 제거 불가""",https://www.ddaily.co.kr/page/view/2025091516403501737
2025-09-15,"INVEST,LAUNCH","TCL  CSOT , 8.6세대 잉크젯 OLED 라인 건설 착수…5조7550억원 규모 [소부...",https://www.ddaily.co.kr/page/view/2025091515415789721
2025-09-15,"INVEST,LAUNCH","'신무기' 잉크젯 장착... CSOT , 8세대 OLED에 5.8조 투자",https://www.etnews.com/20250915000311
2025-09-13,"INVEST,LAUNCH","CSOT , 8.6세대 잉크젯 프린팅 OLED 투자 발표",http://www.thelec.kr/news/articleView.html?idxno=40708
2025-09-12,"INVEST,REGUL",[기자수첩] 소니도 포기했던 4000만대...삼성의 결단은?,http://www.thelec.kr/news/articleView.html?idxno=40686
2025-09-12,LAUNCH,"LG디스플레이, OLED 점유율 ‘주춤’…‘아이폰 특수’, 모바일OLED로 반...",https://www.ceoscoredaily.com/page/view/2025091110442239343
2025-09-11,"INVEST,LAUNCH",LGD ‘턴어라운드’…믿을맨은 ‘TV향 OLED’,http://www.newstomato.com/ReadNews.aspx?no=1274579&inflow=N
2025-09-10,"CERT,INVEST","비자 단속 넘어 기술 요구까지…국내 기업, 美 투자 딜레마 속 '中 트라...",https://www.thepublic.kr/news/articleView.html?idxno=276057
2025-09-10,"CERT,INVEST,LAUNCH,REGUL","LG디스플레이, LCD 접고 OLED에 베팅",https://www.fetv.co.kr/news/article.html?no=200804
2025-09-09,"CERT,INVEST,REGUL",美 대형 프로젝트 공정 차질·원가 상승 유발 … 섣불리 기술 주면 '中 ...,https://biz.newdaily.co.kr/site/data/html/2025/09/09/2025090900165.html
2025-09-09,"CERT,INVEST,LAUNCH","中 ‘RGB·OLED’ 맹추격⋯ 삼성·LG, ‘기술 초격차’ 맞대응",https://www.viva100.com/article/20250909500952
2025-09-08,INVEST,“中 올해 2분기도 OLED 점유율 50% 육박”… 대규모 설비 투자에 IT 시장...,https://biz.chosun.com/it-science/ict/2025/09/08/3PZCRPPOYZELJLOYB7IAYI5RIY/?utm_source=naver&utm_medium=original&utm_campaign=biz
2025-09-08,"CERT,INVEST,LAUNCH,ORDER","[더벨][다시 뛰는 K-OLED 소부장]선익시스템, 8.6세대 증착장비 양분 'BO...",https://www.thebell.co.kr/free/content/ArticleView.asp?key=202508211531548280109266
2025-09-08,"INVEST,REGUL",SK·LG·롯데…“현금 사수하라” 구조조정·유동화 ‘올인',http://www.fntimes.com/html/view.php?ud=202509060530265555dd55077bc2_18
2025-09-04,"INVEST,LAUNCH","中 디스플레이, 2028년 글로벌 시장 75% ‘싹쓸이’…K-디스플레이 “OL...",https://www.ceoscoredaily.com/page/view/2025090313061637658
2025-09-03,"CERT,LAUNCH","LG디스플레이, 별도 기준 14분기 연속 '적자'",https://www.startuptoday.co.kr/news/articleView.html?idxno=502850
2025-09-03,LAUNCH,중소형 OLED 앞세운 LG디스플레이...게이밍 시장 공략 속도,https://www.mediapen.com/news/view/1040437
2025-09-02,LAUNCH,"""2028년, 中 디스플레이 점유율 75%…韓 8%""",https://www.newsis.com/view/NISX20250902_0003312561
2025-09-02,"INVEST,LAUNCH",中 8.6세대 IT OLED 투자 가속화…국내 장비업계 '단비',https://zdnet.co.kr/view/?no=20250902095020
2025-09-02,INVEST,2028년 中 디스플레이 점유율 75% 차지…생산능력 1위,http://www.edaily.co.kr/news/newspath.asp?newsid=03312806642296184
2025-09-02,INVEST,"중국, 2028년 디스플레이 생산능력 점유율 75% 전망",https://www.greened.kr/news/articleView.html?idxno=330569
2025-09-02,INVEST,중국 디스플레이 점유율 75% 눈앞…韓·日 하락세 뚜렷,https://www.etoday.co.kr/news/view/2502331
2025-09-01,"INVEST,LAUNCH","iM증권 “LX세미콘, 올해 실적 성장 제한적⋯중장기적 접근 필요”",https://www.etoday.co.kr/news/view/2501790
2025-08-29,CERT,"한국 LED 특허 확보한 中 레킨, 특허수익화에 韓 기업 '충격파'",http://www.thelec.kr/news/articleView.html?idxno=40050
2025-08-29,INVEST,"LG그룹 '리밸런싱' 본격화, 비핵심자산 매각과 인력 구조조정으로 침체...",https://www.businesspost.co.kr/BP?command=article_view&num=409670
2025-08-27,"INVEST,LAUNCH","[더벨][Sanction Radar]삼성·LG LCD 공장 품은  CSOT , '제2의 BOE' 되나",https://www.thebell.co.kr/free/content/ArticleView.asp?key=202508201602307560106292
2025-08-27,"INVEST,LAUNCH,ORDER","[ANDA 포커스] 아바코, 中 OLED 수혜 본격화...""추가 수주 예상""",https://www.newspim.com/news/view/20250825001083
2025-08-27,"INVEST,ORDER",[핀포인트] [삼성전자] 경쟁력 위태로운 반도체·디스플레이,https://news.dealsitetv.com/articles/158215
2025-08-26,"INVEST,LAUNCH","삼성디스플레이 중국 추격에 중소형 OLED 점유율 40% 불안, 이청 폴더블...",https://www.businesspost.co.kr/BP?command=article_view&num=409149
2025-08-26,INVEST,"""중국 2028년 세계 디스플레이 생산능력 75%, 한국은 8%""",http://www.thelec.kr/news/articleView.html?idxno=39865
2025-08-26,"INVEST,LAUNCH","'중국 1위 BOE 주춤' K-디스플레이, 중국 따돌릴 절호의 기회",https://www.epnc.co.kr/news/articleView.html?idxno=321396
2025-08-26,"INVEST,LAUNCH","애플 접으면, 우린 주름 편다…中 따돌릴 K디스플레이 승부수",https://www.joongang.co.kr/article/25361648
2025-08-25,INVEST,'사람' 중심 구본무 선대 회장…'실용주의' 앞세운 구광모 회장,https://it.chosun.com/news/articleView.html?idxno=2023092146255
2025-08-21,LAUNCH,"‘애플 효과’ 폴더블 OLED 시장 더 커진다…삼성D, 1위 굳히기 본격화",https://www.ceoscoredaily.com/page/view/2025082114284269017
2025-08-21,"INVEST,ORDER","선익시스템, 고무적인 이익률과 신사업 기대감 고려해야-유진",http://www.edaily.co.kr/news/newspath.asp?newsid=02368166642269616
2025-08-20,"CERT,INVEST,LAUNCH","[영상] BOE 미 수출금지 한국 반사이익, 애플에 달렸다",http://www.thelec.kr/news/articleView.html?idxno=39655
2025-08-20,INVEST,"中 '이구환신' 보조금, 디스플레이 수요 당겨쓰나…한국 밸류체인 리스...",https://www.greened.kr/news/articleView.html?idxno=330130
2025-08-19,"INVEST,LAUNCH,REGUL",'BOE 철퇴'에도 韓 디스플레이 수혜 제한적인 이유는,https://www.dailian.co.kr/news/view/1536938/?sc=Naver
2025-08-18,"INVEST,LAUNCH,ORDER","中 OLED 투자, 韓 장비업체에겐 오히러 기회?",https://www.sisajournal-e.com/news/articleView.html?idxno=414484
2025-08-18,"LAUNCH,REGUL",K-Display 2025에서 살펴본 디스플레이의 미래,https://www.ekoreanews.co.kr/news/articleView.html?idxno=81690
2025-08-18,"INVEST,LAUNCH","LG디스플레이, 10분기만에 순차입금 11조 원대로↓",http://www.datanews.co.kr/news/article.html?no=140213
2025-08-18,INVEST,"대형 OLED, '모니터' 등 시장 확장…中 추격에 삼성·LGD 위기",https://dealsite.co.kr/articles/146606
2025-08-18,"INVEST,LAUNCH","[더벨][LG전자·IT 패러다임 시프트]'중국 두렵다' 경영진의 속내, 견제...",https://www.thebell.co.kr/free/content/ArticleView.asp?key=202508111451236880103047
2025-08-17,"LAUNCH,ORDER","DX부문 원재료 부담 '쑥'…삼성전자, 비용절감 중요성 커졌다",https://www.asiatoday.co.kr/view.php?key=20250817010007701
2025-08-15,LAUNCH,"""2028년 모니터 시장서 OLED 침투율 5% 가능성""...올해는 2% 기대",http://www.thelec.kr/news/articleView.html?idxno=39525
2025-08-14,INVEST,중국 덫에 걸린 한국 경제 [이병철의 세계를 보는 눈],https://www.kukinews.com/article/view/kuk202508120186
2025-08-14,"INVEST,LAUNCH",BOE 美 퇴출 전망에도 웃는 美 UDC...'청색소자' 390조 OLED 지배한다,http://www.fnnews.com/news/202508141325569885
2025-08-14,"INVEST,LAUNCH","LG디스플레이 OLED사업 'BOE 미국 퇴출'에 반사이익 기대, 남은 변수는",https://www.businesspost.co.kr/BP?command=article_view&num=407678
2025-08-12,"INVEST,LAUNCH,ORDER,REGUL","디스플레이 소부장, 中 기술유출에 끙끙…'최대 고객사' 딜레마 속 외줄...",https://www.newspost.kr/news/articleView.html?idxno=216500
2025-08-11,"INVEST,LAUNCH","K-디스플레이, 소부장 기술이 만드는 혁신의 미래",https://www.viva100.com/article/20250810500500
2025-08-08,"INVEST,PARTNERSHIP","“OLED는 애국, LCD는 매국”…디스플레이 글로벌 경쟁, 이것만 기억하...",https://www.mk.co.kr/article/11387829
2025-08-10,"INVEST,LAUNCH","조주완 LG전자 밸류업 속도, 자사주 추가 매입·소각과 배당 확대 기대...",https://www.businesspost.co.kr/BP?command=article_view&num=406962
2025-08-09,LAUNCH,"‘고공행진’ LCD 패널 가격 ‘하락세’ 반전…삼성·LG, 원가부담 덜고...",https://www.ceoscoredaily.com/page/view/2025080816344951803
2025-08-09,LAUNCH,"‘양산 공언’ 中 잉크젯 프린팅 OLED 기술, 정말 극악 수율 잡은걸까? ...",https://biz.heraldcorp.com/article/10550287?ref=naver
2025-08-09,"CERT,ORDER","특허 침해엔 사법 치료를…삼성·LG, 中 기업에 소송 릴레이",https://it.chosun.com/news/articleView.html?idxno=2023092145502
2025-08-08,LAUNCH,"애플 가세에 불붙은 폴더블 시장…SK머티, 핵심 소재 '승부수'",https://www.ebn.co.kr/news/articleView.html?idxno=1673775
2025-08-08,"INVEST,LAUNCH,ORDER","""오성홍기 압록강 넘었다"" 마지막 참호전 돌입한 K디스플레이",https://www.econovill.com/news/articleView.html?idxno=706711
2025-08-07,"INVEST,LAUNCH","""중국, OLED도 LCD처럼 저가로 한국 무너뜨린다"", 로봇·AR·웨어러블용...",https://www.businesspost.co.kr/BP?command=article_view&num=406731
2025-08-07,INVEST,美 관세 여파에 디스플레이 수요 둔화…내년이 분수령,https://dealsite.co.kr/articles/146047
2025-08-06,"INVEST,LAUNCH","CSOT  ""8세대 잉크젯 OLED 투자, 이르면 이달 발표""",http://www.thelec.kr/news/articleView.html?idxno=39099
2025-08-06,"INVEST,LAUNCH","삼성·LG디스플레이, 고부가 제품 주력...하반기 실적 날개 달까",https://www.mediapen.com/news/view/1034514
2025-08-06,"INVEST,ORDER",아바코 주가 다시 움직이나... 중국 OLED 투자 훈풍 타고 실적 신기록 가...,https://www.pinpointnews.co.kr/news/articleView.html?idxno=366108
2025-08-05,LAUNCH,"“50만회 접어도 끄떡없다”...‘1등 폴더블 기술’ 삼성디스플레이, 선...",https://www.mk.co.kr/article/11385648
2025-08-05,INVEST,"턴어라운드 노리는 LGD ""AI로 올해 2000억원 비용 절감""",https://www.sisajournal-e.com/news/articleView.html?idxno=414063
2025-08-05,"INVEST,ORDER","[아침밥] 유진증권 ""선익시스템, 비전옥스 수주 연내 반영 못할 것""",https://www.moneys.co.kr/article/2025080507595384334
2025-08-05,"INVEST,ORDER","선익시스템, 수주 연속성 우려에 목표가↓- 유진",http://www.edaily.co.kr/news/newspath.asp?newsid=02794566642264368
2025-08-01,LAUNCH,TCL 'QD-미니 LED 모니터' 5종 출시,https://www.news1.kr/industry/general-industry/5866619
2025-08-01,"CERT,LAUNCH","TCL, QD-미니 LED 탑재한 프리미엄 모니터 5종 출시",https://www.ajunews.com/view/20250801150822130
2025-08-01,CERT,"TCL, QD-미니 LED 탑재한 프리미엄 모니터 5종 선보여",https://economist.co.kr/article/view/ecn202508010039
2025-08-01,"CERT,LAUNCH","TCL, QD-미니 LED 탑재한 모니터 5종 출시",http://www.edaily.co.kr/news/newspath.asp?newsid=04260726642263056
2025-08-01,CERT,"TCL, ‘QD-미니 LED 모니터’ 5종 선봬… QLED와 미니 LED의 장점 결합",https://www.sedaily.com/NewsView/2GWGHQTRWA
2025-08-01,LAUNCH,'제 2의 검은 신화 오공' 나올까? 차이나조이 2025 개막,https://www.gamemeca.com/mv.php?inflow=naver&gid=1764240
2025-07-30,CERT,"삼성디스플레이, LGD 특허 취득해 BOE 특허전 강화",http://www.wolyo.co.kr/news/articleView.html?idxno=263133
2025-07-30,"INVEST,LAUNCH,ORDER,PARTNERSHIP,REGUL",[Who Is ?] 최용하 코미코 대표이사 사장,https://www.businesspost.co.kr/BP?command=article_view&num=405487
2025-07-30,LAUNCH,"삼성, 프리미엄 TV 방어전…'마이크로 LED' 단 'LCD'로",https://dealsite.co.kr/articles/145453
2025-07-29,INVEST,"정철동 사장 ""새로운 생각과 시도로 혁신 앞당기자""…올해 턴어라운드 ...",http://www.g-enews.com/ko-kr/news/article/news_all/2025072911533342246ed0c62d49_1/article.html
2025-07-28,LAUNCH,"‘폴더블 OLED’도 넘보는 中…TCL, 레노버 신제품에 공급",http://www.edaily.co.kr/news/newspath.asp?newsid=03719526642239112
2025-07-28,LAUNCH,"붉은사막·카잔, 중국 콘솔 시장 정조준…차이나조이 출격",https://www.etnews.com/20250728000264
2025-07-24,"INVEST,LAUNCH","LGD, 2분기 적자 전환…""하반기 OLED 성과로 반등""(종합)",http://www.edaily.co.kr/news/newspath.asp?newsid=04651046642237800
2025-07-24,"INVEST,LAUNCH",LG디스플레이 다시 적자···2분기 영업손실 1160억원,https://www.sisajournal-e.com/news/articleView.html?idxno=413678
2025-07-24,LAUNCH,많이 팔면 뭐하나…삼성·LG TV '밑지는 장사' 언제까지,https://it.chosun.com/news/articleView.html?idxno=2023092144561
2025-07-23,"CERT,INVEST,LAUNCH",'애플 효과' 폴더블폰 시장 판도 변화…관련 부품주 '함박 웃음' [한양경...,https://www.kyeonggi.com/article/20250723580339
2025-07-23,REGUL,中LCD 되는데 '국가핵심기술' OLED 제외 …'가전 환급사업' 논란,https://www.hankyung.com/article/202507236938i
2025-07-23,"CERT,INVEST,LAUNCH",갤럭시 이어 애플까지 폴더블 패널 독점…삼성D 세계 1위 ‘수성’,http://www.newstomato.com/ReadNews.aspx?no=1269399&inflow=N
2025-07-23,"INVEST,ORDER","아바코, BOE 대규모 수주에 '역대급' 실적 전망",http://www.ftoday.co.kr/news/articleView.html?idxno=345038
2025-07-22,"CERT,INVEST,LAUNCH,ORDER,REGUL",[Who Is ?] 유호선 AP시스템 대표이사 사장,https://www.businesspost.co.kr/BP?command=article_view&num=404340
2025-07-21,"INVEST,LAUNCH","에이치엔에스하이텍, ""실적·밸류에이션·주주환원"" 3박자 모두 갖춘 소...",http://www.globalepic.co.kr/view.php?ud=2025072117561849645ebfd494dd_29
2025-07-21,"INVEST,LAUNCH","""애플 효과 통할까""…LG디스플레이, 3분기 실적 회복 '청신호'",https://www.econovill.com/news/articleView.html?idxno=704343
2025-07-21,LAUNCH,"갤럭시 Z 7시리즈, 삼성디스플레이 'OCF' 기술 장착",https://www.greened.kr/news/articleView.html?idxno=328981
2025-07-21,"INVEST,LAUNCH","""LG디스플레이, 환율 하락·중국 LCD 공장 매각 등의로 2분기 실적 부진...",https://www.news2day.co.kr/article/20250721500135
2025-07-21,"INVEST,LAUNCH","[키-리포트] iM ""LG디스플레이, 실적 일시 둔화""",http://www.newsdream.kr/news/articleView.html?idxno=90038
2025-07-21,"INVEST,LAUNCH","""LG디스플레이, 2분기 실적 일시적 부진 예상""-iM",https://www.hankyung.com/article/2025072106066
2025-07-21,LAUNCH,"삼성·LG디스플레이, LTPO로 中 추격 견제…OLED 주도권 방어전",https://www.newspim.com/news/view/20250718000759
2025-07-18,LAUNCH,"""韓, 마이크로 LED 공급망 똑바로 세워야""",https://zdnet.co.kr/view/?no=20250718102748
2025-07-18,"INVEST,LAUNCH,ORDER,REGUL","[산업썰전] DB하이텍, '65%' 너무 높은 중국 매출 비중...""향후 독 될수...",https://www.joongangenews.com/news/articleView.html?idxno=435618
2025-07-16,"CERT,INVEST,LAUNCH,ORDER,PARTNERSHIP,REGUL",7월 3주 주요 제조업 전망,https://www.laborplus.co.kr/news/articleView.html?idxno=35964
2025-07-15,INVEST,중국 디스플레이 급성장 이면엔…한국 OLED 기술 ‘무단 침해’,http://www.newstomato.com/ReadNews.aspx?no=1268469&inflow=N
2025-07-15,INVEST,[2025 상반기 리그테이블] [M&A회계자문] 언스트앤영 이름값 못하는 한영...,https://dealsite.co.kr/articles/144271
2025-07-14,"INVEST,LAUNCH","[데스크 칼럼] LG디스플레이의 '계륵' 신세, 이대로 괜찮나",https://www.greenpostkorea.co.kr/news/articleView.html?idxno=302772
2025-07-13,"INVEST,LAUNCH,REGUL","LG디스플레이의 ‘리쇼어링’, 한국 경제 마중물 될까",https://shindonga.donga.com/3/all/13/5718796/1
2025-07-11,"INVEST,LAUNCH","[더벨]'TV 수익성 악화' 삼성전자, BOE 카드 꺼냈다",https://www.thebell.co.kr/free/content/ArticleView.asp?key=202507081702164480106160
2025-07-11,"INVEST,LAUNCH",[CEO투데이] '폴더블 제왕' 이청 삼성디플 사장의 기술 혁신법,http://www.seoulwire.com/news/articleView.html?idxno=660043
2025-07-09,"INVEST,LAUNCH","中, 8.6세대 OLED에 '잉크젯 프린팅' 도입 승부수…삼성·LGD 추격",https://zdnet.co.kr/view/?no=20250709091820
2025-07-09,INVEST,"TCL  CSOT , 3.8조 투자 8.6세대 OLED 양산 추진",https://it.chosun.com/news/articleView.html?idxno=2023092143833
2025-07-08,"INVEST,LAUNCH","[더벨][Company Watch]'체질개선' LG전자, 미 관세 영향 타개 '고군분투'",https://www.thebell.co.kr/free/content/ArticleView.asp?key=202507071031130520106292
2025-07-07,"INVEST,LAUNCH,ORDER",[기로에 선 LGD ②] TV 철수 끝 아니었나 맥북도 흔들…LCD 지배력 '위험...,https://www.1conomynews.co.kr/news/articleView.html?idxno=41980
2025-07-04,INVEST,"LG디스플레이, 중국 → 한국 유턴… 새 정부 첫 대규모 투자",http://www.yonhapmidas.com/article/250704142201_942626
2025-07-04,"INVEST,LAUNCH","올해로 22회 '차이나조이', ""게임쇼 넘어 AI, 국제 협력 강화의 장""",https://www.inven.co.kr/webzine/news/?news=307262
2025-07-03,LAUNCH,'0.1mm' 경쟁 돌입한 폴더블 스마트폰 시장...삼성전자 수성 전략은?,https://www.ekoreanews.co.kr/news/articleView.html?idxno=80948
2025-07-02,"INVEST,LAUNCH",정철동 LG디플 사장의 승부수 통할까,https://www.mk.co.kr/article/11353885
2025-09-27,"INVEST,LAUNCH,ORDER,PARTNERSHIP","에프엔에스테크, 반도체·디스플레이 핵심 소재 국산화로 새로운 성장동...",https://www.pointdaily.co.kr/news/articleView.html?idxno=272185
2025-09-27,"INVEST,ORDER","에프엔에스테크, 국산 CMP Pad 확대와 유리기판 개발... 장기 수익성 개...",https://www.pinpointnews.co.kr/news/articleView.html?idxno=380878
2025-09-27,"INVEST,LAUNCH","정철동 LG디스플레이 사장 ""韓 디스플레이 미래 OLED…시장기대 부응, 실...",https://www.ziksir.com/news/articleView.html?idxno=106264
2025-09-27,"INVEST,LAUNCH","LGD, OLED 중심 실적 자신감…정철동 ""기술로 中 추격 따돌릴 것""",https://www.ebn.co.kr/news/articleView.html?idxno=1680342
2025-09-27,"INVEST,LAUNCH","""OLED가 답이다"" LG디스플레이, 중국 추격 따돌리며 실적 반등",https://www.dailian.co.kr/news/view/1554649/?sc=Naver
2025-09-26,"INVEST,LAUNCH","정철동 LGD 사장, 연간 흑자 자신감 …""中 따돌릴 차별적 기술은 OLED""",http://www.whitepaper.co.kr/news/articleView.html?idxno=252628
2025-09-26,"INVEST,LAUNCH","삼성·LG디스플레이 수장들, 中과 OLED 초격차 자신감",https://www.hankyung.com/article/2025092610701
2025-09-26,"INVEST,LAUNCH",삼성·LG디스플레이…中 추격에 맞설 무기는 OLED 기술력,https://www.hankyung.com/article/202509260991i
2025-09-26,INVEST,"정철동 LGD 대표 ""하반기 실적 개선…연간 흑자 위해 최선""",https://news.einfomax.co.kr/news/articleView.html?idxno=4376531
2025-09-26,"INVEST,LAUNCH","정철동 LGD 사장 ""中 따돌릴 韓 미래는 OLED""…연간 흑자 자신감",https://www.yna.co.kr/view/AKR20250926050000003?input=1195m
2025-09-24,"INVEST,LAUNCH","상장 접은 파인원, 넉 달 만에 법정관리 신청",https://www.geconomy.co.kr/news/article.html?no=307510
2025-09-24,"INVEST,LAUNCH,ORDER",[급등수사본부] 마이크로 OLED  8.6세대  수요 증가 수혜 '선익시스템' vs ...,https://news.mtn.co.kr/news-detail/2025092419134370437
2025-09-23,INVEST,"국회서 호소한 삼성디스플레이·LGD… “경쟁국에 세제 지원 뒤처져, OL...",https://biz.chosun.com/it-science/ict/2025/09/23/2UVSBCVUF5HJDOMXAPEH6RCBWA/?utm_source=naver&utm_medium=original&utm_campaign=biz
2025-09-23,"INVEST,LAUNCH,REGUL","[현장] 中 추격에 흔들리는 K-디스플레이, ""세제·특별법·투자 시급""한...",http://www.popcornnews.net/news/articleView.html?idxno=95425
2025-09-23,"INVEST,REGUL","中 추격에 '벼랑끝' K디스플레이…""세액공제 제도 개선해야""",http://www.edaily.co.kr/news/newspath.asp?newsid=04027846642303072
2025-09-23,"INVEST,LAUNCH","마이크로 LED '선제 투자' 속도내는 中…""AR용 LEDoS도 독점 체인 구축"" ...",https://www.ddaily.co.kr/page/view/2025092316322315749
2025-09-23,"INVEST,LAUNCH,REGUL","""中, 2028년 모바일PC OLED 생산능력 韓 추월""",https://biz.newdaily.co.kr/site/data/html/2025/09/23/2025092300405.html
2025-09-23,INVEST,"""K디스플레이, 中 기술굴기 희생양 될 수도""…삼성·LG, 세액공제 제도...",https://www.sedaily.com/NewsView/2GY0JM8JEC
2025-09-23,"INVEST,LAUNCH","中 추격 속 韓 디스플레이 위기…""제도 지원 없인 밀린다""",https://www.newspim.com/news/view/20250923000997
2025-09-23,"INVEST,ORDER","중국, 디스플레이 패권 장악…""세제·인력보호 정책 필요""",https://www.mt.co.kr/industry/2025/09/23/2025092316282620075
2025-09-23,"INVEST,LAUNCH","2030년 OLED가 LCD 앞지른다…韓, LCD 이어 OLED도 中 추격 위기",https://www.mk.co.kr/article/11427271
2025-09-21,"INVEST,LAUNCH",[CEO 브리핑] 삼성전자 이재용 현장경영 박차...“김상현과 윤상현 그리...,https://www.seoultimes.news/news/article.html?no=2000080939
2025-09-20,INVEST,총수들의 '현장 경영'…이재용 '삼성D' 신동빈 '타임빌라스' 방문 [재계...,https://www.dailian.co.kr/news/view/1551634/?sc=Naver
2025-09-19,"CERT,INVEST,LAUNCH","[주간 서머리] 경제·산업계 ""정부, 롯데카드 정보유출 사고 강력 대응...",https://www.asiaa.co.kr/news/articleView.html?idxno=224274
2025-09-19,"INVEST,LAUNCH","삼성·LG디스플레이, IT용 '탠덤 OLED' 선점…中 진입은 수익성이 관건",https://zdnet.co.kr/view/?no=20250919105754
2025-09-18,INVEST,"천옌순 BOE 회장 ""LCD 산업 3년간 상승 전망""",http://www.thelec.kr/news/articleView.html?idxno=40980
2025-09-18,"INVEST,LAUNCH,ORDER","이재용, 차세대 OLED 점검…中 BOE 추격에 속도전",http://www.fntimes.com/html/view.php?ud=2025091816215433247de3572ddd_18
2025-09-17,INVEST,"이재용, 삼성D 아산캠퍼스 방문…현장 경영 행보 이어가",http://www.inews24.com/view/1888221
2025-09-17,INVEST,"이재용 회장, 삼성디스플레이 아산캠퍼스 생산라인 점검",https://news.tf.co.kr/read/economy/2245038.htm
2025-09-17,INVEST,"이재용 회장, 삼성D 아산 사업장 방문...현장 경영 행보",https://www.asiaa.co.kr/news/articleView.html?idxno=224138
2025-09-17,INVEST,"이재용 회장, 삼성디스플레이 사업장 방문…현장경영 강화",https://news.mtn.co.kr/news-detail/2025091717184612224
2025-09-17,INVEST,"이재용 회장, 현장경영…아산 삼성디스플레이 사업장 방문",https://www.smarttoday.co.kr/news/articleView.html?idxno=91553
2025-09-17,LAUNCH,"이재용, 현장경영 행보…삼성디스플레이 아산 사업장 방문",https://www.news1.kr/industry/general-industry/5915815
2025-09-16,"INVEST,LAUNCH","""경쟁사 달리는데""...LGD, 8세대 OLED 투자 '신중모드'",https://www.newspim.com/news/view/20250916000683
2025-09-16,INVEST,"[특징주] 아바코, OLED 핵심장비 첫 국산화에 ↑... 8.6세대  대응 이온주...",https://www.cstimes.com/news/articleView.html?idxno=667367
2025-09-16,"INVEST,LAUNCH,ORDER,PARTNERSHIP","[베트남 법인 점검] [삼성디스플레이] 삼성D, 베트남 법인 반년 새 자산...",https://dealsite.co.kr/articles/148083
2025-09-15,"INVEST,LAUNCH",日 전유물 이온주입장비 첫 국산화…양산 적용 주목,https://www.etnews.com/20250915000314
2025-09-15,"INVEST,LAUNCH,ORDER,PARTNERSHIP","[더벨][Company Watch]'정전척 솔루션' 이에스티, 예비 기술성평가 돌입",https://www.thebell.co.kr/free/content/ArticleView.asp?key=202509111100366320108936
2025-09-08,"CERT,INVEST,LAUNCH",삼성디스플레이 VS LG디스플레이···'슬림폰 시장' 승자는,https://www.sisajournal-e.com/news/articleView.html?idxno=415067
2025-09-08,"INVEST,LAUNCH,ORDER,PARTNERSHIP","[더벨][다시 뛰는 K-OLED 소부장]검사장비 전문 영우디에스피, 턴어라운...",https://www.thebell.co.kr/free/content/ArticleView.asp?key=202509051520554160103428
2025-09-08,"INVEST,LAUNCH,ORDER,PARTNERSHIP","[ANDA 포커스] 티로보틱스, '무인지게차' 북미 공략…""'피지컬AI' 진출도...",https://www.newspim.com/news/view/20250904000203
2025-09-03,"CERT,INVEST,LAUNCH","[더벨][Company Watch]코스닥 재도전 파인원, 실적부진·LGD 투자중단 ‘...",https://www.thebell.co.kr/free/content/ArticleView.asp?key=202509020832132780102279
2025-09-02,LAUNCH,무인지게차·AMMR·협동로봇 총출동…2025 로보월드 11월 개최,https://www.donga.com/news/Economy/article/all/20250902/132300377/1
2025-10-01,"INVEST,REGUL","코스닥 외국인, 켐트로닉스·토모큐브 매수... 로보티즈·파마리서치 팔...",https://www.pinpointnews.co.kr/news/articleView.html?idxno=382294
2025-10-01,LAUNCH,"슈퍼 마리오 갤럭시, 스위치·스위치2에서 리마스터 패키지로 귀환",https://www.digitaltoday.co.kr/news/articleView.html?idxno=595160
2025-09-30,"INVEST,LAUNCH",M5 맥북 프로 출시 임박…M6 맥북 기다려 보는 건 어떨까,https://www.digitaltoday.co.kr/news/articleView.html?idxno=594969
2025-09-29,"INVEST,LAUNCH","""LG디스플레이, 주당순이익 상승 예상…목표주가 17.6%↑""",https://www.asiatoday.co.kr/view.php?key=20250929010015395
2025-09-28,LAUNCH,"'따로 또 같이'…삼성 ICT 그룹사, '홍보·비용' 균형 모색 '총력'",https://www.techm.kr/news/articleView.html?idxno=144975
2025-09-26,"CERT,INVEST,LAUNCH,PARTNERSHIP","[재계 투데이] 삼성전자, 인도서 최신 'AI 홈' 경험 선봬 外",https://news.dealsitetv.com/articles/159686
2025-09-26,"INVEST,LAUNCH","[유영화의 잠금해제] 반도체 사이클 안 끝났다, 낸드 구조적 변화 속 최...",https://news.mtn.co.kr/news-detail/2025092611452878874
2025-10-09,LAUNCH,"롯데마트, 오는 12일까지 '해피 토이저러스 데이' 연다",https://www.news1.kr/industry/distribution/5935980
2025-10-08,LAUNCH,연휴에도 미술관은 '정상운영'…프랑스 명작부터 한국 근현대미술까지,https://www.ajunews.com/view/20250926161923088
2025-10-14,"INVEST,LAUNCH",삼성전자의 부활… 역대 최대 분기 매출로 영업익 12조원 돌파,https://www.greenpostkorea.co.kr/news/articleView.html?idxno=304363
2025-10-14,INVEST,LGD·에코프로비엠·호텔신라…3분기 실적 개선 기대株 뜬다,https://www.hankyung.com/article/2025101481961
2025-10-14,"INVEST,LAUNCH","9월 ICT 수출, 반도체 호조세에 역대 최대 실적 달성···14.0%↑",http://www.todaykorea.co.kr/news/articleView.html?idxno=335341
2025-10-14,"LAUNCH,REGUL",삼성전자는 '깜짝실적'·LG전자는 '주춤'…희비 엇갈린 3분기 실적,https://it.chosun.com/news/articleView.html?idxno=2023092148850
2025-10-14,"INVEST,LAUNCH","9월 ICT 수출, 254억달러 '사상 최대'···반도체 2개월 연속 역대 실적",http://www.enewstoday.co.kr/news/articleView.html?idxno=2339751
2025-10-14,LAUNCH,9월 ICT 수출 '역대 최대'…반도체가 실적 견인,http://www.hansbiz.co.kr/news/articleView.html?idxno=782922
2025-10-14,"CERT,INVEST,LAUNCH,ORDER",‘반도체 사이클’ 올라탄 삼성전자 ‘슈퍼 어닝’,https://www.ekn.kr/web/view.php?key=20251014021025466
2025-10-14,LAUNCH,[현장]‘카이엔’에 오르면 왕이된다,https://www.donga.com/news/Economy/article/all/20251014/132557444/2
2025-10-14,"INVEST,LAUNCH",반도체 2개월 연속 신기록…9월 ICT 수출 사상 최대치 달성,https://www.kukinews.com/article/view/kuk202510140171
2025-10-14,LAUNCH,"샤오미, '레드미 K90 Pro' 공식 발표 앞서 긱벤치 포착.. 스냅드래곤 8 엘...",https://kbench.com/?q=node/272110
2025-10-13,"INVEST,LAUNCH,ORDER","이노테크 ""삼성D에 폴더블  OLED  신뢰성 검사장비 독점 공급""",http://www.thelec.kr/news/articleView.html?idxno=41975
2025-10-09,INVEST,"OLED 에서 반도체까지…로체시스템즈, 정밀기술로 성장의 길 열다",https://www.pinpointnews.co.kr/news/articleView.html?idxno=383370
2025-10-14,LAUNCH,반도체 슈퍼사이클 탄 삼성전자…3분기 실적 반도체 ‘끌고’ 스마트폰...,https://www.g-enews.com/view.php?ud=2025101415105014446ed0c62d49_1
2025-10-14,"INVEST,LAUNCH","삼성전자, 3분기 '어닝 서프라이즈'…주가는 신고가 찍고 하락",http://www.sisafocus.co.kr/news/articleView.html?idxno=348299
2025-10-14,"LAUNCH,ORDER",삼성전자 3Q 영업익 12.1조 '깜짝 실적',https://www.idaegu.co.kr/news/articleView.html?idxno=526332
2025-10-14,"LAUNCH,REGUL",삼성전자 3분기 영업익 12조 호실적,http://www.cctimes.kr/news/articleView.html?idxno=870146
2025-10-14,LAUNCH,KT '반값 이용' 함정 … 소비자 피해 우려,https://www.safetimes.co.kr/news/articleView.html?idxno=235468
2025-10-14,"CERT,LAUNCH,ORDER",삼성전자 ‘반도체 자존심’ 회복…5분기 만에 ‘10조 클럽’ 복귀,https://www.khan.co.kr/article/202510142008015
2025-10-14,LAUNCH,"삼성전자, 메모리 시장 왕좌 탈환…SK하이닉스 제치고 1위 복귀",https://www.nspna.com/news/?mode=view&newsid=781445
2025-10-14,LAUNCH,갤럭시Z 폴드·플립7 흥행 돌풍... 삼성 스마트폰 3분기도 웃는다 [삼성...,http://www.fnnews.com/news/202510141910541667
2025-10-14,PARTNERSHIP,"한화, APEC 정상회의서 K-불꽃·AI 기술 뽐낸다…'글로벌 기술 리더' 부...",https://www.thedailypost.kr/news/articleView.html?idxno=111339
2025-10-14,PARTNERSHIP,"한화, APEC 정상회의 갈라 만찬 불꽃·드론쇼 공식 후원…성공 개최 총력...",https://www.straightnews.co.kr/news/articleView.html?idxno=283630
2025-10-14,PARTNERSHIP,"한화, ‘2025 APEC 정상회의’ 총력 지원…드론·불꽃쇼, 개최",https://www.dt.co.kr/article/12022868?ref=naver
2025-10-14,"LAUNCH,PARTNERSHIP",재계 'APEC 성공개최' 지원 박차,http://www.wsobi.com/news/articleView.html?idxno=292441
2025-10-14,PARTNERSHIP,"한화, '2025 APEC 정상회의' 성공 개최 총력 지원 나선다",https://www.thepublic.kr/news/articleView.html?idxno=279697
2025-10-14,PARTNERSHIP,"한화그룹, APEC 정상회의 총력 지원 나선다",http://www.whitepaper.co.kr/news/articleView.html?idxno=253108
2025-10-14,PARTNERSHIP,"한화, '2025 APEC 정상회의' 성공적 개최 지원 '총력'",http://www.thefirstmedia.net/news/articleView.html?idxno=183050
2025-10-14,PARTNERSHIP,"한화, APEC 정상회의 총력 지원… 불꽃·드론쇼로 경주 수놓는다",http://www.biztribune.co.kr/news/articleView.html?idxno=341563
2025-10-14,PARTNERSHIP,"""불꽃 5만발, 드론 2000여대 투입""… 한화, APEC 개최 총력 지원",http://woman.chosun.com/news/articleView.html?idxno=123369
2025-10-14,"LAUNCH,PARTNERSHIP","한화, 경주APEC 성공개최 ‘불꽃쇼·방산포럼’ 후원",https://www.ekn.kr/web/view.php?key=20251014023065454
2025-10-14,LAUNCH,"파나소닉코리아, 하이엔드 캠코더·PTZ 카메라 신제품 2종 출시",http://www.hansbiz.co.kr/news/articleView.html?idxno=782996
2025-10-14,LAUNCH,삼성·LG전자 TV 부진…'관세보다 中발 황풍이 더 문제',https://www.kpinews.kr/newsView/1065601065487651
2025-10-14,LAUNCH,"""이건 거의 방송국급"" 파나소닉, 4K 프로 캠코더 AG-CX370·PTZ AW-UE150A 동...",https://www.autodaily.co.kr/news/articleView.html?idxno=537600
2025-10-14,LAUNCH,"파나소닉, 하이엔드 캠코더·PTZ 카메라 신제품 2종 발매",https://www.cnet.co.kr/view/?no=20251014150117
2025-10-14,LAUNCH,"파나소닉코리아, 전문가용 캠코더 ‘AG-CX370’·4K PTZ 카메라 ‘AW-UE15...",https://cwn.kr/article/1065585243027201
2025-10-14,LAUNCH,"中 스마트홈 공세 거세지자…삼성·LG, 韓 안방시장 수성전 돌입",https://www.pinpointnews.co.kr/news/articleView.html?idxno=384622
2025-10-14,"INVEST,LAUNCH","[Daily New유통] 이마트24, G마켓, 롯데웰푸드 外",https://biz.newdaily.co.kr/site/data/html/2025/10/14/2025101400032.html
2025-10-14,"CERT,INVEST,LAUNCH",에너지 고효율 제품부터 스마트홈 트렌드까지-홍콩 가전제품 시장 변화...,http://dream.kotra.or.kr/kotranews/cms/news/actionKotraBoardDetail.do?SITE_NO=3&MENU_ID=180&CONTENTS_NO=1&bbsGbn=243&bbsSn=243&pNttSn=234981
2025-10-14,LAUNCH,"파나소닉코리아, 하이엔드 캠코더 PTZ 카메라 신제품 2종 출시",https://kbench.com/?q=node/272087
2025-10-14,"CERT,INVEST,LAUNCH,PARTNERSHIP",[브리프]롯데백화점 쿠팡 이마트 롯데마트 홈플러스 신세계면세점 이랜...,http://www.biztribune.co.kr/news/articleView.html?idxno=341571
2025-10-14,"CERT,INVEST,LAUNCH",[오늘의 장바구니] 홈플러스·세븐일레븐·아모레퍼시픽 외,http://www.newsprime.co.kr/news/article.html?no=707396
2025-10-09,LAUNCH,[위기의 한국TV]②성장 더딘 OLED 속타는데…中 프리미엄 맹추격,https://www.news1.kr/industry/general-industry/5935344
2025-10-14,LAUNCH,[미리 보는 테크서밋] 〈2〉 '애플·스마트 글라스' 차세대 디스플레이...,https://www.etnews.com/20251013000180
2025-10-14,"INVEST,LAUNCH","[마이크로D 각축전] 차세대 LEDos로 앞선 中…뒤쳐진 韓 ""공급망 구축 필...",https://dealsite.co.kr/articles/149311
2025-10-13,"INVEST,LAUNCH","그로쓰리서치 ""AI 스마트글래스, 스마트폰 시대 대체 기대""",https://www.cstimes.com/news/articleView.html?idxno=671517
2025-10-13,"CERT,INVEST,LAUNCH","[산업보고서] AI 스마트글래스, 스마트폰 시대 끝낼 마지막 인터페이스",http://theviewers.co.kr/View.aspx?No=3811759
2025-10-13,"INVEST,LAUNCH","그로쓰리서치 ""AI스마트글래스, 스마트폰 시대를 끝낼 인터페이스""",https://www.widedaily.com/news/articleView.html?idxno=279873
2025-10-13,"INVEST,ORDER","[오늘의 증시리포트] SK텔레콤, 3Q 배당불확실성 부담",https://www.etoday.co.kr/news/view/2513949
2025-10-13,"INVEST,LAUNCH",[마이크로D 각축전] 올레도스 적극 나서는 삼성D…LGD는 '중단설',https://dealsite.co.kr/articles/149221
2025-10-13,ORDER,"그로쓰리서치 ""AI가 재점화한 스마트글래스⋯연평균 47% 성장 전망""",https://www.etoday.co.kr/news/view/2513956
2025-10-10,"INVEST,LAUNCH","""AR안경 상용화시대 곧 온다 LED 탑재 반도체 수요 늘것""",https://www.mk.co.kr/article/11438672
2025-10-14,"INVEST,LAUNCH,ORDER,PARTNERSHIP","'명불허전' 삼성전자, 와신상담 끝났나?...""반도체 사이클 회복과 경영...",http://www.opinionnews.co.kr/news/articleView.html?idxno=125667
2025-10-14,"INVEST,LAUNCH","PI첨단소재, 아케마 품 안으로…'소재 코리아' 글로벌 확장 가속",https://www.pinpointnews.co.kr/news/articleView.html?idxno=384591
2025-10-10,"INVEST,LAUNCH,ORDER","적자 늪 탈출한 LG 디스플레이 , OLED로 부활 신호탄 쏘다",https://www.pinpointnews.co.kr/news/articleView.html?idxno=383671
2025-10-09,"CERT,INVEST,ORDER",스마트폰 핵심소재 脫일본… 한울소재과학이 해냈다,https://www.pinpointnews.co.kr/news/articleView.html?idxno=383433
2025-10-14,"INVEST,LAUNCH","삼성전자, 3분기 영업이익 12.1조원 ‘깜짝 실적’…전년 대비 32%↑",https://www.socialvalue.kr/news/view/1065571274786188
2025-10-14,"INVEST,LAUNCH","[시승] 화끈하고 완벽한 전기 SUV, 카이엔 일렉트릭",http://autotimes.co.kr/detail.php?number=685007&thread=27
2025-10-14,"CERT,INVEST,LAUNCH,ORDER,REGUL",[Who Is ?] 한상윤 BMW코리아 대표이사,https://www.businesspost.co.kr/BP?command=article_view&num=415192
2025-10-13,CERT,"LG·SK, 3분기 中 특허 2000여건 확보…현대차·키옥시아 등 공동 개발 성...",https://www.theguru.co.kr/news/article.html?no=92717
2025-10-13,LAUNCH,"""가을 감성, 스타벅스에서 마신다""…공간으로 즐기는 힐링카페 6선",https://www.ebn.co.kr/news/articleView.html?idxno=1681784
2025-10-12,"CERT,LAUNCH",[연속기획] 일요서울 카스토리 (268) 폴스타4...조용하고 넓은데 뒷유리...,https://www.ilyoseoul.co.kr/news/articleView.html?idxno=508146
2025-10-12,LAUNCH,삼성·LG '꿈의  디스플레이 ' 경쟁…스트레처블· 투명  기술개발 집중,http://www.m-i.kr/news/articleView.html?idxno=1290116
2025-10-14,REGUL,"산업통상부, '2025년 세계 표준의 날' 기념식…표준화 활동 기여 유공자...",http://www.econonews.co.kr/news/articleView.html?idxno=408918
2025-10-14,ORDER,"“이재용 매직 통했다”…삼성전자, 올해 3분기 영업익 12.1조원 '어닝 서...",https://www.g-enews.com/view.php?ud=2025101414100071136ed0c62d49_1
2025-10-14,"INVEST,LAUNCH",장사고수들의 비밀 노트...미리 보는 2026 자영업 트렌드 [스페셜리포트...,https://www.mk.co.kr/article/11438357
2025-10-14,PARTNERSHIP,경주 APEC 정상회의 만찬 때 한화 ‘불꽃 + 드론쇼’ 펼쳐진다,https://www.khan.co.kr/article/202510142033005
2025-10-14,"LAUNCH,ORDER","삼성전자 '어닝 서프라이즈', 반도체가 주도했다",https://dealsite.co.kr/articles/149531
2025-10-14,"INVEST,ORDER",[헬로스톡] 10월 14일 주목할 핵심 종목: 삼성전자·SK하이닉스·LG에너지...,https://www.hellot.net/news/article.html?no=106192
2025-10-14,"INVEST,LAUNCH","[주식마감기사] 별다른 공시 없이 상한가까지 '폭등'... 동양, 동양우, ...",https://www.ggilbo.com/news/articleView.html?idxno=1117874
2025-10-14,"INVEST,REGUL","경과원, 반도체· AI  등 8대 중점 국가전략기술 청사진 제시",http://www.enewstoday.co.kr/news/articleView.html?idxno=2339862
2025-10-14,LAUNCH,"제네시스 GV90, '코치도어' 달고 내년 출격…""에스컬레이드에 도전""",https://www.gpkorea.com/news/articleView.html?idxno=134839
2025-10-12,CERT,"현대차,  롤러블  OLED  디스플레이  美 특허 출원…제네시스 GV90 탑재 예상",https://www.theguru.co.kr/news/article.html?no=92744
2025-10-10,LAUNCH,"스마트폰, 스펙 경쟁 끝…초슬림이 대세",https://www.ziksir.com/news/articleView.html?idxno=107133
2025-10-01,"INVEST,LAUNCH,PARTNERSHIP,REGUL",'디자인·라인업' 강화…이동식 스크린 주도권 경쟁,https://www.asiatime.co.kr/article/20251001500293
2025-09-30,LAUNCH,"혁신공정사업 성과 기반, 한국  디스플레이  미래전략 모색",http://www.popcornnews.net/news/articleView.html?idxno=96458
2025-09-30,LAUNCH,"한국 디스플레이 산업협회, 혁신공정사업 7년 성과 공개",https://www.digitaltoday.co.kr/news/articleView.html?idxno=595131
2025-09-30,LAUNCH,"디스플레이 협회, 혁신공정사업 운영위 개최…“미래전략 모색”",https://www.dailian.co.kr/news/view/1556084/?sc=Naver
2025-09-30,LAUNCH,"디스플레이 協 ""OLED·초격차 공정·iLED 중장기 지원 필요""",https://www.ajunews.com/view/20250930155540433
2025-10-14,"INVEST,LAUNCH","스마트팩토리·스마트공장 관련주, '웃음꽃' 현대무벡스·제닉스로보틱...",http://www.finomy.com/news/articleView.html?idxno=240758
2025-10-14,"INVEST,LAUNCH","스마트글래스 시장 성장세…삼성전자·삼성D, 새 공급망 되나",http://www.srtimes.kr/news/articleView.html?idxno=187407
2025-10-14,"INVEST,LAUNCH,REGUL","""3분기 실적, AI 슈퍼사이클이 갈랐다"" 삼성 '질주' vs LG '방어'",https://www.bizhankook.com/bk/article/30502
2025-10-14,"INVEST,LAUNCH","'반도체 부활' 삼성전자, 3분기 매출 86조 사상 최대",https://www.etnews.com/20251014000252
2025-10-14,"LAUNCH,ORDER","""삼성은 뛰고, LG는 선방""···3분기 K-전자, 다시 기지개 켰다",https://www.pointdaily.co.kr/news/articleView.html?idxno=274231
2025-10-14,INVEST,"충남도, 21개 기업과 4500억원 투자협약 체결",http://www.inews24.com/view/1895121
2025-10-14,INVEST,[뉴욕개장] 하락세 출발…미중갈등 재점화에 투자심리 위축,https://www.news1.kr/world/usa-canada/5941059
2025-10-14,"INVEST,LAUNCH","뉴욕증시 프리뷰, 미·중 무역갈등 재점화에 주가선물 하락… AI·희토류...",https://www.newspim.com/news/view/20251014001221
2025-10-14,"INVEST,LAUNCH","'발로란트', 신요원 '비토'·신모드 '난투'로 전투의 판을 흔들다",https://www.stnsports.co.kr/news/articleView.html?idxno=306649
2025-10-14,LAUNCH,"""사상 최고치 찍어놓고""…코스피, 3560선 하락 마감",https://www.idaegu.co.kr/news/articleView.html?idxno=526331
2025-10-14,INVEST,금값 어디까지 오르나…온스당 4100달러 돌파,https://www.idaegu.co.kr/news/articleView.html?idxno=526330
2025-10-14,"PARTNERSHIP,REGUL","[은행 & NOW] 한국산업은행, 한국형 녹색채권 5000억 발행",https://www.ebn.co.kr/news/articleView.html?idxno=1682093
2025-10-14,"CERT,LAUNCH","솔닥-더아이엠씨, FIX 2025 참가... AI·빅데이터·블록체인 통합 헬스케...",https://kr.aving.net/news/articleView.html?idxno=1804913
2025-10-14,LAUNCH,"부산교육청, 전국체전 성공개최 위한 '체육한마당' 운영",https://www.sisamagazine.co.kr/news/articleView.html?idxno=519092
2025-10-14,LAUNCH,"비보, Dimensity 9500 탑재 'X300' 시리즈 발표.. 삼성 아이소셀 센서 3종...",https://kbench.com/?q=node/272075
2025-10-14,LAUNCH,'비보 X300' 시리즈 공개.. 삼성과 개발한 이미지 센서 탑재 [1일IT템],http://www.fnnews.com/news/202510132311270192
2025-10-13,INVEST,LG디스플레이까지 번진 中 기술유출 의혹…삼성 이어 핵심 산업 '보안 경...,https://www.abcn.kr/news/articleView.html?idxno=83469
2025-10-13,LAUNCH,"애플, ‘M5 세대’ 탑재 아이패드·맥북·비전프로 신제품 출시 임박[모...",http://www.edaily.co.kr/news/newspath.asp?newsid=02023766642332592
2025-10-09,LAUNCH,"""멍 때리면 버스 놓칩니다""…에어팟 프로3 써보니",https://www.newsis.com/view/NISX20250929_0003348894
2025-10-14,LAUNCH,[글로벌 현장을 가다/김철중]“129개 중 15개만 생존”… 출혈 경쟁에 해...,https://www.donga.com/news/Opinion/article/all/20251014/132560884/2
2025-10-14,LAUNCH,"중국, 한화오션 미국 소재 자회사 제재",http://www.thelec.kr/news/articleView.html?idxno=42070
2025-10-14,LAUNCH,'갤럭시'가 효자···APEC서 공개 '트라이폴드 폰' 기대감도,https://www.ajunews.com/view/20251014150721288
2025-10-14,"PARTNERSHIP,REGUL",‘세계표준의 날’ 기념식…이창희  삼성 D 연구소장 동탑산업훈장 등 유...,https://zdnet.co.kr/view/?no=20251014173546
2025-10-14,REGUL,'AI 3강 진입' 겨냥 표준화 박차... 세계 표준의 날 기념식 개최,https://www.public25.com/news/articleView.html?idxno=32402
2025-10-14,"INVEST,LAUNCH,ORDER","""반도체가 돌아왔다""… 삼성 전자, 3분기 영업익 12조원 'V자 반등'",http://www.hansbiz.co.kr/news/articleView.html?idxno=782972
2025-10-14,LAUNCH,"대기업 온실가스 감축, 지난 5년간 14.7% 그쳐…2030년 목표까지 먼 길",https://www.khan.co.kr/article/202510142033035
2025-10-14,"INVEST,ORDER","거래소 기관, 에너지·소재주에 몰렸다… LG 에너지솔루션·삼성SDI 쌍끌이...",https://www.pinpointnews.co.kr/news/articleView.html?idxno=384801
2025-10-14,LAUNCH,"코스피, 막판 '돌연 냉각'...삼성전자 · 조선주 '뚝'",http://www.choicenews.co.kr/news/articleView.html?idxno=155156
2025-10-14,LAUNCH,"대기업 온실가스 배출, 5년간 고작 14.7% 줄었다···‘2030년까지 -30%’...",https://www.khan.co.kr/article/202510141537001
2025-10-14,INVEST,삼성전자 최대 실적 '무색'…트럼프·시진핑 기싸움에 꺾인 코스피,https://www.hankyung.com/article/202510147799i
2025-10-14,INVEST,"LG 전자, 어려운 환경 속 이익 체력 확인",https://www.consumuch.com/news/articleView.html?idxno=76412
2025-10-14,CERT,"한동대, 동북권 ICT 해커톤서 대상·우수상 동시 수상 쾌거",http://www.beyondpost.co.kr/view.php?ud=20251014223101594292e75d13a3_30
2025-10-14,"INVEST,LAUNCH",[분석] 미국 뉴욕증시 장초반 하락…Q3·NFIB·무역불확실성,https://www.topstarnews.net/news/articleView.html?idxno=15837693
2025-10-14,PARTNERSHIP,"iM뱅크, 네이버페이와 맞손...디지털 금융 생태계 확산 앞장",https://www.gukjenews.com/news/articleView.html?idxno=3400590
2025-10-14,"LAUNCH,REGUL",구글· 애플  '인앱결제 갑질' 지적에 '회피' 일관…사회적 책임엔 공감,https://www.news1.kr/it-science/general-it/5941012
2025-10-14,LAUNCH,"SKT, 자급제 서비스 ‘에어’ 13일 개통...풍성한 포인트 혜택",https://www.m-economynews.com/news/article.html?no=60641
2025-10-14,INVEST,"최휘영 ""게임 등 문화산업 성장세 둔화 … 적극 투자 필요""",https://www.tgdaily.co.kr/news/articleView.html?idxno=400050
2025-10-14,LAUNCH,"라인게임즈, ‘창세기전M’ 新 캐릭터 ‘음모의 베라모드’ 추가",https://www.m-economynews.com/news/article.html?no=60638
2025-10-14,"INVEST,LAUNCH,PARTNERSHIP",반도체 끌어당기는 오픈AI...구독 수익으로 반도체 구매 감당할까,https://www.pointdaily.co.kr/news/articleView.html?idxno=274305
2025-10-14,REGUL,"시카고 마라톤 우승 비결은  삼성  갤워치8..""손목 위 코치로 정상 질주""",http://www.4th.kr/news/articleView.html?idxno=2097381
2025-10-14,"INVEST,LAUNCH",메모리 '슈퍼사이클' 올라탄  삼성전자 …HBM에 D램까지 전망 '맑음’,https://news.tvchosun.com/site/data/html_dir/2025/10/14/2025101490300.html
2025-10-14,LAUNCH,삼성전자  '10조 클럽' 복귀...반도체 사업 '부활',https://www.ytn.co.kr/_ln/0102_202510142242056175
2025-10-14,INVEST,"""서울 잠실~ 청주공항 JTX 추진"" 손잡은 7개 시군",http://news.mbccb.co.kr/home/sub.php?menukey=61&mod=view&RECEIVE_DATE=20251014&SEQUENCE=4242
2025-10-14,INVEST,"해먼즈 ‘더블 더블’+추격막는 블록슛 2번…모비스 2연패 탈출, 가스공...",https://sports.donga.com/sports/article/all/20251014/132560847/1
2025-10-14,"CERT,INVEST,LAUNCH","LG전자 , 인도 증시 상장…'글로벌 사우스' 전략 거점으로 도약",https://www.g-enews.com/view.php?ud=202510141332411920112616b072_1
2025-10-14,"INVEST,LAUNCH","LG전자  인도법인, 현지 증시 상장…""국민기업으로 도약""",https://www.g-enews.com/view.php?ud=2025101413064348143fe8821aee_1
2025-10-14,LAUNCH,"'할리우드에서 포착된 시네마틱한 호흡'… 김민종-예지원, 영화 '피렌체...",https://www.bntnews.co.kr/article/view/bnt202510140197
2025-10-14,LAUNCH,"김민종-예지원, 할리우드서 전한 유쾌한 케미…'피렌체' 화보 비컷 공개...",https://www.bntnews.co.kr/article/view/bnt202510140194
2025-10-14,"INVEST,LAUNCH",삼성·LG전자 3분기 선방했지만… 中 공세에 밀리는 TV,https://www.dt.co.kr/article/12022586?ref=naver
2025-10-13,"LAUNCH,REGUL","'친환경 세제' 시장 진출하는 LG, 생건 아닌 전자가 맡는 이유는",https://www.pointdaily.co.kr/news/articleView.html?idxno=274073
2025-10-13,"INVEST,LAUNCH","'中·관세' 악재에도 3분기 선방…LG전자, 印법인 효과 주목",https://www.asiatoday.co.kr/view.php?key=20251013010002890
2025-10-13,"INVEST,LAUNCH","TCL , LG디스플레이 중국 법인 최종 인수 완료...2조2300억원 납부",http://www.thelec.kr/news/articleView.html?idxno=41961
2025-10-13,INVEST,'3년 적자 늪' LG디스플레이 올해 8000억 흑자 전망 '好好'... OLED패널 매...,http://www.consumernews.co.kr/news/articleView.html?idxno=741600
2025-10-14,"INVEST,LAUNCH,REGUL","뉴욕증시 비트코인 이더리움 리플 ""대규모 청산"" 백악관 ""암호화폐 급락...",https://www.g-enews.com/view.php?ud=202510091906308949906806b77b_1
2025-10-14,"INVEST,LAUNCH","기업가치 급등한 오픈AI 적자 여전, AI 버블 우려",https://www.ekoreanews.co.kr/news/articleView.html?idxno=82533
2025-10-14,"INVEST,LAUNCH,REGUL","'스테이블 코인' 미국은 주목하고, 중국은 금지하고... 무엇이 정답일까",https://www.ohmynews.com/NWS_Web/View/at_pg.aspx?CNTN_CD=A0003173416&CMPT_CD=P0010&utm_source=naver&utm_medium=newsearch&utm_campaign=naver_news
2025-10-14,"INVEST,LAUNCH","위험자산도, 안전자산도 모두 치솟는다? 에브리싱 랠리 배경은",http://www.opinionnews.co.kr/news/articleView.html?idxno=125670
2025-10-14,"INVEST,REGUL","트럼프정부, 월가 대출여력 2조6000억달러 푼다",https://www.naeil.com/news/read/563817?ref=naver
2025-10-14,"INVEST,LAUNCH",[뉴욕 마켓 브리핑](14일),https://news.einfomax.co.kr/news/articleView.html?idxno=4378207
2025-10-14,"INVEST,LAUNCH","[이용웅 칼럼]질주하는 서학개미와 1400원 넘는 고환율 시대, 한국경제...",https://www.businessplus.kr/news/articleView.html?idxno=99065
2025-10-14,"CERT,INVEST,LAUNCH,ORDER,PARTNERSHIP",무색해진 'AI 거품론'...수요 부족 속 메모리반도체 확보 경쟁,https://www.digitaltoday.co.kr/news/articleView.html?idxno=596570
2025-10-12,"INVEST,LAUNCH","‘OLED 자존심’ 삼성·LG, 中 추격 떨칠 승부처는 아이패드·노트북",https://biz.heraldcorp.com/article/10591189?ref=naver
2025-10-10,INVEST,OLED 출하량 껑충…삼성D·LGD 3분기 실적 훈풍 기대,http://www.newstomato.com/ReadNews.aspx?no=1277288&inflow=N
2025-10-10,"INVEST,LAUNCH,REGUL",날개 접힌 회사도 부활시켰다…'접는 폰' 춘추전국시대 오나,https://www.joongang.co.kr/article/25372744
2025-09-30,"CERT,LAUNCH","에이디링크, AI 지원 오픈 프레임 플랫폼 SP2-MTL 공개",https://www.hellot.net/news/article.html?no=105926
2025-09-11,"INVEST,LAUNCH","마이크로 LED 시장, 2029년 6399억원 규모 성장",http://www.thelec.kr/news/articleView.html?idxno=40638
2025-09-03,"CERT,LAUNCH,PARTNERSHIP","에이디링크, 산업용 패널 PC ‘SP2-MTL’ 출시...엣지 AI 강화",https://www.hellot.net/news/article.html?no=104873
2025-09-02,LAUNCH,"에이디링크, SP2-MTL 패널 PC 출시… ""Intel Core Ultra·NVIDIA GPU 지원""",https://www.industrynews.co.kr/news/articleView.html?idxno=71002
2025-08-25,"INVEST,LAUNCH,PARTNERSHIP","TSMC 전문가 린훙원 ""반도체 과점...삼성·TSMC·인텔만 남는다""",https://www.insightkorea.co.kr/news/articleView.html?idxno=230803
2025-06-27,"CERT,LAUNCH,REGUL","파이오니아, 대만 이노룩스에 인수…자동차 디스플레이 협력 강화",https://www.digitaltoday.co.kr/news/articleView.html?idxno=573435
2025-06-26,"INVEST,LAUNCH",[Y인사이트] 드론·자동차용 열화상 카메라 수요 급증…옵시디언에 쏠리...,http://www.thelec.kr/news/articleView.html?idxno=37485
2025-05-23,LAUNCH,'마이크로 LED' 선두주자 대만...SID 2025서 공개한 차세대 기술은?,https://www.greened.kr/news/articleView.html?idxno=326904
2025-05-14,"CERT,INVEST,LAUNCH","대만 이노룩스, 차량용 디스플레이 자회사 美 상장 추진...'666계획' 2단계...",https://www.theguru.co.kr/news/article.html?no=86946
2025-04-29,"CERT,INVEST,LAUNCH,ORDER,PARTNERSHIP,REGUL","미쓰비시 전기차 수탁 생산하는 애플 파트너 홍하이 | 설계-제조 분리,...",http://monthly.chosun.com/client/news/viw.asp?ctcd=B&nNewsNumb=202505100043
2025-04-25,LAUNCH,"위브, ‘2025 터치 타이완’ 참가",https://www.venturesquare.net/966648
2025-04-16,"CERT,INVEST,LAUNCH,ORDER,REGUL",[AT 산업 단신] LS일렉트릭·민팃·디스플레이산업협회,https://www.asiatime.co.kr/article/20250416500329
2025-04-16,INVEST,"韓 디스플레이협회 ""대만과 마이크로LED 기술 교류""",https://www.dailian.co.kr/news/view/1486510/?sc=Naver
2025-10-12,"INVEST,LAUNCH","""1억으로 한 달 만에 3000만원 벌었다""…주가 불붙은 회사 [종목+]",https://www.hankyung.com/article/2025101012606
2025-10-01,"INVEST,LAUNCH","옵시디언 ""열화상 카메라 판도 바꿀 것""",https://www.hankyung.com/article/2025100113821
2025-09-27,"INVEST,LAUNCH",퀄컴·현대차 투자 받은 이 회사…내년 800억 '잭팟' 노린다 [원종환의 ...,https://www.hankyung.com/article/202509261121i
2025-09-25,"INVEST,LAUNCH","코스피가 수익률 8배 높은데 S&P로 몰려가는 개미들…""美 노조 ‘십스법...",https://www.sedaily.com/NewsView/2GY1FFACUN
2025-09-25,"INVEST,LAUNCH,PARTNERSHIP","“너무 내리면 인플레"" 파월, ‘금리인하 속도 조절’ 시사…“韓주식...",https://www.sedaily.com/NewsView/2GY1ELSJNS
2025-09-25,"INVEST,LAUNCH","염재호 “호모사피엔스에서 ‘AI 휴먼’으로""…""기술·인재·자본 다 갖...",https://www.sedaily.com/NewsView/2GY1EUNM2F
2025-10-14,"CERT,INVEST,LAUNCH,REGUL",국민의힘 지도부 “국민 생명 외면한 정부...‘망우보뢰(亡牛補牢)’ 반...,http://www.breaknews.com/1153566
2025-10-13,"INVEST,LAUNCH","정철동 LG디스플레이 사장이 말하는 '기술리더십', 투자는 무슨 돈으로...",http://www.financialreview.co.kr/news/articleView.html?idxno=37455
2025-10-12,"INVEST,LAUNCH",대형 디스플레이 출하량 2.8% 소폭↑···노트북·태블릿 견인,https://www.sisajournal-e.com/news/articleView.html?idxno=415898
2025-10-09,"INVEST,LAUNCH",[Who Is ?] 안태혁 원익IPS 대표이사,https://www.businesspost.co.kr/BP?command=article_view&num=414802
2025-10-08,"INVEST,LAUNCH","'스마트폰에 노트북까지' 판커진 OLED…삼성·LGD, 기회 온다",https://www.mt.co.kr/industry/2025/10/10/2025100215504710040
2025-10-14,"CERT,INVEST,LAUNCH,REGUL",“희토류 수출 통제” 미ㆍ중 무역갈등에 전 세계 반도체ㆍ IT  시장 흔들,https://it.donga.com/107692/
2025-10-14,LAUNCH,"'공개임박' 삼성 XR헤드셋 무한, 이렇게 나옵니다",https://www.etnews.com/20251014000368
2025-10-13,LAUNCH,"정철동 LG디스플레이 사장,  OLED  초격차 전략 결실…흑자전환 목전",https://news.mtn.co.kr/news-detail/2025101313085941947
2025-10-14,"INVEST,LAUNCH","9월 ICT 수출, 254억 달러 '사상 최대'…반도체 2개월 연속 기록 경신",https://www.mediapen.com/news/view/1048953
2025-10-14,INVEST,"9월 ICT 수출 반도체 덕에 '역대 최대', 무역흑자도 역대 2위",https://www.businesspost.co.kr/BP?command=article_view&num=415305
2025-10-13,"CERT,INVEST,ORDER,REGUL","수소차 관련주, '룰루랄라 콧노래' 일진다이아·삼화전자... '시무룩' 아...",http://www.finomy.com/news/articleView.html?idxno=240666
2025-10-12,LAUNCH,"삼성 갤럭시Z 폴드7, LG 워시타워 등 한국전자전 혁신제품 수상",https://www.news1.kr/industry/general-industry/5936754
2025-10-14,"INVEST,LAUNCH","LG·삼성, '성장중인 대국' 인도 시장 공략에 박차",https://www.industrynews.co.kr/news/articleView.html?idxno=72697
2025-10-14,"INVEST,ORDER","2차전지 소재·부품 관련주, '맑음' 코스모신소재·포스코퓨처엠·삼기...",http://www.finomy.com/news/articleView.html?idxno=240757
2025-10-14,"CERT,INVEST,LAUNCH",미중 희토류 전쟁에 주목받는 고려아연,https://www.goodkyung.com/news/articleView.html?idxno=274212
2025-10-14,INVEST,"위츠, LG전자에 가전용 디스플레이 공급…“삼성 외로 고객 다변화”",https://www.etnews.com/20251014000300
2025-10-14,LAUNCH,"도심 속 빈티지 감성…헤이바이크, 접이식 전기자전거 '헬리오 F' 출시",https://www.digitaltoday.co.kr/news/articleView.html?idxno=596764
2025-10-14,INVEST,"김주영 의원, ""먹튀 논란의 구미 한국옵티칼 폐업, 보험금으로 남는 장...",https://www.sejungilbo.com/news/articleView.html?idxno=55299
2025-10-14,LAUNCH,"[2025 국감] ""KT '미리보상 프로그램', 소비자 피해로 중단된 '중고폰 선...",http://www.bizwnews.com/news/articleView.html?idxno=113508
2025-10-15,LAUNCH,"""슬림폰 경쟁 뜨겁다""…모토로라, 모토 X70 에어 공개",https://zdnet.co.kr/view/?no=20251015133103
2025-10-15,LAUNCH,"원플러스, 100W 충전 지원 7800mAh 배터리폰 출시하나",https://kbench.com/?q=node/272163
2025-10-15,INVEST,"승부처는 ‘8.6세대 수율’… 韓中  OLED , 2026년 전환 경쟁 본격화",http://www.metroseoul.co.kr/article/20251015500404
2025-10-15,INVEST,"""애플 역대 최고 3분기""…韓 부품업계 깜짝 실적 기대감 증폭",https://www.news1.kr/industry/general-industry/5941861
2025-10-15,"CERT,INVEST,ORDER","LG디스플레이, 차세대  OLED 용 전환투자 본격화",https://zdnet.co.kr/view/?no=20251015105354
2025-10-15,"INVEST,LAUNCH",주식고수 매수 2위 '미국 빅테크에 가스터빈 첫 수출 신고가 재차 경신...,https://www.widedaily.com/news/articleView.html?idxno=280167
2025-10-15,"INVEST,LAUNCH",AI반도체· OLED  수요 폭발에 9월 ICT 수출 '역대 최대'…반도체 두 달 연...,https://www.mstoday.co.kr/news/articleView.html?idxno=99050
2025-10-15,"INVEST,LAUNCH",9월 ICT 수출 '역대 최대'…반도체 수요 폭발,https://www.discoverynews.kr/news/articleView.html?idxno=1075531
2025-10-15,LAUNCH,"BOE, 스마트폰용 165Hz 주사율  OLED  공개...원플러스15에 탑재",http://www.thelec.kr/news/articleView.html?idxno=42100
2025-10-15,LAUNCH,"인하대, 이정환 교수 연구실 소속 학생들 국제학술대회서 성과 인정",https://www.kihoilbo.co.kr/news/articleView.html?idxno=3000087
2025-10-15,LAUNCH,"인하대, 이정환 교수 연구실 학생들 'iMiD 국제학술대회'서 성과 인정",http://www.smarttimes.co.kr/news/articleView.html?idxno=38465
2025-10-15,LAUNCH,"인하대, 이정환 교수 연구실 소속 학생들 국제학술대회서 성과 인정받아",https://www.joongangenews.com/news/articleView.html?idxno=457097
2025-10-15,LAUNCH,"인하대, 이정환 교수 연구실 소속 학생들 국제학술대회서 두각",https://dhnews.co.kr/news/view/1065573861088319
2025-10-15,LAUNCH,"인하대, 국제학술대회서 학생 연구 성과 인정",https://www.kfenews.co.kr/news/articleView.html?idxno=647226
2025-10-15,LAUNCH,인하대 이정환 교수 제자들 국제학술대회서 성과 거둬,https://edu.donga.com/news/articleView.html?idxno=96526
2025-10-15,LAUNCH,인하대 이정환 교수팀 학생들 국제학술대회서 두각,https://www.gukjenews.com/news/articleView.html?idxno=3400755
2025-10-15,LAUNCH,"삼성, 3분기 스마트폰 1위 수성…“ 폴더블 폰 돌풍, 애플과 격차 벌렸다...",https://www.ceoscoredaily.com/page/view/2025101516105862355
2025-10-15,"INVEST,LAUNCH","LG이노텍, 아이폰17·환율 효과에 '턴어라운드' 시동",https://www.greened.kr/news/articleView.html?idxno=332012
2025-10-15,INVEST,"[특징주] 제이앤티씨, ""SKC·SK엔펄스 합병"" 유리기판 투자 본격화에 핵...",https://www.widedaily.com/news/articleView.html?idxno=280207
2025-10-15,"INVEST,LAUNCH,PARTNERSHIP","삼성전자, 인터브랜드 평가 6년 연속 세계 5위 기록",http://www.ttlnews.com/news/articleView.html?idxno=3038034
2025-10-15,LAUNCH,"삼성전자, 3분기 연속 글로벌 스마트폰 판매 1위 …  폴더블  흥행 훈풍",https://biz.newdaily.co.kr/site/data/html/2025/10/15/2025101500278.html
2025-10-15,LAUNCH,"내구성 테스트 중 '펑'… 구글 픽셀10 프로 폴드, 힌지 부분 취약",https://www.moneys.co.kr/article/2025101514214445022
2025-10-15,"CERT,INVEST,LAUNCH,PARTNERSHIP","케이시스, 부산시와 '스마트  LED  제조 클러스터' 구축",https://www.koit.co.kr/news/articleView.html?idxno=202757
2025-10-15,LAUNCH,"삼성, 구글·퀄컴 합작 첫 안드로이드 XR 헤드셋 22일 공개",http://www.fnnews.com/news/202510151508054987
2025-10-15,LAUNCH,"삼성, 확장현실 헤드셋 '갤럭시 XR' 22일 공개...구글·퀄컴과 협업",https://www.newsfreezone.co.kr/news/articleView.html?idxno=651932
2025-10-15,LAUNCH,"K뷰티, '홈뷰티 디바이스' 시장서 맞붙는다...""기존 강자부터 신흥 도전...",http://www.metroseoul.co.kr/article/20251015500426
2025-10-15,LAUNCH,"삼성전자, 22일 머리에 쓰는 XR(확장현실) 기기 출시...XR 시대 열리나",https://www.chosun.com/economy/tech_it/2025/10/15/QJMXYH6OHFG2JND22ADYMKKUTI/?utm_source=naver&utm_medium=referral&utm_campaign=naver-news
2025-10-15,LAUNCH,[현장] LG전자 'SKS 서울'이 보여준 초프리미엄 가전의 결,https://www.newspim.com/news/view/20251015000880
2025-10-15,LAUNCH,"삼성전자, ‘프로젝트 무한’ 22일 공개…AI 결합한 차세대 XR 헤드셋 출...",https://www.kukinews.com/article/view/kuk202510150087
2025-10-15,LAUNCH,"K-뷰티, 홈케어 디바이스 격전지로 … 신제품 경쟁 불붙었다",https://biz.newdaily.co.kr/site/data/html/2025/10/15/2025101500085.html
2025-10-15,LAUNCH,"삼성, XR 헤드셋 '무한' 22일 공개…""AI의 새로운 시대 열린다""",https://www.widedaily.com/news/articleView.html?idxno=280131
2025-10-15,LAUNCH,"삼성전자, XR 헤드셋 '무한' 공개 예정…구글과 공동개발",https://news.mtn.co.kr/news-detail/2025101510424735596
2025-10-15,"INVEST,LAUNCH",'추억의 동화' 속으로… 22회 충장축제 개막,http://www.gjdream.com/news/articleView.html?idxno=662798
2025-10-15,LAUNCH,"위츠, '글로벌 게이밍 엑스포' 참가…전세계 시장 점유율 확대",https://www.newsis.com/view/NISX20251015_0003363852
2025-10-15,ORDER,"위츠, 美 전시회서 카지노 게이밍 디스플레이 선봬",https://www.etnews.com/20251015000262
2025-10-15,"LAUNCH,REGUL","[데일리 산업 단신] 삼표그룹, 신규 입사자 온보딩 교육 진행 外",https://biz.newdaily.co.kr/site/data/html/2025/10/15/2025101500273.html
2025-10-15,"LAUNCH,ORDER","사피엔반도체 ""AR 글래스 시장, 2027년 이후 레도스가 주류될 것""",http://www.thelec.kr/news/articleView.html?idxno=42054
2025-10-15,LAUNCH,"""애플 비전 프로 비켜""…카운트다운 '삼성 XR 무한' 괴물스펙 '역습' 통...",https://www.ddaily.co.kr/page/view/2025101510213606512
2025-10-15,"INVEST,ORDER","[클릭 e종목]""선익시스템, 8.6세대 OLED 시장 핵심 수혜주""",https://view.asiae.co.kr/article/2025101508300081102
2025-10-15,LAUNCH,"노블트리, 서울카페쇼서 '바리스타 기술 구현' 자동드립커피머신 신모델...",https://www.mt.co.kr/industry/2025/10/15/2025101515161989572
2025-10-15,"CERT,INVEST,LAUNCH,PARTNERSHIP,REGUL",[Who Is ?] 마티아스 바이틀 메르세데스-벤츠코리아 대표이사 사장,https://www.businesspost.co.kr/BP?command=article_view&num=415372
2025-10-15,LAUNCH,"LG 디스플레이  기술유출 시도 정황…경찰, 파주공장 압수수색",http://www.newstnt.com/news/articleView.html?idxno=542342
2025-10-15,"INVEST,LAUNCH",“IFEZ의 미래전략을 논하다”,https://www.kgnews.co.kr/news/article.html?no=869159
2025-10-15,INVEST,"“한국 오면 근소세 50% 감면”…코트라, 美서 이공계 인재 유치전",https://www.kmib.co.kr/article/view.asp?arcid=0028829934&code=61141111&cp=nv
2025-10-15,LAUNCH,"애플, 야심작 '홈 허브' 베트남서 생산하기로…中 비야디와 협력",https://www.mt.co.kr/world/2025/10/15/2025101514453362341
2025-10-15,LAUNCH,삼전 XR 헤드셋 '개봉 박두'… 애플 비전 프로 넘어설까,https://www.thescoop.co.kr/news/articleView.html?idxno=307625
2025-10-15,LAUNCH,"GS칼텍스, 세계 4대 디자인 어워드 중 3개 디자인 어워드 석권",http://www.metroseoul.co.kr/article/20251015500492
2025-10-15,"INVEST,LAUNCH,ORDER","고양시, 창작부터 유통까지 K-콘텐츠 생태계 '고양 모델' 순항 중",http://www.globalepic.co.kr/view.php?ud=202510151409582915f69d33b22_29
2025-10-15,LAUNCH,오는 22일 ‘2025  AI  머신비전 컨퍼런스’ 개최…도입 전략과 기술 로드...,https://www.hellot.net/news/article.html?no=106235
2025-10-14,"CERT,INVEST,LAUNCH,ORDER,REGUL",10월 3주 주요 제조업 전망,https://www.laborplus.co.kr/news/articleView.html?idxno=36385
2025-10-15,LAUNCH,"볼보차코리아, 2026년형 'XC40' 출시",http://www.m-i.kr/news/articleView.html?idxno=1291620
2025-10-15,INVEST,충남도 기업투자 38조원 유치...민선7기의 2.5배,https://www.incheontoday.com/news/articleView.html?idxno=309511
2025-10-15,LAUNCH,"볼보, 2026년식 XC40 출시... 울트라 '다크' 테마 새롭게 추가했다",https://www.insight.co.kr/news/524288
2025-10-15,LAUNCH,"볼보, 2026년식 XC40 출시 … '다크' 테마 추가",https://biz.newdaily.co.kr/site/data/html/2025/10/15/2025101500288.html
2025-10-15,"INVEST,LAUNCH",글로벌 불확실성 속 역대 최대...9월 ICT 수출 '사상 최고치',https://www.ezyeconomy.com/news/articleView.html?idxno=223302
2025-10-15,"INVEST,ORDER","[특징주] 두산테스나, ""1700억원 규모 반도체 설비 투자"" 소식에 고성능...",https://www.widedaily.com/news/articleView.html?idxno=280197
2025-10-15,LAUNCH,"볼보자동차코리아, 'XC40' 2026년식 모델 출시… '다크(Dark) 테마' 추가...",https://kr.aving.net/news/articleView.html?idxno=1804922
2025-10-15,LAUNCH,"볼보차코리아, 'XC40' 2026년식 모델 출시… 5190만원부터",https://weekly.hankooki.com/news/articleView.html?idxno=7132065
2025-10-15,"CERT,INVEST,LAUNCH,ORDER,REGUL",코스피 3657.28···종가 기준 최고치,https://www.thereport.co.kr/news/articleView.html?idxno=72370
2025-10-15,"LAUNCH,PARTNERSHIP","보잉, 아덱스서 첨단 디펜스 시스템 선봬",http://www.m-i.kr/news/articleView.html?idxno=1291627
2025-10-15,LAUNCH,"엔씨소프트 'TL',  전장 부터 밸패까지 가을 대형 업데이트 예고",https://www.gamevu.co.kr/news/articleView.html?idxno=52414
2025-10-15,"LAUNCH,ORDER,PARTNERSHIP","삼성·LG, 선진국 넘어 '글로벌 사우스'로… HVAC 사업  전장  넓힌다",https://www.thepublic.kr/news/articleView.html?idxno=279841
2025-10-14,INVEST,'또 사상 최고치' 천장 없이 치솟는 금…어디까지 오르나,http://www.m-i.kr/news/articleView.html?idxno=1291062
2025-10-15,"INVEST,LAUNCH","中증시, 하루 만에 반등…항셍지수도 1.84%↑",https://www.ajunews.com/view/20251015170457372
2025-10-15,LAUNCH,"'구글·퀄컴 합작' 삼성전자 'XR 헤드셋', 22일 베일 벗는다",https://www.pointdaily.co.kr/news/articleView.html?idxno=274528
2025-10-15,"INVEST,LAUNCH",삼성전자 XR 헤드셋 '무한' 22일 공개,https://www.mk.co.kr/article/11442280
2025-10-15,"INVEST,LAUNCH,PARTNERSHIP","'충즈' 충주맨, 직캠 '200만' 터졌는데…""은퇴 번복 없다"" 단호한 입장",https://www.xportsnews.com/article/2065193
2025-10-15,"INVEST,LAUNCH,REGUL","연구개발특구진흥재단, FIX 2025 참가... 지역·거점별 연구개발특구 육...",https://kr.aving.net/news/articleView.html?idxno=1804946
2025-10-15,LAUNCH,"딥파인, 'KES 2025'서 유통·물류 자동화 솔루션 공개",https://www.datanet.co.kr/news/articleView.html?idxno=206025
2025-10-15,"CERT,LAUNCH,PARTNERSHIP","[재계는 지금] SKT, 군 통신 중계 드론 개발 MOU 체결 外",https://dealsite.co.kr/articles/149561
2025-10-15,LAUNCH,"GS칼텍스, 세계 4대 디자인 어워드 중 3개 賞 석권",http://www.hansbiz.co.kr/news/articleView.html?idxno=783237
2025-10-15,INVEST,‘기업이 선택한 도시’ 아산시…23조 1300억 유치,https://www.seoul.co.kr/news/publicnews/local_govern/2025/10/15/20251015500215?wlog_tag3=naver
2025-10-15,"CERT,LAUNCH","현대차, '일렉시오'로 중국서 전기차 재도전…BYD 벽 넘을까",https://www.newspim.com/news/view/20251015001194
2025-10-15,"CERT,INVEST","'기업이 선택한 도시' 아산, 10년간 166개 기업 품은 비결은?",http://www.newstnt.com/news/articleView.html?idxno=542410
2025-10-15,"CERT,INVEST","아산시, '기업 친화 도시' 이미지 정착",http://www.dtnews24.com/news/articleView.html?idxno=799457
2025-10-15,"CERT,INVEST","교통·입지·인재·정책 지원의 4대 강점을 가진 아산시, 우리나라 대표...",http://www.ccnnews.co.kr/news/articleView.html?idxno=388129
2025-10-15,"INVEST,LAUNCH,ORDER",중국에서 부는 투자 훈풍… 디스플레이  장비 기대감 고조,http://www.fnnews.com/news/202510150758331020
2025-10-15,CERT,"반도체 3사, '자녀산재' 보상 250건",https://www.ziksir.com/news/articleView.html?idxno=107934
2025-10-15,"CERT,LAUNCH",[2025 국감] 삼성· LG ·SK 등 반도체3사 '자녀산재' 보상 250건,https://www.newspim.com/news/view/20251015001167
2025-10-15,"INVEST,ORDER","거래소 기관, SK하이닉스·삼성전자 '폭풍 매수'…10월 증시에 불붙였다",https://www.pinpointnews.co.kr/news/articleView.html?idxno=385169
2025-10-15,LAUNCH,3분기 상장사 실적 추정치 반등…증권·엔터 '깜짝 이익' 예상,https://www.hankyung.com/article/2025101593621
2025-10-15,CERT,"이학영 국회부의장, 반도체 3사 자녀산재 250건 보상, 정부 인정은 5건....",http://www.newsworker.co.kr/news/articleView.html?idxno=398293
2025-10-15,LAUNCH,프리즈 런던에 내린 서세옥의 '즐거운 비',https://www.sedaily.com/NewsView/2GZ6SCA5RN
2025-10-15,LAUNCH,"하츠투하츠, '희로애락도 설렘 러블리 FOCUS'…첫 미니 무드 샘플러 공개",https://www.nc.press/news/articleView.html?idxno=575111
2025-10-15,"CERT,ORDER","광산구보, 온라인 독서 플랫폼 무료 구독서비스",https://www.welfarenews.net/news/articleView.html?idxno=201854
2025-10-15,LAUNCH,‘56세’ 제니퍼 애니스톤 “내 DNA 가진 아이 원해 입양 안 했다”,https://lady.khan.co.kr/khlady.html?mode=view&artid=202510151719001&code=4
2025-10-15,"INVEST,LAUNCH","인텔 주가 급상승에 '고평가 주의보', 트럼프 엔비디아 자금 지원도 역...",https://www.businesspost.co.kr/BP?command=article_view&num=415540
2025-10-15,LAUNCH,"위메이드, ‘레전드 오브 이미르’ 28일 글로벌 출시",https://byline.network/?p=9004111222580594
2025-10-15,"CERT,LAUNCH,PARTNERSHIP","방치형 RPG 신작 열혈강호: 화룡전, 사전예약 개시",https://www.gamemeca.com/mv.php?inflow=naver&gid=1767167
2025-10-15,"INVEST,LAUNCH,PARTNERSHIP","한국투자증권, 영국 MAN그룹과 협력 확대…삼성증권, '주식불장' 패키지...",http://www.sisaon.co.kr/news/articleView.html?idxno=176322
2025-10-15,"LAUNCH,PARTNERSHIP","코르티스, 미국 미디어 러브콜 쇄도…‘라이브 무대+인기 라디오 쇼’ ...",http://www.globalepic.co.kr/view.php?ud=202510151506429876d3244b4fed_29
2025-10-15,"LAUNCH,REGUL","[비즈&] 현대차그룹, APEC 정상회의 192대 의전차 지원 外",http://www.yonhapnewstv.co.kr/MYH20251015172434HEj
2025-10-15,INVEST,"[ 삼성 생명 회계처리㊤] '일탈회계' 종료 수순…""계약자 배당과 회계 변...",https://www.newsworks.co.kr/news/articleView.html?idxno=814438
2025-10-15,"LAUNCH,REGUL","""눈앞에 그리듯 상세 설명""… 삼성전자 , 시각장애인 돕는 AI 가전 매뉴얼...",https://www.thepublic.kr/news/articleView.html?idxno=279803
2025-10-15,INVEST,"모건스탠리가 4200도 가능하다더니…코스피, 사상 최고치 3657.28로 마감",https://www.thepublic.kr/news/articleView.html?idxno=279837
2025-10-15,"LAUNCH,REGUL","“자사주 소각 회피용?”… 삼성전자 , ‘통 큰’ 보상에도 루머에 곤혹",https://www.dt.co.kr/article/12023110?ref=naver
2025-10-15,LAUNCH,"AWS ""AI 에이전트, 스스로 판단하는 팀원으로 진화""",https://news.mtn.co.kr/news-detail/2025101517035640562
2025-10-15,LAUNCH,"LG 생활건강, ' LG  프라엘 수퍼폼 써마샷 얼티밋' 첫 선",http://www.thefirstmedia.net/news/articleView.html?idxno=183186
2025-10-15,INVEST,"LG전자 , 10월 15일 84,300원 1.57% 상승 마감",https://www.joongangenews.com/news/articleView.html?idxno=457274
2025-10-15,"CERT,INVEST,LAUNCH","""기업 9할이 성과 도출 실패""...AWS, 에이전틱 AI로 'PoC→비즈니스' 단절...",https://www.techm.kr/news/articleView.html?idxno=145382
2025-10-15,LAUNCH,LG 생활건강 ' LG  프라엘 수퍼폼 써마샷 얼티밋' 출시,https://www.newscj.com/news/articleView.html?idxno=3328101
2025-10-15,LAUNCH,"53세 김민종, 20년 만에 쾌거…1살 연하 女배우와 시네마틱 무드",http://www.osen.co.kr/article/G1112676292
2025-10-15,LAUNCH,"김민종-예지원, '피렌체' 3관왕 답게 할리우드에서도 빛낸 케미...비하인...",https://www.cbci.co.kr/news/articleView.html?idxno=536384
2025-10-15,"INVEST,LAUNCH,PARTNERSHIP","김민종, 예지원과 커플 됐다…선남선녀 로맨틱 만남 '화제'",https://www.xportsnews.com/article/2065153
2025-10-15,LAUNCH,"김민종·예지원, 할리우드서 전한 유쾌한 케미…비하인드 화보 공개",http://www.ttlnews.com/news/articleView.html?idxno=3038021
2025-10-15,LAUNCH,"김민종·예지원, 마릴린 먼로 영화 속 주인공 같은 투샷",https://sports.donga.com/ent/article/all/20251015/132564948/1
2025-10-15,INVEST,"LG디스플레이, 중국 LCD 연태공장 매각하나",https://www.hankyung.com/article/202510134983r
2025-10-15,ORDER,"LG전자, 생활가전 선방에 안도…TV 반등·냉난방 공조 성장 '필수'",https://www.cstimes.com/news/articleView.html?idxno=671791
2025-10-15,"INVEST,LAUNCH,ORDER,PARTNERSHIP","오라클, AMD에 통 큰 베팅…AI칩 5만개 도입에 엔비디아 독주 '흔들'",https://www.econovill.com/news/articleView.html?idxno=714723
2025-10-15,"INVEST,LAUNCH,ORDER","엔비디아 독주 흔드나…오라클, AMD의 AI칩 5만 개 도입",https://www.newsis.com/view/NISX20251015_0003363024
2025-10-15,REGUL,"김기웅 의원 ""위험지역 무단 방문 처벌 강화해야"" 여권법 개정안 발의",http://www.breaknews.com/1153951
2025-10-15,"CERT,INVEST,LAUNCH,REGUL",서울 전역 '부동산 3중 규제' 올가미..보유세 강화 시동 거나?,http://www.breaknews.com/1153903
2025-10-15,LAUNCH,"[격문]약한 야당, 지금 이대로의 야당으로는 이 나라를 못 지킵니다!",http://www.breaknews.com/1153845
2025-10-15,LAUNCH,"삼성전자, '프로젝트 무한' 22일 공개…XR 생태계 확장 본격화(종합)",https://view.asiae.co.kr/article/2025101509340819496
2025-10-15,"INVEST,LAUNCH","삼성전자, XR 헤드셋 '프로젝트 무한'…22일 공개",https://www.newsworks.co.kr/news/articleView.html?idxno=814390
2025-10-15,LAUNCH,9월 ICT 수출 254억달러 ‘역대 최대’···반도체·통신장비 견인,https://www.kbmaeil.com/article/20251015500123
2025-10-15,LAUNCH,"삼성 XR 헤드셋 '무한', 22일 공개…""AI 네이티브 기기 새 카테고리 연다...",https://www.ddaily.co.kr/page/view/2025101509343545705
2025-10-15,"CERT,INVEST","‘기업이 선택한 도시’ 아산시, 비결은 교통·입지·인재·정책 ‘4박자...",http://www.sisanews24.co.kr/16945
2025-10-15,"CERT,INVEST","“기업이 선택한 도시, 아산”…10년간 166개 기업 유치·투자 23조원",http://www.inews24.com/view/1895673
2025-10-15,"CERT,INVEST","""기업이 모여드는 아산시"" '4대 경쟁력' 앞세워 첨단산업 허브로 우뚝",https://www.gukjenews.com/news/articleView.html?idxno=3401172
2025-10-15,"CERT,INVEST","'기업이 선택한 도시' 아산, 10년간 166개 기업 유치",https://www.goodmorningcc.com/news/articleView.html?idxno=432108
2025-10-15,"CERT,INVEST","“기업이 선택한 도시, 아산”…10년의 변화가 만든 “대한민국 대표 투...",https://www.geconomy.co.kr/news/article.html?no=308317
2025-10-15,LAUNCH,"삼성전자, 야심작 ‘XR’ 22일 공개…스마트폰 넘어 ‘공간의 시대’",http://www.edaily.co.kr/news/newspath.asp?newsid=03732646642333248
2025-10-15,LAUNCH,"커세어, 14.5인치  LCD  터치스크린 ‘제논 엣지’ 출시",http://www.lawissue.co.kr/view.php?ud=20251015170001339204ead0791_12
2025-10-15,"CERT,LAUNCH","NCH코리아, 한국 방폭 인증 'SPL-1 자동그리스주입기' 출시",https://www.mt.co.kr/industry/2025/10/15/2025101513131343777
2025-10-15,LAUNCH,"커세어, 14.5인치 터치스크린 '제논 엣지' 출시... 광범위한 설치 옵션 ...",https://kr.aving.net/news/articleView.html?idxno=1804935
2025-10-21,LAUNCH,[르포] '메이플스토리' IP 테마 활용한 강남역 '메이플 아지트' 가보니,https://www.lcnews.co.kr/news/articleView.html?idxno=113738
2025-10-21,INVEST,"“K-디스플레이, 지금 투자 안하면  OLED 마저 中에 내줄 것”",https://biz.heraldcorp.com/article/10598035?ref=naver
2025-10-21,"INVEST,LAUNCH",주식고수 매수 2위 '전기차 판매 급증 업황 회복 기대감 급등' 에코프로...,https://www.widedaily.com/news/articleView.html?idxno=280651
2025-10-21,LAUNCH,"삼성, 22일 '무한 XR' 공개…애플·메타와 'XR 삼국지' 서막",https://www.g-enews.com/view.php?ud=202510211323597690fbbec65dfb_1
2025-10-21,"INVEST,ORDER","디스플레이 장비 강자 AP시스템, '클린룸 공장' 확보로 초격차 승부",https://www.pinpointnews.co.kr/news/articleView.html?idxno=386929
2025-10-21,INVEST,"中, ‘한국의 LCD 악몽’ 재현 노린다… IT용  OLED  투자서 ‘4대 1′ 공세",https://biz.chosun.com/it-science/ict/2025/10/21/J5IOMK4WGVFWVLZ75B4NAQXFKQ/?utm_source=naver&utm_medium=original&utm_campaign=biz
2025-10-21,"INVEST,ORDER","BOE, IT 8G 2단계 라인 증착기 내년 4분기 반입 검토",http://www.thelec.kr/news/articleView.html?idxno=42443
2025-10-21,"INVEST,LAUNCH","中, 8.6세대  OLED 에 투자 공세…2029년 '공급과잉' 불러온다",https://zdnet.co.kr/view/?no=20251021101507
2025-10-21,"CERT,INVEST","자동차부품 관련주, '함박웃음' 휴림에이텍·SJG세종·동원금속·삼현.....",http://www.finomy.com/news/articleView.html?idxno=241272
2025-10-21,"INVEST,LAUNCH","SDC, 신형 맥북에 8.6세대  OLED 패널  독점 공급",https://www.newstopkorea.com/news/articleView.html?idxno=40472
2025-10-21,"INVEST,PARTNERSHIP",8.6세대  OLED  투자 과열…2029년 '공급 과잉' 우려,https://dealsite.co.kr/articles/149902
2025-10-21,"INVEST,LAUNCH","'나도 이제 9만 전자'…숨통 트이는 LG그룹, 시총 3위 재탈환",https://www.mt.co.kr/stock/2025/10/21/2025102116065119179
2025-10-21,"INVEST,REGUL","LG디스플레이·LG이노텍 3분기부터 내년까지 '호황', 애플 수혜 제대로 ...",https://www.businesspost.co.kr/BP?command=article_view&num=416294
2025-10-21,"INVEST,ORDER",OLED  대형  패널  시장 확대…선익시스템 성장 기대감↑,https://www.pinpointnews.co.kr/news/articleView.html?idxno=386985
2025-10-21,"INVEST,LAUNCH","[단독] LG전자, '차세대 격전지' RGB TV 상표 출원…제품 출시 임박",https://www.bizhankook.com/bk/article/30542
2025-10-21,"INVEST,LAUNCH","판 커지는 XR 전쟁 … 中, 핵심기술 '올레도스' 주도권 쥐나",https://biz.newdaily.co.kr/site/data/html/2025/10/21/2025102100120.html
2025-10-21,"INVEST,LAUNCH",[더벨][LG그룹 인사 풍향계]계열사별 사업보고 돌입...'변화'에 방점 찍...,https://www.thebell.co.kr/free/content/ArticleView.asp?key=202510151432366120109522
2025-10-21,"CERT,LAUNCH",이러다 정말 영화관 다 망하겠네...LG전자 거실을 극장으로 바꿔 놓다,https://www.polinews.co.kr/news/articleView.html?idxno=710850
2025-10-21,"INVEST,LAUNCH","아이폰17에 웃은 LGD, 고객사 점유율 확대로 호실적",https://dealsite.co.kr/articles/149828
2025-10-22,"INVEST,LAUNCH","[IPO레이더]장석준 이노테크 대표 ""복합 신뢰성 장비로 글로벌 시장 도...",https://www.newsway.co.kr/news/view?ud=2025102214080208296
2025-10-22,"INVEST,LAUNCH","삼성·LGD, 다음 격전지는 '차량용 디스플레이'… OLED  기술로 맞붙는다",https://www.pointdaily.co.kr/news/articleView.html?idxno=275493
2025-10-22,REGUL,"수원지법 ""톱텍, 삼성D에 116억원 지급하라"" 판결...삼성D 부분 승소",http://www.thelec.kr/news/articleView.html?idxno=42493
2025-10-22,ORDER,"S&P, 3년 만에 LG전자 신용등급 전망 상향",https://biz.heraldcorp.com/article/10598397?ref=naver
2025-10-22,"INVEST,LAUNCH","이노테크 ""매출 구조 다변화·글로벌 장비 기업 도약""",http://www.inews24.com/view/1898384
2025-10-22,"INVEST,LAUNCH,ORDER","' 폴더블  검사장비 강자' 이노테크, 코스닥 상장 도전…""반도체로 확장""",http://news.bizwatch.co.kr/article/market/2025/10/22/0023
2025-10-22,LAUNCH,"애플, 18인치 폴더블 아이패드 2029년 이후 출시 전망…가격 최대 550만원...",http://www.edaily.co.kr/news/newspath.asp?newsid=02643686642335544
2025-10-22,INVEST,"美中 무역갈등 반사이익 본 LG그룹, 시총 3위 자리 되찾다",https://www.mt.co.kr/stock/2025/10/22/2025102119590319854
2025-10-22,"CERT,LAUNCH",피부과 대신 거실에서… 홈 뷰티가 새로운 일상으로,http://www.newsian.co.kr/news/articleView.html?idxno=82989
2025-10-20,LAUNCH,"인하대학교 이정환 교수 연구실 소속 학생들, 국제학술대회서 성과 인정",https://www.lecturernews.com/news/articleView.html?idxno=188973
2025-10-22,"INVEST,LAUNCH",“헤드셋에 이런 기능이”...삼성 ‘갤럭시 XR’로 확장현실 경험 넓힌...,https://www.mk.co.kr/article/11448099
2025-10-22,LAUNCH,옴디아 “2027년 아이폰 모델명은 '아이폰20'”,https://www.etnews.com/20251022000335
2025-10-22,LAUNCH,별도 설치 과정과 공간 제약 없이 사용할 수 있는 ‘에코제트 2구 접이...,https://news.appstory.co.kr/daily18569
2025-10-22,LAUNCH,"“100도에도 끄떡없는 디스플레이의 비밀”…이노테크, 신뢰성 시험장비...",https://biz.heraldcorp.com/article/10598999?ref=naver
2025-10-22,"CERT,LAUNCH","삼성전자·SK하이닉스, 반도체대전 참가…'HBM4' 실물 첫 공개",https://www.youthdaily.co.kr/news/article.html?no=199690
2025-10-22,"INVEST,LAUNCH","이노테크, 코스닥 상장 추진…“글로벌 복합 신뢰성 장비 시장 선도 목...",http://www.metroseoul.co.kr/article/20251022500323
2025-10-22,LAUNCH,"삼성전자, 진입 장벽 낮춘 '갤럭시 XR'로 승부수",https://www.newstopkorea.com/news/articleView.html?idxno=40495
2025-10-22,"INVEST,LAUNCH","이코테크 ""상장 통해 첨단 제조업의 필수 파트너로 자리매김 할 것""",http://www.seoulwire.com/news/articleView.html?idxno=676299
2025-10-22,LAUNCH,애플 '폴더블 아이패드' 가격은 550만원…출시는 2029년으로 연기?,https://www.etnews.com/20251022000120
2025-10-22,"INVEST,ORDER","메리츠證 “선익시스템, 8.6세대  OLED  증착기 수익성 확인⋯다수 고객사...",https://www.etoday.co.kr/news/view/2517039
2025-10-22,"LAUNCH,PARTNERSHIP",AI 제미나이와 XR의 만남…‘갤럭시 헤드셋’ 극강의 가상현실 구현,https://www.ekn.kr/web/view.php?key=20251022023198584
2025-10-22,"INVEST,LAUNCH","'삼성전자 수율 개선에 주목'…유진證 ""경쟁사 앞설 시기, 목표 주가 14...",https://www.ppss.kr/news/articleView.html?idxno=272167
2025-10-22,LAUNCH,"삼성, '갤럭시 XR' 출시로 애플·메타에 도전장…하드웨어·콘텐츠 생태...",http://www.fieldnews.kr/news/articleView.html?idxno=22586
2025-10-22,INVEST,"이노테크 ""코스닥 상장으로 글로벌 복합 신뢰성 환경시험 장비 기업 도...",https://daily.hankooki.com/news/articleView.html?idxno=1285428
2025-10-21,"INVEST,LAUNCH","CSOT, 8.6세대 잉크젯 프린팅  OLED  'T8' 착공식 개최",http://www.thelec.kr/news/articleView.html?idxno=42474
2025-10-22,INVEST,"""3년의 기다림 끝에""…LG디스플레이,  OLED 로 다시 빛나다",http://www.sisaon.co.kr/news/articleView.html?idxno=176611
2025-10-22,"INVEST,LAUNCH","이노테크 ""코스닥 입성 후 글로벌 영역 확대·기술 고도화 추진""",https://www.kfenews.co.kr/news/articleView.html?idxno=647654
2025-10-22,"INVEST,LAUNCH,ORDER",주식고수 매수 2위 '전기차 판매 급증 업황 회복 기대감 신고가 돌파' 에...,https://www.widedaily.com/news/articleView.html?idxno=280800
2025-10-22,INVEST,‘신뢰성 시험 장비’ 이노테크…“상장 통해 기술 고도화·사업 영역 ...,http://www.edaily.co.kr/news/newspath.asp?newsid=04057366642335544
2025-10-22,"INVEST,LAUNCH","애플 삼성디스플레이와 '폴더블 아이패드' 협력, 출시에 4년 더 걸릴 수...",https://www.businesspost.co.kr/BP?command=article_view&num=416439
2025-10-22,LAUNCH,"애플, 2028년 출시 목표 클램셸 타입  폴더블  아이폰 개발 루머",https://kbench.com/?q=node/272376
2025-10-22,LAUNCH,18인치 '폴더블 아이패드' 개발 난항.. 2029년 출시 가능성,https://kbench.com/?q=node/272366
2025-10-22,"CERT,INVEST,ORDER,PARTNERSHIP,REGUL","수소차 관련주, '어께춤 으쓱으쓱' 엔케이·SJG세종·한온시스템·한화솔...",http://www.finomy.com/news/articleView.html?idxno=241280
2025-10-20,"INVEST,ORDER",中 모니터 시장도 '양보다 질'…SDC·LGD 수혜 기대,https://www.newstopkorea.com/news/articleView.html?idxno=40428
2025-10-22,LAUNCH,[현장]'KES 2025' 개막...놀라웠던 삼성·LG전자의 일상 혁신,https://www.joongangenews.com/news/articleView.html?idxno=458980
2025-10-22,"CERT,LAUNCH,PARTNERSHIP","KAI, 미래 항공우주 전방위 협력 강화... ADEX서 MOU 4건 체결",https://www.meconomynews.com/news/articleView.html?idxno=121857
2025-10-22,"CERT,INVEST,LAUNCH,PARTNERSHIP","우주항공 5대 강국의 꿈, ADEX 현장을 가다",https://www.idomin.com/news/articleView.html?idxno=948514
2025-10-22,"INVEST,LAUNCH,PARTNERSHIP","""신성장동력을 찾아라""…LG전자·KT, 항공 시장 공략 교두보 확보",https://www.techm.kr/news/articleView.html?idxno=145628
2025-10-22,LAUNCH,"아바코, 첨단 패키징용 스퍼터 양산 평가 계약",https://www.etnews.com/20251022000326
2025-10-22,LAUNCH,"타포, 태양광 감시 카메라 'C615F' 공개…AI 기반 추적·2K 영상 녹화 지...",https://www.digitaltoday.co.kr/news/articleView.html?idxno=598704
2025-10-22,LAUNCH,"삼성·LG전자, 한국전자전서 AI기술·가전산업 미래 제시",https://www.g-enews.com/view.php?ud=2025102114164682196ed0c62d49_1
2025-10-22,LAUNCH,삼성·구글 합작한 '무한' 오늘 베일 벗는다…비전 프로·퀘스트3에 도전...,https://www.widedaily.com/news/articleView.html?idxno=280758
2025-10-21,LAUNCH,"中, 韓 가전시장 총공세 … 삼성전자 부스 앞 보란 듯 전시",https://biz.newdaily.co.kr/site/data/html/2025/10/21/2025102100473.html
2025-10-22,PARTNERSHIP,K-방산기업들 ADEX2025 현장서 잇달아 수출·기술협력 강화나섰다,http://www.newsian.co.kr/news/articleView.html?idxno=82975
2025-10-22,"CERT,INVEST,LAUNCH,ORDER,PARTNERSHIP,REGUL",[Who Is ?] 구자균 LS일렉트릭 대표이사 회장,https://www.businesspost.co.kr/BP?command=article_view&num=416384
2025-10-22,"CERT,INVEST,LAUNCH,ORDER,REGUL","[N2 모닝 경제 브리핑-10월 22일] 美 증시, 미중 관세 불확실성 속 혼조...",https://www.news2day.co.kr/article/20251021500146
2025-10-22,"CERT,INVEST",10월 22일 개장 전 주요공시,https://www.seoulfn.com/news/articleView.html?idxno=610031
2025-10-22,LAUNCH,"삼성전자, 오늘 XR 헤드셋 '프로젝트 무한' 공개…AI 결합 신기능 주목",https://www.newspim.com/news/view/20251021000966
2025-10-22,LAUNCH,"국내 진출 임박한 中 지커, 첫 투입 후보 '7X' 특징은?",https://www.autodaily.co.kr/news/articleView.html?idxno=537976
2025-10-22,LAUNCH,한국엡손 홈프로젝터 9종 첫선,https://biz.heraldcorp.com/article/10598720?ref=naver
2025-10-21,"CERT,LAUNCH","한국엡손, 홈프로젝터 서브 브랜드 ‘라이프스튜디오’로 안방 시장 공...",https://www.betanews.net/article/view/beta202510210112
2025-10-21,"CERT,LAUNCH","빔프로젝터 세계 1위 엡손, 라이프스튜디오 신제품 공개",https://www.segye.com/newsView/20251021517371?OutUrl=naver
2025-10-21,"CERT,LAUNCH","[현장] 한국엡손 ""세계 첫 트리플코어 엔진···홈프로젝터로 일상을 풍...",http://www.enewstoday.co.kr/news/articleView.html?idxno=2342949
2025-10-21,"CERT,LAUNCH","LG는 초단초점, 삼성은 터치, 엡손은 화질…홈프로젝터 3파전 격돌",https://www.kukinews.com/article/view/kuk202510210235
2025-10-21,"LAUNCH,REGUL","美·中 겹악재 K가전…용석우 삼성전자 사장 ""AI 전환 가속해 글로벌 리...",https://www.bloter.net/news/articleView.html?idxno=645905
2025-10-21,"INVEST,LAUNCH","월드컵 열리는 2026년…옴디아 ""디스플레이 매출 4% 성장""(종합)",https://news.einfomax.co.kr/news/articleView.html?idxno=4379485
2025-10-21,LAUNCH,"엡손, ‘라이프스튜디오’ 홈프로젝터 신제품 공개···""韓 시장 OTT 선...",https://www.cnet.co.kr/view/?no=20251021161538
2025-10-21,LAUNCH,"프로젝터1위 엡손, 한국 안방 소비자 잡아라",https://www.ekn.kr/web/view.php?key=20251021027278207
2025-10-21,"CERT,LAUNCH","""보스 사운드에 트리플 코어까지""…엡손, 홈시어 새 시대 연다",https://zdnet.co.kr/view/?no=20251021120741
2025-10-21,"CERT,LAUNCH","한국엡손, 홈프로젝터 서브 브랜드 '라이프스튜디오' 공개",https://www.koit.co.kr/news/articleView.html?idxno=202865
2025-10-21,LAUNCH,"[포토]한국엡손, 프리미엄  미니  홈프로젝터 출시",https://www.asiatoday.co.kr/view.php?key=20251021010007527
2025-10-21,"CERT,LAUNCH","'비밀병기' 탑재하니 TV급 고화질 구현…엡손, 홈프로젝터 신제품 9종 공...",http://www.fnnews.com/news/202510211031522047
2025-10-21,"CERT,LAUNCH","엡손, 홈프로젝터 신제품 공개…삼성·LG에 '도전장'",https://www.hankyung.com/article/202510212825i
2025-10-21,LAUNCH,"엡손, '라이프스튜디오' 브랜드 론칭…트리플 코어·보스 사운드 탑재 ...",https://www.etnews.com/20251021000304
2025-10-21,LAUNCH,"“파티 주인공은 너와 나” 한국엡손, 호스트-게스트 경계 허무는 콘텐...",https://www.sportsseoul.com/news/read/1555409?ref=naver
2025-10-22,"LAUNCH,PARTNERSHIP","삼성전자, 2025년형 TVㆍ모니터에 업계 최초 '퍼플렉시티' 탑재…새로운...",https://www.startuptoday.co.kr/news/articleView.html?idxno=527060
2025-10-22,"CERT,INVEST,LAUNCH,PARTNERSHIP","거실로 들어온 AI…삼성·LG, AI 가전 시장 주도권 경쟁",https://www.asiatime.co.kr/article/20251022500380
2025-10-22,"LAUNCH,PARTNERSHIP","""TV가 영화 추천""...삼성전자, 퍼플렉시티 업계 최초 도입",http://www.fnnews.com/news/202510220855390049
2025-10-22,LAUNCH,"연세대 고등과학원, 노벨상 수상자 모운지 바웬디 교수 초청 포럼 성료",http://www.kyosu.net/news/articleView.html?idxno=146908
2025-10-22,"LAUNCH,PARTNERSHIP","삼성전자, 2025년형 TV∙모니터에 '퍼플렉시티' 탑재… ""AI로 스크린 경...",http://www.kdfnews.com/news/articleView.html?idxno=168574
2025-10-22,"LAUNCH,PARTNERSHIP",삼성전자 TV·모니터 '퍼플렉시티' 품는다…업계 최초,https://www.sedaily.com/NewsView/2GZA0VYQ5M
2025-10-22,PARTNERSHIP,"삼성전자, 2025년형 TV·모니터에 '퍼플렉시티' 탑재",https://www.goodkyung.com/news/articleView.html?idxno=274782
2025-10-22,"INVEST,LAUNCH","[재계 투데이] S&P, LG전자 신용등급 전망 '긍정적' 상향 外",https://news.dealsitetv.com/articles/160485
2025-10-22,PARTNERSHIP,"삼성전자, TV·모니터에 업계 최초로 '퍼플렉시티' 탑재",https://www.nocutnews.co.kr/news/6416824?utm_source=naver&utm_medium=article&utm_campaign=20251022023436
2025-10-22,PARTNERSHIP,"삼성전자, 2025년형 TV·모니터에 '퍼플렉시티' 탑재… 새로운 스크린 경...",https://www.epnc.co.kr/news/articleView.html?idxno=323762
2025-10-22,"LAUNCH,PARTNERSHIP","삼성전자, 2025년형 TVㆍ모니터에 업계 최초 ‘퍼플렉시티’ 탑재⋯새로...",https://www.viva100.com/article/20251022500902
2025-10-22,"LAUNCH,PARTNERSHIP","""TV가 질문에 답한다""... 삼성전자, AI 검색엔진 '퍼플렉시티' 최초 탑재",https://www.insight.co.kr/news/525378
2025-10-22,"CERT,INVEST,LAUNCH,PARTNERSHIP",[AT 산업 단신] LG전자·삼성전자·한미반도체,https://www.asiatime.co.kr/article/20251022500231
2025-10-22,"LAUNCH,PARTNERSHIP","삼성전자, 2025년형 TV·모니터에 퍼플렉시티 탑재",https://www.digitaltoday.co.kr/news/articleView.html?idxno=598737
2025-10-21,LAUNCH,"[가보니] 한국전자전, 삼성 '비전 AI 컴퍼니언'·'LG '공감지능' 눈에 띄...",https://www.newsworks.co.kr/news/articleView.html?idxno=815141
2025-10-20,LAUNCH,1인가구·시니어…'맞춤형 가전'으로 돌파구 찾는 삼성·LG,http://www.edaily.co.kr/news/newspath.asp?newsid=03781846642334888
2025-10-22,"LAUNCH,PARTNERSHIP","삼성전자, XR 시장 도전장···'비전 프로' 절반 가격에도 무게·화질 앞...",https://www.seoulfn.com/news/articleView.html?idxno=610116
2025-10-22,"LAUNCH,PARTNERSHIP",삼성전자 '갤럭시 XR' 출격...애플 비전프로 가격 절반,http://www.thelec.kr/news/articleView.html?idxno=42495
2025-10-21,LAUNCH,"[테크서밋] 라온텍 “AR 디스플레이, 엘코스가 레도스보다 유리”",https://www.etnews.com/20251021000367
2025-10-16,LAUNCH,"90조 시장 XR…빅테크, 마이크로 OLED·AI 칩·경량화로 승부",https://www.dailian.co.kr/news/view/1560244/?sc=Naver
2025-10-21,LAUNCH,"라온텍 ""P13 기반 라이트 엔진·AR 글래스, 내년 시제품 공개""",http://www.thelec.kr/news/articleView.html?idxno=42469
2025-10-21,"ORDER,PARTNERSHIP","사피엔반도체, CMOS 백플레인 개발 수주 글로벌 마이크로 LED 디스플레이...",https://www.datanet.co.kr/news/articleView.html?idxno=206174
2025-10-21,ORDER,"사피엔반도체, 레도스 백플레인 개발 58억원 계약",http://www.thelec.kr/news/articleView.html?idxno=42463
2025-10-21,ORDER,"사피엔반도체, 마이크로 LED 디스플레이 엔진 제조기업과 58억 계약 체결",https://www.etnews.com/20251021000381
2025-10-21,"ORDER,PARTNERSHIP","사피엔반도체, 글로벌 고객사와 58억원 규모 마이크로 LED 공급 계약",https://zdnet.co.kr/view/?no=20251021155327
2025-10-19,"INVEST,LAUNCH",中 JBD “1만PPI 마이크로 LED 패널 내년 양산”,https://www.etnews.com/20251017000196
2025-09-24,"LAUNCH,PARTNERSHIP",판 커지는 스마트 안경 시장… 빛 보는 사피엔반도체 [윤아름의 플래시...,https://biz.newdaily.co.kr/site/data/html/2025/09/24/2025092400109.html
2025-10-22,"INVEST,LAUNCH","이노테크 "" 디스플레이  강자 넘어 사업 다각화…글로벌 장비 기업 선도""...",https://news.mtn.co.kr/news-detail/2025102215544012410
2025-10-22,LAUNCH,"한양대, 고분자학회 추계학술대회서 최우수·우수논문발표상",https://www.newsfreezone.co.kr/news/articleView.html?idxno=653261
2025-10-22,"CERT,LAUNCH,REGUL","유닉트, DIFA 2025서 미래차 커뮤니케이션 솔루션 '톡카' 공개... ""도로 ...",https://kr.aving.net/news/articleView.html?idxno=1805177
2025-10-22,LAUNCH,"한양대 위정재 교수팀, 고분자학회 추계학술대회서 최우수·우수논문발...",https://edu.donga.com/news/articleView.html?idxno=96963
2025-10-22,LAUNCH,"한양대 위정재 교수팀, '고분자학회 추계학술대회'서…최우수·우수논문...",http://www.beyondpost.co.kr/view.php?ud=20251022141812225292e75d13a3_30
2025-10-22,LAUNCH,"한양대 위정재 연구실 대학원생들, 2025 한국고분자학회 추계학술대회서...",http://www.newstnt.com/news/articleView.html?idxno=545191
2025-10-22,LAUNCH,"한양대 위정재 교수팀, 고분자학회 추계학술대회서 최우수/우수논문발...",http://www.veritas-a.com/news/articleView.html?idxno=577749
2025-10-21,LAUNCH,"고기능 소재 위크 2025', 11월 日서 개막… 세계 첨단 소재 미래 조망",https://kidd.co.kr/news/243625
2025-10-21,"INVEST,LAUNCH",콤팩트한 사이즈에 듀얼 마사지와 근저항 운동효과까지…헬스케어로봇...,https://www.hankyung.com/article/2025102119721
2025-10-21,LAUNCH,소재 산업 미래 조망 日 ‘고기능 소재 위크 2025’ 11월 12~14일,http://amenews.kr/news/view.php?idx=64240
2025-10-18,LAUNCH,"삼성, ‘자가 치유’ 폴더블폰 특허 출원…화면 미세 균열 자동 복원 기...",https://www.g-enews.com/view.php?ud=2025101808113745480c8c1c064d_1
2025-10-22,LAUNCH,‘미래혁신기술박람회’ 22일 대구서 개막,https://www.busan.com/view/busan/view.php?code=2025102207185981684
2025-10-22,"CERT,INVEST,LAUNCH,REGUL","[기후악당의 민낯 ⑤] 삼성전자, 반도체 제국의 보이지 않는 배출",https://www.newspenguin.com/news/articleView.html?idxno=20591
2025-10-22,LAUNCH,"만트럭버스코리아, ""서비스·금융·디지털 혁신으로 상용차 시장 불황 ...",https://www.getnews.co.kr/news/articleView.html?idxno=845550
2025-10-22,"CERT,LAUNCH,REGUL","솔루엠, K-ESG 경영대상 수상",https://zdnet.co.kr/view/?no=20251022140214
2025-10-22,"CERT,REGUL","솔루엠, ‘2025 K-ESG 경영대상’ 종합 대상 수상",https://sports.donga.com/economy/article/all/20251022/132613091/1
2025-10-22,"CERT,REGUL","솔루엠, '2025-K-ESG 경영대상'서 종합ESG 대상 수상",https://www.starnewskorea.com/business-life/2025/10/22/2025102214214017264
2025-10-22,"INVEST,ORDER",베트남 법인 중심 글로벌 생산체계…이브이첨단소재 성장 가속,https://www.pinpointnews.co.kr/news/articleView.html?idxno=387220
2025-10-22,"INVEST,LAUNCH","한국에서 '배운다' 선언한 BYD, 첫 단추 아토 3가 갖는 의미는?",https://www.autodaily.co.kr/news/articleView.html?idxno=537945
2025-10-22,LAUNCH,[리뷰]‘빛으로 소통하는 스마트폰’… 매력적인 비주류 낫싱 폰(3),https://www.donga.com/news/It/article/all/20251022/132609868/1
2025-10-21,"CERT,INVEST,LAUNCH,REGUL",‘21세기 원유’ 제2희토류 쇼크 [스페셜리포트],https://www.mk.co.kr/article/11444273
2025-10-21,LAUNCH,‘뻥튀기’ 전망 믿고… 산업계 탄소감축 목표 줄여줘야 하나,https://www.hani.co.kr/arti/society/environment/1224650.html
2025-10-21,"INVEST,LAUNCH,ORDER","2차전지 전고체 관련주, '봄바람 살랑' 이브이첨단소재·레이크머티리얼...",http://www.finomy.com/news/articleView.html?idxno=241273
2025-10-21,"CERT,LAUNCH,PARTNERSHIP,REGUL","윌로그, BIX 2025서 바이오 콜드체인 솔루션 주목",https://www.ksg.co.kr/news/main_newsView.jsp?pNum=145673
2025-10-22,"INVEST,LAUNCH","HB인베스트먼트, 스케일업 팁스 18개사 선정 지원",https://platum.kr/archives/272952
2025-10-22,"INVEST,LAUNCH","티로보틱스, 'SEDEX 2025' 참가…유리기판 진공 이송 로봇 공개",https://www.sentv.co.kr/article/view/sentv202510220195
2025-10-22,"CERT,LAUNCH",중소·중견기업용 PC 라인업... '델 프로 에센셜',https://www.ilovepc.co.kr/news/articleView.html?idxno=56490
2025-10-22,LAUNCH,배터리 업황 회복 대구 수출 28개월 만에 두 자릿수 성장,https://www.imaeil.com/page/view/2025102215383314249
2025-10-22,LAUNCH,현대차∙기아가 '아이디어 페스티벌' 을 통해 얻는 것은 무엇일까,https://www.polinews.co.kr/news/articleView.html?idxno=711118
2025-10-22,LAUNCH,"[재계인사 스피드업⑥] 구광모 LG그룹 세대교체 단행하나, 오랜 침체 극...",https://www.businesspost.co.kr/BP?command=article_view&num=416523
2025-10-22,LAUNCH,"삼성·구글 손잡고 '갤럭시 XR' 출시…""전대미문 콜라보""",http://www.newsfc.co.kr/news/articleView.html?idxno=74485
2025-10-22,"INVEST,ORDER,REGUL","거래소 기관, 한화오션·LG에너지솔루션까지… 미래 성장주 쓸어담았다",https://www.pinpointnews.co.kr/news/articleView.html?idxno=387427
2025-10-22,"INVEST,LAUNCH,REGUL","韓 기업 57%, 15년 사이 中 기술 따라 잡혀",http://amenews.kr/news/view.php?idx=64266
2025-10-22,LAUNCH,AI 경험 제공하는 삼성 '갤럭시 XR' 첫 공개… 출시가 269만원,https://www.moneys.co.kr/article/2025102209065173595
2025-10-22,LAUNCH,"티로보틱스, 반도체대전서  AI  반도체·유리기판 공정용 진공로봇 공개",https://daily.hankooki.com/news/articleView.html?idxno=1285451
2025-10-17,LAUNCH,"“움직이는 스크린 시대”…삼성·LG, 모빌리티 전장서 ‘재격돌’ [미...",https://www.kukinews.com/article/view/kuk202510160235
2025-10-16,"CERT,ORDER,PARTNERSHIP",[영상] 현대차의 한 수…제네시스 GV90에 ' 롤러블  OLED' 탑재된다,https://www.theguru.co.kr/news/article.html?no=92847
2025-10-01,"LAUNCH,ORDER",루크 동커볼케 현대차 사장 “제네시스 GV90 내년 출시…에스컬레이드 ...,https://www.theguru.co.kr/news/article.html?no=92590
2025-09-30,LAUNCH,"디스플레이 산업협회, 혁신공정 성과 기반 미래전략 모색",https://www.nextdaily.co.kr/news/articleView.html?idxno=242927
2025-09-30,LAUNCH,"디스플레이 산업협회, 혁신공정사업 성과 기반 '초격차 미래전략' 모색",https://www.pointdaily.co.kr/news/articleView.html?idxno=272706
2025-09-30,LAUNCH,"디스플레이 協, 혁신공정사업 운영위 개최…“OLED 주도권 강화”",https://biz.heraldcorp.com/article/10586883?ref=naver
2025-09-30,LAUNCH,"디스플레이 協, 'OLED 시장 주도 목표' 혁신공정사업 성과·추진방향 논의",https://www.news1.kr/industry/general-industry/5930227
2025-09-30,LAUNCH,"디스플레이 協, 혁신공정 플랫폼 성과·추진방향 논의",http://www.srtimes.kr/news/articleView.html?idxno=186912
2025-10-22,"CERT,INVEST,LAUNCH,PARTNERSHIP",[AT 오토 단신] 렉서스코리아·한국앤컴퍼니·금호타이어·MINI코리아·한...,https://www.asiatime.co.kr/article/20251022500343
2025-10-22,LAUNCH,[현장 르뽀] AI 혁신과 산업 융합의 현장…'2025 타이트라&AIoT 대만' 개막,https://www.epnc.co.kr/news/articleView.html?idxno=323766
2025-10-22,LAUNCH,"車업계, '합종연횡' 속 新 생태계 구축 가속",http://www.m-i.kr/news/articleView.html?idxno=1293998
2025-10-22,"LAUNCH,PARTNERSHIP","[TOP's Pick] [자동차·부품] 한﻿국앤컴퍼니, 한국배터리 인스타그램 소...",https://www.topdaily.kr/articles/106132
2025-10-22,"INVEST,REGUL",신사업 대신 부동산 투자한 LX홀딩스 성장 동력 부재에 주가는 3년 전 회...,http://www.smedaily.co.kr/news/articleView.html?idxno=341038
2025-10-22,"INVEST,ORDER","S&P, LG전자 신용등급 전망 '긍정적' 상향…""3년 만의 훈풍""",https://www.ebn.co.kr/news/articleView.html?idxno=1683048
2025-10-22,"INVEST,LAUNCH,ORDER,PARTNERSHIP","자율주행차 관련주, '웃음' 앤씨앤·삼현·텔레칩스... '한숨' 켐트로닉...",http://www.finomy.com/news/articleView.html?idxno=241283
2025-10-21,"CERT,INVEST,LAUNCH,ORDER,REGUL","전기차 관련주, '봄꽃만개' 코스모신소재·한온시스템·화신... '시들시...",http://www.finomy.com/news/articleView.html?idxno=241271
2025-10-21,CERT,"""소리 없는 혁신 계속""... 조용한 '혁신가' 구광모의 7년, LG는 얼마나 바...",https://www.insight.co.kr/news/525235
2025-10-21,"INVEST,LAUNCH","월드컵 열리는 2026년…옴디아 "" 디스플레이  매출 4% 성장""",https://news.einfomax.co.kr/news/articleView.html?idxno=4379410
2025-10-21,"LAUNCH,REGUL","산업통상부, 제20회 ‘전자·IT의 날‘ 개최...유공자 41명 포상",https://www.m-economynews.com/news/article.html?no=60847
2025-10-21,"CERT,INVEST,LAUNCH,ORDER,PARTNERSHIP",[Who Is ?] 김동철 동운아나텍 대표이사,https://www.businesspost.co.kr/BP?command=article_view&num=416184
2025-10-22,"INVEST,ORDER","S&P, 3년 만에 LG전자 신용등급 전망 ‘긍정적’ 상향",http://www.metroseoul.co.kr/article/20251022500548
2025-10-22,INVEST,"日증시, 차익실현 세력 유입에 혼조 마감…닛케이지수 0.02%↓",https://www.newsis.com/view/NISX20251022_0003372959
2025-10-22,INVEST,"광주경자청, 국제모빌리티산업전서 광주 투자환경 알린다",https://www.webeconomy.co.kr/news/articleView.html?idxno=2027715
2025-10-22,LAUNCH,"오딘: 발할라 라이징, 신규 전직 클래스 '프로스트 본' 사전등록 진행",http://www.smedaily.co.kr/news/articleView.html?idxno=341127
2025-10-22,PARTNERSHIP,"KAI, NLR과 차세대 공중전투체계 개발 협력 MOU 체결",https://www.mediapen.com/news/view/1051264
2025-10-22,LAUNCH,"[특징주] 위메이드플레이, 대규모 자사주 소각 발표에 상승(종합)",https://www.yna.co.kr/view/AKR20251022040151008?input=1195m
2025-10-22,"CERT,INVEST,ORDER,PARTNERSHIP","대한항공, KAI 상대로 ‘방산 수주 3전3승’ 이유 있었다",https://www.ekn.kr/web/view.php?key=20251022026328602
2025-10-22,"CERT,INVEST,LAUNCH,PARTNERSHIP,REGUL","에어빌리티, GITEX 2025서 고속 eVTOL 'AB 시리즈' 공개… ""개인용부터 단...",https://kr.aving.net/news/articleView.html?idxno=1805184
2025-10-22,"CERT,INVEST,LAUNCH,ORDER","NH아문디운용, 글로벌 우주항공 펀드 순자산 4500억 돌파",https://www.mk.co.kr/article/11448400
2025-10-22,LAUNCH,"방산기업 우리별, ADEX 2025서 독자 개발 솔루션 선보인다",https://www.newsis.com/view/NISX20251022_0003372900
2025-10-22,"LAUNCH,ORDER,REGUL","코스피, 3900 턱밑 마감…6거래일 연속 사상 최고치",http://www.newstomato.com/ReadNews.aspx?no=1278707&inflow=N
2025-10-22,INVEST,[마감시황] 한미 관세 협상 기대감에 코스피 3863.68 ‘사상 최고치’…...,https://www.ekn.kr/web/view.php?key=20251022023078704
2025-10-22,LAUNCH,"[스토리보드] 70년 고독 속 피어난, 니케 리틀 머메이드의 업적",https://www.gamemeca.com/mv.php?inflow=naver_s&gid=1767439
2025-10-22,LAUNCH,"""아이언맨 '자비스' 현실화 했다"" 버넥트, 세계 최초 AI 스마트보안경 ...",https://www.industrynews.co.kr/news/articleView.html?idxno=73112
2025-10-22,"LAUNCH,PARTNERSHIP","[위클리오늘] ""새로운 AI시대를 여는 혁신의 시작""···삼성전자, 헤드...",http://www.weeklytoday.com/news/articleView.html?idxno=732923
2025-10-22,LAUNCH,"삼성, '갤럭시 XR' 공개…AI·XR 융합한 차세대 헤드셋 시대 연다",https://www.kizmom.com/news/articleView.html?idxno=105428
2025-10-22,"LAUNCH,PARTNERSHIP",[병원계 소식] 10월 22일,http://www.doctorstimes.com/news/articleView.html?idxno=234944
2025-10-22,LAUNCH,"캐딜락 비스틱, '2026 독일 올해의 차' 럭셔리 부문 수상",http://www.sisaon.co.kr/news/articleView.html?idxno=176590
2025-10-22,"LAUNCH,PARTNERSHIP","삼성전자, 헤드셋 형태 '갤럭시 XR' 출시",https://www.cstimes.com/news/articleView.html?idxno=673312
2025-10-22,LAUNCH,"엔플러스솔루션스, DIFA 2025서 'HP Jet Fusion 5600 산업용 3D 프린팅 솔...",https://kr.aving.net/news/articleView.html?idxno=1805182
2025-10-22,LAUNCH,"삼성전자, '갤럭시 XR'로 멀티모달 AI 구현… XR 시장 주도권 확보 나선...",http://www.biztribune.co.kr/news/articleView.html?idxno=341998
2025-10-22,LAUNCH,"새로운 AI 시대를 여는 혁신의 시작… 삼성전자, 헤드셋 형태 ‘갤럭시...",https://www.hinews.co.kr/view.php?ud=202510221537119400dacad9bae3_48
2025-10-22,"CERT,LAUNCH,REGUL","코리아에프티, DIFA 2025서 차량 증발가스 제어장치 부품 '카본캐니스터...",https://kr.aving.net/news/articleView.html?idxno=1805178
2025-10-22,"INVEST,LAUNCH","김정기 대구광역시장 권한대행 행정부시장, ""AI 3강 도약이라는 국가적...",https://kr.aving.net/news/articleView.html?idxno=1805181
2025-10-22,"LAUNCH,PARTNERSHIP","삼성전자, 확장현실 헤드셋 '갤럭시XR' 출시…""새로운 AI 경험 제공""",https://www.newsquest.co.kr/news/articleView.html?idxno=254984
2025-10-21,LAUNCH,[테크서밋] 스톤파트너스 “2028년 플립 형태 폴더블 아이폰 등장”,https://www.etnews.com/20251021000358
2025-10-21,LAUNCH,"iQOO, 스냅드래곤 8 엘리트 5세대 기반 게이밍 플래그십 'iQOO 15' 출시",https://kbench.com/?q=node/272322
2025-10-20,"INVEST,LAUNCH","삼성D, 8.6세대 OLED에 ' LTPO ' 도입 추진",https://www.etnews.com/20251020000335
2025-10-19,"INVEST,LAUNCH","OLED 중심 체질 개선 성공한 LGD, 4년 만에 연간 흑자 전망",https://www.hellot.net/news/article.html?no=106322
2025-10-19,"LAUNCH,REGUL","LGD, 체질 개선·조직 효율화에 4년만 연간 흑자 전환 눈앞",https://www.yna.co.kr/view/AKR20251017163000003?input=1195m
2025-10-17,LAUNCH,"""애플 폴더블폰 출시 2027년 연기 가능성""",http://www.thelec.kr/news/articleView.html?idxno=42248
2025-10-17,"CERT,LAUNCH",삼성 HP5 센서 탑재한 ‘오포 파인드 X9 프로’ 공개.. 갤럭시엔 언제? ...,http://www.fnnews.com/news/202510171304277665
2025-10-17,LAUNCH,"""투명 패널에 가변조리개까지?"" 애플, 차세대 '아이폰18 프로·프로 맥스...",https://www.autodaily.co.kr/news/articleView.html?idxno=537765
2025-10-16,LAUNCH,투명 디자인·가변 조리개까지…'아이폰18 프로 맥스' 미리 본 핵심 변화,https://www.digitaltoday.co.kr/news/articleView.html?idxno=597421
2025-10-22,INVEST,"外人 투매에도, 코스피 '또 최고치'...3880 돌파",http://www.choicenews.co.kr/news/articleView.html?idxno=155551
2025-10-22,LAUNCH,“의류도 장비입니다”…코오롱FnC가 꿰맨 헬리녹스의 철학은[르포],http://www.edaily.co.kr/news/newspath.asp?newsid=04063926642335544
2025-10-22,"INVEST,LAUNCH","코웨이, R&D와 글로벌 확장으로 지속 성장의 해답 제시",http://www.lkp.news/news/articleView.html?idxno=70674
2025-10-22,"INVEST,LAUNCH","[IPO] 이노테크 ""글로벌 복합 신뢰성 장비  시장  선두 주자 도약""",http://www.newsprime.co.kr/news/article.html?no=708430
2025-10-22,"INVEST,LAUNCH","MINI 코리아, 창립 20주년 기념 한정 에디션 'JCW 어센틱스' 출시",http://www.shinailbo.co.kr/news/articleView.html?idxno=2133716
2025-10-22,INVEST,"'코스닥' 이노테크 IPO 출격…""글로벌 복합 신뢰성 시험장비  시장  선도...",https://www.ajunews.com/view/20251022153318833
2025-10-22,"LAUNCH,ORDER","'코스닥 노크' 이노테크 ""글로벌 신뢰성 시험 장비社로 도약""",https://www.hankyung.com/article/2025102249896
2025-10-22,ORDER,"영우디에스피, ‘SEDEX 2025’ 참가",https://www.venturesquare.net/1010014
2025-10-22,INVEST,[IPO 뜯어보기] [이노테크]  디스플레이  넘어 반도체·2차전지로 확장,https://news.dealsitetv.com/articles/160482
2025-10-22,"INVEST,ORDER","LG 전자, 신용등급 전망 상향...S&P 3년 만에 '안정적→긍정적' 평가",http://www.sisacast.kr/news/articleView.html?idxno=84044
2025-10-22,"INVEST,LAUNCH","감성코퍼레이션, 해외시장·친환경 전략으로 브랜드 가치 극대화",https://www.pinpointnews.co.kr/news/articleView.html?idxno=387352
2025-10-22,"INVEST,ORDER","LG 전자, S&P 신용등급 전망 3년 만에 '긍정적' 상향",https://www.digitaltoday.co.kr/news/articleView.html?idxno=598730
2025-10-22,"INVEST,LAUNCH,ORDER","LG 전자, S&P 신용등급 전망 상향…3년만 조정",https://www.asiatoday.co.kr/view.php?key=20251022010008182
2025-10-22,"INVEST,ORDER","S&P,  LG 전자 신용등급 전망 '긍정적' 상향",https://www.insightkorea.co.kr/news/articleView.html?idxno=233958
2025-10-22,"INVEST,ORDER","S&P,  LG 전자 신용등급 전망 3년 만에 한단계 상향",https://www.ziksir.com/news/articleView.html?idxno=108796
2025-10-22,ORDER,"S&P,  LG 전자 신용등급 전망 ‘긍정적’ 상향",https://www.nspna.com/news/?mode=view&newsid=782741
2025-09-26,REGUL,"""이만한 성경 앱 없더라""…바이블  애플 , 재사용자 전환율 87%",https://www.goodnews1.com/news/articleView.html?idxno=451929
2025-10-22,"CERT,LAUNCH","스마일게이트 ‘카오스 제로 나이트메어’, 글로벌 정식 론칭",https://www.viva100.com/article/20251022501244
2025-10-22,LAUNCH,"로그라이크 RPG ‘카오스 제로 나이트메어’, 글로벌 정식 론칭",https://www.dizzotv.com/site/data/html_dir/2025/10/22/2025102280198.html
2025-10-22,LAUNCH,"'독사과2' 허영지 ""과몰입 F, 연애 프로에 잘 몰입할 것""",https://www.joongangenews.com/news/articleView.html?idxno=459020
2025-10-22,CERT,"“홍매화빵 만들자”, “황산공원에 전기관람차를”…양산시 2기 시민통...",http://www.kookje.co.kr/news2011/asp/newsbody.asp?code=0300&key=20251022.99099005485
2025-10-22,"INVEST,LAUNCH","미래에셋운용, ‘TIGER 미국S&P500 ETF’ 개인 누적 순매수 5조원 돌파",https://www.sentv.co.kr/article/view/sentv202510220196
2025-10-22,"CERT,LAUNCH,PARTNERSHIP","아이나비모빌리티, APEC 방문객 택시 이용 편의성 강화 MOU",https://www.goodkyung.com/news/articleView.html?idxno=274819
2025-10-22,INVEST,"미래에셋, 'TIGER 미국S&P500 ETF' 개인 누적 순매수 5조원 돌파",https://www.newsquest.co.kr/news/articleView.html?idxno=254999
2025-10-22,"CERT,LAUNCH","로그라이크 RPG '카오스 제로 나이트메어', 글로벌 정식 론칭...앱스토어...",https://www.joongangenews.com/news/articleView.html?idxno=459021
2025-10-22,"CERT,LAUNCH","스마게, 신작 '카오스 제로 나이트메어' 글로벌 정식 론칭",https://www.industrynews.co.kr/news/articleView.html?idxno=73113
2025-10-22,LAUNCH,"로그라이크 RPG '카오스 제로 나이트메어', 글로벌 정식 론칭",http://www.thebigdata.co.kr/view.php?ud=2025102216182187232637f9c7fa_23
2025-10-22,"CERT,LAUNCH","스마일게이트, 신작 '카제나' 정식 출시…글로벌 8개국 앱스토어 다운로...",https://zdnet.co.kr/view/?no=20251022162828
2025-10-22,LAUNCH,"[팩플] 오픈AI도 참전한 'AI브라우저' 경쟁, 구글 크롬 맞수되나",https://www.joongang.co.kr/article/25375865
2025-10-22,INVEST,"에어브릿지, 국내 본사 기업 기준 MMP 점유율 1위 기록",https://magazine.hankyung.com/job-joy/article/202510225838d
2025-10-22,LAUNCH,"보이넥스트도어, 멜론 일간 차트서 팀 최고 성적…연일 놀라운 성과",https://www.tvreport.co.kr/hot-issue/article/949239/
2025-10-22,LAUNCH,"스마일게이트, ‘카오스 제로 나이트메어’ 글로벌 정식 출시",https://biz.newdaily.co.kr/site/data/html/2025/10/22/2025102200369.html
2025-10-22,"CERT,LAUNCH","스마일게이트 '카오스 제로 나이트메어', 글로벌 정식 론칭",http://www.srtimes.kr/news/articleView.html?idxno=188005
2025-10-22,LAUNCH,[포토] 실물 공개된  삼성전자  'HBM4',http://www.enewstoday.co.kr/news/articleView.html?idxno=2343540
2025-10-22,INVEST,"기관 7600억 ‘사자’…코스피 또 사상 최고치, 3900선 코앞 [투자360]",https://biz.heraldcorp.com/article/10599109?ref=naver
2025-10-22,"INVEST,ORDER","반나절 쉰 코스피, 3880선 마감···이차전지·조선·방산 '순환매'",https://www.seoulfn.com/news/articleView.html?idxno=610154
2025-10-22,"INVEST,LAUNCH","인천시, 국내 최대 반도체 전시회 ‘SEDEX 2025’ 참가… 지역 기업 홍보...",https://www.kgnews.co.kr/news/article.html?no=870220
2025-10-22,"INVEST,LAUNCH",삼성전자  이어 하이닉스 레버리지까지…홍콩 운용사의 다음 ‘픽’은?,https://www.dt.co.kr/article/12024485?ref=naver
2025-10-22,INVEST,"삼성 證, 업계 최초 30억 이상 고객 5000명 시대 개막",https://www.econovill.com/news/articleView.html?idxno=715574
2025-10-22,INVEST,"AI 시대, ‘K-반도체’ 훈풍...“올해 수출, 역대 최대 1650억 달러 전망...",https://www.viva100.com/article/20251022501233
2025-10-22,PARTNERSHIP,"롯데하이마트, 김장철 맞아 김치냉장고 구매시 다양한 혜택 제공",https://www.ziksir.com/news/articleView.html?idxno=108872
2025-10-22,INVEST,"코스피, 6거래일 연속 사상 최고가 행진…'사천피'까지 0.3% 남았다",https://www.mt.co.kr/stock/2025/10/22/2025102215161234467
2025-10-22,"INVEST,LAUNCH","자산관리 명가  삼성 증권, 업계 최초 30억원 이상 고객 5천 명 시대 열어",http://www.popcornnews.net/news/articleView.html?idxno=98376
2025-10-22,LAUNCH,"LG전자 , 겨울철 겨냥 정수가습가전·사계절 에어컨 신제품 이달 출시",http://www.metroseoul.co.kr/article/20251022500546
2025-10-22,LAUNCH,"김정기 대구광역시장 권한대행, 미래혁신기술박람회 화려한 개막 축하",https://www.gukjenews.com/news/articleView.html?idxno=3407489
2025-10-22,LAUNCH,대구시 ‘FIX 2025’ 개막…미래혁신기술 허브 선언,https://www.cnbnews.com/news/article.html?no=756296
2025-10-22,LAUNCH,"대구시, '미래혁신기술박람회(FIX 2025)' 개최",https://www.pointe.co.kr/news/articleView.html?idxno=59276
2025-10-22,"INVEST,LAUNCH","""고객이 중심이 된 126년 기술 혁신"" 독일 프리미엄 가전 밀레, 한국 진...",https://www.autodaily.co.kr/news/articleView.html?idxno=538012
2025-10-22,"CERT,LAUNCH","LG전자 , AI 홈 허브 ‘LG 씽큐 온’ 국내 출시",https://www.hinews.co.kr/view.php?ud=202510221614025161dacadeb388_48
2025-10-22,INVEST,"밀레코리아 ""8조 규모 韓시장 정조준··· 삼성· LG 와 경쟁 환영""",https://www.ajunews.com/view/20251022155327864
2025-10-22,LAUNCH,"LG전자 , 3단계 정수 가습기·온풍과 제습 지원 사계절 에어컨 신제품 발...",https://www.nextdaily.co.kr/news/articleView.html?idxno=243465
2025-10-22,INVEST,"獨 강호 '밀레' 韓서 20년…""삼성· LG  진입 초(超)프리미엄 시장서 영향...",http://www.fnnews.com/news/202510221047069640
2025-10-22,LAUNCH,유통가 '김장대전'…절임배추 예판·김치냉장고 할인행사도,https://www.ajunews.com/view/20251022154457849
2025-10-22,"LAUNCH,PARTNERSHIP","삼성전자, 스마트글라스도 준비…파트너는 '젠틀몬스터'",https://www.hankyung.com/article/202510225493i
2025-10-22,"LAUNCH,ORDER,REGUL","[더벨]용석우 삼성전자 사장, KEA 회장 데뷔 '새로운 시험대'",https://www.thebell.co.kr/free/content/ArticleView.asp?key=202510211309103680107712
2025-10-21,LAUNCH,"""중국의 폭넓은 수용성과 빠른 실행력 배워야""",https://www.sedaily.com/NewsView/2GZ9K7QRAN
2025-10-21,LAUNCH,"구글TV, 제미나이 AI 조기 탑재…소니 모델서 확인",https://www.digitaltoday.co.kr/news/articleView.html?idxno=598473
2025-10-21,"CERT,INVEST,LAUNCH,ORDER","이재용 3년, 위기와 초격차의 경계선",https://www.newsway.co.kr/news/view?ud=2025102113195398155
2025-10-21,ORDER,"LG전자 조주완 ""中과 비슷한 경쟁력 갖출 것…관세 극복해야""",https://www.dailian.co.kr/news/view/1561931/?sc=Naver
2025-10-21,LAUNCH,"LG디스플레이, 4년만에 ‘적자수렁’ 탈출하나…“LCD 철수·뼈 아픈 구...",https://www.ceoscoredaily.com/page/view/2025102013083784097
2025-10-20,"INVEST,LAUNCH","“중국 기술 추격 이렇게 따돌린다”...삼성·LG, 초프리미엄 TV 전략은",https://www.mk.co.kr/article/11446098
2025-10-20,LAUNCH,"삼성전자, AI 캠페인으로 '진짜 QLED' 각인…中 허위 광고 논란 정면 대...",https://www.newspim.com/news/view/20251020000601
2025-10-20,"CERT,INVEST,LAUNCH,REGUL","LG전자, 으르렁대던 中과 협력에 얽힌 '생존 위협'…솔루션 사업 집중 포...",https://www.newspost.kr/news/articleView.html?idxno=217791
2025-10-19,LAUNCH,"삼성, 中 TV업체 ‘가짜 QLED’ 저격…직접 만든 풍자 영상 화제",https://www.sedaily.com/NewsView/2GZ8OC2CRA
2025-10-19,LAUNCH,"삼성전자, 중국산 '리얼 QLED' 논란 정면 겨냥…AI 활용 마케팅 화제",http://www.biztribune.co.kr/news/articleView.html?idxno=341816
2025-10-19,LAUNCH,"'광대가 매직으로 써 넣은 가짜'…삼성전자, 줄소송 당한 中TV 직격",https://view.asiae.co.kr/article/2025101915263586647
2025-10-19,LAUNCH,"""진짜는 어디에?""…삼성, 中 QLED TV 허위 광고 저격",https://news.tvchosun.com/site/data/html_dir/2025/10/19/2025101990079.html
2025-10-22,"INVEST,LAUNCH","진짜 악의 제국이네…""총액 4억 달러 예상' 다저스 FA 최대어 영입 나선...",https://www.spotvnews.co.kr/news/articleView.html?idxno=777346
2025-10-22,"CERT,LAUNCH","보넥도, 음악 잘 하는 ‘옆집 소년들’의 이유있는 성장 ②",https://isplus.com/article/view/isp202510210079
2025-10-22,"INVEST,LAUNCH",[매거진] 점프볼x바스켓볼다이제스트 : NBA 개막! 전문가들이 꼽은 우승...,https://m.sports.naver.com/basketball/article/065/0000286224
2025-10-20,"LAUNCH,REGUL","[실리콘 디코드] TSMC, 美와 'AI 동맹'…中 화웨이 공급망 원천 차단",https://www.g-enews.com/view.php?ud=202510201616238351fbbec65dfb_1
2025-10-20,LAUNCH,"'재벌家 DNA' 애니, 난해한 크롭티+퍼숄더 조합 패션 [스한★그램]",https://sports.hankooki.com/news/articleView.html?idxno=6913349
2025-10-22,LAUNCH,"영란은행 총재도 ""2008년 사태와 유사""…경고음 커지는 美사모대출 시장",https://www.sedaily.com/NewsView/2GZA0PWH8W
2025-10-22,"INVEST,LAUNCH,REGUL","“금감원, 기후변화로 인한 금융위기 ‘그린스완’ 방지에 미온적”",https://www.inthenews.co.kr/news/article.html?no=78289
2025-10-22,"INVEST,LAUNCH,REGUL","금감원, '그린스완' 방지에 미온적 태도…기후리스크 대응 의무화 외면",https://www.eroun.net/news/articleView.html?idxno=65387
2025-10-22,"INVEST,LAUNCH,REGUL","KoSIF ""금감원, 기후변화로 인한 금융위기인 '그린스완 방지'에 미온적 ...",http://www.efnews.co.kr/news/articleView.html?idxno=124166
2025-10-22,"INVEST,LAUNCH,REGUL","""돈의 방향이 바뀐다""…글로벌 은행들, 첨단산업에 자금 몰려",https://www.asiaa.co.kr/news/articleView.html?idxno=227165
2025-10-21,REGUL,"크립토UK, 영란은행의 스테이블코인 공청회에 '환영'…“미국과 보조 맞...",https://www.tokenpost.kr/news/cryptocurrency/296264
2025-10-21,"INVEST,LAUNCH",[증시이슈 진단] '고공비행' 반도체주 더 날아오를까,https://ilyo.co.kr/?ac=article_view&entry_id=501652
2025-10-21,INVEST,"HB테크놀러지, 티엔마에 검사장비 공급...40억~50억원 규모",http://www.thelec.kr/news/articleView.html?idxno=42439
2025-10-20,"INVEST,LAUNCH",中 추월당한 '스마트폰 OLED'⋯ K디스플레이 주도권 위기,https://www.etoday.co.kr/news/view/2515806
2025-10-16,"INVEST,LAUNCH,ORDER","AP시스템, APS서 600억원에 공장 매입...""OLED 장비 생산능력 확대""",http://www.thelec.kr/news/articleView.html?idxno=42231
2025-10-16,INVEST,"AP시스템, 600억 투자로 OLED 장비 생산능력 2배 확대",https://www.newspim.com/news/view/20251016001012
2025-10-16,"INVEST,LAUNCH","AP시스템, 600억원 설비투자 단행…OLED 장비 생산능력 2배 확대",https://zdnet.co.kr/view/?no=20251016161707
2025-10-15,INVEST,中 OLED 투자 경쟁… 국내 장비기업 낙수효과 기대,http://www.fnnews.com/news/202510151809523561
2025-08-21,"INVEST,ORDER","LG디스플레이 로열티 수익 '대박'...상반기 717억 원, 작년 한해 수준 넘...",http://www.consumernews.co.kr/news/articleView.html?idxno=738739
2025-08-13,LAUNCH,"LG전자-LG디스플레이, 130인치대 마이크로 LED 만든다",http://www.thelec.kr/news/articleView.html?idxno=39441
2025-08-10,"INVEST,LAUNCH","반도체 관세전쟁 속 마이크론만 여유?…CEO, 亞 사업장 순회점검",https://biz.heraldcorp.com/article/10550294?ref=naver
2025-08-06,LAUNCH,한자리에 모인 글로벌 디스플레이…기술혁신·관세대응 전략 논의,https://www.ntoday.co.kr/news/articleView.html?idxno=118194
2025-08-06,"INVEST,LAUNCH","삼성D·LGD, AI 품고 진화…시장 정체 돌파구 모색",http://www.srtimes.kr/news/articleView.html?idxno=182946
2025-04-16,INVEST,"한-대만, 디스플레이 새 먹거리 '마이크로LED' 소부장 시장 진입 기술교...",https://www.financialpost.co.kr/news/articleView.html?idxno=224479
2025-04-16,PARTNERSHIP,"韓-대만, '미래 먹거리' 마이크로LED 기술 교류·협력 강화",https://www.news1.kr/industry/general-industry/5755257
2025-04-16,INVEST,한국-대만 마이크로LED 기술협력 본격화,https://www.ebn.co.kr/news/articleView.html?idxno=1659447
2025-04-16,INVEST,“마이크로LED 기술 확대하자” 한국-대만 소부장 비즈니스 협력,https://www.etoday.co.kr/news/view/2462607
2025-03-25,"INVEST,LAUNCH","애플, 1400억원 규모 중국 청정에너지 펀드 조성",http://www.impacton.net/news/articleView.html?idxno=14496
2025-11-03,LAUNCH,“결정적 차이 없다” OLED 모니터라면 모두 좋은 이유,https://www.itworld.co.kr/article/3841935/결정적-차이-없다-oled-모니터라면-모두-좋은-이유.html
2025-01-04,LAUNCH,"TSMC ""첨단 패키징 CoWoS 용량 월 7.5만장…작년 2배""",https://zdnet.co.kr/view/?no=20250103170913
2024-09-19,INVEST,"[EBN 칼럼] 위기의 한국 디스플레이, 탈출구는 바로 여기",https://www.ebn.co.kr/news/view/1637247/?sc=Naver
2025-09-08,"CERT,INVEST,ORDER",9월 5일 주식시장 주요공시,https://www.nbnews.kr/news/articleView.html?idxno=114156
2025-09-08,"INVEST,LAUNCH,ORDER","[N2 모닝 경제 브리핑-9월 8일] 美 증시, 고용지표 예상밖 악화 속 하락...",https://www.news2day.co.kr/article/20250907500014
2025-09-05,ORDER,기업공시 [9월 5일],https://www.sedaily.com/NewsView/2GXS8X4PU4
2025-09-25,"INVEST,LAUNCH,REGUL",코스피가 수익률 8배 높은데 S&P로 몰려가는 개미들…“韓주식시장 할인...,https://www.sedaily.com/NewsView/2GY1EA9XJQ
2025-09-24,"INVEST,LAUNCH",아이폰17 흥행에 AI·로봇 훈풍까지…국내 디스플레이·카메라 '빅사이...,https://www.sedaily.com/NewsView/2GY10G6WZJ
2025-09-24,"INVEST,LAUNCH","신한투자 ""LG디스플레이 내년 수익성 본격 개선, OLED 확대로 내년 영업...",https://www.businesspost.co.kr/BP?command=article_view&num=413236
2025-09-23,"INVEST,LAUNCH","""中에 밀리는 디스플레이? 조선업처럼 한국만의 카드""",http://www.inews24.com/view/1890194
2025-09-19,"LAUNCH,ORDER","'아이폰17' 상륙…LG디스플레이, OLED 증설·애플워치 독점으로 '실적 반...",https://www.megaeconomy.co.kr/news/newsview.php?ncode=1065593297643866
2025-09-19,"INVEST,LAUNCH",'배짱장사' 어도비의 추락… 1년 사이 시총 94조 증발 [디지털포스트 모...,https://www.ilovepc.co.kr/news/articleView.html?idxno=56077
2025-10-22,LAUNCH,"‘모범택시3’, 표예진 첫 스틸 공개..똑단발로 돌아온 ‘황금막내’",http://www.breaknews.com/1155697
2025-10-22,LAUNCH,"티로보틱스, 반도체대전서 'AI 반도체·유리기판 공정용 진공로봇' 공개",https://www.widedaily.com/news/articleView.html?idxno=280852
2025-10-22,LAUNCH,"티로보틱스, '반도체대전 2025' 참가",https://www.cstimes.com/news/articleView.html?idxno=673263
2025-10-22,LAUNCH,"티로보틱스, 반도체대전 2025 참가…""AI 반도체·유리기판 공정용 진공로...",https://www.newspim.com/news/view/20251022000724
2025-10-22,LAUNCH,"티로보틱스, 반도체대전 2025 참가…AI 반도체·유리기판 공정용 진공로...",https://www.etoday.co.kr/news/view/2517236
2025-10-22,LAUNCH,"티로보틱스, AI 반도체·유리기판 공정용 진공로봇 공개",http://www.edaily.co.kr/news/newspath.asp?newsid=03650646642335544
2025-10-22,LAUNCH,"티로보틱스, AI 반도체·유리기판 공정용 진공 로봇 공개",https://www.pinpointnews.co.kr/news/articleView.html?idxno=387332
2025-10-21,"INVEST,LAUNCH,ORDER","HB솔루션, 세종 이전으로 생산 효율성↑…반도체ㆍ이차전지 사업 확대 ...",https://www.etoday.co.kr/news/view/2516510
2025-10-22,INVEST,[골든크로스 종목] 이동평균선이 덩실덩실…덕산테코피아·원익피앤이 ...,https://www.pinpointnews.co.kr/news/articleView.html?idxno=387433
2025-10-22,LAUNCH,"""영화관 스크린이 거실에""...삼성 확장현실 헤드셋 '갤럭시XR' 공개",https://www.pinpointnews.co.kr/news/articleView.html?idxno=387392
2025-10-22,"CERT,INVEST,LAUNCH,ORDER","[리서치 분석] ""다올투자증권 ' IT ·방산·소비 트렌드'… 삼성전자  OLED ·...",https://www.topstarnews.net/news/articleView.html?idxno=15847605
2025-10-22,"LAUNCH,PARTNERSHIP","""요즘 해외 여행지 어디로?""…삼성 TV 켰더니 답변 '뚝딱'",https://www.hankyung.com/article/202510225092g
2025-10-22,LAUNCH,"M5 칩으로 성능 강화, 공간컴퓨팅 헤드셋 ‘애플 비전 프로’",https://it.donga.com/107730/
2025-10-22,LAUNCH,"샤오미, 차세대 '포코 F8 울트라' 출시 앞당기나",https://kbench.com/?q=node/272368
2025-10-21,LAUNCH,IT  업계가 선글라스 회사 레이밴에 주목하는 이유는?...삼성도 XR 헤드셋...,https://www.greened.kr/news/articleView.html?idxno=332260
2025-10-22,LAUNCH,"‘단순함 속 조화와 균형’ 마이크로닉스, WIZMAX 모노크롬 출시",https://www.thisisgame.com/articles/405206
2025-10-22,LAUNCH,"""화면 속 메이플, 강남으로 나왔다""... 넥슨이 강남역에 만든 PC방 '메이...",https://www.insight.co.kr/news/525348
2025-10-22,LAUNCH,"필립스, 144Hz지원 IPS  게이밍 모니터  신제품 2종 출시행사 진행",https://gamefocus.co.kr/detail.php?number=170290
2025-10-22,LAUNCH,"넷마블 ‘몬길: STAR DIVE’, 삼성전자 ‘오디세이 3D’와 글로벌 게임쇼...",https://weekly.cnbnews.com/news/article.html?no=193658
2025-10-21,LAUNCH,"[리뷰] 엑스박스 품은 ‘로갈리’, ROG Xbox Ally X",https://www.donga.com/news/It/article/all/20251021/132608921/1
2025-11-03,"CERT,LAUNCH,REGUL",인텔 코어 울트라와 윈도우 코파일럿 : 로컬 인공지능의 가능성과 한계,https://www.itworld.co.kr/article/4076059/인텔-코어-울트라와-윈도우-코파일럿-로컬-인공지능.html
2025-10-21,LAUNCH,미국 요리학교 출신 셰프 초빙해 피자 구워주고 랍스터·제육까지... 농...,https://www.insight.co.kr/news/524926
2025-10-20,"LAUNCH,PARTNERSHIP","넷마블 ‘몬길: 스타다이브’, 삼성 오디세이 3D와 맞손.. 전 세계 홀렸...",http://kpenews.com/View.aspx?No=3820741
2025-10-20,LAUNCH,에이수스 ROG Strix 'XG27AQWMG' 11월 출시 예정.. 280Hz 탠덤 OLED 디스플...,https://kbench.com/?q=node/272312
2025-10-20,PARTNERSHIP,"[르포] 넥슨, '메이플 아지트' 정식 오픈 ""22년 메이플 팬덤 위한 진정한...",https://www.smartfn.co.kr/news/articleView.html?idxno=123111
2025-10-20,LAUNCH,"넷마블 ‘몬길: 스타 다이브’, 삼성 오디세이와 글로벌 무대 장악",https://www.topdaily.kr/articles/106088
2025-10-22,"LAUNCH,PARTNERSHIP","삼성전자, 2025년형 TV· 모니터 에 업계 최초 '퍼플렉시티' 탑재",https://www.insightkorea.co.kr/news/articleView.html?idxno=233955
2025-10-22,PARTNERSHIP,"삼성전자, TV· 모니터 에 업계 최초 '퍼플렉시티' 탑재",https://www.ziksir.com/news/articleView.html?idxno=108792
2025-10-22,LAUNCH,"""폴더블 아이패드 550만원…출시는 2029년 유력""",https://zdnet.co.kr/view/?no=20251022080049
2025-10-21,LAUNCH,[정옥재의 스마트 라이프] ‘젖혔다가 세웠다가’…옴니북X 플립 써보니,http://www.kookje.co.kr/news2011/asp/newsbody.asp?code=0200&key=20251021.99099004775
2025-10-21,"CERT,INVEST",[PLAY IT] HP 옴니북 X 플립 14 써보니…단단한 컨버터블 속 '콘텐츠·AI'...,https://www.ddaily.co.kr/page/view/2025101516225135727
2025-10-20,LAUNCH,"애플, M5칩 탑재 맥북 프로·아이패드 프로·비전 프로 공개",https://www.stardailynews.co.kr/news/articleView.html?idxno=504828
2025-10-20,"INVEST,LAUNCH,ORDER","애플 ' OLED  터치스크린 맥북' 내년 출시 유력, 이청 삼성디스플레이 'IT...",https://www.businesspost.co.kr/BP?command=article_view&num=416097
2025-10-20,LAUNCH,"""애플, 터치스크린 탑재 '맥북 프로' 준비 중""[모닝폰]",http://www.edaily.co.kr/news/newspath.asp?newsid=02043446642334888
2025-10-19,INVEST,"“ 노트북 ·모니터  OLED  광풍 분다”…삼성·LGD,  OLED  새 활로 찾았다",https://www.ceoscoredaily.com/page/view/2025101716384446299
2025-10-18,LAUNCH,"엔비디아 슈퍼칩 품은 '델 프로 맥스', 로컬 LLM 시대 본격화 [PC마켓]",https://it.chosun.com/news/articleView.html?idxno=2023092149110
2025-10-18,"INVEST,LAUNCH,ORDER,PARTNERSHIP","반도체 재료·부품 관련주, '봄날의 햇살' 샘씨엔에스·하나머티리얼즈...",http://www.finomy.com/news/articleView.html?idxno=241061
2025-10-21,"INVEST,LAUNCH,ORDER,PARTNERSHIP,REGUL","로봇·산업용·협동로봇 관련주, '함박웃음' 코닉오토메이션·로보스타...",http://www.finomy.com/news/articleView.html?idxno=241175
2025-10-20,"LAUNCH,ORDER","[더벨]삼성전자도 덮친 '전기차 캐즘',  차량용  AP 순연",https://www.thebell.co.kr/free/content/ArticleView.asp?key=202510161731244200102447
2025-10-20,"INVEST,LAUNCH","""비에이치, 아이폰 부품 공급 따른 실적 개선 기대…목표가↑""-KB",https://www.hankyung.com/article/2025102087886
2025-10-20,"INVEST,LAUNCH","KB증권 “비에이치, 고정비 부담 완화·우려 대비 견조한 PCB 업황..목표...",http://kpenews.com/View.aspx?No=3819680
2025-10-18,"INVEST,LAUNCH,ORDER,PARTNERSHIP",車부품 넘어 전장·반도체·로보틱스까지…미래 모빌리티 新영역 일구는...,https://biz.heraldcorp.com/article/10595953?ref=naver
2025-10-18,"CERT,INVEST,LAUNCH",위기에서 빛난 구광모...유연하고 과감한 리더십 주목,https://www.asiatime.co.kr/article/20251017500155
2025-10-18,"CERT,INVEST,LAUNCH,ORDER,REGUL","전기차 관련주, '웃음꽃' 한온시스템·이닉스·엘앤에프·삼성SDI... '시들...",http://www.finomy.com/news/articleView.html?idxno=241060
2025-10-17,"INVEST,LAUNCH,ORDER","[더벨][인디아 드림 리플레이]삼성전자, 인도 접점 확대 추진 'AI홈 전면...",https://www.thebell.co.kr/free/content/ArticleView.asp?key=202510011612558240106394
2025-10-17,INVEST,"자동차부품 관련주, '덩실덩실' 모티브링크·에스엠벡셀·화신정공·현대...",http://www.finomy.com/news/articleView.html?idxno=240978
2025-10-22,LAUNCH,"삼성전자, 구글·퀄컴 협력 '갤럭시XR' 출시...안드로이드 XR 중심 생태계...",https://www.job-post.co.kr/news/articleView.html?idxno=184373
2025-10-22,INVEST,"덕산테코피아 주가, 급등... 이유는?",https://www.ggilbo.com/news/articleView.html?idxno=1119515
2025-10-22,"LAUNCH,PARTNERSHIP",삼성·구글·퀄컴 '갤럭시 XR 동맹'…음성·시선으로 AI와 소통한다,https://www.insightkorea.co.kr/news/articleView.html?idxno=233968
2025-10-22,LAUNCH,"아우라, 13인치 디지털 액자 '잉크' 출시…컬러 사진도 완벽 지원",https://www.digitaltoday.co.kr/news/articleView.html?idxno=598808
2025-10-22,LAUNCH,"팅크웨어, 빠르고 정확한 레이저 골프 거리측정기 선봬",http://www.metroseoul.co.kr/article/20251022500003
2025-10-22,LAUNCH,"""흑백으로만 찍어요"" 리코 GR IV 모노크롬 공개…2026년 봄 출시",https://www.digitaltoday.co.kr/news/articleView.html?idxno=598664
2025-10-22,LAUNCH,"고양이 배변까지 감시하는 AI…위스커, '리터로봇 5 프로' 출시",https://www.digitaltoday.co.kr/news/articleView.html?idxno=598663
2025-10-22,"INVEST,ORDER","한국 기술로 글로벌 시장 공략…포인트모바일·빅솔론, UPS 프로젝트 합...",https://www.mk.co.kr/article/11447192
2025-10-22,"CERT,LAUNCH","현대자동차, 승용·RV·경형·전기차·프리미엄 모든 차량부문 석권…전...",https://www.hankyung.com/article/2025102120051
2025-10-22,LAUNCH,"삼성전자, 2025년형 TV·모니터에 '퍼플렉시티' 탑재…AI 스크린 시대 이...",https://www.news2day.co.kr/article/20251022500318
2025-10-23,LAUNCH,[현장]삼성전자·SK하이닉스의 '6세대 HBM 전쟁'...코엑스는 달아올랐다,https://www.hankookilbo.com/News/Read/A2025102215440005670?did=NA
2025-10-22,LAUNCH,"아바코, AVP용 스퍼터 양산라인 평가 계약",http://www.thelec.kr/news/articleView.html?idxno=42559
2025-10-22,"INVEST,LAUNCH",[10월23일자] 비즈니스포스트 아침의 주요기사,https://www.businesspost.co.kr/BP?command=article_view&num=416589
2025-10-22,LAUNCH,"MSI, 500Hz 초고주사율과 DP2.1을 탑재한 게이밍 모니터 출시",https://www.thisisgame.com/articles/405258
2025-10-22,"INVEST,LAUNCH","[WIKI 현장] 삼성전자, SEDEX 2025서 HBM4 실물 첫 공개…AI 메모리 대결...",http://www.wikileaks-kr.org/news/articleView.html?idxno=176464
2025-10-22,"CERT,LAUNCH","MSI, 게이밍 모니터 'MPG 271QR QD- OLED  X50' 출시... DP 최신 규격 및 500...",https://kr.aving.net/news/articleView.html?idxno=1805211
2025-10-23,"INVEST,LAUNCH,ORDER,PARTNERSHIP","2차전지 관련주, '룰루랄라 콧노래' 코윈테크·세아메카닉스·에이아이...",http://www.finomy.com/news/articleView.html?idxno=241380
2025-10-22,"LAUNCH,ORDER","[더벨]장석준 이노테크 대표 ""글로벌 신뢰성 장비 선도기업 도약""",https://www.thebell.co.kr/free/content/ArticleView.asp?key=202510221538475880109019
2025-10-22,"INVEST,LAUNCH,PARTNERSHIP,REGUL","헤드셋 쓰고 ""파리 가자"" 말하니 에펠탑 눈앞",https://www.mk.co.kr/article/11448490
2025-10-22,LAUNCH,"MSI, 500Hz 초고주사율과 DP2.1을 탑재한 게이밍 모니터 'MPG 271QR QD- OLED  ...",https://kbench.com/?q=node/272413
2025-10-22,"LAUNCH,PARTNERSHIP,REGUL","[재계는 지금] LG전자, S&P ​신용등급 전망 '긍정적' 상향 外",https://dealsite.co.kr/articles/149967
2025-10-22,"LAUNCH,PARTNERSHIP","삼성전자, 신형 TV·모니터에 '퍼플렉시티' 탑재…업계 최초",http://www.shinailbo.co.kr/news/articleView.html?idxno=2133788
2025-10-22,"LAUNCH,PARTNERSHIP","삼성전자, 2025년형 TV·모니터에 생성형AI '퍼플렉시티' 탑재",https://www.slist.kr/news/articleView.html?idxno=687532
2025-10-22,LAUNCH,‘미래는 이미 시작됐다’…2025 미래혁신기술박람회(FIX 2025) 대구 엑스...,http://www.inews24.com/view/1898453
2025-10-23,"LAUNCH,PARTNERSHIP","헤드셋 쓴채 “식당” 말하자, 눈앞에 ‘맛집 지도’가…",https://www.donga.com/news/Economy/article/all/20251022/132617030/2
2025-10-23,LAUNCH,갤럭시 XR 써보니… 말 한마디에 뉴욕 피자집이 눈앞에,https://www.chosun.com/economy/tech_it/2025/10/23/BQGTOSVCLNCBBPY7ZSLYWMJUYI/?utm_source=naver&utm_medium=referral&utm_campaign=naver-news
2025-10-23,"INVEST,ORDER","반도체 장비 관련주, '봄꽃만개' 디아이·한미반도체·고영... '시들시들...",http://www.finomy.com/news/articleView.html?idxno=241384
2025-10-23,"CERT,INVEST,LAUNCH,PARTNERSHIP","지능형로봇·인공지능( AI ) 관련주, '웃음' 더블유에스아이·에스투더블...",http://www.finomy.com/news/articleView.html?idxno=241383
2025-10-23,"CERT,LAUNCH,ORDER,PARTNERSHIP","의료기기 관련주, '봄날의 햇살' 로킷헬스케어·티앤알바이오팹·퀀타매...",http://www.finomy.com/news/articleView.html?idxno=241381
2025-10-22,"LAUNCH,PARTNERSHIP",미래 스마트폰이라는데...웨어러블  디스플레이 의 현실적인 '벽',https://www.pointdaily.co.kr/news/articleView.html?idxno=275693
2025-10-22,"LAUNCH,REGUL",한국 산업정책의 근본 전환이 필요하다,https://www.ulsanpress.net/news/articleView.html?idxno=561270
2025-10-22,LAUNCH,직장인들 ‘날벼락’…“9000명 해고하더니” 역대 최악 ‘희망퇴직’ ...,https://biz.heraldcorp.com/article/10599160?ref=naver
2025-10-22,"LAUNCH,PARTNERSHIP","""뉴욕 피자 맛집 찾아줘"" 묻자 바로 눈앞에…'멀티모달  AI ' 최적화",https://www.sedaily.com/NewsView/2GZA22VAC6
2025-10-22,LAUNCH,[정동칼럼]우리에게 중국은 무엇일까,https://www.khan.co.kr/article/202510222120005
2025-10-22,"INVEST,REGUL","'대륙의 실수' 중국 기술, 15년새 한국 빠르게 추월",https://www.kdpress.co.kr/news/articleView.html?idxno=200066
2025-10-22,"CERT,LAUNCH","강력 보안에 친환경 설계까지...델, 중소·중견기업 맞춤형 PC '델 프로 ...",https://www.autodaily.co.kr/news/articleView.html?idxno=537982
2025-10-22,CERT,[천자춘추] 디지털 플로리즘,https://www.kyeonggi.com/article/20251022580486
2025-10-22,"CERT,INVEST,LAUNCH,PARTNERSHIP","한국제약바이오협회, 24일 창립 80주년 기념식 개최ㆍ제약바이오산업 성...",http://www.newsmp.com/news/articleView.html?idxno=249514
2025-10-22,"LAUNCH,PARTNERSHIP","삼성중공업, 확장현실 기술 통해 조선소 DX '잰걸음'",http://www.hansbiz.co.kr/news/articleView.html?idxno=785058
2025-10-22,"LAUNCH,PARTNERSHIP","삼성전자, 22일 갤럭시 XR 출시...""10년 구상 끝 현실화""",http://www.thebigdata.co.kr/view.php?ud=2025102218190760794aca46cea9_23
2025-10-22,"CERT,INVEST,ORDER,PARTNERSHIP","로봇·산업용·협동로봇 관련주, '맑음' 씨피시스템·케이엔알시스템·...",http://www.finomy.com/news/articleView.html?idxno=241379
2025-10-22,"LAUNCH,PARTNERSHIP","[Today Auto]현대차·기아, '2025 아이디어 페스티벌' 개최 外",http://www.press9.kr/news/articleView.html?idxno=68092
2025-10-23,"INVEST,LAUNCH","뉴욕증시, 미·중 무역 갈등 우려와 실적 실망에 하락 마감",https://www.newspim.com/news/view/20251023000019
2025-10-23,"INVEST,LAUNCH","뉴욕증시, 소프트웨어로 中에 보복 검토하는 美…하락 마감",https://www.yna.co.kr/view/AKR20251023007400009?input=1195m
2025-10-23,LAUNCH,"[속보]국제 유가 미국-인도 무역협상 호조에 급반등, 천연가스는 소폭 ...",https://www.socialvalue.kr/news/view/1065552161444967
2025-10-23,"INVEST,LAUNCH","[마감]미국증시, 넷플릭스 10% 급락에 반도체 2.4% 나스닥 0.9% 다우 0.7% ...",https://www.socialvalue.kr/news/view/1065552359744463
2025-10-23,"INVEST,LAUNCH",비트코인 이어 금도 '조정'…유동성 랠리 '경고등' 켜졌나,https://www.nocutnews.co.kr/news/6416932?utm_source=naver&utm_medium=article&utm_campaign=20251023050043
2025-10-23,INVEST,"김정관·김용범, 러트닉과 협상...""한미협상 마지막 국면, 더 논의해야""",https://www.ytn.co.kr/_ln/0104_202510230448543617
2025-10-23,LAUNCH,[뉴욕 금가격] 美 CPI 경계에 이틀째 약세…'비중확대' 의견 철회도,https://news.einfomax.co.kr/news/articleView.html?idxno=4379750
2025-10-23,LAUNCH,[뉴욕유가] 美·인도 무역합의 임박 기대감…WTI 2.2% 급등,https://www.yna.co.kr/view/AKR20251023005200009?input=1195m
2025-10-23,"INVEST,LAUNCH","[속보] 넷플릭스- 테슬라 실적발표 충격 뉴욕증시 비트코인 금값 ""와르...",https://www.g-enews.com/view.php?ud=20251023043645184906806b77b_1
2025-10-23,INVEST,"달러-원, 야간서 위험회피 속 구윤철 발언에 출렁…1,431원 마감",https://news.einfomax.co.kr/news/articleView.html?idxno=4379749
2025-10-23,"INVEST,LAUNCH","[속보]미국증시, 신용시장 위험+넷플릭스 실망에 반도체 급락 나스닥 급...",https://www.socialvalue.kr/news/view/1065550500397194
2025-10-23,INVEST,"달러-원, 구윤철 발언에도 1431원 유지…위험회피 속 낙폭 제한",https://www.pointdaily.co.kr/news/articleView.html?idxno=275735
2025-10-23,LAUNCH,"경복대, 2025 다산 정약용 문화제서 ‘미래공방’ 운영",https://www.ekn.kr/web/view.php?key=20251022027308797
2025-10-23,"CERT,LAUNCH",[오늘의 1면 사진] '눈 앞의 AI 비서' 베일 벗은 갤럭시 XR,https://www.hankookilbo.com/News/Read/A2025102222400001634?did=NA
2025-10-23,"INVEST,LAUNCH",'아마존' 창고 자동화 75% 로봇 도입…신기술 현장 검증 본격화,https://www.topstarnews.net/news/articleView.html?idxno=15848264
2025-10-23,LAUNCH,"아마존, '로봇이용' 창고 자동화 '성큼'…""현장 테스트 중""",https://www.yna.co.kr/view/AKR20251023003900091?input=1195m
2025-10-23,"INVEST,LAUNCH,REGUL","공항 총기난사 예고범, 범행 직전 체포‘아찔’",http://www.koreatimes.com/article/1586016
2025-10-23,LAUNCH,"[10월 22일 병원계 이모저모①]고려대안암, 노원을지대, 서울성모, 일산...",https://medicalworldnews.co.kr/news/view.php?idx=1510970771
2025-10-23,INVEST,"[AI 경쟁력, 데이터센터 역량에 달렸다! (3)] 데이터센터 자세히 들여다...",https://www.news2day.co.kr/article/20251022500210
2025-10-22,LAUNCH,"HL로보틱스, DIFA 2025서 실내 자율주행 주차 로봇 '파키(PARKIE)' 시연 나...",https://kr.aving.net/news/articleView.html?idxno=1805208
2025-10-22,INVEST,국내 우수 종자 한자리에…“기후위기 강한 품종 선보여”,https://news.kbs.co.kr/news/pc/view/view.do?ncd=8388235&ref=A
2025-10-22,LAUNCH,포항시립미술관 제2관 짓는다,https://www.idaegu.co.kr/news/articleView.html?idxno=527143
2025-10-22,LAUNCH,포항시립미술관 제2관 건립…문화도시 도약,https://www.ksmnews.co.kr/news/view.php?idx=569910
2025-10-23,"INVEST,REGUL","美 ‘희토류 패권’ 손놓은 사이, 中이 장악… 베선트 “25년간 방심”",https://www.donga.com/news/Economy/article/all/20251023/132617478/2
2025-10-23,LAUNCH,"마세라티, 옵션 더하고 가격 내린 2026년형 그레칼레 출시",https://www.donga.com/news/Economy/article/all/20251022/132615358/2
2025-10-22,"INVEST,ORDER,REGUL",[투자의 창] 흔들리는 부동산 공화국,https://www.sedaily.com/NewsView/2GZA21DYCE
2025-10-22,"INVEST,LAUNCH","[IPO] ""맞춤형 신뢰성 장비로 성장 가속""…이노테크, 코스닥 문 두드린다",http://www.womentimes.co.kr/news/articleView.html?idxno=91599
2025-10-22,INVEST,"' 삼성 ·메타' 고객사로 둔 이노테크, 시험장비로 글로벌 도약",http://www.edaily.co.kr/news/newspath.asp?newsid=04342726642335544
2025-10-22,"INVEST,ORDER","기관들, 원익IPS '매수 러시'…  삼성 전자 CAPEX 확대 기대감 반영",https://www.thepublic.kr/news/articleView.html?idxno=280674
2025-10-22,"INVEST,LAUNCH","[IPO 워치] 이노테크, '고객맞춤형' 기술력 자신…사업다각화·해외 확장...",https://www.bloter.net/news/articleView.html?idxno=646007
2025-10-22,INVEST,기업 몰리는 아산…'경제 활력' 꿈틀댄다,https://www.hankyung.com/article/2025102260321
2025-10-22,"INVEST,LAUNCH",한국기업 텃밭 가꾼 베트남 전자 생태계…돈은 중국 기업이 쓸어간다,https://www.mk.co.kr/article/11448687
2025-10-22,"INVEST,ORDER","7700억 차환 부담 덜었다…S&P,  LG 전자 신용등급 전망 상향",https://www.dt.co.kr/article/12024544?ref=naver
2025-10-22,INVEST,"S&P,  LG 전자 신용등급 3년 만에 한단계 상향",http://www.fnnews.com/news/202510221821037053
2025-10-22,"INVEST,LAUNCH,ORDER","LG 전자, 신용등급 3년만 상향…“印 IPO 흥행·실적개선”",https://www.sentv.co.kr/article/view/sentv202510220087
2025-10-22,ORDER,[브리프]  LG 전자 KT  LG 유플러스 네이버 카카오 코웨이,http://www.biztribune.co.kr/news/articleView.html?idxno=342028
2025-10-22,"INVEST,REGUL",구미 SK실트론 노동조합.. 4차 본교섭 전 서울·구미 동시 시위 들어가,https://www.dkilbo.com/news/articleView.html?idxno=518801
2025-10-22,"INVEST,LAUNCH",中기업들 '베트남 러시'… 삼성· LG 가 키운 전자산업 생태계 침투,https://www.mk.co.kr/article/11448610
2025-10-22,"INVEST,ORDER","S&P,  LG 전자 신용등급 전망 3년 만에 '긍정적' 상향",http://www.smarttimes.co.kr/news/articleView.html?idxno=38705
2025-10-22,ORDER,"LG 전자, 신용등급 전망 3년 만에 '긍정적'으로 한 단계 상승",https://www.news2day.co.kr/article/20251022500143
2025-10-22,INVEST,"LG , 사업보고회 스타트…구광모 '선택과 집중' 구체화",https://www.sedaily.com/NewsView/2GZA04DSTA
2025-10-23,LAUNCH,'초슬림폰' 줄줄이 부진…아이폰 에어·갤엣지 1년 만에 끝?,https://www.news1.kr/it-science/general-it/5949988
2025-10-23,LAUNCH,K-게임 부진 탈출 시동…‘카제나·아키텍트’ 흥행 시험대 오른다,https://www.dnews.co.kr/uhtml/view.jsp?idxno=202510221237119570644
2025-10-23,"INVEST,LAUNCH","메타, AI 조직서 600명 감원…“조직 슬림화·효율 강화”",https://www.geconomy.co.kr/news/article.html?no=308802
2025-10-23,LAUNCH,"뉴욕증시, 미중 갈등 재점화 3대지수 '하락'…넷플릭스 10%↓",http://www.wowtv.co.kr/NewsCenter/News/Read?articleId=A202510230294&t=NN
2025-10-23,LAUNCH,최강 AI로 눈앞 신세계… 베일 벗은 ‘갤럭시 XR’,https://www.seoul.co.kr/news/economy/IT/2025/10/23/20251023018005?wlog_tag3=naver
2025-10-23,"INVEST,LAUNCH,REGUL",힌턴·벤지오 등 거물들 'AGI 개발 금지' 한목소리… 글로벌 여론도 규제...,https://www.tokenpost.kr/news/ai/296758
2025-10-23,INVEST,AI 대전환 시대… 미래를 그리다[2025 서울미래컨퍼런스],https://www.seoul.co.kr/news/plan/forum/forum-future/2025/10/23/20251023001004?wlog_tag3=naver
2025-10-23,"INVEST,REGUL",한국 공정위 美기업 규제로 10년간 1조 달러 손실 경고,https://www.g-enews.com/view.php?ud=202510222011096317fbbec65dfb_1
2025-10-23,LAUNCH,"미국증시 장중..4대지수 '하락', 넷플릭스·빅테크·AI반도체주 '뚝'",http://www.choicenews.co.kr/news/articleView.html?idxno=155556
2025-10-23,LAUNCH,출시 한 달도 안 됐는데... 아이폰 17 프로 '변색 논란',https://www.ggilbo.com/news/articleView.html?idxno=1118850
2025-10-23,"INVEST,REGUL","구글· 애플 , 영국서 반독점 조사 더 강하게 받게 돼",https://news.kbs.co.kr/news/pc/view/view.do?ncd=8388365&ref=A
2025-10-23,LAUNCH,"오픈AI, 자체 웹브라우저 출시… 챗GPT 무기로 구글에 도전장",https://www.donga.com/news/Economy/article/all/20251022/132616314/2
2025-10-23,LAUNCH,"삼성, ‘갤S25 시리즈’로 프리미엄 시장 점유율 12% 껑충",https://www.donga.com/news/Economy/article/all/20251022/132616564/2
2025-10-23,"INVEST,LAUNCH","메타, AI 부문서 600명 감원…""조직 민첩성 강화할 것""",https://www.bloter.net/news/articleView.html?idxno=646030
2025-10-23,INVEST,"美조지아 주지사, 현대차그룹 부회장과 오늘 회동",https://www.seoul.co.kr/news/economy/2025/10/23/20251023019004?wlog_tag3=naver
2025-10-23,"LAUNCH,PARTNERSHIP","5만발 불꽃ㆍ2000대 드론쇼...경주 '글로벌 쇼룸'으로 변신 [APEC 경주, 세...",https://www.etoday.co.kr/news/view/2517244
2025-10-23,"LAUNCH,PARTNERSHIP",젠슨 황·손정의·CATL 회장 등 ‘빅샷’ 총출동⋯'AI 대전환' 속도전 [A...,https://www.etoday.co.kr/news/view/2517190
2025-10-23,LAUNCH,"반도체 '금탑훈장'에 SK하이닉스 곽노정...""HBM4 순조롭게 진행""",https://www.ytn.co.kr/_ln/0102_202510230502573517
2025-10-23,"CERT,INVEST,LAUNCH,REGUL","[실리콘 디코드] 中 CXMT, 420억 달러 IPO 강행…'D램 굴기' 승부수",https://www.g-enews.com/view.php?ud=202510221814145470fbbec65dfb_1
2025-10-23,INVEST,기관 7600억 '사자'… 사천피까지 단 3%,https://www.mt.co.kr/stock/2025/10/23/2025102220032080173
2025-10-23,"INVEST,ORDER","삼성 그룹株 전방위 급등…""AI·바이오·조선·배터리 동반 리레이팅 본...",https://www.pointdaily.co.kr/news/articleView.html?idxno=275736
2025-10-23,LAUNCH,TV로 손주 사진 보고 영상통화… 가전업계 ‘큰손’ 된 액티브 시니어,https://www.donga.com/news/Economy/article/all/20251022/132615369/2
2025-10-23,LAUNCH,"삼성전자 ·SK하이닉스, HBM4 실물 국내 첫 공개",https://www.donga.com/news/Economy/article/all/20251022/132616310/2
2025-10-23,LAUNCH,AI와 대화하고 시선·손짓으로 조작… 볼거리 넘친 갤럭시 XR,https://www.kmib.co.kr/article/view.asp?arcid=1761116838&code=11151400&cp=nv
2025-10-23,"LAUNCH,REGUL",베일 벗은 ‘갤럭시 XR’⋯ ‘치지직’ 가세로 K-XR 생태계 기지개,https://www.viva100.com/article/20251022501081
2025-10-23,LAUNCH,"LG전자 , AI 가전 집사 ‘씽큐 온’ 출시",https://www.seoul.co.kr/news/economy/industry/2025/10/23/20251023019002?wlog_tag3=naver
2025-10-23,LAUNCH,AI와 대화하듯 “1시간 뒤 제습기 틀어줘”,https://www.donga.com/news/Economy/article/all/20251022/132616567/2
2025-10-22,"INVEST,LAUNCH",중국이 자동운전 분야에서 앞서 나가는 이유 | ‘무리 전략’으로 자동...,http://monthly.chosun.com/client/news/viw.asp?ctcd=B&nNewsNumb=202511100032
2025-10-23,LAUNCH,"""요양보호사 처우, 기록하지 않으면 잊혀집니다""",https://www.womaneconomy.co.kr/news/articleView.html?idxno=243810
2025-10-23,"CERT,INVEST,PARTNERSHIP",한국기업 달래러 온 미국 주지사들…대미투자 위축 풀리나,https://www.joongang.co.kr/article/25375961
2025-10-22,LAUNCH,"대구시, 'FIX 2025' 화려한 개막…AI 첨단기술 '눈길'",https://ilyo.co.kr/?ac=article_view&entry_id=501723
2025-10-22,INVEST,"'KCC 잡고 단독 1위 등극!' 정관장 유도훈 감독 ""지금은 우리가 가고자 ...",https://www.mydaily.co.kr/page/view/2025102221392906831
2025-10-22,LAUNCH,[제주대학교 2025년 초기창업패키지 선정기업] 기업들의 AX를 컨설팅하고...,https://magazine.hankyung.com/job-joy/article/202510226489d
2025-10-22,INVEST,"中 러쥐로보틱스, 3000억원 규모 프리 IPO 투자 유치",https://www.irobotnews.com/news/articleView.html?idxno=42971
2025-10-23,"CERT,INVEST,LAUNCH,REGUL",美 보수언론도 비판한 트럼프 ‘현금 압박 외교’…미·러 회담도 표류...,https://www.sedaily.com/NewsView/2GZAF0W3MY
2025-10-23,"INVEST,LAUNCH","유럽증시, 명품 업체 실적 실망에 대체로 하락…로레알·에르메스↓",https://www.newspim.com/news/view/20251023000005
2025-10-22,LAUNCH,英 2년물 국채 금리 급락…예상 하회한 물가에  BOE  금리 인하 기대,https://news.einfomax.co.kr/news/articleView.html?idxno=4379733
2025-10-22,"INVEST,LAUNCH,REGUL",월가 이어 영국은행도 '사모신용 부실' 경고,https://www.hankyung.com/article/2025102261391
2025-10-22,"INVEST,LAUNCH,REGUL","[1.5℃ HOW] ""금감원, 기후변화로 인한 금융위기 '그린스완 방지' 미온적...",http://www.hansbiz.co.kr/news/articleView.html?idxno=785032
2025-10-22,LAUNCH,"[뉴스줌인] 삼성 갤럭시 XR 출시, 애플 비전 프로 넘을까?",https://it.donga.com/107737/
2025-10-22,"INVEST,LAUNCH","[DD퇴근길] ""비전 프로, 덤벼""…삼성, '갤럭시 XR'로 도전장",https://www.ddaily.co.kr/page/view/2025102217194513404
2025-10-22,"INVEST,LAUNCH,ORDER",삼성전자 ‘XR 헤드셋’ 베일 벗었다…“멀티모달 AI로 혁신”,https://www.sentv.co.kr/article/view/sentv202510220157
2025-10-22,"LAUNCH,PARTNERSHIP","'갤럭시 XR' 출시한 삼성 ""XR 생태계 조성 시작점""",https://dealsite.co.kr/articles/149956
2025-10-22,"LAUNCH,PARTNERSHIP","""뉴욕"" 외치자 맨해튼이 발아래…음성으로 앱 켜고 시선으로 재생",https://www.hankyung.com/article/2025102262011
2025-10-22,LAUNCH,"""서울서 뉴욕 순간 이동"" ""진짜 식당 들어간 듯""…갤럭시 XR 첫 공개",https://www.joongang.co.kr/article/25375889
2025-10-24,LAUNCH,"SK온 CEO, 美 조지아 주지사→페라리 CEO 연쇄 회동",https://www.etoday.co.kr/news/view/2518250
2025-10-24,"LAUNCH,REGUL","저출생·고령화 해법, 디자인에서 찾는다…공공디자인 페스티벌",https://www.asiaa.co.kr/news/articleView.html?idxno=227638
2025-10-24,"LAUNCH,REGUL","공공디자인 페스티벌 개최…저출생·고령화 해법, 디자인에서 찾는다",http://www.segyebiz.com/newsView/20251024512711?OutUrl=naver
2025-10-24,"INVEST,LAUNCH,PARTNERSHIP","이석희 SK온 대표, 미국 조지아 주지사·페라리 CEO 연쇄 회동",http://www.fieldnews.kr/news/articleView.html?idxno=22679
2025-10-24,"LAUNCH,REGUL","세대 공존 위한 디자인 해법 총집합, 공공디자인 페스티벌 2025",https://www.siminilbo.co.kr/news/newsview.php?ncode=1160298056886081
2025-10-24,INVEST,"SK온 CEO, 美조지아 주지사·페라리 CEO 연쇄 회동…대미투자·배터리 협...",https://biz.sbs.co.kr/article_hub/20000267521?division=NAVER
2025-10-24,"INVEST,LAUNCH",실적 좋은데 부진…YG·에이피알 반등 기대,https://www.hankyung.com/article/2025102409841
2025-10-24,"LAUNCH,REGUL",공존이 화두…공공디자인 페스티벌 개막,https://www.businesskorea.co.kr/news/articleView.html?idxno=254837
2025-10-24,"INVEST,LAUNCH,PARTNERSHIP","이석희 SK온 CEO, 美조지아 주지사·페라리 CEO 연이어 만나",https://view.asiae.co.kr/article/2025102419393241808
2025-10-24,"INVEST,LAUNCH,PARTNERSHIP","이석희 SK온 CEO, 美조지아 주지사·페라리 CEO 연쇄 회동(종합)",https://www.yna.co.kr/view/AKR20251024044951003?input=1195m
2025-10-24,LAUNCH,삼성·애플 XR 동시 출격…식은 메타버스 열기 되살릴까,http://www.srtimes.kr/news/articleView.html?idxno=188168
2025-10-24,"LAUNCH,REGUL",내일을 위한 '공공디자인 페스티벌 2025' 화려한 개막,https://www.nextdaily.co.kr/news/articleView.html?idxno=243555
2025-10-24,"LAUNCH,REGUL","공공디자인 페스티벌 2025, 디자인으로 사회 변화 대응…전국 축제 열려",http://www.globalepic.co.kr/view.php?ud=2025102417243227619aeda69934_29
2025-10-24,"LAUNCH,PARTNERSHIP",SK온-페라리 CEO 회동…전기차 배터리 공급 논의,http://www.edaily.co.kr/news/newspath.asp?newsid=04418166642336200
2025-10-24,"LAUNCH,REGUL",사회문제 해결하는 '공공디자인 페스티벌 2025' 개최...코사이어티서 개...,https://www.thepublic.kr/news/articleView.html?idxno=280972
2025-10-24,"LAUNCH,PARTNERSHIP,REGUL",사회문제 해결하는 공공디자인 축제 시작,http://www.sisunnews.co.kr/news/articleView.html?idxno=230494
2025-10-24,"LAUNCH,REGUL","‘공공디자인 페스티벌 2025’, 내일을 위한 공공디자인 조명",http://www.beyondpost.co.kr/view.php?ud=2025102417181448749aeda69934_30
2025-10-24,REGUL,"저출생·고령화 해법, '공공디자인'서 찾는다…'공공디자인 페스티벌 2...",https://www.imaeil.com/page/view/2025102416583379532
2025-10-24,REGUL,공존'이 화두…공공디자인 페스티벌 개막,http://www.fnnews.com/news/202510241707563496
2025-10-24,LAUNCH,'2025 대한민국 공공디자인대상' 시상식,https://www.newsis.com/view/NISI20251024_0021028160
2025-10-24,"INVEST,ORDER","[IPO] ‘복합 환경시험 장비’ 이노테크, 공모가 상단 1만4700원 확정…기...",https://weekly.cnbnews.com/news/article.html?no=194052
2025-10-24,"INVEST,LAUNCH",K디스플레이 악재 첩첩산중…기술력으로 반등 가능할까,https://www.straightnews.co.kr/news/articleView.html?idxno=284620
2025-10-24,INVEST,세계가 주목하는 'APEC 2025' 정상회의…4대 그룹 총수 집결,https://www.megaeconomy.co.kr/news/newsview.php?ncode=1065591372428915
2025-10-24,"INVEST,LAUNCH,ORDER","[더벨][삼성 인사 풍향계]이청 사장 취임 1년, 'IT  OLED ' 조기 안정화 미...",https://www.thebell.co.kr/free/content/ArticleView.asp?key=202510221357276080102121
2025-10-24,LAUNCH,"[포토] 네이버 해피빈, 공공디자인대상 문체부장관상 수상",http://www.edaily.co.kr/news/newspath.asp?newsid=04296806642336200
2025-10-24,"CERT,INVEST,LAUNCH","취임 3년 이재용, 사법리스크 벗고 광폭 행보로 '뉴삼성' 색 입혀…기술...",http://www.consumernews.co.kr/news/articleView.html?idxno=742587
2025-10-24,"CERT,LAUNCH","알카메디, 건강 세미나서 ‘영유아∙수험생을 위한 알카리수 루틴’ 공...",https://www.koreadaily.com/article/20251023232054448
2025-10-24,"CERT,INVEST,ORDER","반도체 장비 관련주, '맑음' 로보스타·에프에스티·신성이엔지·디아이",http://www.finomy.com/news/articleView.html?idxno=241570
2025-10-24,LAUNCH,"후지필름, 고성능 콤팩트 미러리스 카메라 'X-T30 Ⅲ' 공개",http://www.bizwnews.com/news/articleView.html?idxno=114387
2025-10-24,"INVEST,LAUNCH","[특징주] 미래나노텍, ""테슬라 호재에 이차전지 반등 모멘텀까지"" 리튬...",https://www.widedaily.com/news/articleView.html?idxno=281109
2025-10-24,"INVEST,LAUNCH",[이승훈 특파원의 일본열도 통신] TV 대신 콘텐츠 기업으로… 가전 상징...,https://www.mk.co.kr/article/11450450
2025-10-24,INVEST,"미래나노텍, 디스플레이·이차전지 소재 기술력 강화…R&D 투자 박차",https://www.pinpointnews.co.kr/news/articleView.html?idxno=388142
2025-10-24,LAUNCH,"후지필름, 고성능 콤팩트 미러리스 'X-T30 Ⅲ' 공개... 신규 소형 XC 렌즈...",https://kr.aving.net/news/articleView.html?idxno=1805327
2025-10-24,LAUNCH,"이테스, DIFA 2025서 '이동형 전기차 충전시스템' 공개... ""충전 사각지...",https://kr.aving.net/news/articleView.html?idxno=1805301
2025-10-24,LAUNCH,"후지필름, 초보자부터 전문가까지 사용가능한 콤팩트 미러리스 카메라...",https://www.insight.co.kr/news/525745
2025-10-24,"LAUNCH,ORDER",코스피 5000 시대 여는 SK그룹…시총 상승률 압도적,https://www.straightnews.co.kr/news/articleView.html?idxno=284596
2025-10-24,LAUNCH,"정보는  LCD 로 편리하게 확인, 가로 휠로 작업 효율까지 높인 무선 마우...",https://kbench.com/?q=node/272493
2025-10-24,LAUNCH,"후지필름, 고성능 미러리스 카메라·소형 줌 렌즈 신제품 출시",https://www.widedaily.com/news/articleView.html?idxno=281028
2025-10-24,LAUNCH,닌텐도 스위치2 호평…강력한 성능·폭발적 인기,https://www.digitaltoday.co.kr/news/articleView.html?idxno=599421
2025-10-24,LAUNCH,"후지필름, 미러리스 카메라·줌 렌즈 공개",https://www.newsfreezone.co.kr/news/articleView.html?idxno=653583
2025-10-24,INVEST,올레드도 따라올까…中 차세대 8.6 올레드 투자 가속화,https://www.widedaily.com/news/articleView.html?idxno=281000
2025-10-24,LAUNCH,"[단독] 혈액암 3명 발병한 공장, 발암물질 측정 안 해도 노동부는 관리...",https://www.hankookilbo.com/News/Read/A2025102414180003503?did=NA
2025-10-24,"CERT,INVEST,LAUNCH","꿈이 있어 좋은 벤츠 드림카, 고성능 ‘AMG CLE 쿠페’ 출시로 라인업 완...",http://www.osen.co.kr/article/G1112682737
2025-10-24,LAUNCH,"후지필름, 'X-T30 III' 공개···필름 감성에 최신 AI 담았다",http://www.enewstoday.co.kr/news/articleView.html?idxno=2344459
2025-10-24,LAUNCH,"후지필름, 고성능 미러리스 카메라 X-T30 III 및 소형 신규 XC 렌즈 발표",https://www.cnet.co.kr/view/?no=20251024091924
2025-10-24,LAUNCH,"후지필름, 고성능 콤팩트 미러리스 카메라 'X-T30 III' 공개",https://www.digitaltoday.co.kr/news/articleView.html?idxno=599335
2025-10-24,LAUNCH,"후지필름, 소형 미러리스 ‘X-T30 III’ 공개",http://www.edaily.co.kr/news/newspath.asp?newsid=03388246642336200
2025-10-24,"INVEST,LAUNCH,PARTNERSHIP","[현장]AI, 산업의 중심에 서다""…KES 2025 전자전서 미래 기술 공개",https://www.startuptoday.co.kr/news/articleView.html?idxno=528856
2025-10-24,"LAUNCH,PARTNERSHIP","K-방산, 협력과 기술로 날다…ADEX 2025서 글로벌 네트워크 가동",http://www.popcornnews.net/news/articleView.html?idxno=98725
2025-10-24,PARTNERSHIP,"KAI, 시뮬레이터로 수출 경쟁력 UP…'항공+훈련 통합 패키지' 확대",https://daily.hankooki.com/news/articleView.html?idxno=1286600
2025-10-24,LAUNCH,데이터·반도체·뇌공학·양자… 장기적 창의연구로 First-Mover 향한다,http://www.engjournal.co.kr/news/articleView.html?idxno=3477
2025-10-24,PARTNERSHIP,"KAI, LG전자와 차세대 항공 시뮬레이터 영상시스템 개발 협약",https://www.webeconomy.co.kr/news/articleView.html?idxno=2028502
2025-10-24,LAUNCH,"[SEDEX·KES 2025] 가전·전자 분야 무적 LG, 'AI 홈'으로 1등 굳히다",https://www.econovill.com/news/articleView.html?idxno=715859
2025-10-23,LAUNCH,"아모레퍼시픽·LG생활건강, 글로벌 홈 뷰티 디바이스 시장 공략 본격화",http://www.wsobi.com/news/articleView.html?idxno=293481
2025-10-24,LAUNCH,‘OLED 대세’⋯ 中 맹추격에 흔들리는 K-가전 아성,https://www.viva100.com/article/20251023500834
2025-10-24,"CERT,LAUNCH","마우저, 3분기 1만6000종 이상 신제품 추가",https://www.epnc.co.kr/news/articleView.html?idxno=323828
2025-10-23,LAUNCH,삼성 '생활밀착형 AI' vs LG '공감 지능 AI'···KES2025 대격돌,http://www.finomy.com/news/articleView.html?idxno=241458
2025-10-21,LAUNCH,"[르포] LG·삼성, 'AI 전환'으로 산업 혁신 이끈다…KES 2025서 기술 리더...",http://www.womentimes.co.kr/news/articleView.html?idxno=91566
2025-10-24,"INVEST,PARTNERSHIP",김동연 “킨텍스 제3전시장 착공으로 경기북부 대개조 프로젝트 시작”,https://www.dnews.co.kr/uhtml/view.jsp?idxno=202510231816113950919
2025-10-23,LAUNCH,'K방산' 집결 ADEX 2025…펼쳐진 4사4색 기술의 장,https://www.straightnews.co.kr/news/articleView.html?idxno=284529
2025-10-23,LAUNCH,"""단순한 자전거 아니다""…올소, 모듈형 전기자전거 'TM-B' 공개",https://www.digitaltoday.co.kr/news/articleView.html?idxno=599128
2025-10-23,LAUNCH,LG전자 '글로벌 사우스' 본격화 … '포스트 인도' 인니도 힘준다,https://biz.newdaily.co.kr/site/data/html/2025/10/23/2025102300107.html
2025-10-23,LAUNCH,"“일본은 프리미엄, 북미는 세포라”…아모레, 글로벌 유통 재정비 속도",https://www.g-enews.com/view.php?ud=202510231533102454740eacf404_1
2025-10-23,LAUNCH,"ST, 하프 브리지 GaN 게이트 드라이버 신제품 출시",https://www.ddaily.co.kr/page/view/2025102313371346800
2025-10-23,LAUNCH,"ST, 고효율 GaN 게이트 드라이버 출시 “전력 설계 혁신”",https://www.hellot.net/news/article.html?no=106463
2025-10-23,LAUNCH,"마우저, 3분기 신제품 1만6500종 추가...글로벌 반도체 유통 확대",https://www.hellot.net/news/article.html?no=106470
2025-10-23,LAUNCH,"ST 마이크로 , 하프 브리지 게이트 드라이버 출시… ""저전압용 GaN 설계 간...",https://www.industrynews.co.kr/news/articleView.html?idxno=73148
2025-10-23,"CERT,LAUNCH",기술력+마케팅에 집중…치열해지는 뷰티 디바이스 시장,https://news.tf.co.kr/read/economy/2254833.htm
2025-10-23,INVEST,"신도기연 주가, 급등세... 웃음꽃",https://www.ggilbo.com/news/articleView.html?idxno=1119621
2025-10-23,LAUNCH,"[현장] 삼성전자·LG전자, 한국전자전서 일상 혁신 AI 홈·영화 같은 미...",https://www.kfenews.co.kr/news/articleView.html?idxno=647713
2025-10-24,LAUNCH,"강화군, ‘강화자연사박물관’ 개관 10주년 맞아 미디어아트 최초 공개...",https://sports.donga.com/region/article/all/20251024/132628016/1
2025-10-24,LAUNCH,강화자연사 박물관 개관 10주년 기념행사 개최,https://www.kihoilbo.co.kr/news/articleView.html?idxno=3001220
2025-10-24,LAUNCH,"강화자연사박물관, 개관 10주년 기념행사.. 미디어아트 최초 공개",http://www.incheonin.com/news/articleView.html?idxno=113177
2025-10-24,"CERT,INVEST,LAUNCH,ORDER,REGUL","[24일 인천 강화군] 강화자연사박물관, 개관 10주년 기념행사 개최 등",https://www.asiatime.co.kr/article/20251024500187
2025-10-24,LAUNCH,"인천시 강화자연사박물관, 개관 10주년 기념행사 개최··· 10년간 9755점...",https://www.siminilbo.co.kr/news/newsview.php?ncode=1160284275058154
2025-10-24,LAUNCH,"강화자연사박물관, 미디어아트 최초 공개",https://www.gukjenews.com/news/articleView.html?idxno=3409315
2025-10-24,LAUNCH,"이즈나, ‘Racecar’ 무대 첫 공개..‘수록곡 맛집’ 입증",http://www.osen.co.kr/article/G1112682722
2025-10-24,PARTNERSHIP,불꽃 5만 발·드론 2000대로 APEC 대미 장식,https://www.munhwa.com/article/11541631?ref=naver
2025-10-23,"INVEST,REGUL","한국옵티칼 노동자 APEC 행사장앞에서 ""니토덴코 국제규범 위반""",https://www.labortoday.co.kr/news/articleView.html?idxno=230839
2025-10-24,LAUNCH,"이즈나, 'Racecar' 무대 첫 공개! 수록곡 맛집 증명",https://www.cbci.co.kr/news/articleView.html?idxno=537430
2025-10-24,LAUNCH,"'수록곡 맛집' 이즈나, '레이스카' 무대 첫 공개",http://www.tvdaily.co.kr/read.php3?aid=17612737551767150010
2025-10-23,"LAUNCH,REGUL","10월 마지막 주말, 인천에서 열리는 축제, 콘서트 행사는",http://www.incheonin.com/news/articleView.html?idxno=113071
2025-10-24,LAUNCH,"’엠카운트다운‘ izna(이즈나), ‘Racecar’ 무대 첫 공개…거침없는 청...",http://www.globalepic.co.kr/view.php?ud=202510240841319803d3244b4fed_29
2025-10-24,LAUNCH,"이즈나, '레이스카' 무대 첫 공개…한계 없는 콘셉트 소화력 입증",http://enews.imbc.com/News/RetrieveNewsInfo/481423
2025-10-24,LAUNCH,"'엠카' izna(이즈나), 'Mamma Mia'부터 'Racecar'까지…한계 없는 콘셉트...",https://www.stardailynews.co.kr/news/articleView.html?idxno=505424
2025-10-24,LAUNCH,"지상파 1위 이즈나, 수록곡으로 인기 굳히기",http://www.atstar1.com/news/articleView.html?idxno=6028088
2025-10-23,"CERT,INVEST,LAUNCH,PARTNERSHIP,REGUL",[유통가 레이더] '백화점과 쇼핑몰을 합쳤더니 통했다'... 1주년 맞은 타...,https://www.greened.kr/news/articleView.html?idxno=332318
2025-10-24,"LAUNCH,REGUL","""기초과학 연구 성공하려면…'과학자의 호기심' 존중해야""",https://www.mt.co.kr/tech/2025/10/24/2025102316542181554
2025-10-24,INVEST,"“연중 최대 규모 혜택 푼다”...삼성전자, 11월 한달간 ‘2025 삼성위크...",https://www.mk.co.kr/article/11450120
2025-10-23,"LAUNCH,REGUL","노벨화학상 수상자 ""AI가 과학 대체 못해…과학자 존중해야""",https://www.mt.co.kr/tech/2025/10/24/2025102312161313873
2025-10-23,LAUNCH,"창원 방문 '노벨화학상' 바웬디 ""먼 미래 지향 교육·정책 필요""",https://www.yna.co.kr/view/AKR20251023113500052?input=1195m
2025-10-23,"LAUNCH,PARTNERSHIP","삼성전자, 2025년형 TV·모니터에 업계 최초 '퍼플렉시티' 탑재",https://www.aitimes.com/news/articleView.html?idxno=203378
2025-10-23,LAUNCH,"“TV에 들어 온 예술 작품”…삼성전자, ‘아트 바젤 파리’서 ‘삼성 ...",https://www.ceoscoredaily.com/page/view/2025102310332314571
2025-10-23,"LAUNCH,ORDER","세미파이브, 빅다이 설계 역량 내세운다…3D 메모리 IC 첫 선 [SEDEX 2025]",https://www.ddaily.co.kr/page/view/2025102310352016549
2025-10-24,"CERT,INVEST,LAUNCH,ORDER",[Who Is ?] 김인규 아이티켐 대표이사,https://www.businesspost.co.kr/BP?command=article_view&num=416808
2025-10-23,"INVEST,LAUNCH",“아들 바빠? TV가 또 안 나오네”...진짜 ‘쉬운 TV’ 내놓은 LG의 역발...,https://www.mk.co.kr/article/11448841
2025-10-24,"INVEST,LAUNCH",애플  폴더블 폰 연기설 ‘솔솔’…갤럭시 독주 더 길어질까,https://www.mk.co.kr/article/11450213
2025-10-24,LAUNCH,"돌출형 카메라도 사라진다고? 애플, 아이폰 19 없이 '아이폰 20' 직행할...",https://www.autodaily.co.kr/news/articleView.html?idxno=538072
2025-10-24,LAUNCH,"""아이폰19 건너 뛴다"" 애플, 아이폰 20주년 맞아 2027년 '아이폰20'으로 ...",https://www.autodaily.co.kr/news/articleView.html?idxno=538083
2025-10-23,"INVEST,LAUNCH","""투자유치·수출확대 기회로""…산업부, APEC 경제인 행사 개최",https://www.hankyung.com/article/202510238219i
2025-10-24,LAUNCH,"애플, 18인치 ' 폴더블  아이패드' 2029년 이후로 출시 연기",https://www.newswhoplus.com/news/articleView.html?idxno=43972
2025-10-24,"CERT,INVEST,ORDER,REGUL","PCB·FPCB 관련주, '봄날의 햇살' 심텍·대덕전자·코리아써키트·이수페...",http://www.finomy.com/news/articleView.html?idxno=241471
2025-10-24,LAUNCH,"""개방감 vs 직관적""…삼성·LG, 서로 다른 콘셉트로 KES 2025서 AI 뽐냈다",https://www.lcnews.co.kr/news/articleView.html?idxno=114016
2025-10-24,"INVEST,LAUNCH",‘10조 클럽’ 삼성·SK하이닉스…AI 슈퍼사이클에 ‘투톱’ 동반 질주,https://www.kukinews.com/article/view/kuk202510230223
2025-10-23,LAUNCH,"'Z플립 접힘 테스트' 이노테크, 반도체·2차전지로 확장 [IPO톡톡]",https://www.wowtv.co.kr/NewsCenter/News/Read?articleId=A202510220683&t=NNv
2025-10-23,LAUNCH,"접고 또 접는 삼성의  폴더블 폰, 애플 압도하고 뉴노멀 될까",https://news.mtn.co.kr/news-detail/2025102313132788229
2025-10-23,LAUNCH,아이폰19 건너뛴다?…2027년 출시 '아이폰20'으로 부른다,https://www.digitaltoday.co.kr/news/articleView.html?idxno=599126
2025-10-23,INVEST,"[단독]""삼성  폴더블  필름 독점 공급"" 세경하이테크, 새주인 찾는다[시그...",https://www.sedaily.com/NewsView/2GZAHROQCX
2025-10-24,LAUNCH,"애플, 2026년부터 2028년까지 아이폰 디자인 혁신 선보인다",https://kbench.com/?q=node/272477
2025-10-23,LAUNCH,애플  폴더블  제품 출시 연기… 시장 진입 타이밍 놓치나,https://www.chosun.com/economy/tech_it/2025/10/23/BY5TLB5E7ZCP5HZLSTMRHZH6XM/?utm_source=naver&utm_medium=referral&utm_campaign=naver-news
2025-10-24,LAUNCH,"후지필름, 미러리스 카메라 'X-T30 III'·소형 줌 렌즈 공개",http://www.fnnews.com/news/202510240946056978
2025-10-23,LAUNCH,"""아무것도 안 접는 것 아냐?""…애플,  폴더블  아이폰·아이패드 모두 연...",https://www.widedaily.com/news/articleView.html?idxno=280880
2025-10-23,"INVEST,LAUNCH","애플, 2029년 이후로  폴더블  아이패드 출시 지연 전망… 삼성 디스플레이 ...",https://www.s-journal.co.kr/news/articleView.html?idxno=34783
2025-10-23,LAUNCH,"애플, 18인치  폴더블  아이패드 개발 난항…2029년 출시 연기 전망",https://www.digitaltoday.co.kr/news/articleView.html?idxno=599062
2025-10-23,"INVEST,LAUNCH",신한투자證 “블랙PDL 모멘텀 본격화⋯내년  폴더블  스마트폰 변곡점 기...,https://www.etoday.co.kr/news/view/2517452
2025-10-23,LAUNCH,"[편안한 쉼] 바디프랜드, 듀얼 마사지 모듈 장착한 '팔콘N'",https://www.ajunews.com/view/20251020082611570
2025-10-23,LAUNCH,"애플의 혁신…""2028년까지 매년 새 아이폰 선보인다""",https://zdnet.co.kr/view/?no=20251023082620
2025-10-24,"INVEST,LAUNCH,ORDER","2차전지 전고체 관련주, '웃음' 유일에너테크·이브이첨단소재·한농화...",http://www.finomy.com/news/articleView.html?idxno=241569
2025-10-24,"CERT,INVEST,LAUNCH,ORDER,PARTNERSHIP,REGUL",[AT가전]쿠쿠·신일전자·코웨이,https://www.asiatime.co.kr/article/20251024500337
2025-10-23,LAUNCH,‘아이폰 플립’ 2028년 출시... 폴더블 도 지연[모닝폰],http://www.edaily.co.kr/news/newspath.asp?newsid=02922486642335872
2025-10-23,"INVEST,LAUNCH","덕산네오룩스, 실적 성장 스토리 고려 주가 반등 전망-신한",http://www.edaily.co.kr/news/newspath.asp?newsid=02581366642335872
2025-10-24,LAUNCH,"클레어옵틱, 경량·저비용 AR 광학모듈 'CLARO AR' 공개",https://www.hankyung.com/article/202510249702O
2025-10-24,PARTNERSHIP,"APEC 성공 위해 경주 향하는 구광모 LG 회장... '조용한 혁신가', 외교무...",https://www.insight.co.kr/news/525870
2025-10-24,LAUNCH,"쿠쿠, 빌트인처럼 모던한 디자인의 미식컬렉션 김치냉장고 출시",http://www.hansbiz.co.kr/news/articleView.html?idxno=785588
2025-10-24,LAUNCH,"[가전뉴스] 쿠쿠, 빌트인처럼 모던한 디자인의 미식컬렉션 김치냉장고 ...",https://www.ibabynews.com/news/articleView.html?idxno=141466
2025-10-24,LAUNCH,"쿠쿠, 미식컬렉션 김치냉장고 출시… ""사계절 내내 신선""",https://www.newscj.com/news/articleView.html?idxno=3331626
2025-10-24,LAUNCH,"쿠쿠, 글라스 감성 입힌 '미식컬렉션 김치냉장고'로 프리미엄 라인업 완...",https://www.ezyeconomy.com/news/articleView.html?idxno=223980
2025-10-24,LAUNCH,"쿠쿠,  미식컬렉션 김치냉장고 출시",https://daily.hankooki.com/news/articleView.html?idxno=1286408
2025-10-24,LAUNCH,"""사계절 즐기는 미식""… 쿠쿠, '빌트인' 미식컬렉션 김치냉장고 출시",https://www.financialpost.co.kr/news/articleView.html?idxno=235449
2025-10-24,LAUNCH,"쿠쿠, 미식 컬렉션 김치냉장고 신제품 출시",https://www.cstimes.com/news/articleView.html?idxno=673730
2025-10-24,PARTNERSHIP,"구광모 회장, 23일부터 LG그룹 사업보고회 이어 28일 'APEC CEO 서밋' 참석...",https://www.greened.kr/news/articleView.html?idxno=332356
2025-10-24,"INVEST,LAUNCH","[특징주] 이브이첨단소재, ""테슬라 역대 매출에 주가 반등까지"" 기대감...",https://www.widedaily.com/news/articleView.html?idxno=281044
2025-10-24,LAUNCH,"쿠쿠, 미식컬렉션 김치냉장고 신제품 출시…""기능·디자인 모두 잡았다...",http://www.edaily.co.kr/news/newspath.asp?newsid=03375126642336200
2025-10-23,"CERT,LAUNCH",[유통 브리핑] 이랜드·코오롱·노스페이스,http://www.niceeconomy.co.kr/news/articleView.html?idxno=87921
2025-10-23,ORDER,"LG전자, 전장 힘으로 신용등급 상향 기대감 끌어올렸다",https://www.fetv.co.kr/news/article.html?no=203761
2025-10-24,LAUNCH,"내가 제일 잘 나가, 그랑프리 워치",https://www.elle.co.kr/article/1889721
2025-10-23,"LAUNCH,PARTNERSHIP","구광모 LG그룹 회장, 최고경영진과 APEC 총력 지원",https://www.g-enews.com/view.php?ud=2025102311523427556ed0c62d49_1
2025-10-23,"INVEST,LAUNCH,REGUL","APEC 정상회의 주간, 글로벌 경제인 총출동…AI·에너지·금융 리더 한자...",http://www.metroseoul.co.kr/article/20251023500341
2025-10-23,REGUL,"[경주시정] 첨성대 미디어파사드, 22일부터 정상 상영 外",https://ilyo.co.kr/?ac=article_view&entry_id=501806
2025-10-24,"INVEST,LAUNCH","인천TP, 제27회 반도체대전(SEDEX 2025) 인천공동관 구성",https://www.kmaeil.com/news/articleView.html?idxno=614577
2025-10-24,"CERT,INVEST,LAUNCH,PARTNERSHIP,REGUL","지능형로봇·인공지능( AI ) 관련주, '껑충껑충' 로보스타·로보로보·휴림...",http://www.finomy.com/news/articleView.html?idxno=241573
2025-10-23,INVEST,"구광모號 LG, 23일부터 그룹사 사업보고회 시작",https://www.industrynews.co.kr/news/articleView.html?idxno=73171
2025-10-24,"LAUNCH,REGUL","아이폰17프로 변색 논란, '세정습관'이 주범? 애플·삼성도 경고한 4가지...",https://www.smarttoday.co.kr/news/articleView.html?idxno=94312
2025-10-24,LAUNCH,인천대 연구자 10명 ‘세계 최상위 2% 연구자’ 선정,https://www.joongdo.co.kr/web/view.php?key=20251024010007120
2025-10-24,"LAUNCH,REGUL",[애드테크 도쿄 2025] ⑥ '항상 무언가를 듣는' 젊은 세대를 사로잡는 법,https://www.banronbodo.com/news/articleView.html?idxno=31087
2025-10-24,"INVEST,LAUNCH,REGUL",[데일리픽] 리플 창업자의 XRP 매도 타이밍…취임 3주년 '이재용 리더십...,https://www.digitaltoday.co.kr/news/articleView.html?idxno=599553
2025-10-24,"INVEST,LAUNCH,ORDER","거래소 기관, 삼성전자·SK하이닉스 6천억 쓸어 담았다...  AI  반도체 대장...",https://www.pinpointnews.co.kr/news/articleView.html?idxno=388237
2025-10-24,LAUNCH,"AMD, 라데온 GPU  AI  PRO R9700 출시",https://www.digitaltoday.co.kr/news/articleView.html?idxno=599557
2025-10-24,"INVEST,LAUNCH","코스피, 외국인·기관 매수에 사상 첫 3940선 '돌파'…코스닥 1.27%↑",http://www.newsprime.co.kr/news/article.html?no=708795
2025-10-24,LAUNCH,"'노벨화학상' 바웬디 교수 "" AI 는 도구일 뿐...과학자 동력은 자율성""",https://news.mtn.co.kr/news-detail/2025102413593417236
2025-10-24,INVEST,[E·M·R 카드] DL건설 · 두산건설 외,http://www.newsprime.co.kr/news/article.html?no=708827
2025-10-24,"INVEST,REGUL","[이건희 5주기] '초일류' 뿌리, 사회로… 5년째 살아 숨쉬는 유산",http://www.seoulwire.com/news/articleView.html?idxno=676579
2025-10-24,"INVEST,ORDER","케이씨텍, CMP· 디스플레이  장비 기술력 부각…글로벌 수주 확대 기대",https://www.pinpointnews.co.kr/news/articleView.html?idxno=388147
2025-10-24,"INVEST,LAUNCH,ORDER",삼성전자·TSMC 공생 '디자인하우스'··· AI  열풍 올라 탔다,https://www.sisajournal-e.com/news/articleView.html?idxno=416279
2025-10-24,"INVEST,LAUNCH","인천TP,‘제27회 반도체대전(SEDEX 2025)’인천공동관 운영",https://www.dnews.co.kr/uhtml/view.jsp?idxno=202510241019159310955
2025-10-24,"INVEST,PARTNERSHIP","[특징주] 로보스타 급등, ""삼성중공업 조선용 로봇 개발"" 소식에 산업용...",https://www.widedaily.com/news/articleView.html?idxno=281066
2025-10-24,LAUNCH,"인천TP, 제27회 반도체대전에서 인천공동관 운영",https://www.kihoilbo.co.kr/news/articleView.html?idxno=3001200
2025-10-24,"CERT,INVEST,LAUNCH,REGUL","[논단]'배터리 무기화' 시대, K배터리의 대응 전략",https://view.asiae.co.kr/article/2025102311581973472
2025-10-23,LAUNCH,﻿Tall Poppy Syndrome: 호주 시장의 소비심리·트렌드 해석과 창업 가이...,http://dream.kotra.or.kr/kotranews/cms/news/actionKotraBoardDetail.do?SITE_NO=3&MENU_ID=180&CONTENTS_NO=1&bbsGbn=243&bbsSn=243&pNttSn=235606
2025-10-24,"INVEST,LAUNCH","[GAM]알리바바, 80만원대 최초 자체개발 ' AI  글래스' 출시",https://www.newspim.com/news/view/20251024000326
2025-10-24,LAUNCH,삼성·구글 '갤럭시 XR' 출격에 줌도 지원사격,https://zdnet.co.kr/view/?no=20251024111144
2025-10-24,INVEST,코스피 ‘4000 고지’ 눈앞…  기관·외국인 2조 순매수,https://weekly.donga.com/3/all/11/5921638/1
2025-10-24,"INVEST,LAUNCH,ORDER","[주간 서머리] 경제·산업계 ""코스피 또 사상 최고치 경신…태광그룹, ...",https://www.asiaa.co.kr/news/articleView.html?idxno=227472
2025-10-24,LAUNCH,"코스피, 단번에 3940선···이차전지·원전·반도체 '초강세'",https://www.seoulfn.com/news/articleView.html?idxno=610408
2025-10-24,INVEST,"LG디스플레이 , 10월 24일 장중 13,730원 2.97% 하락",https://www.joongangenews.com/news/articleView.html?idxno=459618
2025-10-24,LAUNCH,"내달 인사 앞둔  LG 그룹, 대규모 파격 인사 나올까?",https://www.widedaily.com/news/articleView.html?idxno=281087
2025-10-24,INVEST,"외국인·기관, 삼성중공업 두고 '동상이몽'... 삼성전자는 '동반 순매수...",http://www.newstnt.com/news/articleView.html?idxno=546181
2025-10-24,LAUNCH,"삼성· LG , 애플 효과에 3분기 태블릿 OLED 출하 ↑",http://www.inews24.com/view/1899244
2025-10-24,INVEST,3분기 중대형 OLED 출하량 11%↑…애플 아이패드 효과,https://zdnet.co.kr/view/?no=20251024141430
2025-10-24,"INVEST,REGUL","'아이패드' 효과에 3분기 태블릿 OLED 수요 회복, 중국 추격도 거세져",https://www.businesspost.co.kr/BP?command=article_view&num=416851
2025-10-24,"INVEST,LAUNCH","DB하이텍 주가 급등에 재계 술렁… ""DB그룹의 다음 카드는 지주사""",https://www.pinpointnews.co.kr/news/articleView.html?idxno=388043
2025-10-24,"INVEST,LAUNCH,ORDER","주식고수 매수 3위 '조선 슈퍼사이클 신고가 경신' 한화오션, 2위 두산에...",https://www.widedaily.com/news/articleView.html?idxno=281079
2025-10-24,"INVEST,LAUNCH","이노테크, 수요예측 '흥행'…공모가 상단 확정",https://www.mt.co.kr/stock/2025/10/24/2025102418031045442
2025-10-24,INVEST,"LG , 구광모 주재 사업보고회..계열사 한달간 릴레이 보고",http://www.4th.kr/news/articleView.html?idxno=2098220
2025-10-24,"INVEST,LAUNCH","SK온 이석희, 美 조지아 주지사·페라리 CEO 연쇄 회동..""배터리 공급 협...",http://www.4th.kr/news/articleView.html?idxno=2098328
2025-10-24,INVEST,"LG디스플레이 , 10월 24일 장중 100원 내린 14,050원",https://www.topstarnews.net/news/articleView.html?idxno=15850052
2025-10-23,LAUNCH,'트리거' 박정훈 감독과 LG OLED PRO 2세대가 완성해가는 K-콘텐츠 경쟁...,https://kr.aving.net/news/articleView.html?idxno=1805282
2025-10-24,"INVEST,LAUNCH","이석희 SK온 CEO, 미 조지아 주지사·페라리 CEO 연쇄 회동",https://news.kbs.co.kr/news/pc/view/view.do?ncd=8390166&ref=A
2025-10-24,"CERT,INVEST,LAUNCH,ORDER",취임 3주년 '이재용 리더십' 주목...AI 중심 '뉴  삼성 ' 청사진 나오나,https://www.digitaltoday.co.kr/news/articleView.html?idxno=599303
2025-10-24,"CERT,ORDER","톱텍,  삼성디스플레이 에 116억원 배상 판결",https://www.digitaltoday.co.kr/news/articleView.html?idxno=599437
2025-10-24,INVEST,"이노테크, 공모가 밴드 상단 결정",https://www.newspim.com/news/view/20251024000710
2025-10-24,"INVEST,ORDER,REGUL","이노테크, 공모가 1만4700원 상단 확정... 일반청약 27~28일",https://www.g-enews.com/view.php?ud=202510241452404493df2f5bc1bc_1
2025-10-24,LAUNCH,"[SEDEX 2025] 영우디에스피 ""웨이퍼 AOI 장비 양산 평가 중""",http://www.thelec.kr/news/articleView.html?idxno=42637
2025-10-24,INVEST,"이노테크, 공모가 상단 1만4700원 확정…기관 경쟁률 1072대 1",https://www.newsway.co.kr/news/view?ud=2025102414113468059
2025-10-24,"CERT,INVEST",10월 23일 주식시장 주요공시,https://www.nbnews.kr/news/articleView.html?idxno=115840
2025-10-24,LAUNCH,"블랙스톤 ""美 비우량기업 파산과 사모신용 연결지으면 가짜뉴스""",https://news.einfomax.co.kr/news/articleView.html?idxno=4380111
2025-10-24,LAUNCH,[뉴욕 마켓 브리핑](24일),https://news.einfomax.co.kr/news/articleView.html?idxno=4380046
2025-10-24,INVEST,오늘 글로벌 경제지표와 일정,https://news.einfomax.co.kr/news/articleView.html?idxno=4380026
2025-10-24,"INVEST,LAUNCH",[뉴욕마켓워치] 유가 급등 속 美中 정상회담 확정…주식·달러↑채권↓,https://news.einfomax.co.kr/news/articleView.html?idxno=4380017
2025-10-24,LAUNCH,[뉴욕환시] 달러 이틀째↑…러시아 제재發 유가 급등,https://news.einfomax.co.kr/news/articleView.html?idxno=4380008
2025-10-23,LAUNCH,미 달러화 상승…'러시아 제재' 원유 급등發 인플레 우려 재점화,https://news.einfomax.co.kr/news/articleView.html?idxno=4379984
2025-10-23,"INVEST,LAUNCH","中 8.6세대 IT용 OLED 공격적 투자...K-디스플레이, 점유율 굳히기 집중",http://www.metroseoul.co.kr/article/20251023500380
2025-10-24,"INVEST,LAUNCH,ORDER,REGUL",美 사모론 부실 확산…프리마렌드캐피털 파산보호 신청 [AI 프리즘*글로...,https://www.sedaily.com/NewsView/2GZAWF2SNG
2025-10-23,"INVEST,LAUNCH",車대출업체 또 부도…美 사모대출 경고음,https://www.sedaily.com/NewsView/2GZAHMLK1J
2025-10-23,"INVEST,ORDER","반도체 호황이냐, AI 버블이냐… 한은 ""AI 섹터 조정 우려 있어""",https://www.hankookilbo.com/News/Read/A2025102313560004948?did=NA
2025-10-23,"INVEST,LAUNCH","美佛英獨, 해결 기미 안 보이는 서방 재정위기 [Deep Spot]",https://biz.heraldcorp.com/article/10599686?ref=naver
2025-10-23,"INVEST,LAUNCH",[글로벌 마켓 리포트 10월 23일],https://www.newspim.com/news/view/20251023000224
2025-10-23,INVEST,"[V차트] 솔브레인, 반도체 업황 반등에 턴어라운드 기대감↑",https://www.itooza.com/common/iview.php?no=2025102210393718798
2025-10-24,LAUNCH,"샤프, 2026년 전기차 시장 진출… 이동형 거실 개념 적용",https://it.chosun.com/news/articleView.html?idxno=2023092149548
2025-10-24,LAUNCH,"日 샤프, 2027년 전기차 시장 진출…'이동형 거실' 콘셉트 선보인다",https://www.digitaltoday.co.kr/news/articleView.html?idxno=599536
2025-10-23,LAUNCH,BTS뷔 젖은 머리+사슴눈빛+브라운 레더재킷 가을남자의 치명적 아름다움...,https://www.starnewskorea.com/music/2025/10/23/2025102323215668908
2025-10-24,"INVEST,LAUNCH",美 벤처시장에 다시 돈 몰린다… 2021년 '버블 데자뷔' 우려도,https://www.tokenpost.kr/news/insights/297127
2025-10-24,INVEST,"野 ""손해 돌아선 한중FTA, 재협상 거부하고 백지화까지 검토해야""",https://www.mt.co.kr/world/2025/10/24/2025102418391765923
2025-10-24,INVEST,[동아화성 M&A 분석] ④3400억이면 얼마나 비싼 밸류일까,https://www.bloter.net/news/articleView.html?idxno=646104
2025-10-24,LAUNCH,펄어비스 ‘붉은사막 X AMD 팝업스토어 2025 홍대’ 오픈,https://www.gamechosun.co.kr/webzine/article/view.php?no=217663
2025-10-24,"CERT,INVEST,LAUNCH","민트로켓, 황재호 대표가 말하는 '개발 철학'과 '발상의 원천' (전편)",https://www.gamevu.co.kr/news/articleView.html?idxno=52673
2025-10-24,"CERT,INVEST,LAUNCH","롯데웰푸드 자일리톨, '양치처럼 매일 꾸준히' 새로운 브랜드 캠페인 전...",https://www.startuptoday.co.kr/news/articleView.html?idxno=529081
2025-10-24,LAUNCH,"[브리핑] 6년 골칫거리 '구글 프라이버시 샌드박스' 중단, 어떻게 된 걸...",https://www.thisisgame.com/articles/405461
2025-10-24,"INVEST,LAUNCH","애플 , 미국 생산 첫 AI 서버 출하 시작",https://www.obsnews.co.kr/news/articleView.html?idxno=1501515
2025-10-24,INVEST,"카이푸 리 ""미국은 생성 AI, 중국은 로봇에 집중...엇갈리고 있어""",https://www.aitimes.com/news/articleView.html?idxno=203425
2025-10-24,LAUNCH,"[웰니스브랜드 연쇄인터뷰] 애니타임피트니스, 언제 어디서나 운동이 됩...",https://www.sportsseoul.com/news/read/1556552?ref=naver
2025-10-24,LAUNCH,"오픈AI, 맥용 에이전트 지원 위해  애플  출신 AI 스타트업 인수",https://www.aitimes.com/news/articleView.html?idxno=203422
2025-10-24,"INVEST,LAUNCH","[AI 보안 혁신 서밋] ""오라클 DB 실행 환경서 동일 수준 보안 제어 기능...",https://www.epnc.co.kr/news/articleView.html?idxno=323858
2025-10-24,LAUNCH,어린이 영양제 ‘챔큐비타시럽’ 출시,https://www.naeil.com/news/read/565218?ref=naver
2025-10-24,"INVEST,LAUNCH,ORDER","이재용 회장 3년, ‘뉴 삼성’ 비전 나오나…‘사법 리스크 해소·실적...",https://www.ceoscoredaily.com/page/view/2025102413471277045
2025-10-24,"INVEST,LAUNCH,PARTNERSHIP","[DD퇴근길] ""삼성의 반격 시작됐다""…'갤럭시 XR'로 메타· 애플  겨눈다",https://www.ddaily.co.kr/page/view/2025102417372093171
2025-10-24,"INVEST,LAUNCH",최태원 넘은 재산분할전... '오너 이혼 소송' 후 스마일게이트는,https://www.moneys.co.kr/article/2025102408130981689
2025-10-24,"INVEST,ORDER","취임 3주년 이재용, 반도체 재도약 속 존재감 강화 [삼성 리스타트 ③]",https://news.mtn.co.kr/news-detail/2025102416395695095
2025-10-24,"INVEST,ORDER","[그룹주기상도]SK‘비온뒤갬’, 실적개선·리스크 교차…LG‘흐림’, 기...",https://www.nspna.com/news/?mode=view&newsid=783425
2025-10-24,"INVEST,LAUNCH,ORDER","삼성전자, 파운드리 자존심 회복...비메모리 적자 탈출 빨라지나",http://www.fntimes.com/html/view.php?ud=2025102417453028857de3572ddd_18
2025-10-24,"LAUNCH,ORDER",정부 부채만 38조 달러인데…백악관 뜯어고치는 트럼프,https://news.tf.co.kr/read/world/2255531.htm
2025-10-24,LAUNCH,[비즈투데이]  삼성  글로벌골즈 기부금 2천200만 달러 돌파,https://www.obsnews.co.kr/news/articleView.html?idxno=1501507
2025-10-24,INVEST,삼성 DS CTO “어드밴스드패키지가 미래”.. 앰코 “한국 고객 원해”,https://www.mk.co.kr/article/11450819
2025-10-24,"INVEST,LAUNCH,ORDER",[주식마감기사] 테슬라 훈풍에 이차전지 관련주 '상한가'... 중앙첨단소...,https://www.ggilbo.com/news/articleView.html?idxno=1119947
2025-10-24,INVEST,"NH아문디, ‘HANARO K-반도체 ETF’ 순자산 5000억원 돌파",https://www.nongmin.com/article/20251024500431
2025-10-24,INVEST,"이상일 용인특례시장, 반도체 고속도로 민자적격성 조사 통과",http://www.globalepic.co.kr/view.php?ud=202510241725005005f69d33b22_29
2025-10-24,INVEST,"[IPO] 노타, 일반청약 경쟁률 2781대 1…올해 최고치 경신",http://www.womentimes.co.kr/news/articleView.html?idxno=91702
2025-10-24,LAUNCH,"줌, 안드로이드 XR용 앱 발표",http://digitalchosun.dizzo.com/site/data/html_dir/2025/10/24/2025102480219.html
2025-10-24,"INVEST,LAUNCH","[투자튜브 ON] ㉒ 한국산 선크림 사재기?…신한자산운용, 'SOL 3인방' 채널...",http://www.hansbiz.co.kr/news/articleView.html?idxno=785592
2025-10-24,"INVEST,LAUNCH","노타, IPO 일반청약에 9조 넘게 몰려…경쟁률 2781.5 대 1",https://www.g-enews.com/view.php?ud=202510241920227482bbed569d68_1
2025-10-24,INVEST,"이광재 ""우리나라도 반도체 생태계로 전환해야""",http://www.newstomato.com/ReadNews.aspx?no=1279076&inflow=N
2025-10-24,REGUL,"[분양캘린더] 10월5주, 폭풍전야 분양시장···전국 7000여 가구",http://www.koreastocknews.com/news/articleView.html?idxno=114572
2025-10-24,"INVEST,LAUNCH,PARTNERSHIP","신한투자증권, 美센서타워에 전략적 투자",http://www.enewstoday.co.kr/news/articleView.html?idxno=2344941
2025-10-24,INVEST,"노타, IPO 일반청약 경쟁률 2781.5대1…올해 최고치 기록",https://www.newsway.co.kr/news/view?ud=2025102417275340764
2025-10-24,INVEST,"3연승 노리는 KT 문경은 감독 ""문정현 활약 기대하고 있다""",http://www.rookie.co.kr/news/articleView.html?idxno=114688
2025-10-24,INVEST,"""서로 간 신뢰 재확인했다"" 소노 손창환 감독, 주말 연전 패배 후 선수들...",http://www.rookie.co.kr/news/articleView.html?idxno=114689
2025-10-24,LAUNCH,"설비공학회, 탈탄소 위한 히트펌프 적용 전략 논의",http://www.kmecnews.co.kr/news/articleView.html?idxno=43563
2025-10-24,INVEST,[웜업터뷰] “어린아이 아니고 남자라고 하더라고요” 손창환 감독이 부...,https://m.sports.naver.com/basketball/article/065/0000286326
2025-10-24,INVEST,"'2연승' 문경은 감독 ""(문)정현이 활약했으면""…'2연패' 손창환 감독 ""미...",https://www.mydaily.co.kr/page/view/2025102418283081005
2025-10-24,"CERT,INVEST,LAUNCH,ORDER,PARTNERSHIP","시스템반도체 관련주, '봄꽃만개' 이미지스·파두·아이에이·SFA반도체...",http://www.finomy.com/news/articleView.html?idxno=241571
2025-10-24,"CERT,LAUNCH",드디어 출시된 씽큐 온..'올  LG  스마트 홈' 가능해졌다,https://www.greened.kr/news/articleView.html?idxno=332379
2025-10-24,"CERT,REGUL","[E-순환거버넌스]설계부터 재활용까지… LG전자 , TV·청소기 'E-순환우수...",https://www.etnews.com/20251024000146
2025-10-24,"INVEST,LAUNCH","美 조지아 주지사, SK온· LG 엔솔 잇달아 방문…배터리 협력 강화(종합)",https://www.news1.kr/industry/general-industry/5952947
2025-10-24,LAUNCH,국내서 미국 명문대 편입까지… 예스유학 '송도 글로벌 캠퍼스 진학 프...,https://edu.donga.com/news/articleView.html?idxno=97170
2025-10-24,"CERT,LAUNCH",[SEDEX·KES 2025]  전자 ·반도체가 그린 '네모의 꿈',https://www.econovill.com/news/articleView.html?idxno=715901
2025-10-24,LAUNCH,"서울디자인위크2025…'디자인 도시' 서울, 취향으로 빛나다",https://www.sedaily.com/NewsView/2GZAX62LPD
2025-10-24,LAUNCH,‘말 한마디에 집이 움직였다’… ‘KES 2025’에서 본 AI 스마트홈,https://bravo.etoday.co.kr/view/atc_view/17597
2025-10-24,INVEST,"한경협, 美 테네시 주지사 초청 간담회…포스코·CJ 등 6개사 투자 애로...",https://www.news2day.co.kr/article/20251024500166
2025-10-24,"INVEST,LAUNCH",[특별 기고] 대학 위기의 타개를 위한 길,https://news.unn.net/news/articleView.html?idxno=585360
2025-10-23,LAUNCH,"“세월을 비껴간 외모” 김민종·예지원, ‘아시아모델어워즈’ 인기상",https://sports.donga.com/ent/article/all/20251023/132621287/1
2025-10-23,LAUNCH,"'피렌체' 김민종·예지원, '아시아모델어워즈' 영화부문 인기상 수상",https://www.spotvnews.co.kr/news/articleView.html?idxno=777789
2025-10-23,LAUNCH,"‘50대 최강동안’ 김민종·예지원, 아시아가 사랑한 배우 입증 “세월...",https://www.sportsseoul.com/news/read/1556258?ref=naver
2025-10-23,LAUNCH,김민종·예지원 ‘아시아모델어워즈’ 인기상 수상,https://sports.khan.co.kr/article/202510231359003?pt=nv
2025-10-23,LAUNCH,"김민종·예지원, '아시아모델어워즈' 인기상 수상",https://www.newsinside.kr/news/articleView.html?idxno=4101910
2025-10-23,LAUNCH,"'쇼핑몰 CEO' 강민경, 사장님이야 모델이야…현실감 제로 미모",https://www.mydaily.co.kr/page/view/2025102311024553379
2025-10-24,LAUNCH,"다이나믹 듀오, '가끔씩 오래 보자'로 전국 투어 콘서트 진행",https://www.topstarnews.net/news/articleView.html?idxno=15850613
2025-10-23,"CERT,INVEST","일부 품목은 역전…""보안 기술로 돌파해야"" [유럽서 불붙은 한중대첩③...",https://it.chosun.com/news/articleView.html?idxno=2023092147731
2025-10-23,LAUNCH,"中 로봇, 韓 AI… 프리미엄 가전 맞불 [유럽서 불붙은 한중대첩②]",https://it.chosun.com/news/articleView.html?idxno=2023092147674
2025-10-24,LAUNCH,"[개봉기] e스포츠 특화의 게임 컨트롤러, '레이저 Raiju V3 Pro'",https://www.inven.co.kr/webzine/news/?news=310670
2025-10-23,LAUNCH,"박나래 정성 통했다… 보이넥스트도어, 결국 ""나래 엄마"" 외쳐",https://www.newsinside.kr/news/articleView.html?idxno=4101995
2025-10-23,LAUNCH,"""'전석 매진 신화' 에픽 하이 , '솔로지옥 4' 패러디까지→연말 콘서트 추...",https://www.topstarnews.net/news/articleView.html?idxno=15848976
2025-10-23,LAUNCH,"박나래, 장성한 아들 생겼다..보넥도 '나래식' 풀코스에 ""나래 엄마"" 호...",https://www.sportschosun.com/entertainment/2025-10-23/202510230100139450018718
2025-10-23,LAUNCH,"보이넥스트도어, “나래 엄마” 외쳤다 (나래식)",https://www.bntnews.co.kr/article/view/bnt202510230120
2025-10-24,LAUNCH,"모델 송경아, 파리에서  센스  100점! 반다나 두른  하이 패션 감각 프렌치...",http://www.fashionn.com/board/read_new.php?table=1024&number=58406
2025-10-23,LAUNCH,"'집밥→생축' 박나래 정성 통했다…보넥도 ""나래 엄마"" 감탄 연발 (나래...",https://www.xportsnews.com/article/2068861
2025-10-23,LAUNCH,"보넥도, 결국 ""나래 엄마"" 외쳤다 (나래식)",http://enews.imbc.com/News/RetrieveNewsInfo/481320
2025-10-23,LAUNCH,"""진짜 엄마가 된 기분""…박나래·보이넥스트도어, '나래식' 집밥 케어→...",https://www.topstarnews.net/news/articleView.html?idxno=15848714
2025-10-24,LAUNCH,[현장에서] 사모펀드와 창조적 파괴,https://news.einfomax.co.kr/news/articleView.html?idxno=4380118
2025-11-03,"INVEST,LAUNCH","AI 데이터센터, GPU 이어 스토리지 대란 온다···”HDD 물량 확보 시급...",https://www.cio.com/article/4077675/ai-데이터센터-gpu-이어-스토리지-대란-온다···hdd-물량-확.html
2025-10-23,"INVEST,LAUNCH","델 캐피털, AI 투자로 '5건 엑시트'… 기술 중심 전략 통했다",https://www.tokenpost.kr/news/ai/296888
2025-10-23,"INVEST,LAUNCH,ORDER,PARTNERSHIP","SI(시스템통합) 관련주, '으쓱으쓱 어깨춤' 케이씨에스·아이티센글로벌...",http://www.finomy.com/news/articleView.html?idxno=241462
2025-10-23,PARTNERSHIP,"델, AI 플랫폼 대대적 확장… ‘데이터 분산 처리’로 기업 성과 혁신 노...",https://www.tokenpost.kr/news/ai/296730
2025-10-22,"INVEST,PARTNERSHIP","엔비디아·AMD도 베팅… 유니포어, 3,744억 투자 유치로 AI 클라우드 본...",https://www.tokenpost.kr/news/ai/296645
2025-10-23,"CERT,LAUNCH","델 테크놀로지스, 엔트리급 기업용 노트북·데스크톱 ‘델 프로 에센셜...",https://cwn.kr/article/1065578424306349
2025-10-22,"LAUNCH,PARTNERSHIP",[ICT 종합] 델 테크놀러지스 및 겜툰 소식 외,https://www.gamevu.co.kr/news/articleView.html?idxno=52608
2025-11-03,"CERT,LAUNCH","델 테크놀로지스, ‘프로 에센셜’ PC 라인업 출시···”중소기업 시...",https://www.cio.com/article/4076755/델-테크놀로지스-프로-에센셜-pc-라인업-출시···.html
2025-11-03,"CERT,LAUNCH","델 테크놀로지스, 중소기업 대상 ‘프로 에센셜’ PC 라인업 출시",https://www.itworld.co.kr/article/4076768/델-테크놀로지스-중소기업-대상-프로-에센셜-pc-라.html
2025-10-22,"CERT,LAUNCH","델 테크놀로지스, 중소·중견기업 위한 '델 프로 에센셜' PC 라인업 출시",https://www.etnews.com/20251022000254
2025-10-23,LAUNCH,"[실리콘 디코드] 인텔, 차기 데스크톱 CPU '코어 울트라 7 270K 플러스' 첫...",https://www.g-enews.com/view.php?ud=202510231007175564fbbec65dfb_1
2025-10-23,"INVEST,ORDER,PARTNERSHIP","에티버스, 미국 실리콘밸리 MinIO 본사와 총판 계약",https://www.g-enews.com/view.php?ud=20251023081502228df2f5bc1bc_1
2025-10-22,"CERT,LAUNCH","델 테크놀로지스, '델 프로 에센셜' PC 라인업 출시... ""중소·중견 기업...",https://kr.aving.net/news/articleView.html?idxno=1805169
2025-10-22,CERT,"델 테크놀로지스, 중소·중견기업 위한 '델 프로 에센셜' PC 선보여",http://www.newsroad.co.kr/news/articleView.html?idxno=47607
2025-10-22,"CERT,LAUNCH","델, SMB용 PC '델 프로 에센셜' 4종 출시 ··· PC 교체 수요 대응 박차",https://www.datanet.co.kr/news/articleView.html?idxno=206183
2025-10-22,"CERT,LAUNCH","델, 중소·중견기업 위한 '델 프로 에센셜' PC 라인업 출시...""성능∙보...",https://www.aitimes.kr/news/articleView.html?idxno=36851
2025-10-22,LAUNCH,"""중소·중견기업에 딱 맞춤""…델 '델 프로 에센셜' 라인 공개",https://www.news1.kr/it-science/general-it/5949205
2025-10-22,LAUNCH,"델, 중소·중견기업용 '프로 에센셜' PC 라인업 선봬…""SMB 시장 비즈니...",https://www.epnc.co.kr/news/articleView.html?idxno=323715
2025-10-22,"CERT,LAUNCH","델 테크놀로지스, 중소·중견기업 대상 ‘델 프로 에센셜’ PC 출시 [뉴...",https://www.ddaily.co.kr/page/view/2025102209134984109
2025-10-22,"CERT,LAUNCH","델 테크놀로지스, 중소·중견기업을 위한 '델 프로 에센셜' PC 라인업 출...",https://gamefocus.co.kr/detail.php?number=170292
2025-10-22,LAUNCH,"델테크놀로지스, SMB용 '델 프로 에센셜' PC 라인업 출시",https://www.it-b.co.kr/news/articleView.html?idxno=84724
2025-11-03,LAUNCH,HP  고가 바꾼 5G 노트북 인식 ‘항상 연결되는 PC의 가능성’,https://www.itworld.co.kr/article/4078376/hp-고가-바꾼-5g-노트북-인식-항상-연결되는-pc의-가능성.html
2025-10-24,LAUNCH,트럼프 연회장 건설에 100여 년 역사 백악관 동관 사라져,https://www.newsis.com/view/NISX20251024_0003376073
2025-10-24,"INVEST,REGUL","""한국 경제, 재정 건전성 확보가 중요""",http://www.jejunews.com/news/articleView.html?idxno=2221458
2025-10-22,LAUNCH,"델, 중소·중견기업 위한 ‘델 프로 에센셜’ PC 라인업 공개",https://www.cnet.co.kr/view/?no=20251022085659
2025-10-22,LAUNCH,"델, 중소·중견기업 겨냥 '델 프로 에센셜' PC 라인업 전격 출시",https://www.digitaltoday.co.kr/news/articleView.html?idxno=598616
2025-10-24,LAUNCH,"몬탭, 특허추출물 적용한 단백질 레이어링 노워시 트리트먼트 출시",https://www.vegannews.co.kr/news/article.html?no=328683
2025-10-24,LAUNCH,[체험기] '카오스 제로 나이트메어'가 장안의 화제일 수밖에 없는 이유,https://www.inven.co.kr/webzine/news/?news=310599
2025-10-22,"CERT,LAUNCH","델 테크놀로지스, '델 프로 에센셜' PC 라인업 새롭게 선봬",https://www.newsfreezone.co.kr/news/articleView.html?idxno=653248
2025-10-24,LAUNCH,[메카 랭킹] 두 번 미소지은 뱀피르 '카니지',https://www.gamemeca.com/mv.php?inflow=naver_s&gid=1767546
2025-10-23,LAUNCH,"드림에이지 '아키텍트', 고인물은 알려주지 않는 초보 꿀팁 10선",https://www.gamevu.co.kr/news/articleView.html?idxno=52639
2025-10-23,LAUNCH,블루포션 '에오스 블랙' EP3 업데이트와 함께 과금 제한 신규 서버 '삼백...,https://gamefocus.co.kr/detail.php?number=170407
2025-10-23,LAUNCH,'오딘' 신규 클래스로 연말 분위기 띄울까,https://www.tgdaily.co.kr/news/articleView.html?idxno=400216
2025-10-23,"CERT,INVEST","LS일렉트릭 R-센터, KOLAS 공인시험기관 인정 취득",https://www.koreaittimes.com/news/articleView.html?idxno=146845
2025-10-23,CERT,"LS일렉트릭 자체 시험기관, 공인인증 획득…“해외 시장 신속 대응”",https://biz.heraldcorp.com/article/10599338?ref=naver
2025-11-03,"CERT,INVEST,LAUNCH,PARTNERSHIP",“플랫폼과 인프라가 만나 AI 복잡성 줄이다”  레노버 -뉴타닉스의 AI 추...,https://www.itworld.co.kr/article/4078524/플랫폼과-인프라가-만나-ai-복잡성-줄이다-레노버-2.html
2025-10-23,CERT,SK에너지 수소공장 폭발사고 합동 현장 감식,https://www.ksilbo.co.kr/news/articleView.html?idxno=1039713
2025-10-22,ORDER,[패치] 리니지W 신규 던전 '격전지:4구역'! 4주년 전야제도 진행,https://www.inven.co.kr/webzine/news/?news=310589
2025-10-22,ORDER,[패치] 연금석으로 아이템과 컬렉션 획득! 10월 4주차 업데이트,https://www.inven.co.kr/webzine/news/?news=310596
2025-10-24,LAUNCH,"펄어비스, '붉은사막 X AMD 팝업스토어' 홍대에서 3일간 체험 이벤트 진...",https://www.job-post.co.kr/news/articleView.html?idxno=184799
2025-10-23,INVEST,"""노트북이 태블릿도 되네""  HP  옴니북 X 플립 14 써보니 [1일IT템]",http://www.fnnews.com/news/202510202345001215
2025-10-24,LAUNCH,"펄어비스, AMD와 '붉은사막' 팝업스토어 오픈",https://www.cnbnews.com/news/article.html?no=756782
2025-10-24,LAUNCH,"펄어비스, '붉은사막 X AMD 팝업스토어' 개최",http://www.whitepaper.co.kr/news/articleView.html?idxno=253623
2025-10-23,"CERT,INVEST,REGUL","에오스 블랙, EP3 업데이트와 함께 과금 제한 신규 서버 ‘삼백II’ 오픈",https://www.gameshot.net/common/con_view.php?code=GA68f9cc2884666
2025-10-24,LAUNCH,"펄어비스, 붉은 사막-AMD 팝업스토어 2025 홍대 오픈",https://www.cstimes.com/news/articleView.html?idxno=673640
2025-10-23,LAUNCH,"펄어비스, AMD와 홍대서 '붉은사막' 팝업 연다",http://www.00news.co.kr/news/articleView.html?idxno=98428
2025-10-23,LAUNCH,'붉은사막' 광활한 오픈월드 실감...AMD 협업 팝업스토어 홍대에  오픈,http://www.worktoday.co.kr/news/articleView.html?idxno=75812
2025-10-23,"LAUNCH,PARTNERSHIP","펄어비스, ‘붉은사막 X AMD 팝업스토어 2025 홍대’ 연다",https://www.gamemeca.com/mv.php?inflow=naver_s&gid=1767516
2025-10-23,LAUNCH,"펄어비스, '붉은사막 X AMD 팝업스토어 2025 홍대' 오픈",https://www.gametoc.co.kr/news/articleView.html?idxno=103114
2025-10-23,LAUNCH,"펄어비스, 홍대에 '붉은사막 X AMD' 팝업스토어 오픈",https://www.pinpointnews.co.kr/news/articleView.html?idxno=387898
2025-10-23,LAUNCH,"펄어비스, '붉은사막 X AMD 팝업스토어 2025' 개최",http://www.maniareport.com/view.php?ud=202510232329515182cecffa9387_19
2025-10-24,LAUNCH,"[실리콘 디코드] 마이크론, AI 노트북 D램 'LPCAMM2' 참전…삼성·SK와 '3...",https://www.g-enews.com/view.php?ud=202510240839417658fbbec65dfb_1
2025-10-23,LAUNCH,"[데일리 IT 단신] 카카오, 산리오 캐릭터 ‘한교동’ 한정판 굿즈 출시...",https://biz.newdaily.co.kr/site/data/html/2025/10/23/2025102300386.html
2025-10-23,LAUNCH,"가이던트, DIFA 2025서 '스마트 벤치 에센셜 시리즈 범용 벤치 장비' 전...",https://kr.aving.net/news/articleView.html?idxno=1805251
2025-10-23,LAUNCH,"펄어비스, AMD와 '붉은사막' 팝업스토어 30일 오픈",https://daily.hankooki.com/news/articleView.html?idxno=1286090
2025-10-23,LAUNCH,"붉은사막, AMD와 팝업 오픈…세계관 테마로 참여형 이벤트 진행",https://www.sportsworldi.com/newsView/20251023515853
2025-10-23,"INVEST,LAUNCH,REGUL","[기고] 윤석준  레노버  ISG 부사장 ""다시 생각하는 사이버 보안의 중요성...",https://www.cnet.co.kr/view/?no=20251023162306
2025-10-23,LAUNCH,펄어비스 '붉은사막 X AMD 팝업스토어 2025 홍대' 오픈,http://www.enewstoday.co.kr/news/articleView.html?idxno=2344208
2025-10-23,LAUNCH,"펄어비스, ‘붉은사막×AMD 팝업스토어 2025 홍대’ 오픈",https://www.viva100.com/article/20251023501119
2025-10-23,LAUNCH,‘붉은사막’ 광활한 오픈월드와 실감나는 전투 직접 체험한다…홍대서...,https://www.kukinews.com/article/view/kuk202510230156
2025-10-23,LAUNCH,"펄어비스, 홍대 AMD 팝업스토어 개최...'최상급 환경' 붉은사막 데모 체...",https://www.mhnse.com/news/articleView.html?idxno=475994
2025-10-22,LAUNCH,"커세어, 혁신적 트리플 챔버 구조의 미들타워 케이스 '에어 5400' 출시",https://www.ezyeconomy.com/news/articleView.html?idxno=223799
2025-10-22,LAUNCH,혁신적 트리플 챔버 미들타워 케이스... '에어 5400' 선보인 커세어,https://www.ilovepc.co.kr/news/articleView.html?idxno=56491
2025-10-22,LAUNCH,"커세어, 트리플 챔버 미들타워 케이스 'AIR 5400' 출시... ""열 효율·성능...",https://kr.aving.net/news/articleView.html?idxno=1805144
2025-10-22,"INVEST,LAUNCH,ORDER,PARTNERSHIP","Xbox, ""차세대 콘솔은 현재 프로토타입 및 디자인 단계""",https://www.inven.co.kr/webzine/news/?news=310575
2025-10-22,LAUNCH,[알립니다]2025 반도체포럼,https://www.kwnews.co.kr/page/view/2025102109473693274
2025-10-22,LAUNCH,커세어 혁신적인 트리플 챔버 미들타워 케이스 'AIR 5400' 출시,https://gamefocus.co.kr/detail.php?number=170300
2025-10-24,LAUNCH,"남유정, ‘軍 급식대전’ MC 발탁…오상진과 호흡",https://isplus.com/article/view/isp202510240151
2025-10-22,LAUNCH,"커세어, 혁신적인 트리플 챔버 미들타워 케이스 AIR 5400 출시",https://kbench.com/?q=node/272374
2025-10-24,CERT,'THE 맛있는 녀석들' 대구 군위 팔공산 '민물고기 매운탕' 맛집 위치는?...,https://www.topstarnews.net/news/articleView.html?idxno=15849079
2025-10-24,LAUNCH,"'6남매 아빠' 현진우, ""4년 만에 이혼했다…전처 나이·이름 다 거짓"" ('...",https://www.tenasia.co.kr/article/2025102411354
2025-10-23,"CERT,INVEST,REGUL","펄어비스, ‘붉은사막 X AMD 팝업스토어 2025 홍대’ 오픈",https://www.gameshot.net/common/con_view.php?code=GA68f9beebad5f8
2025-10-24,LAUNCH,서커스부터 소리극까지…늦가을 채워줄 공연,http://www.yonhapnewstv.co.kr/MYH20251024201107QHB
2025-10-24,REGUL,"법원도서관, 29일 '부에 대한 가이드라인' 시민 북콘서트 개최",https://www.lawtimes.co.kr/news/212542
2025-10-23,LAUNCH,"펄어비스, '붉은사막 X AMD 팝업스토어 2025 홍대' 운영",https://www.ziksir.com/news/articleView.html?idxno=108999
2025-10-24,LAUNCH,"‘만능 재주꾼’ 이찬원, ‘찬란’한 여정 시작…MC→신곡 라이브로 최...",https://www.sportsseoul.com/news/read/1556608?ref=naver
2025-10-24,LAUNCH,"'정조국♥' 김성은, 건강악화에 지인 출동…""보자마자 울었다"" [RE:스타...",https://www.tvreport.co.kr/star/article/950830/
2025-10-24,"CERT,LAUNCH",'청래당' 논란에 민주당 내 균열…김민석 총리 '구원투수' 거론,https://www.thepublic.kr/news/articleView.html?idxno=280994
2025-10-24,"CERT,INVEST,LAUNCH","김연경, '신인감독'만으로는 부족…""돌아왔습니다"" 유튜버도 전격 복귀...",https://www.xportsnews.com/article/2069415
2025-10-24,LAUNCH,"김정은, 러 파병 군인 끌어안으며 “피 주고받는 신뢰관계”",https://www.ichannela.com/news/main/news_detailPage.do?publishId=000000497637
2025-10-24,"CERT,INVEST",손으로 휘갈긴 가짜 신분증도 무사통과? 농협 보안 실태 도마 위,https://www.pressian.com/pages/articles/2025102417200552890?utm_source=naver&utm_medium=search
2025-10-24,LAUNCH,안구건조증과 시력 저하 막는 일상 속 간단한 눈 건강 습관 5가지,https://www.insight.co.kr/news/525864
2025-10-24,LAUNCH,"""버거는 결국 가성비""…소비자, 고물가에 롯데리아·맘스터치 찾았다",https://www.insightkorea.co.kr/news/articleView.html?idxno=234157
2025-10-24,LAUNCH,"이미주, 김희철 ♥고백 거절했다더니…서운함 폭발 ""밖에 나가면 인기 ...",https://www.tenasia.co.kr/article/2025102492114
2025-10-24,LAUNCH,"아크, 새 싱글 '컨트롤+알트+스키드' 티저 공개…암호화된 도시의 美 표...",https://www.spotvnews.co.kr/news/articleView.html?idxno=777919
2025-10-24,CERT,손으로 조작한 신분증 '무사통과' … 농협 안일한 보안인식,https://www.safetimes.co.kr/news/articleView.html?idxno=235844
2025-10-24,REGUL,"나경원 ""합의 없는 다수결, 폭정…상임위 공정성 회복해야""",http://www.mhj21.com/170103
2025-10-24,REGUL,"""발언 기회 달란 野의원 291회 무시""…나경원 '추미애 방지법' 대표발의",https://www.imaeil.com/page/view/2025102420242919307
2025-10-24,REGUL,"국민의힘, '추미애 방지법' 발의…""민주당 일방적 토론 종결 막겠다""",https://www.newspim.com/news/view/20251024001083
2025-10-24,CERT,"대전동부소방서, 리튬이온배터리 화재예방 집중 홍보",http://www.gocj.net/news/articleView.html?idxno=143111
2025-10-24,REGUL,"국힘, '추미애 방지법' 제출…""野 발언권 제한·강제 퇴장 등 독재 지나...",https://www.newsis.com/view/NISX20251024_0003376345
2025-10-24,LAUNCH,"AI 특수 타고 MLCC 시장 양극화…삼성전기, 서버용 MLCC 호재 맞았다",https://www.ceoscoredaily.com/page/view/2025102416454549851
2025-10-24,REGUL,"국힘 '추미애 방지법' 발의…""추미애, 野토론·발언 무시 291회""",https://www.asiatoday.co.kr/view.php?key=20251024010009694
2025-10-24,REGUL,"추미애, 두 달간 271차례 野 발언 막아 … '6선 의원의 품격'은 사라졌다...",https://www.newdaily.co.kr/site/data/html/2025/10/24/2025102400215.html
2025-10-24,REGUL,"국민의힘, ‘추미애 방지법’ 발의…“국회 정상화 시켜야”",https://news.kbs.co.kr/news/pc/view/view.do?ncd=8390154&ref=A
2025-10-24,REGUL,"국민의힘, '추미애 방지법' 발의…나경원 ""합의 없는 다수결은 폭정""",https://www.dailian.co.kr/news/view/1563779/?sc=Naver
2025-10-24,CERT,KT·LGU+ 닮은꼴 대응 “해킹 정황 없다”...왜 그렇게 말했을까,https://www.ddaily.co.kr/page/view/2025102416191480058
2025-10-24,"INVEST,LAUNCH,ORDER",[경제인이슈] 다시 질주하는 이차전지... 이번엔 다르다?,https://www.ltn.kr/news/articleView.html?idxno=49834
2025-10-24,REGUL,"‘소설가’ 차인표, 식당-숙소서도  노트북 과 씨름… “어디서든 강의 준...",https://www.donga.com/news/Culture/article/all/20251024/132629397/2
2025-10-24,LAUNCH,트럼프·시진핑 경주 정상회담…1년 가까이 끌어온 무역전쟁 어디까지 ...,https://www.khan.co.kr/article/202510241644001
2025-10-24,INVEST,"고양시, 주민대피시설 활용 '어린이 안보·안전체험장' 조성",https://www.newsis.com/view/NISX20251024_0003376215
2025-10-24,LAUNCH,"AI 시대, 준비할 시간은 얼마나 남았을까",https://platum.kr/archives/273173
2025-10-24,INVEST,"[위클리오늘] 고양시, 주민대피시설 활용 '어린이 안보·안전체험장' 조...",http://www.weeklytoday.com/news/articleView.html?idxno=733681
2025-10-24,INVEST,"고양시, 주민대피시설 활용 ‘어린이 안보·안전체험장' 조성",https://www.siminilbo.co.kr/news/newsview.php?ncode=1160290553129597
2025-10-24,INVEST,"고양시, 주민대피시설을 '어린이 안보·안전 체험장'으로 조성",https://idsn.co.kr/news/view/1065594161563522
2025-10-24,"CERT,INVEST,LAUNCH","인텔, '美 정부 대주주' 이후 첫 실적 발표…매출 예상치 상회·흑자 전...",https://www.sisajournal.com/news/articleView.html?idxno=350586
2025-10-24,LAUNCH,"젤리 키캡 더한 풀 알루미늄 유무선 기계식 키보드, COX CF87",https://www.betanews.net/article/view/beta202510240072
2025-10-24,PARTNERSHIP,"유럽, 26일 서머타임 종료…한국과 시차 1시간 늘어나",https://www.news1.kr/world/europe/5953055
2025-10-24,LAUNCH,"""제일 급한 일부터…"" 이정신, 피로 속 여운→흐릿한 셀카 한 장",https://www.topstarnews.net/news/articleView.html?idxno=15850782
2025-10-24,REGUL,"[인터뷰] 2025년 5급 공채 최연소 정선영 씨 ""합격은 오로지 내 손에 달...",http://www.lec.co.kr/news/articleView.html?idxno=750889
2025-10-24,LAUNCH,"[영상] ""단 7분 만에 사다리차 타고 유유히""…루브르 도둑들, 대담한 탈...",https://www.sedaily.com/NewsView/2GZAYUSYOF
2025-10-24,REGUL,"'베스트셀러 소설가' 차인표, 유럽서 한국 문학을 논하다",https://www.mediapen.com/news/view/1051945
2025-10-24,"INVEST,LAUNCH,REGUL","[보안리더] 이용준 극동대 교수 ""한국에 위협적인 해킹 세력 3곳, '록빗...",https://zdnet.co.kr/view/?no=20251024195041
2025-10-24,"CERT,LAUNCH",상생페이백 신청 방법과 사용처,https://www.bntnews.co.kr/article/view/bnt202510240185
2025-10-24,PARTNERSHIP,"코오롱스포츠, 산림청과 '동서 트레일' 조성 위한 업무협약",https://www.segye.com/newsView/20251024513341?OutUrl=naver
2025-10-24,"LAUNCH,PARTNERSHIP","삼성 글로벌골즈 앱, 누적 기부금 2,200만 달러 돌파",http://www.worktoday.co.kr/news/articleView.html?idxno=75873
2025-10-24,"CERT,INVEST,LAUNCH","블랙핑크 리사, 하츄핑 인증 사진 한 장에 코스닥 발칵",http://www.newstown.co.kr/news/articleView.html?idxno=663753
2025-10-24,LAUNCH,"[단독] '환승연애' 김예원, FA 나왔다",https://www.hankookilbo.com/News/Read/A2025102415280004729?did=NA
2025-10-24,"CERT,LAUNCH,PARTNERSHIP","[N2 유통] 시몬스ⅩN32, 롯데백화점 인천점 팝업 오픈…신라스테이 ‘K컬...",https://www.news2day.co.kr/article/20251024500311
2025-10-24,"INVEST,LAUNCH",[단독] 카카오 '숏폼 논란' 속 토스도 뛰어든다,https://www.newspim.com/news/view/20251024000921
2025-10-24,CERT,말레이시아 조미김 시장 동향,http://dream.kotra.or.kr/kotranews/cms/news/actionKotraBoardDetail.do?SITE_NO=3&MENU_ID=190&CONTENTS_NO=2&bbsGbn=254&bbsSn=254&pNttSn=235172
2025-10-23,"CERT,INVEST,LAUNCH",아바텍 “MLCC 공급 재개…거래선도 확장”,https://www.etnews.com/20251023000462
2025-10-24,"INVEST,LAUNCH","[더벨]'광폭 투자행보' 파라투스, 2호 블라인드펀드 50% 소진",https://www.thebell.co.kr/free/content/ArticleView.asp?key=202510221612380120102661
2025-10-24,CERT,'치안산업대전'에 집합한 글로벌 기업…음주운전자 차량 시동 제한장치...,https://www.newsworks.co.kr/news/articleView.html?idxno=815718
2025-10-23,LAUNCH,"프리미엄 콤팩트 SUV XC40, 다크(Dark) 테마 추가로 '존재감' 각인",http://www.rpm9.com/news/article.html?id=20251023090001
2025-10-24,LAUNCH,"위에이알, AI 캠페인으로 세계관 확장…참여형 이벤트 2종 공개",https://www.mt.co.kr/industry/2025/10/24/2025102413554316102
2025-10-24,"CERT,LAUNCH,PARTNERSHIP","[게임뉴스] 웹젠, 'R2' 19주년 콘텐츠 추가 외 주요 소식",https://www.gamevu.co.kr/news/articleView.html?idxno=52674
2025-10-23,LAUNCH,[르포] 열정이 만들어낸 미래 현대차그룹 기술의 향연,http://autotimes.co.kr/detail.php?number=685154&thread=27
2025-10-24,LAUNCH,"위에이알, 신규 캠페인에 생성형 AI 제작 파이프라인 도입",https://www.mt.co.kr/industry/2025/10/24/2025102413444882605
2025-10-24,CERT,"시몬스XN32, 롯데百 인천점서 내달 9일까지 팝업",https://www.wolyo.co.kr/news/articleView.html?idxno=302959
2025-10-24,PARTNERSHIP,"한전KDN, 최초 광역형 안전관리 허브 구축 주도..전북테크노파크와 맞손",http://kpenews.com/View.aspx?No=3827231
2025-10-24,LAUNCH,"경기문화재단, 도내 9곳에서 체험·전시·교육을 누리는 문화의 날 운영",https://weekly.cnbnews.com/news/article.html?no=194070
2025-10-24,REGUL,[애드테크 도쿄 2025]⑦ 도쿄에서 만난 '소비자가 참여하는 광고의 시대...,https://www.banronbodo.com/news/articleView.html?idxno=31085
2025-10-24,"INVEST,ORDER","[방산+] 다산기공, 신형 기관단총 수주전…성능 앞서도 재무는 '팍팍'",https://www.bloter.net/news/articleView.html?idxno=646176
2025-10-24,"CERT,REGUL",롯데백화점 인천점에 ‘시몬스ⅩN32’ 팝업스토어 오픈,https://www.sentv.co.kr/article/view/sentv202510240184
2025-10-24,CERT,롯데백화점 인천점 ‘시몬스ⅩN32’ 팝업스토어 오픈,https://www.ilyosisa.co.kr/news/article.html?no=252273
2025-10-24,CERT,"시몬스, 롯데백화점 인천점에 'XN32' 팝업스토어 오픈",http://www.ttlnews.com/news/articleView.html?idxno=3041491
2025-10-24,LAUNCH,"다이퀘스트, 상명대 학생들과 AI로 영상 제작...JTBC 포럼서 공개",https://www.aitimes.com/news/articleView.html?idxno=203431
2025-10-24,"INVEST,LAUNCH",[일정] 10월 마지막 주 전시회 및 박람회,https://kr.aving.net/news/articleView.html?idxno=1805325
2025-10-24,LAUNCH,"네이버지도, '실내  AR  내비게이션' 출시",https://www.gukjenews.com/news/articleView.html?idxno=3409505
2025-10-24,CERT,"시몬스, 롯데백화점 인천점에 '시몬스ⅩN32' 팝업스토어 오픈",https://www.koreaittimes.com/news/articleView.html?idxno=146945
2025-10-24,LAUNCH,"""애플 반값인데 가볍고 AI 기능까지""…삼성 '야심작'에 외신 호평",https://www.hankyung.com/article/202510240228g
2025-10-24,"LAUNCH,REGUL","남서울대 로버트 딘 교수, 中 ‘2025 세계 VR 산업대회’서 발표",https://www.sentv.co.kr/article/view/sentv202510240138
2025-10-24,"CERT,INVEST,LAUNCH","[기업 탐방 - 케어사이드] ASF, 국산 기술로 막는다",https://www.chukkyung.co.kr/news/articleView.html?idxno=78189
2025-10-24,PARTNERSHIP,"한전KDN, 전북테크노파크와 업무협약…최초 광역형 안전관리 허브 구축...",http://www.ikld.kr/news/articleView.html?idxno=322663
2025-10-24,CERT,"시몬스, 롯데백화점 인천점에 두 번째 ‘XN32’ 팝업스토어 선봬",https://www.g-enews.com/view.php?ud=202510241547438315056c162803_1
2025-10-24,"LAUNCH,ORDER,PARTNERSHIP","김민철 스위트케이 대표 ""현장데이터 경쟁력으로 제2 팔란티어로 도약""",https://www.moneys.co.kr/article/2025102411330440536
2025-10-24,LAUNCH,"에이아이브, FIX 2025서 분산형 AI 클라우드 인프라 기술 소개 나서... ""...",https://kr.aving.net/news/articleView.html?idxno=1805317
2025-10-24,CERT,"시몬스, 롯데백화점 인천점에 '시몬스×N32' 팝업스토어 운영",https://www.kfenews.co.kr/news/articleView.html?idxno=647831
2025-10-24,LAUNCH,"티나쓰리디, KES서  XR 플랫폼 '티나 XR ' 공개",https://it.chosun.com/news/articleView.html?idxno=2023092149552
2025-10-24,LAUNCH,"""청년들 상상력이 도시 바꾼다""",https://www.mk.co.kr/article/11450667
2025-10-24,"CERT,LAUNCH","[오늘의 ABC 뉴스룸] 李대통령, 29일 트럼프·1일 시진핑과 정상회담 外",https://www.ajunews.com/view/20251024160049452
2025-10-24,CERT,"[카드뉴스] 삼성전자,  XR  시장에 다시 도전하다.. '갤럭시  XR '로 여는 새...",https://www.techm.kr/news/articleView.html?idxno=145716
2025-10-24,PARTNERSHIP,"이상일 용인시장, ‘TIS 2025’ 주관사와 인터뷰…한국·용인 관광 역량...",https://www.nspna.com/news/?mode=view&newsid=783337
2025-10-24,LAUNCH,"가톨릭관동대 권종산 교수, KES 2025서  XR 기반 교육시스템 선보여",http://www.enewstoday.co.kr/news/articleView.html?idxno=2344751
2025-10-24,PARTNERSHIP,"이상일 용인특례시장, 'TIS 2025' 주관사와 방송 인터뷰 통해 한국과 용...",https://www.siminilbo.co.kr/news/newsview.php?ncode=1160281562744857
2025-10-24,PARTNERSHIP,"이상일 용인시장, 'TIS 2025' 주관사와 방송 인터뷰",https://www.job-post.co.kr/news/articleView.html?idxno=184889
2025-10-24,LAUNCH,"줌, '갤럭시  XR ' 맞춤형 확장현실 회의 앱 출시",https://www.pinpointnews.co.kr/news/articleView.html?idxno=388184
2025-10-24,LAUNCH,"달구벌 달군 첨단 모빌리티 한눈에! 'DIFA 2025' LIVE, 지상에서 하늘까...",https://kr.aving.net/news/articleView.html?idxno=1805328
2025-10-24,LAUNCH,"뉴작, 'APEC CEO 서밋 코리아 2025' 공식 초청… K-콘텐츠  XR  기술력 세계...",https://kr.aving.net/news/articleView.html?idxno=1805291
2025-10-24,PARTNERSHIP,"이상일 용인시장, 'TIS 2025' 주관사와 인터뷰...'한국과 용인의 관광 역...",https://www.gukjenews.com/news/articleView.html?idxno=3409360
2025-10-24,LAUNCH,"한국영상대, 수시 면접에 ' XR  스튜디오' 첫 공개",https://www.goodmorningcc.com/news/articleView.html?idxno=432906
2025-10-24,PARTNERSHIP,스페인서 ‘용인 반도체 위용’ 알리는 이상일 용인시장 홍보술,https://biz.heraldcorp.com/article/10600677?ref=naver
2025-10-24,LAUNCH,"이모션웨이브, '2025 서초 AI 페스타'서 AI 음악 기술 기반 교육 플랫폼...",https://kr.aving.net/news/articleView.html?idxno=1805307
2025-10-23,"INVEST,LAUNCH,ORDER","주식고수 매수 3위 '조선 슈퍼사이클' 한화오션, 2위 두산에너빌리티 [...",https://www.widedaily.com/news/articleView.html?idxno=280908
2025-10-23,LAUNCH,"[APEC '25] LG, 정상회의 전면 지원…구광모 회장 등 CEO 총출동",https://www.ebn.co.kr/news/articleView.html?idxno=1683279
2025-10-23,"INVEST,LAUNCH,REGUL","삼성전자, 3분기 '깜짝실적' 예고…SK하이닉스·LG디스플레이는?",https://www.techm.kr/news/articleView.html?idxno=145641
2025-10-23,INVEST,"삼성디스플레이,  IT OLED  '초격차' 성공…노트북·모니터 싹쓸이",http://datanews.co.kr/news/article.html?no=141316
2025-10-23,"CERT,INVEST,LAUNCH,ORDER","[오늘의 증시리포트] LIG넥스원, 수출 확대 발판 마련중",https://www.etoday.co.kr/news/view/2517453
2025-10-23,LAUNCH,스마트기기 폼팩터 전환 시동…‘갤럭시 XR’ 헤드셋 출시,http://www.kookje.co.kr/news2011/asp/newsbody.asp?code=0200&key=20251022.99099005337
2025-10-23,"LAUNCH,PARTNERSHIP",“검증된 생태계에 가격은 절반”…‘후발주자’ 갤럭시XR 무서운 이유,https://www.sedaily.com/NewsView/2GZAEZUWHI
2025-10-23,"LAUNCH,PARTNERSHIP","[N2 뷰] '보고, 말하고 손짓하니 새 세상'...삼성 ‘갤럭시 XR’로 4년 내...",https://www.news2day.co.kr/article/20251022500189
2025-10-23,LAUNCH,"MSI, 27인치  게이밍 모니터  신제품 'G275L700 E14' 출시... 144Hz 고주사율...",https://kr.aving.net/news/articleView.html?idxno=1805278
2025-10-23,"LAUNCH,ORDER","MSI, 27인치 144hz  게이밍 모니터  'G275L700 E14' 출시",https://www.inven.co.kr/webzine/news/?news=310636
2025-10-23,LAUNCH,"알파스캔, Fast IPS 260Hz AI  게이밍 으로 진화한 QHD  모니터  'AOC Q27G42ZE' ...",https://gamefocus.co.kr/detail.php?number=170341
2025-10-23,LAUNCH,알파스캔 필립스 Fast VA 패널 탑재 34인치 180Hz  게이밍 모니터  신제품...,https://gamefocus.co.kr/detail.php?number=170340
2025-10-24,CERT,"시몬스, 롯데백화점 인천점에서 '시몬스×N32' 팝업스토어 오픈",https://www.insight.co.kr/news/525877
2025-10-24,LAUNCH,"비트엠, 30인치 커브드  게이밍 모니터  ‘Newsync X300WF200’ 출시",https://kbench.com/?q=node/272478
2025-10-24,PARTNERSHIP,"이상일 시장, 'TIS 2025' 주관사 방송 인터뷰서 한국·용인 관광 역량 설...",https://www.thereport.co.kr/news/articleView.html?idxno=72858
2025-10-23,"LAUNCH,PARTNERSHIP","삼성전자, 업계 최초 TV· 모니터 에 ‘퍼플렉시티’ 탑재",https://www.ekn.kr/web/view.php?key=20251022020468551
2025-10-24,LAUNCH,'갤럭시 XR'은 삼성 확장현실 로드맵 서막…안드로이드 생태계로 승부수,https://www.ddaily.co.kr/page/view/2025102318034619692
2025-10-23,"CERT,INVEST,LAUNCH,REGUL",2030년까지 소부장 특화단지 10개 추가 지정…글로벌 경쟁력 확보,https://www.energy-news.co.kr/news/articleView.html?idxno=219008
2025-10-24,"INVEST,LAUNCH","이노테크, 공모가 상단 1만4700원...수요예측 확약 비율 56%",https://www.hankyung.com/article/202510240596r
2025-10-24,INVEST,"캠코, '기업구조혁신펀드 6호' 위탁운용사 4곳 선정",https://www.wolyo.co.kr/news/articleView.html?idxno=302973
2025-10-24,INVEST,"[지역혁신의 중심, 대학이 선도한다] 라이즈(RISE) 참여대학 '충남도' 편",https://news.unn.net/news/articleView.html?idxno=585408
2025-10-24,INVEST,이노테크 공모가 상단 확정…줄 잇는 IPO 흥행 [시그널],https://www.sedaily.com/NewsView/2GZAXDWFK1
2025-10-24,"INVEST,LAUNCH,PARTNERSHIP",GTX-A 수혜 아파트 '운정 아이파크 시티' 주목,https://www.joongangenews.com/news/articleView.html?idxno=459698
2025-10-24,"CERT,LAUNCH","참여가 곧 소비…롯데웰푸드, 브랜드 경험 강화로 매출 확장 노린다",https://www.econovill.com/news/articleView.html?idxno=715880
2025-10-24,"CERT,INVEST,LAUNCH","BYD, 세계 1위 명성 무색…韓  시장  안착 '빨간불'",http://www.iminju.net/news/articleView.html?idxno=145871
2025-10-24,LAUNCH,"또 사상 최고 코스피, 3940선 안착…'사천피' 바짝",https://view.asiae.co.kr/article/2025102416205606917
2025-10-24,"CERT,INVEST,LAUNCH",[유통가 브리프] 롯데백화점 신세계백화점 롯데마트 쿠팡 우아한형제들...,https://www.s-journal.co.kr/news/articleView.html?idxno=34883
2025-10-24,LAUNCH,아이폰18 가격 크게 오르나…“A20 칩 비용 인상 여파”,https://www.etnews.com/20251024000178
2025-10-24,LAUNCH,"한 세대 만에 초슬림폰 사라지나…삼성 '엣지', 애플 '에어' 동반 부진",https://www.newsis.com/view/NISX20251024_0003375314
2025-10-24,"INVEST,LAUNCH","야심차게 내놨지만 부진의 늪…삼성·애플, '엣지·에어' 운명은",https://www.newsway.co.kr/news/view?ud=2025102413184251537
2025-10-24,LAUNCH,"애플 첫  폴더블  아이폰, 2나노 'A20 프로' 칩 탑재하나",https://kbench.com/?q=node/272489
2025-10-24,LAUNCH,"스웨덴,가상현실 경계 돌파한 '레티나 E-페이퍼' 공개",http://www.joseilbo.com/news/news_read.php?uid=555293&class=78&grp=
2025-10-24,LAUNCH,"""아이폰19는 없다""···애플, 2나노 'A20 칩'으로 20주년 대전환",http://www.enewstoday.co.kr/news/articleView.html?idxno=2344660
2025-10-25,"CERT,INVEST,LAUNCH,ORDER,PARTNERSHIP","반도체 재료·부품 관련주, '봄날의 햇살' 후성·에프에스티·HLB이노베...",http://www.finomy.com/news/articleView.html?idxno=241575
2025-10-24,REGUL,"쿼드쎄라, 현대백화점 ‘비클린’ 매장 입점…기념 프로모션 진행",https://www.sentv.co.kr/article/view/sentv202510240144
2025-10-24,LAUNCH,'초슬림폰' 줄줄이 부진…출시 한 세대 만에 단종 수순,https://www.getnews.co.kr/news/articleView.html?idxno=845942
2025-10-24,LAUNCH,"1년 만에 막 내린 '초슬림폰 시대'···삼성·애플, 두께 경쟁의 참혹한...",http://www.enewstoday.co.kr/news/articleView.html?idxno=2344894
2025-10-24,INVEST,"청주 도우인시스, 옥산공장 자동화 추진",https://www.jbnews.com/news/articleView.html?idxno=1492582
2025-10-24,"INVEST,LAUNCH","‘2나노 A20칩' 원가 급등…아이폰18, 가격 크게 오를까",https://zdnet.co.kr/view/?no=20251024083526
2025-10-24,LAUNCH,"애플, 내년 아이폰18· 폴더블 폰에 2나노 ‘A20 프로’ 탑재하나[모닝폰...",http://www.edaily.co.kr/news/newspath.asp?newsid=02817526642336200
2025-10-24,LAUNCH,"izna(이즈나), ‘Mamma Mia’로 무대 위에 피운 독기 퍼포먼스+라이브 ‘...",https://sports.khan.co.kr/article/202510242116003?pt=nv
2025-10-24,"CERT,INVEST,LAUNCH,ORDER,REGUL",해외로 뜨는 '석학'·R&D 성과는 '제자리'…K-과학기술 총체적 난국,https://www.newsworks.co.kr/news/articleView.html?idxno=815774
2025-10-25,LAUNCH,"""기초와 첨단의 조화 결실"" 인천대, 연구자 10명 국제적 성과 인정",https://www.cstimes.com/news/articleView.html?idxno=673873
2025-10-25,"INVEST,LAUNCH,ORDER,PARTNERSHIP","2차전지 관련주, '덩실덩실' 강원에너지·케이이엠텍·애경케미칼·유일...",http://www.finomy.com/news/articleView.html?idxno=241574
2025-10-24,"CERT,INVEST,LAUNCH,ORDER,PARTNERSHIP,REGUL",[브리프] 삼성물산 현대건설 대우건설 DL이앤씨 현대엔지니어링 外,http://www.biztribune.co.kr/news/articleView.html?idxno=342191
2025-10-25,"INVEST,LAUNCH,ORDER,REGUL","전기차 관련주, '룰루랄라 콧노래' 엠플러스·삼성SDI·코스모신소재·신...",http://www.finomy.com/news/articleView.html?idxno=241578
2025-10-24,INVEST,"이석희 CEO, 美 조지아·테네시 주지사단 연쇄 회동…배터리 투자 협력...",https://sateconomy.co.kr/news/view/1065622154595850
2025-10-24,"INVEST,PARTNERSHIP","이석희 SK온 CEO, 美조지아 주지사·페라리 CEO와 잇단 회동",https://www.abcn.kr/news/articleView.html?idxno=83846
2025-10-25,"INVEST,LAUNCH",[속보]사라진 물가 걱정에 환호… 뉴욕 3대지수 사상 최고치,http://www.edaily.co.kr/news/newspath.asp?newsid=01223446642336528
2025-10-25,"INVEST,LAUNCH","뉴욕증시, 예상보다 안정적인 물가에 일제히 상승…FOMC·M7 실적 주목",https://www.newspim.com/news/view/20251025000022
2025-10-25,"CERT,LAUNCH","[주간금융] 국감 폭격 맞은 금융권···코스피 3900, 금값 폭락",https://www.smartfn.co.kr/news/articleView.html?idxno=123737
2025-10-25,LAUNCH,"[2보] 뉴욕증시, 예상밑돈 물가에 강세…3대지수 최고치 마감",https://www.yna.co.kr/view/AKR20251025004851072?input=1195m
2025-10-25,INVEST,[뉴욕증시-1보] CPI도 금리인하를 뒷받침…강세 마감,https://www.yna.co.kr/view/AKR20251025004700009?input=1195m
2025-10-25,LAUNCH,"수소 장갑차, 초고해상도 위성…진화하는 서울ADEX",https://www.nocutnews.co.kr/news/6418294?utm_source=naver&utm_medium=article&utm_campaign=20251025050117
2025-10-25,"INVEST,ORDER",[코레일의 다원시스 특혜시비] ② 국정감사 도마 위 오른 다원시스…52...,https://www.financialpost.co.kr/news/articleView.html?idxno=235422
2025-10-25,LAUNCH,"르노 그랑 콜레오스, ""가솔린도 참 좋은데""…안 팔리는 이유? [성상영의...",http://www.thebigdata.co.kr/view.php?ud=2025102417330784565ed985c7c5_23
2025-10-25,LAUNCH,[뉴욕유가] 러시아發 공급 우려 속 숨 고르기…WTI 0.47%↓,https://www.yna.co.kr/view/AKR20251025004100009?input=1195m
2025-10-25,LAUNCH,"달러-원, 美 CPI에 급락 후 반등…1,440원 턱밑 마감",https://news.einfomax.co.kr/news/articleView.html?idxno=4380198
2025-10-25,"INVEST,LAUNCH","뉴욕증시 3대 지수, 장중 역대 최고 기록…다우, 600P 급등",https://www.newsis.com/view/NISX20251025_0003376534
2025-10-25,LAUNCH,"유럽증시, 미 인플레 지표와 미·중 무역 협상 기대에 대체로 상승…범...",https://www.newspim.com/news/view/20251025000018
2025-10-25,INVEST,남서울 컨트리클럽 ‘파3 연습장’이 10개 홀인 까닭은[그린에서],https://www.donga.com/news/Sports/article/all/20251025/132632553/2
2025-10-25,LAUNCH,"내달 인사 앞둔 LG그룹, 대규모 파격 인사 나올까?",http://www.koreareport.co.kr/news/articleView.html?idxno=41113
2025-10-25,LAUNCH,"美 국채, CPI 둔화에 '불 스팁'",https://news.einfomax.co.kr/news/articleView.html?idxno=4380189
2025-10-25,"INVEST,LAUNCH","손정의의 휴머노이드 로봇 전략 강화, ABB·에질리티 등 54억 달러 대규...",https://www.g-enews.com/view.php?ud=202510241812126135fbbec65dfb_1
2025-10-25,LAUNCH,"APEC 최종 점검부터 지역 미식·체육·교육·한글 산업까지…경북, 현장...",https://www.ekn.kr/web/view.php?key=20251024021519382
2025-10-25,LAUNCH,"경기문화재단, 도내 9곳서 체험·전시·교육 누리는 '문화의 날' 운영",https://www.cstimes.com/news/articleView.html?idxno=673845
2025-10-25,LAUNCH,"대구시, 'FIX 2025 혁신상' 시상... 글로벌 시장 누빌 K-혁신 기업 30개 社...",https://kr.aving.net/news/articleView.html?idxno=1805336
2025-10-24,"CERT,INVEST,LAUNCH",[브리프]롯데백화점 신세계 롯데마트 쿠팡 CJ온스타일 外,http://www.biztribune.co.kr/news/articleView.html?idxno=342184
2025-10-24,CERT,롯데백화점 인천점에 '시몬스XN32' 팝업스토어 오픈,https://www.segye.com/newsView/20251024511159?OutUrl=naver
2025-10-24,"CERT,LAUNCH,PARTNERSHIP",[브리프]닥스 코스맥스 신세계인터내셔날 스파오 外,http://www.biztribune.co.kr/news/articleView.html?idxno=342182
2025-10-24,INVEST,"캠코, '기업구조혁신펀드 6호' 자펀드 위탁운용사 선정",https://www.newscj.com/news/articleView.html?idxno=3331944
2025-10-24,LAUNCH,"몽벨코리아, 신세계 강남점 팝업 오픈… MZ세대 위한 초경량 다운 공개",https://www.sportsseoul.com/news/read/1556663?ref=naver
2025-10-25,"INVEST,LAUNCH,PARTNERSHIP,REGUL","애플 ·스페이스X 위성 제휴 '재추진' 카드, 글로벌스타 100억 달러 매각...",https://www.g-enews.com/view.php?ud=20251024181425830fbbec65dfb_1
2025-10-25,LAUNCH,"미국증시 장중...CPI훈풍에 4대지수 '활짝',  애플 ·AMD·AAL '껑충'",http://www.choicenews.co.kr/news/articleView.html?idxno=155659
2025-10-25,"CERT,LAUNCH,REGUL",예술창작단체 “동의 없는 AI 기업의 창작물 이용은 디지털 착취”,https://www.donga.com/news/Society/article/all/20251024/132631978/2
2025-10-25,LAUNCH,“1조에도 안 판다… 미쳤냐고? 한국 토종 AI 칩에 자신 있다”,https://www.chosun.com/national/weekend/2025/10/25/QKI2KVH3XNA2BOHYZOFBBTDOUU/?utm_source=naver&utm_medium=referral&utm_campaign=naver-news
2025-10-25,LAUNCH,인스파이어에서 즐기는 '가을 낭만' 피크닉과 미식 여행,http://www.hansbiz.co.kr/news/articleView.html?idxno=785703
2025-10-25,"INVEST,LAUNCH,REGUL",AI 대전역 돌입… 21조 데이터센터부터 코인 투자붐까지,https://www.tokenpost.kr/news/ai/297187
2025-10-24,"CERT,LAUNCH","아트뮤, 확장성 끝판왕 ‘11포트 USB4 썬더볼트4 도킹스테이션’ 출시",https://sports.khan.co.kr/article/202510242345003?pt=nv
2025-10-24,LAUNCH,"""손흥민에게 MLS 쉬운 무대...이적 결정은 흥미로운 결정"" 10경기 9골 3도...",https://www.stnsports.co.kr/news/articleView.html?idxno=307280
2025-10-24,"INVEST,LAUNCH","XRP 백악관 입성...리플, 트럼프 프로젝트 전격 후원",http://coinreaders.com/194545
2025-10-24,"INVEST,LAUNCH",[미국증시 개장브리핑] 나스닥 강세 견인한 3대 우량주 ASM·IGC·RY…실적...,https://www.tokenpost.kr/news/market/297182
2025-10-24,"INVEST,LAUNCH",사라진 물가우려에 금리인하 계속간다…다우 사상 최고치,http://www.edaily.co.kr/news/newspath.asp?newsid=04759286642336200
2025-10-24,"INVEST,LAUNCH,ORDER","[분석] 미국 뉴욕증시 장초반, CPI 둔화·연준 기대·실적 모멘텀",https://www.topstarnews.net/news/articleView.html?idxno=15850928
2025-10-24,"CERT,INVEST,LAUNCH",“우리나라 기술 기업들의 실력을 확인하다“ FIX 2025 이노베이션 어워...,https://www.donga.com/news/It/article/all/20251024/132632435/1
2025-10-25,PARTNERSHIP,"[실리콘 디코드]  삼성전자 , 반도체 혁신 열쇠로 '이종 간 융합' 공식 제...",https://www.g-enews.com/view.php?ud=202510241753393930fbbec65dfb_1
2025-10-25,CERT,"김범수 1심 무죄 … 검찰, 항소할까",https://www.lawtimes.co.kr/news/212568
2025-10-25,"CERT,LAUNCH","""김승연 회장이 대우조선 인수해 대박난 건 故 이건희 회장 조언 덕분""",http://www.ilemonde.com/news/articleView.html?idxno=21418
2025-10-25,"LAUNCH,REGUL",금리인하 발목잡은 '집값'…주담대만 규제하면 억울해?[계좌부활전],https://www.nocutnews.co.kr/news/6418145?utm_source=naver&utm_medium=article&utm_campaign=20251025050107
2025-10-25,"LAUNCH,PARTNERSHIP","삼성  글로벌골즈 앱, 기부금 2200만달러 돌파…MAU 5000만명",https://www.apnews.kr/news/articleView.html?idxno=3041499
2025-10-25,"INVEST,LAUNCH",반도체 50년 난제 풀렸다… 플래시 메모리 ‘전하 트랩’ 비밀 규명,https://www.mk.co.kr/article/11448640
2025-10-25,INVEST,[사진] ‘사천피’ 눈앞… 삼성 ·SK하이닉스 시총 1000조 돌파,https://www.joongang.co.kr/article/25376621
2025-10-25,"INVEST,LAUNCH","LG화학 향한 행동주의 공세, 해프닝으로 끝나나[위클리IB]",http://www.edaily.co.kr/news/newspath.asp?newsid=01088966642336528
2025-10-25,"INVEST,LAUNCH","‘4000피’ 바라보는 코스피, 3941 마감 또 사상 최고",https://www.donga.com/news/Economy/article/all/20251024/132632525/2
2025-10-25,INVEST,"이상일 용인특례시장, 반도체 고속도로 민자적격성 조사 통과 환영",https://www.webeconomy.co.kr/news/articleView.html?idxno=2028590
2025-10-25,INVEST,"""죄송했는데 밥값 했다"" 문정현, 14P+10REP 맹활약…홈 승률 100% 비결은...",https://www.mydaily.co.kr/page/view/2025102422065201782
2025-10-24,INVEST,"'홈 승률 100%+3연승' KT, 다음 상대는 '공동 1위' 정관장…문경은 감독...",https://www.mydaily.co.kr/page/view/2025102421534788082
2025-10-24,INVEST,"[JB화보] KT, 소노에 77-71로 홈 승리",https://m.sports.naver.com/basketball/article/065/0000286334
2025-10-24,INVEST,"[BK 플레이어] “밥 값 했다” 전한 문정현, ‘문사모’ 세리머니까지!",https://basketkorea.com/news/newsview.php?ncode=1065617095696755
2025-10-24,INVEST,"""프로의 벽 알려주려고요"" 드래프트 앞둔 동생에게 형 문정현이 전한 자...",http://www.rookie.co.kr/news/articleView.html?idxno=114696
2025-10-24,INVEST,‘14P 10R 더블더블’ 문정현 “밥값 한 것 같다”,https://m.sports.naver.com/basketball/article/065/0000286333
2025-10-24,INVEST,"30득점 10리바운드 펄펄 날았는데, 왜 감독은 만족하지 못했나?…""처음...",https://www.mydaily.co.kr/page/view/2025102421500526718
2025-10-24,LAUNCH,"후지필름, 고성능 콤팩트 미러리스 카메라 X-T30 III·소형 신규 XC 렌즈...",https://sports.khan.co.kr/article/202510242301003?pt=nv
2025-10-26,LAUNCH,"삼성전자, 호주서 '가장 사랑받는 가전브랜드' 선정",https://www.ziksir.com/news/articleView.html?idxno=109264
2025-10-26,LAUNCH,"삼성전자, 호주서 ‘가장 사랑받는 가전브랜드’ 선정",https://www.ddaily.co.kr/page/view/2025102609204848960
2025-10-26,LAUNCH,"삼성전자, 호주서 소비자로부터 가장 사랑받는 가전브랜드 선정",https://www.startuptoday.co.kr/news/articleView.html?idxno=529128
2025-10-26,"CERT,INVEST,ORDER,PARTNERSHIP","로봇·산업용·협동로봇 관련주, '함박웃음' 로보스타·현대무벡스·삼...",http://www.finomy.com/news/articleView.html?idxno=241588
2025-10-26,"INVEST,PARTNERSHIP","리튬 관련주, '봄날의 햇살' 중앙첨단소재·후성·하이드로리튬·포스코...",http://www.finomy.com/news/articleView.html?idxno=241585
2025-10-26,INVEST,韓 위협하는 中 디스플레이…수년째 적자 기업 수두룩,https://www.yna.co.kr/view/AKR20251023148400003?input=1195m
2025-10-26,"CERT,LAUNCH","[포토닉스 코리아 2025] 한국광기술원, 차세대 광융합 기술 대거 소개",https://www.etnews.com/20251025000041
2025-10-25,"LAUNCH,PARTNERSHIP","LG전자, '한국항공우주산업(KAI)'과 'LG 매그니트' 차세대 비행 시뮬레이...",http://www.econonews.co.kr/news/articleView.html?idxno=410378
2025-10-25,"CERT,LAUNCH,PARTNERSHIP,REGUL","LG전자, '매그니트' 스펙트럼 확장…시장 진입 가속",https://www.asiatime.co.kr/article/20251024500322
2025-10-26,LAUNCH,"삼성전자, 아트 바젤 파리서 BTS RM과 함께 '아트 TV' 글로벌 캠페인 선...",https://www.kizmom.com/news/articleView.html?idxno=105492
2025-10-26,LAUNCH,삼성 아트 TV 홍보대사 RM이 소개하는 가을에 어울리는 작품은?,http://www.issuenbiz.com/news/articleView.html?idxno=67475
2025-10-25,LAUNCH,"강화자연사박물관, 개관 10주년 기념행사 열려",https://www.kmaeil.com/news/articleView.html?idxno=614480
2025-10-26,LAUNCH,"샤넬, 디올, 구찌, 발렌시아가, 보테가 베네타에 새로운 바람이 불다",https://www.harpersbazaar.co.kr/article/1889888
2025-10-25,LAUNCH,"강화자연사박물관, 개관 10주년 기념행사 11월 1일 개최",https://www.livesnews.com/news/article.html?no=55747
2025-10-25,"INVEST,LAUNCH,ORDER",폴더블  스마트폰·IT OLED 수요 증가...덕산네오룩스 내년 성장 청신호,https://www.pinpointnews.co.kr/news/articleView.html?idxno=388386
2025-10-25,"LAUNCH,PARTNERSHIP",美 폴더블 폰 시장은 성장세…삼성 주도 속 애플·구글 참전 '주목',https://www.itbiznews.com/news/articleView.html?idxno=184569
2025-10-26,LAUNCH,"""혁신이 일상으로""…삼성전자, 호주서 '가장 사랑받는 가전브랜드' 선정",http://www.kdfnews.com/news/articleView.html?idxno=168888
2025-10-25,INVEST,[LG그룹 경영전략 재편] ① '골든타임'이 다가온다,https://www.asiaa.co.kr/news/articleView.html?idxno=227646
2025-10-26,LAUNCH,"삼성, 2025년 하반기 신입사원 공개 채용 위한 GSAT 실시",https://www.todayenergy.kr/news/articleView.html?idxno=290288
2025-10-26,"INVEST,LAUNCH,REGUL",[DD 주간브리핑] ‘APEC CEO 서밋’ 개최…실적발표 시즌 개막,https://www.ddaily.co.kr/page/view/2025102417343226293
2025-10-26,"INVEST,LAUNCH,REGUL","전문가들 “제조업, 반도체 중심 업황 개선…11월 더 좋아질 것”",https://www.hani.co.kr/arti/economy/economy_general/1225454.html
2025-10-25,LAUNCH,모바일 이니셔티브 뽐낸다…삼성 트라이폴드폰 실물 첫 공개[경주 APEC],https://www.newsis.com/view/NISX20251024_0003375929
2025-10-26,INVEST,반도체로만 버티는 '한국 경제'…양극화 '극명',http://www.newstomato.com/ReadNews.aspx?no=1279023&inflow=N
2025-10-26,"CERT,LAUNCH,REGUL",잘 나가는 갤럭시 스마트폰⋯'엣지' 빼고 라인업 관측,https://www.asiatime.co.kr/article/20251024500318
2025-10-26,LAUNCH,"재미있는 괴력 전기차, 현대차 아이오닉6N 타보니 [카미경]",https://www.bloter.net/news/articleView.html?idxno=646193
2025-10-26,"INVEST,ORDER,PARTNERSHIP","전력저장장치(ESS) 관련주, '맑고 화창' 엠플러스·삼성SDI·신성이엔지...",http://www.finomy.com/news/articleView.html?idxno=241587
2025-10-26,LAUNCH,"'보이지 않는  AI ' 시대 연다...삼성, 앰비언트  AI  본격화",https://www.digitaltoday.co.kr/news/articleView.html?idxno=599645
2025-10-25,"CERT,LAUNCH","렛저, 나노 젠5 하드웨어 월렛 발표… AI  시대 디지털 신원에 초점",https://www.digitaltoday.co.kr/news/articleView.html?idxno=599692
2025-10-25,CERT,갤럭시XR vs 애플 비전프로: 누가 더 나은가,https://www.betanews.net/article/view/beta202510250010
2025-10-25,INVEST,"주간 코스닥 외국인, 에코프로비엠·하이젠알앤엠 쌍끌이 매수",https://www.pinpointnews.co.kr/news/articleView.html?idxno=388354
2025-10-25,"CERT,LAUNCH","中 알리바바, ‘콰크  AI  안경’으로 메타 독주에 도전장",https://www.ddaily.co.kr/page/view/2025102423020752918
2025-10-25,"CERT,INVEST,LAUNCH,REGUL",[패트롤] 고양시-남양주시-양주시-의정부시-하남시,https://www.ekn.kr/web/view.php?key=20251025028109773
2025-10-25,"CERT,LAUNCH",실속형 기업용 PC '델 프로 에센셜' 출시… 보안·내구성·관리성 강화 ...,https://it.chosun.com/news/articleView.html?idxno=2023092149564
2025-10-25,LAUNCH,"""아이폰19는 건너뛰나""…애플, 아이폰 20주년 어떻게 준비할까",https://www.newsis.com/view/NISX20251023_0003374678
2025-10-26,"INVEST,LAUNCH","이번주 공모주 청약, 이노테크 1개사",https://www.dailian.co.kr/news/view/1563682/?sc=Naver
2025-10-26,"INVEST,REGUL","JP모간도 당했다…""이고비 못 넘기면"" 30년 만에 '초유 사태' [임다연의...",https://www.hankyung.com/article/202510262224i
2025-10-25,"INVEST,LAUNCH,REGUL","AI 거품 경고…英 중앙은행, 데이터센터 대출 급증 정조준",https://www.tokenpost.kr/news/economy/297277
2025-10-25,"CERT,LAUNCH,REGUL","[Biz&Law] 알테오젠 美 고객사, 할로자임 조성물 특허 무효심판 돌입",http://www.seoulwire.com/news/articleView.html?idxno=676758
2025-10-26,LAUNCH,"뉴욕증시 3대 지수 사상 최고치 경신, CPI 예상치 하회 속 금리인하 기대...",https://www.businesspost.co.kr/BP?command=article_view&num=416988
2025-10-26,"INVEST,LAUNCH",코스피 ‘역대급 불장’…한미·미중 정상회담 ‘사천피’ 분수령,https://www.hani.co.kr/arti/economy/economy_general/1225458.html
2025-10-26,CERT,"""최대 30만 원 환급"" 상생페이백, 제대로 확인해야 하는 이유",https://it.donga.com/107745/
2025-10-26,LAUNCH,"스마일게이트 '카제나', 전략성과 세계관으로 승부 건다 [리뷰]",https://it.chosun.com/news/articleView.html?idxno=2023092149544
2025-10-26,LAUNCH,"보이넥스트도어, 미니 5집 ‘The Action’ 한터차트 기준 누적 판매량 1...",https://sports.khan.co.kr/article/202510261102003?pt=nv
2025-10-26,"CERT,LAUNCH,REGUL",[기업기상도] 먹구름 물러가 갠 기업 vs 천둥 속에 비 내린 기업,http://www.yonhapnewstv.co.kr/MYH202510251543372Dj
2025-10-26,"LAUNCH,REGUL","카카오톡, AI 요약·이모티콘 개편...대규모 업데이트 공개",https://www.digitaltoday.co.kr/news/articleView.html?idxno=599708
2025-10-26,"LAUNCH,REGUL","애플 , 유럽서 ‘앱 추적 투명성’ 기능 중단 검토…""격렬한 로비 탓""",https://zdnet.co.kr/view/?no=20251024165244
2025-10-26,"INVEST,LAUNCH","'코스피 4천' 목전…개미, ETF로 불장 합류",https://www.econovill.com/news/articleView.html?idxno=715976
2025-10-26,"CERT,INVEST,LAUNCH,ORDER","""아이폰17 인기·AI 바람 강세""…LG이노텍·삼성전기, 3분기 실적 전망은...",https://www.techm.kr/news/articleView.html?idxno=145707
2025-10-26,"LAUNCH,REGUL",“안 읽은 톡 대신 요약해줍니다” 카톡에 ‘챗GPT’ 뜬다…친구탭 복구...,https://www.sedaily.com/NewsView/2GZBU4YJZN
2025-10-26,"INVEST,LAUNCH,ORDER",[이번주 증시] 빅이벤트 대거 예정...APEC 및 FOMC 주목,http://www.opinionnews.co.kr/news/articleView.html?idxno=126295
2025-10-26,"CERT,LAUNCH,ORDER,PARTNERSHIP",네이버가 지도에 영혼을 불어넣는 이유 [IT큐레이션],https://www.econovill.com/news/articleView.html?idxno=715974
2025-10-26,"INVEST,LAUNCH","[주간증시전망] ‘4천피’ 바라보는 코스피, APEC이 승부처",https://www.viva100.com/article/20251025500188
2025-10-26,INVEST,"[우리가 AX 주역]<70>인핸스, AI가 행동하는 커머스 혁신 앞장",https://www.etnews.com/20251024000121
2025-10-26,"INVEST,LAUNCH","[인터뷰] ""외국인만 쓸 줄 알았는데""…韓 개발자도 찾는 글로벌 인재 플...",https://zdnet.co.kr/view/?no=20251024233213
2025-10-26,"INVEST,LAUNCH",[뉴욕증시-주간전망] 그야말로 슈퍼위크…美中 정상회담·FOMC·빅테크 실...,https://news.einfomax.co.kr/news/articleView.html?idxno=4380229
2025-10-26,LAUNCH,"비댁스, 부산서 '원데이 아이디어톤' 개최…200여명 참가",https://www.yna.co.kr/view/AKR20251024142300051?input=1195m
2025-10-26,"INVEST,LAUNCH",사천피 여부 가를 APEC·FOMC,http://www.smedaily.co.kr/news/articleView.html?idxno=341415
2025-10-26,"CERT,INVEST,LAUNCH,REGUL","젠슨 황, 15년 만의 방한··· 삼성 ·SK 향한 메시지 나올까?",http://www.enewstoday.co.kr/news/articleView.html?idxno=2345053
2025-10-26,INVEST,코스피 거래대금 4년4개월 만에 최대···반도체주에 쏠려,https://www.sisajournal-e.com/news/articleView.html?idxno=416311
2025-10-26,"CERT,INVEST,LAUNCH",하루 평균 16.6조 거래된 코스피…4년만 최대,http://www.smedaily.co.kr/news/articleView.html?idxno=341414
2025-10-26,"CERT,INVEST,LAUNCH","코스피, 사상최고 행진에 거래대금 '폭발'...대형주 쏠림 '심화'",https://www.g-enews.com/view.php?ud=202510261002375448edf69f862c_1
2025-10-26,LAUNCH,"삼성전자 와 SK하이닉스 임원 31명, 10억 원 이상 주식 평가액 기록",https://www.businesskorea.co.kr/news/articleView.html?idxno=254854
2025-10-26,"INVEST,LAUNCH","""엣지 접고 돌아왔다""··· 삼성 , 갤럭시 S26 '정통 3라인' 복귀",http://www.enewstoday.co.kr/news/articleView.html?idxno=2345050
2025-10-26,LAUNCH,"LG전자 , 산학연 전문가와 'Future 2030 서밋'…미래 기술 주도권 강화",https://www.lcnews.co.kr/news/articleView.html?idxno=114200
2025-10-26,INVEST,외국인 코스피 보유액 사상 첫 1000조 돌파,https://www.newscj.com/news/articleView.html?idxno=3332140
2025-10-26,INVEST,코스피 외국인 시가총액 1천조 돌파…10개월 새 5배 '껑충',https://www.nocutnews.co.kr/news/6418541?utm_source=naver&utm_medium=article&utm_campaign=20251026111822
2025-10-26,LAUNCH,"LG전자 , '스탠바이미 러버 챌린지' 개최",https://www.ziksir.com/news/articleView.html?idxno=109268
2025-10-26,"LAUNCH,REGUL","LG전자 , 미래 핵심기술 협력 강화…""6G·AI·양자·우주 기술 주도권 확...",https://view.asiae.co.kr/article/2025102611412416521
2025-10-26,REGUL,"LG전자 , 한강공원서 ‘스탠바이미 러버 챌린지’ 개최",https://view.asiae.co.kr/article/2025102611310000001
2025-10-26,LAUNCH,"LG전자 , 미래 기술 분야 전문가 참석한 'Future 2030 서밋' 개최",http://www.worktoday.co.kr/news/articleView.html?idxno=75894
2025-10-26,LAUNCH,"""미래기술 주도권 선점 가속""... LG전자 , '퓨처 2030 서밋' 개최",https://www.youthdaily.co.kr/news/article.html?no=200136
2025-10-26,LAUNCH,"""6G·AI·양자·우주 산업 등 미래 기술 주도권 선점""… LG전자 , 퓨처 2030...",https://www.ddaily.co.kr/page/view/2025102609262211460
2025-10-26,LAUNCH,"""100인 100색 아이디어 반짝""… LG전자 , 스탠바이미 러버 챌린지 개최",https://www.ddaily.co.kr/page/view/2025102609293444708
2025-10-26,LAUNCH,"""어깨에 메고 눕히고""…  LG전자 , 스탠바이미 2 팬들의 무대 열었다",https://it.chosun.com/news/articleView.html?idxno=2023092149579
2025-10-26,INVEST,[게임 리포트] “잘해줄 것이라고 믿는다” 사령탑의 믿음에 완벽하게 ...,https://basketkorea.com/news/newsview.php?ncode=1065542139030619
2025-10-26,LAUNCH,"LG전자 , '퓨처 2030 서밋' 개최…""신기술 주도권 잡을 것""",http://www.yonhapnewstv.co.kr/AKR20251026111916bYT
2025-10-26,LAUNCH,"LG전자 , 산·학·연 전문가와 함께 미래 기술 주도권 선점 나선다",https://www.ziksir.com/news/articleView.html?idxno=109266
2025-10-26,LAUNCH,"LG전자 , 산·학·연 전문가와 미래 기술 주도권 선점 나서",https://www.etnews.com/20251026000031
2025-10-26,LAUNCH,TV에 AI 입히면 구글이 꿈꾸는 미래 만들 수 있나[테크트렌드],https://magazine.hankyung.com/business/article/202510237767b
2025-10-26,"INVEST,LAUNCH,ORDER",美 CPI 하회…APEC·FOMC '빅 위크' 주목[주간증시전망],https://www.newsis.com/view/NISX20251025_0003376614
2025-10-25,INVEST,[GAM]AI 테마 숨은 진주 델 ① 급팽창하는 AI 서버 시장 주도주,https://www.newspim.com/news/view/20251024000796
2025-10-25,"INVEST,LAUNCH,ORDER",[GAM]AI 테마 숨은 진주 델 ② 이익 전망 줄상향 '200달러 간다',https://www.newspim.com/news/view/20251024000797
2025-10-26,"INVEST,LAUNCH,ORDER,REGUL",아마존·애플·록히드마틴은 왜 백악관 공사에 돈을 냈나,https://www.segye.com/newsView/20251024513498?OutUrl=naver
2025-10-26,"LAUNCH,PARTNERSHIP","“藥 확대부터 정보앱 마련까지”…LG화학, 난임 해법 마련 ‘선도’",https://www.youthdaily.co.kr/news/article.html?no=200084
2025-10-25,"INVEST,LAUNCH,REGUL",[위클립] 10월 4주,https://www.laborplus.co.kr/news/articleView.html?idxno=36471
2025-10-25,LAUNCH,"스타레일 3.7, 붕괴 팬 열광시킨 '키레네'",https://www.gameple.co.kr/news/articleView.html?idxno=214291
2025-10-26,LAUNCH,"아이웍스, 영남권 최대규모 IT 콘퍼런스 '오픈 인프라 데이 2025' 개최",https://www.etnews.com/20251024000062
2025-10-26,"INVEST,LAUNCH,REGUL",中 반도체 기업 잇따른 기업공개...'자립화 성큼 vs 아직 멀었다',https://www.asiatime.co.kr/article/20251024500304
2025-10-25,"CERT,LAUNCH,ORDER,PARTNERSHIP",'엑스박스 없는 엑스박스'의 등장…MS 전략 두고 설왕설래,https://www.theguru.co.kr/news/article.html?no=93383
2025-10-26,"INVEST,REGUL","최태원 “APEC, 미‧중 문제 가늠자 될 것…한일 연대·AI 투자 지속해야...",https://www.kukinews.com/article/view/kuk202510260020
2025-10-26,LAUNCH,"지난해부터 올해까지 日 극장가 '애니메이션 돌풍'…""거대한 IP 생태계의...",https://www.etoday.co.kr/news/view/2518314
2025-10-26,"INVEST,REGUL","최태원 SK 회장, 새로운 저성장 해법 제시",http://www.choicenews.co.kr/news/articleView.html?idxno=155688
2025-10-26,"INVEST,REGUL","최태원 ""수출성장 이제 안통해…한일 연대시 6조달러 시장창출""",https://www.ngonews.kr/news/articleView.html?idxno=216871
2025-10-26,"CERT,LAUNCH",‘조선의 사랑꾼’ 윤정수♥원진서 “여보 이거 방송에 다 나가” 트럭...,https://sports.khan.co.kr/article/202510261157003?pt=nv
2025-10-26,INVEST,"최태원 ""APEC, 미중 갈등 향방 가늠자…韓 성장공식 바꿔야""",https://www.news1.kr/industry/general-industry/5953599
2025-10-26,"INVEST,LAUNCH","오세훈 시장 ""한강버스 전시행정 아냐···6개월만 기다려라""",http://www.todaykorea.co.kr/news/articleView.html?idxno=335753
2025-10-26,"INVEST,REGUL","최태원 SK그룹 회장 ""韓, 수출공식 끝났다…한일 연대·AI로 새판 짜야""",https://www.ebn.co.kr/news/articleView.html?idxno=1683620
2025-10-26,REGUL,[북악의 창] 백골부대,https://www.jeonmae.co.kr/news/articleView.html?idxno=1195813
2025-10-26,"INVEST,LAUNCH","[김능구·황장수의 닥터둠의 전망 10월②][전문] ""내년 지방선거 4대 변...",https://www.polinews.co.kr/news/articleView.html?idxno=711545
2025-10-26,"INVEST,REGUL","[CEO 직썰] SK그룹 최태원 회장, ""APEC에서 트럼프·시진핑과 많이 논의...",https://www.ziksir.com/news/articleView.html?idxno=109272
2025-10-26,"INVEST,REGUL","최태원 ""AI·한일연대·인재유입으로 저성장 돌파해야""",http://www.inews24.com/view/1899596
2025-10-26,"CERT,INVEST,LAUNCH,REGUL",[구윤철 취임 100일②]美관세·부동산 등 첩첩산중…경제 컨트롤타워 시...,https://www.newsis.com/view/NISX20251026_0003376861
2025-10-25,"INVEST,LAUNCH",스타트업이 빠지는 5가지 함정 [실패에는 패턴이 있다],https://www.mk.co.kr/article/11444270
2025-10-26,"INVEST,REGUL","최태원 ""韓, 수출 중심 성장 한계…日과 손잡으면 6조달러 시장 열린다...",https://www.kizmom.com/news/articleView.html?idxno=105495
2025-10-26,INVEST,"최태원 회장 ""일본과 협력하면 6조 달러 시장 창출""",https://www.nocutnews.co.kr/news/6418544?utm_source=naver&utm_medium=article&utm_campaign=20251026114022
2025-10-26,"INVEST,REGUL","韓 경제성장 고민하는 최태원 회장 ""새 공식 찾아야""",https://www.asiatoday.co.kr/view.php?key=20251026010009899
2025-10-26,"INVEST,REGUL",한일 연대·규제 혁신·인재유입···최태원이 제시한 저성장 해법,https://www.thereport.co.kr/news/articleView.html?idxno=72921
2025-10-26,LAUNCH,세종문화회관 해리 포터 콘서트 필름과 음악의 마법 같은 조화,https://www.gokorea.kr/news/articleView.html?idxno=844156
2025-10-26,"LAUNCH,REGUL","[타볼레오]'완성형 EV' 아이오닉 6 N, 전기 세단으로 트랙을 달리다",https://view.asiae.co.kr/article/2025102417385282648
2025-10-26,LAUNCH,"[테크M 트렌드] 가을을 기억하는 방법, 새 카메라로 들여다볼까",https://www.techm.kr/news/articleView.html?idxno=145718
2025-10-26,LAUNCH,‘외모’ 신경쓰는 김원훈·엄지윤..조진세 “둘다 연예인 병” 팩폭 (‘...,http://www.osen.co.kr/article/G1112683883
2025-10-26,"LAUNCH,REGUL",<류지연의 MMCA소장품이야기⑫> 전수천 '방황하는 혹성들의 토우' [아트...,https://www.sedaily.com/NewsView/2GZBTJM0BD
2025-10-26,LAUNCH,"[냥집사 박기자가 간다] 태국여행의 또 다른 이유… 동물, 그리고 펫푸...",https://www.sportsworldi.com/newsView/20251025506199
2025-10-26,"CERT,INVEST,LAUNCH","""뒤처지면 뺏긴다""···증권사 MTS '세대교체' 속도전",https://www.seoulfn.com/news/articleView.html?idxno=610384
2025-10-25,LAUNCH,"'골퍼 출신♥' 이요원 ""큰딸 23살 대학생, 고비 오면 애 낳았다""[살림남...",https://www.starnewskorea.com/broadcast-show/2025/10/25/2025102522452867933
2025-10-26,"INVEST,LAUNCH","[인터뷰] 출시 임박 '아크 레이더스', 엠바크 스튜디오를 가다",https://www.inven.co.kr/webzine/news/?news=310712
2025-10-25,INVEST,"'살인 태클' 카스트로프, 김민재 앞에서 다이렉트 퇴장!…전반 19분 만에...",https://www.xportsnews.com/article/2069790
2025-10-25,"INVEST,LAUNCH","""19분 만의 악몽"" 카스트로프, 뮌헨전 발목 찍고 '퇴장'→김민재와 '코리...",https://www.spotvnews.co.kr/news/articleView.html?idxno=778240
2025-10-26,INVEST,"[N잡 앱테크] KB Pay, 10월 26일 'KB스타뱅킹 스타퀴즈' 오늘의 퀴즈 정답",https://www.job-post.co.kr/news/articleView.html?idxno=185028
2025-10-26,LAUNCH,"""고성능에 운전하는 즐거움까지""…아이오닉 6 N 경쟁력[시승기]",https://www.newsis.com/view/NISX20251024_0003376027
2025-10-26,PARTNERSHIP,10월 26일 KB Pay 리브메이트 오늘의퀴즈 문제+정답!,http://www.economytalk.kr/news/articleView.html?idxno=413323
2025-10-26,LAUNCH,KB Pay 리브메이트 오늘의 퀴즈 정답 10월26일,https://www.bntnews.co.kr/article/view/bnt202510260019
2025-10-25,"INVEST,LAUNCH","인텔, '깜짝 실적' 달성했지만 과제 산적",https://www.bloter.net/news/articleView.html?idxno=646198
2025-10-26,"INVEST,REGUL",10월26일 운세(띠별),https://www.cbci.co.kr/news/articleView.html?idxno=537447
2025-10-25,"INVEST,LAUNCH","[정하룡 칼럼]""여기에 오기까지 3000년이 걸렸다 Ⅱ""",https://www.polinews.co.kr/news/articleView.html?idxno=711500
2025-10-26,"INVEST,LAUNCH","[실리콘 디코드] 인텔, '자산 매각' 흑자에도…파운드리 23억 달러 '적자...",https://www.g-enews.com/view.php?ud=202510260854473385fbbec65dfb_1
2025-10-25,INVEST,"[현장] 'NYPC' 10주년, '미래 개발자' 산실된 넥슨 사옥 … 코딩 즐거움...",https://www.khgames.co.kr/news/articleView.html?idxno=245627
2025-10-25,"LAUNCH,PARTNERSHIP","SKB, 소상공인 집중공략…‘B tv 핫딜’로 지역경제 판로 지원 계획",https://www.ddaily.co.kr/page/view/2025102510115959948
2025-10-25,CERT,울산 학성중학교 '구글 교육 인증학교' 공식 지정…현판식,https://www.news1.kr/local/ulsan/5953205
2025-10-25,"INVEST,LAUNCH",[연합뉴스 이 시각 헤드라인] - 10:30,https://www.yna.co.kr/view/AKR20251025022200011?input=1195m
2025-10-26,LAUNCH,"""젊은 공시생 붙잡자""…교육업계, 디지털학습 확대 사활",https://www.newsis.com/view/NISX20251024_0003376468
2025-10-25,LAUNCH,3분기 깜짝 실적 발표한 인텔…부활의 신호탄 될 수 있을까? [고든 정의...,https://nownews.seoul.co.kr/news/newsView.php?id=20251025601007&wlog_tag3=naver
2025-10-25,"CERT,INVEST,LAUNCH,REGUL","[창간 AI 특집] 이길 수 없는 전쟁, 좌초된 세대의 꿈",http://weekly.chosun.com/news/articleView.html?idxno=45492
2025-10-25,"LAUNCH,PARTNERSHIP",해외 서민금융 사례 및 시사점,http://www.ifs.or.kr/bbs/board.php?bo_table=News&wr_id=55309
2025-10-26,REGUL,"‘트럼프-시진핑’ 부산 회담 앞두고... 美·中, 말레이시아서 ‘전초전...",https://biz.chosun.com/international/international_general/2025/10/26/TT5DU46MLVBTJL5VMRH6YCL2RI/?utm_source=naver&utm_medium=original&utm_campaign=biz
2025-10-26,"CERT,INVEST,PARTNERSHIP,REGUL","[할로! 인도네시아⑤] 구형회 신한인도네시아 법인장 ""균형 성장으로 2...",https://www.newsworks.co.kr/news/articleView.html?idxno=815408
2025-10-26,INVEST,"[N잡 앱테크] 신한 쏠퀴즈, 10월 26일 오늘의 퀴즈 정답",https://www.job-post.co.kr/news/articleView.html?idxno=185026
2025-10-26,REGUL,"경기도, 27일 시흥 ‘똑버스’ 개통. 20개 시군으로 확대 운행",https://www.joongdo.co.kr/web/view.php?key=20251026010007324
2025-10-26,LAUNCH,갤럭시S25에서 웹검색이 즐거운 이유,https://www.betanews.net/article/view/beta202510260007
2025-10-02,"LAUNCH,REGUL",[이준형 기자수첩] ‘5년 만에 4조 피해’…정부는 아직도 뒤쫓기만 한...,https://www.kbsm.net/news/view.php?idx=492327
2025-10-26,LAUNCH,"미국 VS 베네수엘라, 진짜 전쟁?...트럼프, 마두로 겨냥 군사작전 시사",https://www.thepublic.kr/news/articleView.html?idxno=281016
2025-10-26,"LAUNCH,PARTNERSHIP","삼성 '글로벌골즈', 누적 기부금 300억원 돌파",https://www.thepublic.kr/news/articleView.html?idxno=280902
2025-10-26,REGUL,"경기도, 27일 시흥 '똑버스' 개통… 연말까지 20개 시군 확대 운행",http://www.m-i.kr/news/articleView.html?idxno=1295255
2025-10-26,REGUL,경기도 ‘시흥시 똑버스’ 27일 개통… 20개 시-군으로 확대,https://www.ekn.kr/web/view.php?key=20251026024379889
2025-10-26,LAUNCH,[1분컷] 달빛은 괜찮아도… TV 불빛은 위험하다,https://www.newscj.com/news/articleView.html?idxno=3332121
2025-10-26,LAUNCH,D램 가격 13%↑…삼성·TSMC 실적 상향,https://www.fetv.co.kr/news/article.html?no=203849
2025-10-25,REGUL,"美 소비자 절반 ""中 자동차 구매 고려""…인지도·호감도 상승",https://www.gpkorea.com/news/articleView.html?idxno=135391
2025-10-26,REGUL,"경기도, 27일 시흥 ‘똑버스’ 개통… 20개 시군으로 확대 운행",https://www.munhwa.com/article/11541938?ref=naver
2025-10-26,LAUNCH,[타봤더니]'10년 타도 안 질리는' 볼보 찬사 이어간다...XC90 새 얼굴 출...,https://www.hankookilbo.com/News/Read/A2025101717240000059?did=NA
2025-10-26,"CERT,LAUNCH","굿피플-함께웃는재단, 발달장애 직장인 페스티벌 'HERE WE GO!' 성료",https://www.etnews.com/20251024000173
2025-10-26,REGUL,"유병훈 금천구청장 ""산업 중심지 G밸리…서울 4대 경제도시로 발돋움""",https://www.newsis.com/view/NISX20251024_0003375765
2025-10-26,"ORDER,REGUL","서울 금천구, 첨단과 전통이 공존하는 '경제거점 4대 도시' 목표",https://www.dailian.co.kr/news/view/1563620/?sc=Naver
2025-10-26,LAUNCH,"""APEC 특수 잡자"" 네이버·카카오, 서비스 알리기 총력전",https://it.chosun.com/news/articleView.html?idxno=2023092149559
2025-10-26,INVEST,"통신사, 통신 경쟁력 회복 나선다…SKT·LG유플러스, '5G SA' 관심",https://www.techm.kr/news/articleView.html?idxno=145727
2025-10-26,"CERT,INVEST,REGUL","유성훈 구청장 ""금천구, 서울 경제거점 4대 도시로 도약""",https://view.asiae.co.kr/article/2025102522315559091
2025-10-26,LAUNCH,"충남도교육청, 제5회 영어로 미래로 영어교육 나눔 한마당 개최",https://news.tf.co.kr/read/national/2255674.htm
2025-10-26,"INVEST,LAUNCH","네이버, ‘피지컬 AI’ 시대 주도권 잡는다…로봇·디지털트윈 기술 ‘...",https://www.ceoscoredaily.com/page/view/2025102414524442146
2025-10-26,"CERT,LAUNCH,REGUL","아주대 연구팀, 차세대 제스처 인식기술 로드맵 제시",https://www.naeil.com/news/read/565240?ref=naver
2025-10-26,LAUNCH,"충남교육청, 제5회 '영어로 미래로' 영어교육 나눔 한마당 개최",https://daily.hankooki.com/news/articleView.html?idxno=1286805
2025-10-26,INVEST,"경상북도, K-EDU EXPO에서 경북RISE 체계 소개",https://www.hankyung.com/article/202510262091h
2025-10-26,"INVEST,LAUNCH,REGUL",100년 역사 대천초 공간재구조화사업 준공 [충남에듀있슈],https://www.kukinews.com/article/view/kuk202510260004
2025-10-26,"INVEST,LAUNCH",아마존·MS 줄줄이 감원…美 빅테크에 불어닥친 AI 자동화 '칼바람',https://www.pinpointnews.co.kr/news/articleView.html?idxno=388224
2025-10-25,LAUNCH,"'훈민정음의 본향' 안동, ""한글산업의 수도로 거듭나다""",https://www.imaeil.com/page/view/2025102511572849433
2025-10-25,LAUNCH,"삼성전자, 헤드셋 형태 '갤럭시 XR' 출시...새로운 AI 경험을 제공",https://www.slist.kr/news/articleView.html?idxno=688353
2025-10-25,PARTNERSHIP,"한전KDN-전북테크노파크, 부안 수소도시 통합안전운영센터 구축",http://www.knpnews.com/news/articleView.html?idxno=32921
2025-10-26,PARTNERSHIP,"익산시, 가상융합산업 지원센터 지정 '본격 시동'",http://www.shinailbo.co.kr/news/articleView.html?idxno=2135053
2025-10-25,PARTNERSHIP,"한전KDN, 전북TP 업무협약…최초 광역형 안전관리 허브 구축 주도",https://zdnet.co.kr/view/?no=20251025201850
2025-10-26,PARTNERSHIP,"한국외대-NC QA, 디지털 콘텐츠 인력 양성 업무협약",https://www.naeil.com/news/read/565246?ref=naver
2025-10-25,LAUNCH,"[포커스] ""뉴욕 피자 맛집 가자"" 말하니 눈 앞에 지도가…' XR  헤드셋' 3파...",https://news.tvchosun.com/site/data/html_dir/2025/10/25/2025102590128.html
2025-10-26,LAUNCH,2025 APEC 경주 특별기획 '서라벌 1000',https://kstar.kbs.co.kr/list_view.html?idx=381858
2025-10-26,LAUNCH,"‘서라벌 1000’ 천년 고도 서라벌, 디지털 헤리티지를 통해 다시 세계...",https://sports.khan.co.kr/article/202510260539003?pt=nv
2025-10-25,LAUNCH,백남준·신라금관전…경주 APE 기간 볼만한 전시·공연도 한가득,https://www.dkilbo.com/news/articleView.html?idxno=519124
2025-10-25,"LAUNCH,PARTNERSHIP","""AI- XR 은 못참지"" 갤럭시를 여행하는 히치 하이커를 위한 '무한'한 안내...",https://www.econovill.com/news/articleView.html?idxno=715946
2025-10-25,"INVEST,LAUNCH,PARTNERSHIP",이상일 용인시장 “디지털 혁신이 한국·유럽 관광 교류 확대의 열쇠”,https://sports.donga.com/region/article/all/20251025/132633196/1
2025-10-25,"INVEST,LAUNCH","[게임피버타임] 갤럭시  XR , 하드웨어 완벽…콘텐츠는 '공백'",http://www.seoulwire.com/news/articleView.html?idxno=676665
2025-10-25,"INVEST,LAUNCH,ORDER","KB증권, 10월 넷째주 SK하이닉스 등 10종목 매수 추천",https://www.bigtanews.co.kr/article/view/big202510250001
2025-10-25,"CERT,LAUNCH,PARTNERSHIP,REGUL","삼성전자, '갤럭시  XR ' 출시… '헤드셋 형태'의 AI 혁신",http://www.economytalk.kr/news/articleView.html?idxno=413272
2025-10-25,LAUNCH,APEC D-6 ‘천년고도’ 경주 “준비는 끝났다”,https://news.kbs.co.kr/news/pc/view/view.do?ncd=8390550&ref=A
2025-10-25,"INVEST,LAUNCH,ORDER","""테슬라 다음은 퀄컴""…TSMC 철옹성에 '균열' 낸 삼성",https://it.chosun.com/news/articleView.html?idxno=2023092149547
2025-10-25,LAUNCH,"내가 산 S24 플러스, 지금 현역인 3가지 이유",https://www.betanews.net/article/view/beta202510250012
2025-10-26,LAUNCH,중소기업 3분기 수출 '역대 최고'...美 수출도 최고치 '화장품 견인',https://www.etoday.co.kr/news/view/2518384
2025-10-26,PARTNERSHIP,반도체 클린룸에서 데이터센터까지… 신성이엔지의 진화는 계속된다,https://www.pinpointnews.co.kr/news/articleView.html?idxno=388419
2025-10-25,CERT,"""FDA, 신약 승인 심사기간 1~2개월로 단축""…첫 수혜 의약품은?[제약·바...",http://www.edaily.co.kr/news/newspath.asp?newsid=01544886642336528
2025-10-26,LAUNCH,"전통은 깊게, 감성은 새롭게…페라리부터 제네시스까지 '럭셔리 각축전...",https://www.dailian.co.kr/news/view/1563750/?sc=Naver
2025-10-25,"INVEST,LAUNCH,REGUL",다음 주 이노테크 일반 청약 공모가 1만4700원...더핑크퐁컴퍼니 등 수요...,https://www.asiatime.co.kr/article/20251025500006
2025-10-26,INVEST,더핑크퐁컴퍼니 수요예측·이노테크 공모[증시캘린더],http://www.edaily.co.kr/news/newspath.asp?newsid=01275926642336856
2025-10-27,CERT,"삼성전자, 삼성  OLED  TV로 닌텐도 스위치2 즐긴다",https://www.m-economynews.com/news/article.html?no=61116
2025-10-27,LAUNCH,"홍성군 기업들, 충남도 기업인대상 빛냈다",https://weekly.hankooki.com/news/articleView.html?idxno=7133730
2025-10-26,LAUNCH,대중화 속도내는  OLED  TV,https://www.hankyung.com/article/2025102627621
2025-10-28,"INVEST,LAUNCH",트럼프·시진핑·다카이치 등 方韓...APEC 외교 '슈퍼위크' 개막,https://www.newswhoplus.com/news/articleView.html?idxno=44199
2025-10-27,"INVEST,LAUNCH",지구촌 재계 거물들 '혁신 성장' 머리 맞댄다,https://www.kyongbuk.co.kr/news/articleView.html?idxno=4055158
2025-10-27,"CERT,LAUNCH","티엔마, LGD의 미국 OLED 특허 상대 무효심판 청구",http://www.thelec.kr/news/articleView.html?idxno=42738
2025-10-27,"CERT,INVEST,LAUNCH","저가 공세 펼친 中 디스플레이, 수익률은 수년째 저조",https://www.startuptoday.co.kr/news/articleView.html?idxno=529137
2025-10-27,"CERT,LAUNCH,REGUL","서울시교육청, 2026학년도 대학수학능력시험 세부 시행계획 발표",http://www.ftoday.co.kr/news/articleView.html?idxno=349727
2025-10-27,LAUNCH,"'기업하기 좋은 도시 홍성', 충남도 기업인대상 빛냈다",https://www.gukjenews.com/news/articleView.html?idxno=3411104
2025-10-27,LAUNCH,"화면 안쪽은 샹들리에 바깥엔 은하수…LG '투명  OLED ' 28개, 경주를 빛내...",https://www.hankyung.com/article/2025102754071
2025-10-27,"INVEST,LAUNCH",“AI 황제부터 재계 총수까지”…에이펙서 공급망 해법 찾는다 [경주 AP...,https://www.kukinews.com/article/view/kuk202510270270
2025-10-27,"INVEST,LAUNCH","‘AI 기반 산업혁신’ 충북·충남테크노파크, 지역 미래성장 이끈다",https://cc.newdaily.co.kr/site/data/html/2025/10/27/2025102700422.html
2025-10-27,"INVEST,PARTNERSHIP","[기업분석_삼성 편 ④삼성디스플레이] 이청 대표, 가격 경쟁과 설비투자...",http://www.newsworker.co.kr/news/articleView.html?idxno=399921
2025-10-27,"CERT,INVEST,ORDER,PARTNERSHIP,REGUL","수소차 관련주, '봄날의 햇살' 유일에너테크·한화솔루션·한온시스템·...",http://www.finomy.com/news/articleView.html?idxno=241594
2025-10-27,LAUNCH,"[르포] ""어서오세요""…APEC 앞둔 경주, 손님 맞을 채비 끝",https://zdnet.co.kr/view/?no=20251027181100
2025-10-27,INVEST,"LG디스플레이, 8.6세대 투자 미온적 태도 왜",https://news.dealsitetv.com/articles/160435
2025-10-27,PARTNERSHIP,"우리금융그룹, 금융권 유일 공식 홍보 후원사… 재무-구조 개혁 장관회...",https://www.donga.com/news/Economy/article/all/20251025/132630889/2
2025-10-27,"CERT,INVEST,LAUNCH","""삼성스토어에서  OLED  TV로 닌텐도 스위치2 즐긴다""",https://www.itbiznews.com/news/articleView.html?idxno=184797
2025-10-28,LAUNCH,자율 주행 버스·AI 통역기… 첨단 기술 펼쳐진 경주,https://www.chosun.com/economy/tech_it/2025/10/28/GVJGMYCEGVBV5E7QCZLDOLBEFE/?utm_source=naver&utm_medium=referral&utm_campaign=naver-news
2025-10-27,"INVEST,LAUNCH","[공모주 현황] 이노테크 1일차 청약 종료, 균등·비례 경쟁률은?",https://www.cbci.co.kr/news/articleView.html?idxno=537684
2025-10-27,CERT,삼성스토어에서 '삼성  OLED ' TV로 닌텐도 스위치2 체험,https://www.ekoreanews.co.kr/news/articleView.html?idxno=82745
2025-10-27,INVEST,"OLED 시대, 두 갈래 길에 선 韓 디스플레이···삼성D '질주' LGD '정체'",http://www.enewstoday.co.kr/news/articleView.html?idxno=2345531
2025-10-27,"INVEST,LAUNCH",막 오른 전자업계 3분기 실적발표 시즌… 관전 포인트는,https://www.moneys.co.kr/article/2025102714191527131
2025-10-27,"CERT,INVEST,LAUNCH","[시승기] BYD 아토 3, 가성비 생애 첫 전기차로 '적격'",http://www.bizwnews.com/news/articleView.html?idxno=114463
2025-10-27,"CERT,INVEST,LAUNCH,ORDER,PARTNERSHIP","반도체 재료·부품 관련주, '맑음' 후성·레이크머티리얼즈... '흐림' 샘...",http://www.finomy.com/news/articleView.html?idxno=241662
2025-10-28,PARTNERSHIP,성공 비결? ‘적자생존’… 최악은 ‘NATO’,https://www.chosun.com/economy/industry-company/2025/10/28/CGTRGXOPLNHSLGBXGVKKNL3Z4A/?utm_source=naver&utm_medium=referral&utm_campaign=naver-news
2025-10-27,"CERT,INVEST","메모리, 성숙 공정 제품 中 공세에 '대만 지위 흔들'",http://www.joseilbo.com/news/news_read.php?uid=555408&class=78&grp=
2025-10-27,LAUNCH,"""내부 온도 균일하게""⋯LG전자, ‘디오스 오브제컬렉션 김치톡톡’ 신제...",https://www.etoday.co.kr/news/view/2518591
2025-10-27,CERT,'삼성  OLED ' TV로 체험하는 '닌텐도 스위치2'의 맛,https://www.joongboo.com/news/articleView.html?idxno=363706976
2025-10-27,PARTNERSHIP,"권영수 전 LG엔솔 부회장 '45년 현장'에서 얻은 깨달음...""결국 사람이 ...",https://www.theguru.co.kr/news/article.html?no=93405
2025-10-27,"CERT,LAUNCH","벤츠코리아, '드림카 라인업' 완성… 고성능 AMG CLE 쿠페 출시",https://www.dailian.co.kr/news/view/1564205/?sc=Naver
2025-10-27,LAUNCH,홍성 기업의 저력 빛났다…충남 기업인대상서 4곳 '수상 쾌거',http://www.newstnt.com/news/articleView.html?idxno=546752
2025-10-27,INVEST,'반등의 3분기' LG디스플레이…4년 만 연간 흑자 가시권,https://www.newsway.co.kr/news/view?ud=2025102713424091921
2025-10-27,INVEST,낙관 리포트 쏟아지는데 공매도 몰린다…LG디스플레이·삼성생명 30% 넘...,https://www.ajunews.com/view/20251027150734823
2025-10-27,INVEST,이재용·최태원·정의선 등 총출동…젠슨 황 등과 ‘韓·美 AI 동맹’ 기...,https://www.dt.co.kr/article/12025403?ref=naver
2025-10-27,"INVEST,LAUNCH,PARTNERSHIP","[현장 르뽀] 대만, 글로벌 AI 생태계의 새 중심지로 부상",https://www.epnc.co.kr/news/articleView.html?idxno=323919
2025-10-27,INVEST,"""中 허페이市 따라 주식 사라""…5.5배 수익 낸 지방정부 실력 [창간 60년...",https://www.joongang.co.kr/article/25376884
2025-10-27,INVEST,"[주식마감기사] 코스피 사상 첫 '4000대 돌파'... 메타랩스, 삼익제약, 에...",https://www.ggilbo.com/news/articleView.html?idxno=1120441
2025-10-27,INVEST,"삼성D·LGD, OLED 생산축 이동···IT용 패널로 스마트폰·TV 대체",https://www.sisajournal-e.com/news/articleView.html?idxno=416320
2025-10-27,INVEST,글로벌 경제리더 경주로… AI·조선·방산 'K-기술' 알린다,https://www.asiatoday.co.kr/view.php?key=20251028010010890
2025-10-27,LAUNCH,"후지필름, 고성능 콤팩트 미러리스 카메라 'X-T30 Ⅲ' 등 출시",http://www.econonews.co.kr/news/articleView.html?idxno=410687
2025-10-27,CERT,삼성  OLED  TV로 '닌텐도 스위치2' 즐긴다,http://www.finomy.com/news/articleView.html?idxno=241652
2025-10-26,LAUNCH,"OLED  TV 대중화 빨라진다…판매 비중, 올해 처음으로 30% 전망",https://www.hankyung.com/article/202510262461i
2025-10-27,"CERT,LAUNCH,PARTNERSHIP",[브리프] 삼성전자 SKT LG유플러스 LG헬로비전 네이버 한컴 外,http://www.biztribune.co.kr/news/articleView.html?idxno=342286
2025-10-27,INVEST,"예선테크 주가, 급등세... 이유는?",https://www.ggilbo.com/news/articleView.html?idxno=1120185
2025-10-27,LAUNCH,"‘아이패드 효과’, 태블릿  OLED  출하량 반등…삼성·LG, 중대형  OLED  실...",https://www.ceoscoredaily.com/page/view/2025102716515673199
2025-10-27,LAUNCH,"마우저, 퀄컴·ST 듀얼 브레인 탑재 ‘우노 Q’로 머신비전·사운드 AI 구...",https://www.ddaily.co.kr/page/view/2025102711383770686
2025-10-27,LAUNCH,[뷰티디바이스①/시장성]2030년 시장 규모 '1조원'…홈케어 뷰티시장 주...,https://www.businessplus.kr/news/articleView.html?idxno=100093
2025-10-27,LAUNCH,“기술에 생존 달려있어”…미래 먹거리 담은 삼성기술전 개최,https://biz.heraldcorp.com/article/10601776?ref=naver
2025-10-27,PARTNERSHIP,"한화그룹, 정상회의 만찬에서 5만 발 불꽃-2000대 드론쇼",https://www.donga.com/news/Economy/article/all/20251025/132630830/2
2025-10-27,"CERT,INVEST,ORDER,PARTNERSHIP,REGUL","태양광에너지 관련주, '어깨춤 으쓱으쓱' 신성이엔지·한화솔루션·원익...",http://www.finomy.com/news/articleView.html?idxno=241592
2025-10-26,ORDER,반도체·디스플레이·솔라셀 장비... 원익IPS 글로벌 시장 점유율 확대,https://www.pinpointnews.co.kr/news/articleView.html?idxno=388465
2025-10-27,"CERT,INVEST,LAUNCH","엔씨·넷마블·크래프톤 총출동… 지스타 2025, 신작 무대 열린다 [엑's ...",https://www.xportsnews.com/article/2070448
2025-10-27,LAUNCH,"앤팀, 첫 아시아 투어 대성공→한국 데뷔 임박",https://www.tvreport.co.kr/music/article/951314/
2025-10-27,LAUNCH,"앤팀, 첫 아시아 투어 성료…한국 데뷔 임박",https://enter.etoday.co.kr/news/view/286655
2025-10-27,LAUNCH,"RM이 직접 소개…""삼성 아트 TV로 가을 감상""",https://www.widedaily.com/news/articleView.html?idxno=281142
2025-10-27,LAUNCH,"'韓 데뷔 D-1' 앤팀, 日 사이타마 슈퍼아레나 공연 성료",http://www.joynews24.com/view/1899786
2025-10-27,LAUNCH,"'韓 상륙 임박' &TEAM, 데뷔 이래 가장 큰 공연장 첫 아시아 투어 화룡점...",https://www.starnewskorea.com/music/2025/10/27/2025102709501534128
2025-10-27,LAUNCH,"앤팀, 사이타마 6만 몰렸다…아시아 투어 끝판왕 찍고 韓 상륙 임박",http://www.atstar1.com/news/articleView.html?idxno=6028130
2025-10-27,LAUNCH,"앤팀, 국내 데뷔 앞두고 아시아 투어 日 공연서 6만 관객과 호흡",https://www.raonnews.com/news/article.html?no=52467
2025-10-27,LAUNCH,"&TEAM, 첫 아시아 투어 화룡점정..데뷔 이래 최대 공연장 입성",http://www.osen.co.kr/article/G1112684654
2025-10-27,LAUNCH,"앤팀(&TEAM), 한국상륙임박 오늘(27일) 타이틀곡 선공개",https://www.cbci.co.kr/news/articleView.html?idxno=537621
2025-10-27,LAUNCH,"""&TEAM 압도적 퍼포먼스""…사이타마 슈퍼 아레나 뒤흔든 아시아 투어→...",https://www.topstarnews.net/news/articleView.html?idxno=15852834
2025-10-27,LAUNCH,"&TEAM, 日 사이타마 슈퍼 아레나서 첫 아시아 투어 피날레",https://www.slist.kr/news/articleView.html?idxno=688571
2025-10-26,LAUNCH,"강화, 자연사박물관 개관 10주년 기념행사",http://www.shinailbo.co.kr/news/articleView.html?idxno=2135258
2025-10-27,LAUNCH,"허영 의원, 공정위, 학생·학부모 기만하는 표시광고법 위반 교육업체 ...",http://www.newsworker.co.kr/news/articleView.html?idxno=399836
2025-10-27,LAUNCH,"롯데하이마트, 'PLUX'로 성장동력 확보…PB 매출 우상향",https://www.etnews.com/20251027000363
2025-10-27,LAUNCH,"허영의원, ""에듀윌·챔프스터디 광고법 위반 교육업체 늑장 제재""",http://www.digitalbizon.com/news/articleView.html?idxno=2341276
2025-10-26,"INVEST,LAUNCH",[브리프] 삼성전자 롯데 한국앤컴퍼니 한국타이어 外,http://www.biztribune.co.kr/news/articleView.html?idxno=342221
2025-10-27,LAUNCH,"삼성전자, 닌텐도 스위치2·삼성 OLED 체험존 운영…고객 관심도↑",http://www.thebigdata.co.kr/view.php?ud=2025102714103596974aca46cea9_23
2025-10-27,INVEST,"오 시장, 코닝정밀소재 방문, 상생협력 방안 논의",http://www.ccnnews.co.kr/news/articleView.html?idxno=389498
2025-10-27,LAUNCH,노태문의 시험대…삼성전자 연말 인사서 직무대행 꼬리표 뗄까,https://www.newsway.co.kr/news/view?ud=2025102715472829499
2025-10-27,LAUNCH,"K-테크 쇼케이스, AI·반도체·모빌리티 비전 공개",http://www.inews24.com/view/1900054
2025-10-27,INVEST,"오세현 충남 아산시장, ""기업과 함께 아산 첨단산업 생태계 육성""",https://www.ccdn.co.kr/news/articleView.html?idxno=1045545
2025-10-27,LAUNCH,"""두번 접는 폰 내일 공개""…K-테크 출동 '준비 완료' [APEC 2025 르포]",https://www.hankyung.com/article/202510274578i
2025-10-27,CERT,"[아산 24시] 아산시, 3대 온천 브랜드 강화… '온천하고 놀자' 축제 성료",https://www.sisajournal.com/news/articleView.html?idxno=350730
2025-10-27,INVEST,"오세현 시장, 코닝정밀소재 방문 ""기업과 함께 아산 첨단산업 생태계 육...",https://www.goodmorningcc.com/news/articleView.html?idxno=433043
2025-10-27,"INVEST,LAUNCH,REGUL","""K기업, APEC을 넘어 세계로""…AI·에너지·투자 무대 '경주'에 집결",http://www.metroseoul.co.kr/article/20251027500251
2025-10-27,INVEST,"오세현 시장 ""기업과 함께 아산 첨단 산업 생태계 육성""",https://weekly.hankooki.com/news/articleView.html?idxno=7133692
2025-10-27,"INVEST,PARTNERSHIP","오세현 아산시장, 코닝과 '첨단산업 동맹' 강화…""글로벌 혁신이 아산의...",http://www.newstnt.com/news/articleView.html?idxno=546758
2025-10-27,"CERT,INVEST,LAUNCH,REGUL","APEC, ICT 시너지의 장…삼성 ‘트라이폴드폰’부터 AI 전략까지",https://www.dailian.co.kr/news/view/1564215/?sc=Naver
2025-10-27,INVEST,"아산시, 코닝정밀소재 방문… 지역경제 활성화·상생협력 방안 논의",https://www.newscj.com/news/articleView.html?idxno=3332344
2025-10-27,INVEST,"오세현 시장 ""기업과 함께 아산 첨단산업 생태계 육성""",https://www.pointdaily.co.kr/news/articleView.html?idxno=276266
2025-10-27,INVEST,"오세현 아산시장 ""코닝과 함께 첨단산업 생태계 육성"" 코닝정밀소재 방...",https://www.gukjenews.com/news/articleView.html?idxno=3410878
2025-10-27,INVEST,오세현 시장 코닝정밀소재 방문 “기업과 함께 아산 첨단산업 생태계 육...,http://www.sisanews24.co.kr/17065
2025-10-27,INVEST,"오세현 아산시장, 코닝정밀소재 방문…“첨단소재 산업, 지역 성장의 동...",https://www.geconomy.co.kr/news/article.html?no=309014
2025-10-27,INVEST,"“아산시 오세현 시장, 기업과 지역경제 활성화 이룬다”",https://www.viva100.com/article/20251027500014
2025-10-27,"CERT,INVEST,LAUNCH",31st Anniversary BEST BRAND AWARDS 2025 ①,https://www.maisonkorea.com/interior/brand_item/2025/10/31st-anniversary-best-brand-awards-2025-%e2%91%a0/?utm_source=naver&utm_medium=partnership
2025-10-27,LAUNCH,"""프리미엄 순수전기 세단의 기준""…'더 뉴 아우디 A6 e-트론' 인기",https://www.mt.co.kr/industry/2025/10/28/2025102714362170182
2025-10-27,INVEST,"[LG 변곡점]① 구광모 회장의 경고, 조용한 LG 앞에 놓인 전환의 길",http://www.press9.kr/news/articleView.html?idxno=68199
2025-10-27,"CERT,INVEST",[최문 칼럼] 혐중의 오해와 진실…한중 다방면 협력해야,http://www.ttlnews.com/news/articleView.html?idxno=3042148
2025-10-27,INVEST,오세현 아산시장 대기업 '낙수효과' 확산 행보,https://www.daejonilbo.com/news/articleView.html?idxno=2234895
2025-10-27,"INVEST,LAUNCH,PARTNERSHIP",'취임 3주년' 이재용 리더십의 현재…위기론 딛고 '뉴삼성' 재도약,http://www.hansbiz.co.kr/news/articleView.html?idxno=785947
2025-10-27,"CERT,INVEST,LAUNCH,ORDER","디에스케이 M&A, '시간 벌기' 인가?… 프로톡스 허가·매수자 신뢰·주가...",https://www.job-post.co.kr/news/articleView.html?idxno=185167
2025-10-26,LAUNCH,"삼성, 하반기 공채 ‘GSAT’ 이틀간 실시…청년 일자리·인재 육성 박차",https://www.seoultimes.news/news/article.html?no=2000083408
2025-10-28,REGUL,美트럼프도 쩔쩔매는 中시진핑의 절대반지 '희토류',http://weekly.chosun.com/news/articleView.html?idxno=45512
2025-10-28,"CERT,INVEST,LAUNCH,PARTNERSHIP,REGUL","제약업체 관련주, '방긋방긋 미소천사' 부광약품·CMG제약·일동제약·신...",http://www.finomy.com/news/articleView.html?idxno=241671
2025-10-28,"INVEST,ORDER,PARTNERSHIP","전력저장장치(ESS) 관련주, '신바람난' 포스코DX·케이이엠텍·신성이엔...",http://www.finomy.com/news/articleView.html?idxno=241673
2025-10-28,"CERT,INVEST,LAUNCH","퓨리오사 AI  관련주, '훨훨' TS인베스트먼트·DSC인베스트먼트·팬스타엔...",http://www.finomy.com/news/articleView.html?idxno=241667
2025-10-27,"INVEST,LAUNCH","코트라, 실리콘밸리·싱가포르 이어 런던에서도 해외인재 유치",https://www.dongponews.net/news/articleView.html?idxno=54506
2025-10-27,"INVEST,LAUNCH","ETRI, 미래 산업혁신 이끌 유망기술 60개 공개",http://www.worktoday.co.kr/news/articleView.html?idxno=75971
2025-10-27,"INVEST,LAUNCH","AI ·바이오·양자 등 60개 유망기술 선공개, ETRI, e-Tech Preview 발간",http://www.hellodd.com/news/articleView.html?idxno=109658
2025-10-27,"CERT,LAUNCH,ORDER,PARTNERSHIP","의료기기 관련주, '봄날의 햇살' 알파녹스·원익·티로보틱스... '먹구름...",http://www.finomy.com/news/articleView.html?idxno=241665
2025-10-27,LAUNCH,"충남TP, 2025  디스플레이  컨퍼런스 성황",https://www.energy-news.co.kr/news/articleView.html?idxno=219117
2025-10-27,REGUL,[청론직설] “경제 개혁 미루다 ‘잃어버린 20년’…‘정치과잉 시대’...,https://www.sedaily.com/NewsView/2GZCBWMF6N
2025-10-27,LAUNCH,"천장에 구현된 KF-21, 46m 화면에 담은 화력… ADEX 전시 외신도 ""원더풀...",https://www.hankookilbo.com/News/Read/A2025102714230001428?did=NA
2025-10-27,LAUNCH,삼성전자·현대차·SKT·LGD…실적발표 집중된 30일 주목,https://www.hankyung.com/article/2025102753091
2025-10-27,INVEST,"""50세 이상이면 5억까지""…대규모 구조조정 나선  LG  계열사",https://www.hankyung.com/article/2025102751907
2025-10-27,"INVEST,LAUNCH","""4대 호재""...코스피, 사상 첫 4040 '질주'",http://www.choicenews.co.kr/news/articleView.html?idxno=155749
2025-10-27,ORDER,[人사이트]“ LG 전자는 제조 AX 돕는 '드림팩토리 디자이너'”,https://www.etnews.com/20251027000285
2025-10-27,"INVEST,LAUNCH",R&D·데이터·글로벌 전략 결합… 한미사이언스의 '빅 픽처' 가동,https://www.pinpointnews.co.kr/news/articleView.html?idxno=388838
2025-10-27,LAUNCH,"XR시장 다시 열린다…韓 부품사, 공급망 호재 주목",https://www.widedaily.com/news/articleView.html?idxno=281191
2025-10-27,INVEST,"""50살 넘으셨죠? 5억 드릴테니 나가주세요""…600명에 통보한 '이 회사', ...",https://www.sedaily.com/NewsView/2GZCBEHNX6
2025-10-27,LAUNCH,"""태블릿 OLED 출하량, 전년비 26% 증가""",http://www.thelec.kr/news/articleView.html?idxno=42731
2025-10-27,INVEST,""" LG 투자 축소·주택 부진에도"" 자이에스앤디, 순현금 유지…비결은?",https://www.ebn.co.kr/news/articleView.html?idxno=1683616
2025-10-27,"CERT,INVEST,REGUL","냉정과 온정 사이, 현장을 이끄는 리더십 – 주안이엔지 전정옥 대표",https://www.handmk.com/news/articleView.html?idxno=33605
2025-10-27,"INVEST,LAUNCH","삼성 , 하반기 GSAT 실시... 19개 계열사 신입 채용 본격화",https://www.insight.co.kr/news/526106
2025-10-27,INVEST,“OLED는 못 준다”… 디스플레이  한중전 치열,http://www.newstomato.com/ReadNews.aspx?no=1279175&inflow=N
2025-10-27,LAUNCH,""" 삼성  트리폴드폰, 미국선 안 나온다…5개국만 출시 예정""",https://zdnet.co.kr/view/?no=20251027090149
2025-10-27,LAUNCH,‘기술 리더십’ 부활 노리는  삼성 …‘ 삼성 기술전’ 개최,http://www.newstomato.com/ReadNews.aspx?no=1279142&inflow=N
2025-10-27,INVEST,"삼성 , 신입사원 선발 '2025년 하반기  삼성 직무적성검사' 시행",https://www.kdpress.co.kr/news/articleView.html?idxno=200168
2025-10-27,LAUNCH,"삼성 , 하반기  삼성 직무적성검사(GSAT) 실시",https://www.ezyeconomy.com/news/articleView.html?idxno=224066
2025-10-27,"CERT,LAUNCH,ORDER,PARTNERSHIP","호주 산토스, 바로사 FPSO 'SW오류' 일시 셧다운…""4분기 생산 일정은 문...",https://www.theguru.co.kr/news/article.html?no=93449
2025-10-27,"CERT,INVEST,LAUNCH,ORDER,REGUL","[오늘의 증시리포트] 롯데케미칼, 라인 프로젝트 가동으로 재무구조 개...",https://www.etoday.co.kr/news/view/2518493
2025-10-27,INVEST,삼성D 독주 흔드는 中…8.6세대 OLED 투자전 가열,https://dealsite.co.kr/articles/150120
2025-10-27,"INVEST,LAUNCH","[트럼프 스톡커] 中담판에 구글 실적, 뉴욕증시 날마다 요동칠라",https://www.sedaily.com/NewsView/2GZC9DJLVP
2025-10-26,INVEST,"삼성디스플레이, 최근 5년간 순이익률 12.19%",https://www.dnews.co.kr/uhtml/view.jsp?idxno=202510261047527450065
2025-10-26,INVEST,中 디스플레이 점유율 추격에도 실적은 '마이너스',https://www.imaeil.com/page/view/2025102615403387786
2025-10-26,INVEST,"삼성D, 나홀로 10%대 순이익률… 中 업체 적자행진 속 두각",https://www.asiatoday.co.kr/view.php?key=20251026010010054
2025-10-26,INVEST,"中 디스플레이, OLED 공세에도 5년째 적자 늪···삼성만 웃었다",http://www.enewstoday.co.kr/news/articleView.html?idxno=2345062
2025-10-28,INVEST,[美증시] 미중 희토류전쟁 휴전 가능성에 기술주 급등...3대지수 또 천장...,https://www.mediapen.com/news/view/1052607
2025-10-28,"INVEST,LAUNCH","[뉴욕증시]미·중 '무역 휴전' 기대감에 일제 랠리…3대 지수, 최고치 경...",https://view.asiae.co.kr/article/2025102805325454443
2025-10-28,"CERT,INVEST,LAUNCH,ORDER,REGUL","10만원 돌파한 삼성전자 ""14만원도 가능하다""",https://www.digitaltoday.co.kr/news/articleView.html?idxno=600107
2025-10-28,"INVEST,LAUNCH","'투자의 귀재' 버핏의 버크셔, 월가서 매도 추천…왜?",https://www.bloter.net/news/articleView.html?idxno=646288
2025-10-28,LAUNCH,미중합의 '순풍'…뉴욕증시 3대 지수 '사상 최고치',http://www.wowtv.co.kr/NewsCenter/News/Read?articleId=A202510280580&t=NN
2025-10-28,"INVEST,LAUNCH",[속보]불타는 뉴욕증시…미·중 갈등 해소 기대감에 최고치,http://www.edaily.co.kr/news/newspath.asp?newsid=01505526642337512
2025-10-28,ORDER,"이재용 취임 3주년 날 ‘10만 전자’… “반도체 훈풍, 내년에도 불 것...",https://www.seoul.co.kr/news/economy/industry/2025/10/28/20251028016003?wlog_tag3=naver
2025-10-28,LAUNCH,"‘엣지’ 접는 삼성, ‘에어’ 꺾인  애플 … 초슬림폰의 역설",https://www.etoday.co.kr/news/view/2517935
2025-10-28,"CERT,INVEST,LAUNCH,ORDER,REGUL",반도체 시장 급소 노렸다…중국의 새 희토류 규제,https://www.joongang.co.kr/article/25377220
2025-10-28,LAUNCH,"미국증시 장중..4대지수 '상승',  애플 ·M7·AI반도체·나스닥 '껑충'",http://www.choicenews.co.kr/news/articleView.html?idxno=155753
2025-10-28,"LAUNCH,ORDER",이재용 취임 3주년 날에 ‘10만전자’… 빅테크와 협력 효과,https://www.donga.com/news/Economy/article/all/20251028/132647851/2
2025-10-28,"CERT,INVEST,LAUNCH",[지지대] ‘사천피’ 좋긴 좋은데,https://www.kyeonggi.com/article/20251027580553
2025-10-28,ORDER,JY 취임 3주년 날 ‘10만전자’ 축포… ‘주식보상’에 직원들도 화색,https://www.kmib.co.kr/article/view.asp?arcid=1761554692&code=11151400&cp=nv
2025-10-28,"INVEST,LAUNCH","퀄컴, AI 칩 출시 공식화…엔비디아에 도전장",https://www.bloter.net/news/articleView.html?idxno=646285
2025-10-28,LAUNCH,"쿠팡, 연중 최대 가전·디지털 할인전 '쿠가세' 개막",https://www.pointdaily.co.kr/news/articleView.html?idxno=276392
2025-10-28,LAUNCH,[키워드PICK] ‘달리기’가 산업이 되다…러닝이 바꿀 산업계의 新지도...,https://www.hellot.net/news/article.html?no=106576
2025-10-28,"LAUNCH,REGUL","[속보] 연준 FOMC 마침내 ""양적긴측(QT) 중단"" 뉴욕증시 비트코인 ""실적...",https://www.g-enews.com/view.php?ud=202510270425106955906806b77b_1
2025-10-27,LAUNCH,일본·타이완 증시도 사상 최고...'슈퍼 데이' 30일 주목,https://www.ytn.co.kr/_ln/0104_202510272347515152
2025-10-27,"CERT,INVEST,LAUNCH,ORDER,PARTNERSHIP,REGUL","[증권소식] 3분기 외화증권 보관액 315조원/NH투자증권, 퇴직연금 DC형 ...",https://www.asiatime.co.kr/article/20251027500468
2025-10-27,"CERT,LAUNCH,PARTNERSHIP",[브리프]신세계백화점 롯데마트 쿠팡 CJ온스타일 CJ프레시웨이 롯데월드...,http://www.biztribune.co.kr/news/articleView.html?idxno=342287
2025-10-27,"INVEST,LAUNCH","[미국증시 개장브리핑] 테크주 강세에 나스닥 1.47% 상승,  애플 ·엔비디...",https://www.tokenpost.kr/news/market/297667
2025-10-28,"CERT,INVEST,LAUNCH,REGUL",韓 첨단산업 파장 촉각…반도체·전기차 등 노심초사 [스페셜리포트],https://www.mk.co.kr/article/11451979
2025-10-28,"INVEST,LAUNCH,PARTNERSHIP","뉴욕증시 퀄컴 리게티 아이온큐 ""양자컴 폭발"" 엔비디아-AMD 반도체 추격",https://www.g-enews.com/view.php?ud=202510280509038126906806b77b_1
2025-10-28,"INVEST,REGUL","[사설] 5000 향하는 코스피, 기업 혁신 성장 뒷받침돼야",https://www.busan.com/view/busan/view.php?code=2025102718050860246
2025-10-28,"CERT,LAUNCH","[실리콘 디코드]  삼성전자 , HBM3E '30% 파격 인하'…HBM4도 가격 우위로...",https://www.g-enews.com/view.php?ud=202510271500567812fbbec65dfb_1
2025-10-28,"INVEST,LAUNCH,REGUL","""한국 HBM 기술 따라잡자""⋯CXMTㆍ화웨이 ‘연합전선’ 가동 [ET의 칩스토...",https://www.etoday.co.kr/news/view/2518773
2025-10-28,LAUNCH,APEC '경주선언' 공들이는 韓…김정은 재회 기대하는 美,http://www.edaily.co.kr/news/newspath.asp?newsid=01462886642337512
2025-10-28,INVEST,"[사설] 4,000선 돌파 코스피, 상승 지속 관건은 실물경제 호전",https://www.imaeil.com/page/view/2025102717550147045
2025-10-28,INVEST,코스피 상승률 글로벌 1위…'5천피' 파죽지세일까,https://www.nocutnews.co.kr/news/6419228?utm_source=naver&utm_medium=article&utm_campaign=20251028050048
2025-10-28,LAUNCH,■ 10월 28일(화) 경제 캘린더,https://www.ytn.co.kr/_ln/0102_202510280500476897
2025-10-28,INVEST,"힌디어 특훈도 받았다…LG 전자 , '외국 기업 무덤' 인도서 굳건한 비결",https://www.joongang.co.kr/article/25377223
2025-10-28,"INVEST,REGUL","""대형주만 간다""…'4천피 랠리' 예전과는 다르다",https://www.newsis.com/view/NISX20251027_0003378920
2025-10-28,"CERT,INVEST,LAUNCH,ORDER,REGUL","""코스피 올라도 내 주식은 안 오른다""… 강세장 못 올라탄 소외주",https://www.hankookilbo.com/News/Read/A2025102711350004988?did=NA
2025-10-28,INVEST,"AI 열기는 최고조, 주가는 아직 7부 능선…댄 아이브스 ""한국 기업엔 스...",http://www.metroseoul.co.kr/article/20251028500001
2025-10-28,INVEST,"""14만 전자 ·70만닉스 가능""…144% 뛴 반도체 ETF, 대박 잇는다",https://www.mt.co.kr/stock/2025/10/28/2025102720144913686
2025-10-28,"INVEST,LAUNCH",사천피 밀어올린 '사각편대'… 코리아 디스카운트 극복 새역사,https://www.mt.co.kr/stock/2025/10/28/2025102720043993983
2025-10-27,INVEST,‘공동 1위 도약’ 조상현 감독 “역전하는 힘이 강해진다”,https://m.sports.naver.com/basketball/article/065/0000286550
2025-10-27,INVEST,"프로농구  LG , KCC 꺾고 4연승…공동 선두",https://news.sbs.co.kr/news/endPage.do?news_id=N1008307865&plink=ORI&cooper=NAVER
2025-10-27,INVEST,공동 3위로 1R 마친 이상민 감독 “선수들이 굉장히 잘 했다”,https://m.sports.naver.com/basketball/article/065/0000286549
2025-10-27,INVEST,"'젠슨 황 등 1700명 집결'…APEC CEO 서밋, 경주서 AI·기후변화 해법 모...",https://www.mhns.co.kr/news/articleView.html?idxno=729271
2025-10-27,INVEST,"[농구] '타마요 27점'  LG , KCC 꺾고 4연승… 공동 선두",https://www.newscj.com/news/articleView.html?idxno=3332828
2025-10-27,"INVEST,PARTNERSHIP","의식주컴퍼니,  LG전자 로부터 100억원 투자 유치글로벌 런드리 테크 협력...",https://www.venturesquare.net/1010885
2025-10-27,"CERT,PARTNERSHIP","기계설비건설협회, 회원사  LG전자  제품 구매 할인 혜택 제공",http://www.kmecnews.co.kr/news/articleView.html?idxno=43579
2025-10-27,INVEST,"타마요 27점 폭발!  LG , 17점 뒤집고 KCC 격파…챔피언의 저력",https://www.dailysportshankook.co.kr/news/articleView.html?idxno=417151
2025-10-27,LAUNCH,"LG전자 , 미국 소비자 가전 만족도 평가서 업계 '최다 1위'…""가전 리더십...",http://www.econonews.co.kr/news/articleView.html?idxno=410565
2025-10-27,"INVEST,LAUNCH",'글로벌 AI·디지털 리더 총출동'…젠슨 황 등 1700명 경주 집결,https://www.ppss.kr/news/articleView.html?idxno=272726
2025-10-27,INVEST,"""내가 프로에서 활약할 수 있을까?"" 고민의 답은 연습이었다→2라운드에...",http://www.rookie.co.kr/news/articleView.html?idxno=114784
2025-10-27,INVEST,"""완벽하게 성숙해졌다"" 송골매 공동 선두 이끈 '필리핀 특급'→명장 조...",http://www.rookie.co.kr/news/articleView.html?idxno=114783
2025-10-27,INVEST,"창원 LG , 부산KCC 잡고 4연승… 1라운드 공동 1위",https://www.knnews.co.kr/news/articleView.php?idxno=1473499
2025-10-27,LAUNCH,마이크서 햄버거까지…97세 위진록의 한 세기 인생,https://www.koreadaily.com/article/20251026190041402
2025-10-27,LAUNCH,"코오롱베니트 파트너 아카데미, 최신 업데이트 AI 기술 교육 세미나 정...",https://www.aitimes.kr/news/articleView.html?idxno=36926
2025-11-03,"CERT,REGUL",“보안 연구까지 범죄로 볼 위험 있다” 전문가가 본 ‘유엔 사이버범죄...,https://www.cio.com/article/4079205/보안-연구까지-범죄로-볼-위험-있다-전문가가-본.html
2025-10-27,LAUNCH,"코오롱베니트 파트너 아카데미, 최신 업데이트 AI 기술 교육 세미나",http://www.wowtv.co.kr/NewsCenter/News/Read?articleId=A202510270140&t=NN
2025-10-27,LAUNCH,"코오롱베니트, 델과 손잡고 AI 인프라 최신 트렌드 공유",https://www.dailian.co.kr/news/view/1564308/?sc=Naver
2025-10-27,LAUNCH,"코오롱베니트 파트너 아카데미, 최신 업데이트 AI 기술 교육 세미나 개...",http://www.hansbiz.co.kr/news/articleView.html?idxno=785965
2025-10-27,LAUNCH,"코오롱베니트, 동반성장 위한 'AI 기술 교육 세미나' 정기 개최",http://www.newslock.co.kr/news/articleView.html?idxno=118112
2025-10-27,LAUNCH,"코오롱베니트, 파트너사 대상 AI 기술 교육 세미나",https://www.businesskorea.co.kr/news/articleView.html?idxno=254876
2025-10-27,LAUNCH,"코오롱베니트 파트너 아카데미, AI 기술 교육 세미나 정기 개최",https://www.koit.co.kr/news/articleView.html?idxno=202998
2025-10-27,"LAUNCH,REGUL","아버지와 아들이 만드는 태국의 액션 게임, '섀도우 오브 아유타야'",https://www.gamevu.co.kr/news/articleView.html?idxno=52733
2025-10-27,REGUL,[디지키 테크리포트] 산업 자동화 장비 선택시 고려해야 할 사항들,https://www.epnc.co.kr/news/articleView.html?idxno=323909
2025-10-27,LAUNCH,"에스라이즈, RTX 5060 탑재한  HP  빅터스 15 게이밍 노트북 출시",https://kbench.com/?q=node/272552
2025-10-27,"CERT,INVEST,PARTNERSHIP,REGUL","IREE 2025 참관기, 인도 철도 혁신을 보여준 최대 규모 전시회",http://dream.kotra.or.kr/kotranews/cms/news/actionKotraBoardDetail.do?SITE_NO=3&MENU_ID=110&CONTENTS_NO=1&bbsGbn=245&bbsSn=245&pNttSn=235847
2025-10-27,INVEST,"美中, 무역전쟁 자제 모드... ""中 희토류통제 1년 유예, 美 대중 추가관...",https://www.getnews.co.kr/news/articleView.html?idxno=846110
2025-10-26,LAUNCH,"[글로벌 오피니언리더] 해리스 “난 아직 끝나지 않았다”, 美 대선 재도...",https://www.dt.co.kr/article/12025102?ref=naver
2025-10-26,INVEST,화면 젖혀 태블릿 용도까지 다재다능... HP  옴니북 X 플립 14[IT써보니],http://www.fnnews.com/news/202510231509089320
2025-10-27,LAUNCH,한국 레노버  엔비디아 GB10 탑재 씽크스테이션 PGX 출시,https://www.e-science.co.kr/news/articleView.html?idxno=114367
2025-10-27,LAUNCH,"레노버 , 엔비디아 그레이스 블랙웰 슈퍼칩 탑재 'AI 워크스테이션' 출시",https://www.datanet.co.kr/news/articleView.html?idxno=206328
2025-10-27,LAUNCH,"한국 레노버 , 전문 AI 워크스테이션 '씽크스테이션 PGX' 출시... ""대규모 ...",https://kr.aving.net/news/articleView.html?idxno=1805357
2025-10-27,LAUNCH,"한국 레노버 , 엔비디아 GB10 탑재 AI 워크스테이션 ‘씽크스테이션 PGX’...",https://cwn.kr/article/1065584063536971
2025-10-27,LAUNCH,"한국 레노버 , AI 워크스테이션 '씽크스테이션 PGX' 출시",https://www.gamevu.co.kr/news/articleView.html?idxno=52712
2025-10-27,"INVEST,LAUNCH",국내 기업 해외 인수 ‘반토막’ 몸 사리다 글로벌 경쟁력 발목 잡히나,https://www.mk.co.kr/article/11452148
2025-10-27,LAUNCH,"한국 레노버 , 엔비디아 슈퍼칩 탑재의 '씽크스테이션 PGX' 출시",https://www.inven.co.kr/webzine/news/?news=310725
2025-10-27,LAUNCH,"한국 레노버 , 엔비디아 GB10 탑재 AI 워크스테이션 '씽크스테이션 PGX' 출...",https://www.techm.kr/news/articleView.html?idxno=145740
2025-10-27,LAUNCH,"한국 레노버 , '씽크스테이션 PGX' 출시…엔비디아 그레이스 블랙웰 슈퍼...",https://www.epnc.co.kr/news/articleView.html?idxno=323886
2025-10-27,LAUNCH,"한국 레노버 , 엔비디아 GB10 탑재한 ‘씽크스테이션 PGX’ 공개",http://www.fnnews.com/news/202510270908274824
2025-10-27,LAUNCH,"""엔비디아 슈퍼칩 탑재""…한국 레노버  '씽크스테이션 PGX' 출시",https://www.news1.kr/it-science/general-it/5954310
2025-10-27,LAUNCH,"한국 레노버 , 엔비디아 '그레이스 블랙웰'로 무장한 초소형 AI 워크스테이...",https://www.digitaltoday.co.kr/news/articleView.html?idxno=599861
2025-10-27,LAUNCH,"한국 레노버 , 엔비디아 그레이스 블랙웰 슈퍼칩 탑재 AI 워크스테이션 '...",https://kbench.com/?q=node/272524
2025-10-27,LAUNCH,"한국 레노버 , 엔비디아 GB10 탑재 '씽크스테이션 PGX' 출시",https://www.newscj.com/news/articleView.html?idxno=3332339
2025-10-27,LAUNCH,"한국 레노버 , AI 워크스테이션 '씽크스테이션 PGX' 국내 출시",https://www.cnet.co.kr/view/?no=20251027093625
2025-10-27,LAUNCH,"'손바닥 혁신'… 레노버 , 엔비디아 ‘그레이스 블랙웰’ 슈퍼칩 탑재 AI ...",https://www.ddaily.co.kr/page/view/2025102709253838457
2025-10-27,LAUNCH,"한국 레노버 , 블랙웰 슈퍼칩 탑재 AI 워크스테이션 '씽크스테이션 PGX' 출...",https://www.aitimes.kr/news/articleView.html?idxno=36913
2025-10-26,"CERT,INVEST,LAUNCH","'최신 게이밍기기를 팬들과 함께'… 에이수스, 'ROG FAN DAY 2025' [덕지순...",https://www.xportsnews.com/article/2069831
2025-10-28,LAUNCH,"“박명수, 이수만과 함께 H.O.T. 오디션 현장에 있었다” 깜짝 폭로 (짠...",https://www.newsen.com/news_view.php?uid=202510271900115710
2025-10-28,LAUNCH,"롯데칠성, '100% 재생 MR-PET 사용' 칠성사이다 광고 공개",https://www.apnews.kr/news/articleView.html?idxno=3041536
2025-10-28,LAUNCH,"""왜 임신 안 돼?"" 안타까워하던 남편…여직원과 바람 [헤어질 결심]",http://www.fnnews.com/news/202510272021443157
2025-10-27,CERT,"""사후 계엄선포문, 尹 승인없이 한덕수 지시로 폐기""",http://www.yonhapnewstv.co.kr/MYH20251028051515YUH
2025-10-28,LAUNCH,"홍경 "" TV 도 일하라고 '굿뉴스'를…넘어진 신? 다 던졌죠""[왓더OTT]",https://www.nocutnews.co.kr/news/6419239?utm_source=naver&utm_medium=article&utm_campaign=20251028050049
2025-10-28,"LAUNCH,REGUL","한국엔 KF-21 분담금 안 내고…인니, 이번엔 中 퇴역 군함 눈독 [밀리터...",https://www.joongang.co.kr/article/25377215
2025-10-27,"CERT,LAUNCH","'44세' 임정희, 자연임신 성공..""♥발레리노 남편 볼때마다 좋아"" [스타...",https://www.starnewskorea.com/broadcast-show/2025/10/28/2025102800282257638
2025-10-28,"INVEST,REGUL","美 전기차 투자 급감… ""EV 경쟁력, 中에 뒤처질수도""",https://www.mt.co.kr/world/2025/10/28/2025102720134520514
2025-10-27,REGUL,"'압수물 부실 관리' 경찰서, 땜질식 조치 논란",http://www.gnmaeil.com/news/articleView.html?idxno=573383
2025-10-27,LAUNCH,"'국제결혼' 빈지노, 가상 '둘째 딸' 사진 공개했다…벌써 딸 바보 예약 ...",https://www.tenasia.co.kr/article/2025102755374
2025-10-27,INVEST,"'끔찍한 살인태클' 韓 혼혈 국가대표 카스트로프, ""정말 죄송합니다…""...",https://www.spotvnews.co.kr/news/articleView.html?idxno=778712
2025-10-27,LAUNCH,"백남준 ‘나의 파우스트’, 20년 만 경주서 공개",https://www.womennews.co.kr/news/articleView.html?idxno=268936
2025-10-27,"INVEST,LAUNCH","""악몽에서 본 사무실 같다""…JP모건 새 사무실에 '시끌'",http://www.inews24.com/view/1900151
2025-10-27,"INVEST,LAUNCH",[코인 시황] '금 숨고르기' 속 비트코인 급등… 고래 매수에 일시 11만6...,https://www.newspim.com/news/view/20251027001276
2025-10-27,"CERT,INVEST","""고성능 N의 질주 600명 열광""…화성에 울려 퍼진 '현대차 놀이터' 가보...",https://www.gpkorea.com/news/articleView.html?idxno=135486
2025-10-27,LAUNCH,가정용 8K TV가 무슨 의미?…인간 눈 '해상도 한계' 첫 제시,https://www.dongascience.com/news/view/74753
2025-10-28,"INVEST,REGUL",[ 노트북  너머] 스테이블코인이 피해야 할 전철,https://www.etoday.co.kr/news/view/2518709
2025-10-27,"CERT,INVEST",“영주ON!” 온디바이스 AI로 여는 안전하고 개선된 도시,https://www.etnews.com/20251020000084
2025-10-27,"INVEST,REGUL","JDC ""제주 소상공인 파는 물품, 면세점에서 안 팔겠다""",http://www.jejunews.com/news/articleView.html?idxno=2221514
2025-10-27,INVEST,미래에셋증권 '대만CORE 3 코퍼레이트 데이 2025' 성료,https://www.consumuch.com/news/articleView.html?idxno=76512
2025-10-27,"INVEST,ORDER",코스피 달리는 와중에…삼전·하이닉스 비중 적은데 ‘두 배’ 더 번 펀...,https://www.mk.co.kr/article/11452889
2025-10-27,"CERT,LAUNCH","""아이폰에서도 LDAC 시대 열린다"" 소리샵, 퀘스타일 'QCC Dongle Pro' 출시",https://www.autodaily.co.kr/news/articleView.html?idxno=538183
2025-10-27,LAUNCH,"AI 시대, DX의 새로운 열쇠는 ‘노코드’",https://www.donga.com/news/It/article/all/20251027/132646049/1
2025-10-27,INVEST,"미래에셋證, ‘대만CORE 3 코퍼레이트 데이 2025’ 개최",https://www.betanews.net/article/view/beta202510270099
2025-10-27,"LAUNCH,REGUL",[ 노트북  단상] ‘울산 도시철도’ 첫 삽 뜨기 전에…,https://www.busan.com/view/busan/view.php?code=2025102718050988366
2025-10-27,INVEST,'패패무무패패패패' 포스테코글루 '구매 버튼'→경질된 후에야 '배송'…...,https://www.sportschosun.com/football/2025-10-27/202510270100170720022524
2025-10-28,"INVEST,LAUNCH,REGUL","트럼프의 약점, 우린 뭘 쥐었나[특파원칼럼]",https://www.mt.co.kr/world/2025/10/28/2025102715322775783
2025-10-28,"INVEST,LAUNCH,PARTNERSHIP","엔비디아에 도전장 퀄컴 AI 반도체 출시, 주가 장중 한때 20% 급등",https://www.newsis.com/view/NISX20251028_0003379015
2025-10-28,INVEST,서울 ‘핫플 골목’서 축제… 시민도 상인도 웃었다,https://www.donga.com/news/Society/article/all/20251028/132646979/2
2025-10-28,"LAUNCH,PARTNERSHIP",갤럭시-삼다수 ‘공동 1위’… 롯데리아-한국타이어 17계단 점프,https://www.donga.com/news/Economy/article/all/20251027/132645433/2
2025-10-28,"INVEST,LAUNCH","퀄컴, AI 반도체 출시 선언에 주가 폭등…엔비디아도 사상 최고 육박",http://www.fnnews.com/news/202510280253002516
2025-10-28,"INVEST,LAUNCH","모바일 강자' 퀄컴, AI 칩 시장 참전… ""추론용 칩으로 승부""",https://www.hankyung.com/article/202510285740i
2025-10-28,LAUNCH,"퀄컴, 엔비디아와 본격 경쟁…데이터센터용 AI 칩 공개하자 주가 18%↑",https://news.einfomax.co.kr/news/articleView.html?idxno=4380463
2025-10-28,INVEST,사놓고 놔둔 ‘그랜마 버핏’ 웃고 사고팔기 계속한 ‘이대남’ 울고,https://www.chosun.com/economy/money/2025/10/28/6J5VMB3XWRGZDDSYPR3HKCBNX4/?utm_source=naver&utm_medium=referral&utm_campaign=naver-news
2025-10-28,"INVEST,LAUNCH","퀄컴, 데이터 센터용 AI 칩 공개…주가 19% 급등",https://www.newspim.com/news/view/20251027001367
2025-10-28,LAUNCH,"오늘부터 APEC CEO 서밋...젠슨 황 등 1,700여 명 '총집결'",https://www.ytn.co.kr/_ln/0102_202510280022153793
2025-10-28,LAUNCH,쏠퀴즈 정답 10월 28일,https://www.bntnews.co.kr/article/view/bnt202510270191
2025-10-27,"CERT,INVEST,LAUNCH,PARTNERSHIP,REGUL",[Who Is ?] 이윤모 볼보자동차코리아 대표이사 사장,https://www.businesspost.co.kr/BP?command=article_view&num=417007
2025-10-27,"CERT,INVEST,ORDER","PCB·FPCB 관련주, '웃음꽃' 이브이첨단소재·이수페타시스·대덕전자......",http://www.finomy.com/news/articleView.html?idxno=241593
2025-10-27,CERT,활 쏘고 특산물 맛보고...예천의 가을을 즐겨라,https://www.idaegu.co.kr/news/articleView.html?idxno=527640
2025-10-27,LAUNCH,"증평군, '증평 배움누리 3행 축제' 내달 1일 개최",https://www.ccreview.co.kr/news/articleView.html?idxno=337306
2025-10-27,CERT,활·농산물 축제로 물드는 예천의 가을,https://www.ksmnews.co.kr/news/view.php?idx=570936
2025-10-27,LAUNCH,"경남문예진흥원, 레지던스 지원사업 성과 보고회",https://www.gnnews.co.kr/news/articleView.html?idxno=621833
2025-10-27,"CERT,INVEST",[천자춘추] 한국 스포츠의 미래,https://www.kyeonggi.com/article/20251027580555
2025-10-27,LAUNCH,"롯데월드, 홈페이지·모바일 앱 전면 개편…예약 접근성 및 이용 편의성...",https://www.sportsseoul.com/news/read/1557574?ref=naver
2025-10-27,LAUNCH,어제의 꿈과 내일의 희망이 함께 하는 '2025년 증평 배움누리 3행 축제'...,http://www.dynews.co.kr/news/articleView.html?idxno=825034
2025-10-27,"LAUNCH,REGUL",익산에서 펼쳐지는 대모험 '금괴를 찾아라',http://sjbnews.com/news/news.php?number=862964
2025-10-27,PARTNERSHIP,치매치료제·영양제 개발 속도,http://www.fnnews.com/news/202510271834580442
2025-10-27,CERT,[김해시] 제1회 글로벌도시관광서밋 참가 외,https://ilyo.co.kr/?ac=article_view&entry_id=501982
2025-10-27,LAUNCH,APEC 첫날 경주 곳곳 활기...다채로운 행사 마련,https://www.tbc.co.kr/news/view?pno=20251027170142AE01720&id=200276
2025-10-27,LAUNCH,"""다양한 직업 체험하며 미래를 설계하다""",https://www.gukjenews.com/news/articleView.html?idxno=3411799
2025-10-27,"LAUNCH,PARTNERSHIP,REGUL","[미리보는 이데일리 신문]드디어 4000피, 삼성·SK 두 날개로 날다",http://www.edaily.co.kr/news/newspath.asp?newsid=04487046642337184
2025-10-27,LAUNCH,“지붕 없는 박물관” 경주가 관광의 심장으로 뛴다,https://www.kbmaeil.com/article/20251025500033
2025-10-27,LAUNCH,"삼성, 윈도우 버전 웹 브라우저 출시한다",https://www.betanews.net/article/view/beta202510270101
2025-10-27,LAUNCH,삼성전자 '트리폴드폰' APEC 현장서 공개…中화웨이와 '경쟁' 돌입,https://www.newsworks.co.kr/news/articleView.html?idxno=815969
2025-10-27,"INVEST,LAUNCH,PARTNERSHIP",갤럭시  XR  출시에 콘텐츠 시장 출렁…네이버·스코넥·스토익 ‘버추얼...,http://www.edaily.co.kr/news/newspath.asp?newsid=03926166642337184
2025-10-27,"INVEST,LAUNCH","[주말뉴스 FULL] 한은, 기준금리 2.5% 동결…부동산·환율 불안에 '신중...",http://www.paxetv.com/news/articleView.html?idxno=250211
2025-10-27,LAUNCH,"""경주가 APEC 회의만 하는 도시가 아니라, 문화·관광·체험으로 세계와...",https://www.imaeil.com/page/view/2025102714463859061
2025-10-27,"LAUNCH,PARTNERSHIP",‘확장현실( XR ) 크리에이티브’ 엔피(NP)의 심장 가보니,https://byline.network/?p=9004111222581596
2025-10-27,LAUNCH,"버넥트, '2025 수원시 청소년 대축제'서 AI 안전관리 시스템 운영",https://www.kdpress.co.kr/news/articleView.html?idxno=200185
2025-10-27,"LAUNCH,PARTNERSHIP",'갤럭시  XR ' 다음은 스마트안경! 젠틀몬스터와 협업,https://www.etnews.com/20251027000388
2025-10-27,LAUNCH,국가유산에 AI 접목..오는 29일 한국전통문화대학교 심포지엄,http://www.fnnews.com/news/202510271448095736
2025-10-27,LAUNCH,"고양시·고양산업진흥원, '빛의 공간 환상을 비추다' 전시",http://www.mygoyang.com/news/articleView.html?idxno=86206
2025-10-27,LAUNCH,"'꿈을 담아, 내:일을 그리다', 서귀포시 청소년 진로축제 개최",http://www.queen.co.kr/news/articleView.html?idxno=444618
2025-10-27,"CERT,PARTNERSHIP","SK하이닉스, 美 샌디스크와 'HBF 나이트' 개최…SKT 후원 '스포츠 꿈나무...",http://www.sisaon.co.kr/news/articleView.html?idxno=176750
2025-10-27,"INVEST,LAUNCH,ORDER",주식고수 매수 2위 '증권사 일제히 목표가 상향 신고가 경신' 삼성중공...,https://www.widedaily.com/news/articleView.html?idxno=281181
2025-10-26,"INVEST,LAUNCH,PARTNERSHIP,REGUL","美·中·日 정상에 젠슨 황까지 온다…韓서 달아오른 APEC, 관전 포인트...",https://zdnet.co.kr/view/?no=20251026122344
2025-10-27,"CERT,LAUNCH","네오위즈, '산나비 외전: 귀신 씌인 날' 지스타 참가",https://www.ngetnews.com/news/articleView.html?idxno=539253
2025-10-27,"CERT,LAUNCH","'지스타 2025' 네오위즈, '산나비 외전: 귀신 씌인 날' 출품",http://www.shinailbo.co.kr/news/articleView.html?idxno=2136119
2025-10-27,"CERT,LAUNCH","네오위즈 '산나비 외전: 귀신 씌인 날', 지스타 2025 참가",http://www.worktoday.co.kr/news/articleView.html?idxno=75966
2025-10-27,"CERT,INVEST,LAUNCH","네오위즈 '산나비 외전: 귀신 씌인 날', 지스타 2025 참가…크래프톤, 배...",http://www.sisaon.co.kr/news/articleView.html?idxno=176779
2025-10-27,"CERT,LAUNCH","네오위즈, '산나비 외전: 귀신 씌인 날' 지스타 2025 참가",https://www.onews.tv/news/articleView.html?idxno=262348
2025-10-27,"CERT,LAUNCH","네오위즈, '산나비 외전: 귀신 씌인 날', 지스타 2025 참가",https://www.ilovepc.co.kr/news/articleView.html?idxno=56554
2025-10-27,"CERT,INVEST,LAUNCH",[#게임스테이션] 넥슨 'NYPC' 성료·퓨처랩 '비버잼' 성료·'TL' 아시아 콘...,https://www.newsworks.co.kr/news/articleView.html?idxno=815966
2025-10-27,"CERT,LAUNCH","네오위즈, 지스타 2025서 '산나비 외전: 귀신 씌인 날' 선보여",https://www.smartfn.co.kr/news/articleView.html?idxno=123909
2025-10-27,CERT,"네오위즈, '산나비 외전: 귀신 씌인 날' 지스타 2025 출품",https://www.pinpointnews.co.kr/news/articleView.html?idxno=388799
2025-10-27,"CERT,LAUNCH","네오위즈 ‘산나비 외전: 귀신 씌인 날’, 지스타 2025 참가",http://www.datanews.co.kr/news/article.html?no=141410
2025-10-27,"CERT,LAUNCH","[게임가 엿보기] 엔씨소프트 TL, 글로벌 콘솔 서비스 한국∙대만 등 아...",https://www.greened.kr/news/articleView.html?idxno=332428
2025-10-27,CERT,"네오위즈, '산나비' 외전으로 '지스타 2025' 참전",http://game.dailyesports.com/view.php?ud=20251027102356849343da15d9d2_26
2025-10-27,"INVEST,LAUNCH","네오위즈, ‘산나비 외전: 귀신 씌인 날’ 지스타 2025 참가",https://www.nspna.com/news/?mode=view&newsid=783536
2025-10-27,"CERT,LAUNCH","네오위즈, 지스타에 '산나비 외전' 출품",https://www.ajunews.com/view/20251027122819624
2025-10-27,CERT,"네오위즈 '산나비 외전 귀신 씌인 날', 지스타 2025 참가",https://www.cstimes.com/news/articleView.html?idxno=674040
2025-10-27,"CERT,INVEST,LAUNCH","[더벨][SEDEX 2025]'국내 AMR 선두' 티로보틱스, 글로벌 시장 '정조준'",https://www.thebell.co.kr/free/content/ArticleView.asp?key=202510221555399240108236
2025-10-28,INVEST,"주성엔지니어링, 3분기 영업이익 93% 급감…반도체 불황 직격탄",https://www.tokenpost.kr/news/market/297702
2025-10-27,INVEST,"캠코, 1조 '구조혁신펀드 6호' 위탁운용사 4곳 선정…관세피해 기업 지...",http://www.econonews.co.kr/news/articleView.html?idxno=410735
2025-10-27,LAUNCH,"[주식] 코스피, 미국발 훈풍 등에 힘입어 또다시 역대 최고치...조선, 반...",http://www.biztribune.co.kr/news/articleView.html?idxno=342293
2025-10-27,"CERT,LAUNCH","“한 번에 739km” 캐딜락 ‘에스컬레이드 IQ’, 11월 한국 상륙",https://www.viva100.com/article/20251027501657
2025-10-27,INVEST,"주성엔지니어링, 3분기 영업이익 34억원…전년比 93.6% ↓",https://www.etnews.com/20251027000474
2025-10-27,"CERT,LAUNCH","캐딜락, 순수 전기 SUV '에스컬레이드 IQ' 11월 韓 출시",https://www.ebn.co.kr/news/articleView.html?idxno=1683812
2025-10-29,"LAUNCH,PARTNERSHIP",초격차 TV 기술 '예술'로 승화…문화 접근성 높이는 삼성·LG,https://www.lcnews.co.kr/news/articleView.html?idxno=114391
2025-10-29,"INVEST,LAUNCH",트라이폴드폰·올레드 샹들리에 떴다…K테크 ‘기술 외교’,https://www.joongang.co.kr/article/25377495
2025-10-28,INVEST,재계 '2026 경영전략' 새 판 짠다…'생존+성장+미래' 키워드,https://www.ebn.co.kr/news/articleView.html?idxno=1683909
2025-10-28,LAUNCH,"코스피 ‘불장’ 주역 반도체 대장주들, 3분기 실적 개봉박두",https://www.hani.co.kr/arti/economy/economy_general/1225893.html
2025-10-29,"INVEST,LAUNCH",[Invest]日 호도가야 자회사 에스에프씨 IPO 시동…'WCP 흑역사' 벗어날...,https://www.investchosun.com/site/data/html_dir/2025/10/28/2025102880196.html
2025-10-28,LAUNCH,"두 번 접는 폰, 초대형 샹들리에…'K테크' 열기",https://news.sbs.co.kr/news/endPage.do?news_id=N1008309350&plink=ORI&cooper=NAVER
2025-10-28,INVEST,"[LG 변곡점]② 비핵심 접고 미래로, LG의 구조조정이 시작됐다",http://www.press9.kr/news/articleView.html?idxno=68259
2025-10-28,LAUNCH,아이폰 사랑에 힘입어?…패널·카메라 공급하는 LGD·LG이노텍 하반기 실...,https://biz.heraldcorp.com/article/10603114?ref=naver
2025-10-28,INVEST,"예선테크 주가, 급등세... 왜?",https://www.ggilbo.com/news/articleView.html?idxno=1120481
2025-10-28,REGUL,"충북교육청, D-16일 수능 수험생 유의사항 '설명회' 개최",https://www.ccreview.co.kr/news/articleView.html?idxno=337346
2025-10-28,"INVEST,LAUNCH","""삼성 트라이폴드폰부터 SK HBM4까지""…글로벌 정상 맞는 경주, K-기술로...",http://www.fnnews.com/news/202510281530036532
2025-10-28,"INVEST,LAUNCH",삼성 트라이폴드폰 첫선…LG는 'OLED 샹들리에',https://www.sedaily.com/NewsView/2GZCRI9Z9O
2025-10-28,"CERT,INVEST,ORDER,PARTNERSHIP,REGUL","수소차 관련주, '덩실덩실' 두산퓨얼셀·범한퓨얼셀·한화솔루션... '시...",http://www.finomy.com/news/articleView.html?idxno=241777
2025-10-28,LAUNCH,두 번 접는 스마트폰·투명 TV…‘K-테크’ 총출동,https://www.ichannela.com/news/main/news_detailPage.do?publishId=000000498200
2025-10-28,"INVEST,LAUNCH","[경주 APEC] 1700명 CEO 모인다 ""글로벌 비즈니스 허브""",https://www.econovill.com/news/articleView.html?idxno=716303
2025-11-03,LAUNCH,AI·OLED·친환경…2025년이 노트북 시장의 ‘가장 흥미로운 해’인 이유,https://www.itworld.co.kr/article/4079912/ai·oled·친환경2025년이-노트북-시장의-가장-흥미로운-해.html
2025-10-28,"CERT,INVEST,LAUNCH,ORDER,PARTNERSHIP,REGUL",10월 5주 주요 제조업 전망,https://www.laborplus.co.kr/news/articleView.html?idxno=36483
2025-10-28,LAUNCH,별빛 내리는 LG전자 올레드 샹들리에…베일 벗은 삼성 '트라이폴드폰',https://www.ddaily.co.kr/page/view/2025102819484527493
2025-10-28,LAUNCH,'APEC CEO 서밋' 개막…환영만찬·테크포럼 '흥행' 열기 점화(종합),https://www.news1.kr/industry/general-industry/5956712
2025-10-28,"CERT,INVEST,LAUNCH,REGUL","[영상] ""세상에 없던 기술, 경주서 개봉""…놀라움 자아낸 삼성·현대차 ...",https://zdnet.co.kr/view/?no=20251028221546
2025-10-28,LAUNCH,K테크 경연장… APEC에서 뽐내는 첨단 기술,https://www.busan.com/view/busan/view.php?code=2025102818342487567
2025-10-28,"INVEST,LAUNCH,ORDER","유리기판 관련주, '함박웃음' 한빛레이저·나인테크·피아이이·켐트로...",http://www.finomy.com/news/articleView.html?idxno=241769
2025-10-29,CERT,"동국대, ‘D-ESG’ 경영으로 지속가능발전 대학 도약",https://www.donga.com/news/Society/article/all/20251028/132645092/2
2025-10-28,LAUNCH,두 번 접히는 갤럭시...‘트리폴드폰’ 실물 APEC서 첫 공개,https://www.dt.co.kr/article/12025675?ref=naver
2025-10-28,"INVEST,LAUNCH","전자업계 3분기 실적시즌…삼성·SK하닉, 역대급 전망",https://www.newsis.com/view/NISX20251027_0003378664
2025-10-28,LAUNCH,두 번 접는 폰부터 투명TV 샹들리에까지…APEC은 ‘K-테크’ 전시장,https://www.hani.co.kr/arti/economy/economy_general/1225944.html
2025-10-28,LAUNCH,'세일즈 코리아' 시동...한국 미래 기술 한자리에,https://www.tbc.co.kr/news/view?pno=20251028162324AE01777&id=200319
2025-10-28,INVEST,"[fn이사람] "" OLED  제조 AX 성공… 생산성·수율 다 잡아""",http://www.fnnews.com/news/202510281825455574
2025-10-29,"INVEST,LAUNCH,REGUL",한국 대기업 30년 지도 : IMF 칼바람에서 AI 초격차까지,https://magazine.hankyung.com/business/article/202510225935b
2025-10-28,"INVEST,LAUNCH","[경주 APEC] K-예술, K-뷰티, K-테크..'한국 산업 박람회' 변모한 천년고...",http://www.4th.kr/news/articleView.html?idxno=2098591
2025-10-29,LAUNCH,두 번 접는 폰·TV 샹들리에…'K 테크' 시선집중,https://news.sbs.co.kr/news/endPage.do?news_id=N1008309607&plink=ORI&cooper=NAVER
2025-10-29,LAUNCH,갤폴드7도 뛰어났는데…갤폴드8 어떻게 달라질까,https://www.newsis.com/view/NISX20251028_0003380285
2025-10-28,LAUNCH,선상 호텔 등장한 영일만…글로벌 CEO 맞이에 분주한 경주,http://www.mbn.co.kr/pages/news/newsView.php?news_seq_no=5150411
2025-10-28,"LAUNCH,REGUL",'수능 D-15' 스마트워치 등 전자기기 반입 금지,https://www.inews365.com/news/article.html?no=891714
2025-10-29,"INVEST,LAUNCH,ORDER,REGUL","2차전지 관련주, '봄꽃만개' 후성·민테크·나인테크,·엘앤에프·에코프...",http://www.finomy.com/news/articleView.html?idxno=241784
2025-10-29,"INVEST,LAUNCH",[시선과 창] APEC정상회의 이후와 XR버스,https://www.yeongnam.com/web/view.php?key=20251028027424680
2025-10-28,"INVEST,PARTNERSHIP,REGUL",[중국 탐구 3] 지방에서도 세계 1등 전략 '클러스터+AI'로 세계 석권 야...,http://www.hellodd.com/news/articleView.html?idxno=109671
2025-10-28,"INVEST,LAUNCH,ORDER","예선테크, 돌연 14% 급등…'공시 無 급등주'에 투자자 촉각",https://www.pointdaily.co.kr/news/articleView.html?idxno=276517
2025-10-28,"INVEST,LAUNCH","[GAM]中 기술국산화 기대감, 자금유입 확대② '포토레지스트 테마 A주'",https://www.newspim.com/news/view/20251027001175
2025-10-28,INVEST,"보급형 OLED 30% 눈앞… 삼성·LG, 원가 절감·생산 혁신 '투트랙' 가속",https://www.thepublic.kr/news/articleView.html?idxno=281369
2025-10-29,LAUNCH,‘글로벌 큰손’ 잡아라… K-테크 쇼케이스장 된 경주,https://www.kmib.co.kr/article/view.asp?arcid=1761641760&code=11151400&cp=nv
2025-10-28,LAUNCH,경주에 뜬 트라이폴드폰·올레드 샹들리에·HBM...전 세계에 K-테크 뽐낸...,https://www.joongang.co.kr/article/25377421
2025-10-28,"CERT,LAUNCH","[헬로즈업] 한국전자전·반도체대전 2025, 기술이 산업을 움직이다",https://www.hellot.net/news/article.html?no=106610
2025-10-28,INVEST,"‘젠슨 황 입국출국’ 포항경주공항, 글로벌 CEO 맞이 준비 완료",https://www.kbmaeil.com/article/20251028500383
2025-10-28,"CERT,INVEST,LAUNCH,ORDER,PARTNERSHIP,REGUL",[의료기기업계 소식] 10월 28일,http://www.doctorstimes.com/news/articleView.html?idxno=235058
2025-10-28,LAUNCH,[APEC 2025]“우리가 세계 1등”…K테크 쇼케이스,https://www.etnews.com/20251028000414
2025-10-28,INVEST,트라이폴드 첫선에 “와”…경주 물들인 K테크 열기 [르포],https://www.sedaily.com/NewsView/2GZCR8B283
2025-10-28,LAUNCH,"삼성, 트라이폴드폰 첫 공개 … APEC서 '폴더블 종주국' 기술력 과시",https://biz.newdaily.co.kr/site/data/html/2025/10/28/2025102800317.html
2025-10-28,"INVEST,LAUNCH",①두 번 접는 스마트폰 ②주차 로봇 ③초대형 샹들리에…글로벌 눈길 잡...,https://www.hankookilbo.com/News/Read/A2025102811450003658?did=NA
2025-10-28,"LAUNCH,PARTNERSHIP","['와신상담' 이재용의 3년②] 버팀목 역할 한 삼성 모바일, 반도체와 쌍...",https://www.ntoday.co.kr/news/articleView.html?idxno=120853
2025-10-28,"CERT,LAUNCH,PARTNERSHIP,REGUL",[이BIO] 동국제약·앱티스·차병원 외,http://www.newsprime.co.kr/news/article.html?no=709127
2025-10-28,"INVEST,LAUNCH,PARTNERSHIP,REGUL","[체험기] 낫싱 폰(3), 레트로 외관에 '에센셜' AI 담다",https://www.asiatime.co.kr/article/20251028500360
2025-10-28,LAUNCH,[APEC2025] K-테크 기업의 향연…경주를 미래 기술로 물들이다,https://news.einfomax.co.kr/news/articleView.html?idxno=4380633
2025-10-28,LAUNCH,"하이센스 TV, 쿠팡 대규모 가전 프로모션 '쿠가세’ 참가",http://www.edaily.co.kr/news/newspath.asp?newsid=03709686642337512
2025-10-28,LAUNCH,"삼성전자, 글로벌 프리미엄 TV 시장 선도",https://www.mk.co.kr/article/11452520
2025-10-29,"CERT,LAUNCH","삼성전자, ‘갤럭시 AI’로 스마트폰 초격차 혁신 가속",https://www.etoday.co.kr/news/view/2516983
2025-10-28,LAUNCH,[2025 APEC] 트라이폴드에 올레드 샹들리에까지…韓 기업들 경주서 기술...,https://news.tf.co.kr/read/economy/2256666.htm
2025-10-28,LAUNCH,트라이폴드폰부터 수소차까지… 관람객들 ‘감탄’ [2025 경주 에이펙-C...,https://www.segye.com/newsView/20251028516369?OutUrl=naver
2025-10-28,LAUNCH,"삼성, 2번 접는 트라이폴드폰…현대차, 로봇·수소차 'K테크 과시'",https://www.hankyung.com/article/2025102879411
2025-10-28,LAUNCH,[경주 APEC] 두번 접는 폰부터 HBM-용접 로봇까지···삼성·SK·LG 'K-테크...,https://www.ajunews.com/view/20251028134000590
2025-10-28,LAUNCH,"삼성, 두번 접는 ‘트라이폴드폰’ 첫 공개…거세지는 ‘中 공세’, 초...",https://www.ceoscoredaily.com/page/view/2025102814024268276
2025-10-28,LAUNCH,두 번 접히는 갤럭시...트리폴드폰 실물 APEC서 첫 공개,https://zdnet.co.kr/view/?no=20251028171757
2025-10-28,LAUNCH,"삼성전자, APEC서 ‘트라이폴드폰’ 세계 첫 공개…“이제 두 번 접는다...",https://www.kukinews.com/article/view/kuk202510280194
2025-10-28,LAUNCH,[종합] 두 번 접는 폰부터 AI까지⋯세계 정상들 앞에 선 'K-기술' [경주 ...,https://www.etoday.co.kr/news/view/2519281
2025-10-28,"INVEST,LAUNCH",트리플 폴드 처음 공개한 삼성.. K-테크 쇼케이스 [경주 APEC],https://www.mk.co.kr/article/11453670
2025-10-28,LAUNCH,"[APEC] 삼성전자, 두 번 접는 스마트폰 ‘갤럭시Z 트라이폴드’ 실물 공...",https://www.mydaily.co.kr/page/view/2025102815080286537
2025-10-28,LAUNCH,[2025 APEC]'AI·반도체·스마트폰' 신기술의 대향연…경제효과 '10조',https://www.newsway.co.kr/news/view?ud=2025102815014603634
2025-10-28,LAUNCH,"삼성, APEC서 '두 번 접는 폰' 첫 공개…트라이폴드 시대 개막",http://news.bizwatch.co.kr/article/industry/2025/10/28/0032
2025-10-28,LAUNCH,"""이유 있는 자신감""...삼성, '두 번 접는' 트라이폴드폰 실물 공개",https://www.pinpointnews.co.kr/news/articleView.html?idxno=389205
2025-10-28,LAUNCH,"[포토] ""두 번 접어도 주름 안 보인다""…삼성전자, '트라이폴드폰' 최초...",https://www.dailian.co.kr/news/view/1564963/?sc=Naver
2025-10-28,"INVEST,LAUNCH,ORDER,PARTNERSHIP,REGUL",삼성SDI 2025년 3분기 실적발표 컨퍼런스콜 전문,http://www.thelec.kr/news/articleView.html?idxno=42784
2025-10-28,LAUNCH,'한국형 곡선' 입은 경주 K-TECH 에어돔…삼성·LG·SK 기술 총출동 [APEC...,https://www.hankyung.com/article/202510286546i
2025-10-29,LAUNCH,자율주행·AI…‘잘 나가는’ 기술 다 모였다,https://news.kbs.co.kr/news/pc/view/view.do?ncd=8393458&ref=A
2025-10-29,"INVEST,LAUNCH,ORDER","‘전동화·자율주행· 디스플레이 ’…현대모비스, 미래車 기술로 글로벌...",https://www.kukinews.com/article/view/kuk202510280247
2025-10-29,"INVEST,LAUNCH,ORDER","현대모비스, 미래 모빌리티 핵심 기술 확보에 전사 역량 집중",https://www.asiatoday.co.kr/view.php?key=20251028010011416
2025-10-28,"INVEST,LAUNCH",[제3회 수원시 기업인의 날 행사] 함께 꿈꾸는 ‘이타적 성장’… 기업...,https://www.kyeongin.com/article/1754103
2025-10-28,LAUNCH,AI부터 트라이폴드· 투명  TV까지…에이펙서 ‘K-기술’ 총집결 [경주 AP...,https://www.kukinews.com/article/view/kuk202510280243
2025-10-28,LAUNCH,[기획] ‘두번 접는 갤럭시’ 실물공개… 트럼프 손에 쥘까,https://www.dt.co.kr/article/12025678?ref=naver
2025-10-28,"INVEST,LAUNCH,ORDER","2차전지 전고체 관련주, '껑충껑충' 엠오티·삼성SDI·민테크·나인테크...",http://www.finomy.com/news/articleView.html?idxno=241775
2025-10-28,"INVEST,LAUNCH",두 번접는 폰·AI데이터센터… 세계 산업계 주도 기술 빼곡,https://www.asiatoday.co.kr/view.php?key=20251029010011693
2025-10-28,LAUNCH,[경주 APEC] AI·로봇·모빌리티·수소기술..삼성·LG·SK·현대차 미래 ...,http://www.4th.kr/news/articleView.html?idxno=2098596
2025-10-28,LAUNCH,경주 APEC에 모인 韓 주요 기업들··· AI부터 수소까지 총출동,https://www.greenpostkorea.co.kr/news/articleView.html?idxno=304610
2025-10-29,"INVEST,LAUNCH",[출근길 포인트] 경주 APEC 개막…한미 정상회담·공동선언 성패 '갈림길...,https://www.pointdaily.co.kr/news/articleView.html?idxno=276644
2025-10-29,"CERT,LAUNCH",[AFL SPECIAL] 2025 익산농업기계박람회,http://www.aflnews.co.kr/news/articleView.html?idxno=307084
2025-10-29,"INVEST,LAUNCH",AI  이후의 질서를 그리다… ‘디자인코리아 2025’,https://www.donga.com/news/Economy/article/all/20251028/132653343/2
2025-10-29,"INVEST,LAUNCH,ORDER,REGUL","전기차 관련주, '광대승천' 한빛레이저·원익피앤이·신흥에스이씨... '...",http://www.finomy.com/news/articleView.html?idxno=241783
2025-10-29,"INVEST,LAUNCH","코트라, 실리콘밸리·싱가포르 이어 런던서도 '해외인재' 유치",https://www.cstimes.com/news/articleView.html?idxno=674444
2025-10-29,"CERT,INVEST,LAUNCH,PARTNERSHIP","지능형로봇·인공지능( AI ) 관련주, '껑충껑충' 피앤에스로보틱스·로보...",http://www.finomy.com/news/articleView.html?idxno=241781
2025-10-29,"CERT,INVEST,LAUNCH,ORDER,REGUL","의료 AI  관련주, '어깨춤 으쓱으쓱' 뉴로핏·쓰리빌리언·비스토스·랩지...",http://www.finomy.com/news/articleView.html?idxno=241779
2025-10-28,INVEST,"대동애그테크, 150억 원 투자 유치…  AI  농업 사업화 가속",http://www.youngnong.co.kr/news/articleView.html?idxno=55412
2025-10-28,INVEST,"대동애그테크, 150억 원 투자 유치… AI  농업 사업화 가속",http://www.rightknow.co.kr/news/articleView.html?idxno=32455
2025-10-28,INVEST,"KOTRA, 런던 3대 명문대 '생명과학 취업박람회'서 홍보부스 운영",http://www.seoulwire.com/news/articleView.html?idxno=677343
2025-10-28,"INVEST,REGUL","[EBN 오늘(28일) 이슈 종합] 재계 '2026 경영전략' 새 판 짠다, 대한항공...",https://www.ebn.co.kr/news/articleView.html?idxno=1684048
2025-10-28,"LAUNCH,REGUL","""안경이 내 말을 알아듣네?""…경주서 공개된 메타  AI  무기, 韓 출시 임박...",https://zdnet.co.kr/view/?no=20251028203133
2025-10-28,"INVEST,LAUNCH,ORDER","""미래 모빌리티 시장 이끈다""…현대모비스 혁신·도전 '눈길'",https://www.mt.co.kr/industry/2025/10/28/2025102717524573699
2025-10-28,LAUNCH,본격 출시 시점은 언제? 코치도어 없는 제네시스 GV90 디테일 미리보기,https://www.autodaily.co.kr/news/articleView.html?idxno=538207
2025-10-29,INVEST,[Invest]SK·롯데 잇는 시장조달 빅 플레이어  LG …금융지주 한도 관리 ‘...,https://www.investchosun.com/site/data/html_dir/2025/10/28/2025102880195.html
2025-10-28,"INVEST,LAUNCH","[사천피 시대] ⑧ ""코리아 디스카운트 옛말""…'오천피' 기대감 확산",http://www.hansbiz.co.kr/news/articleView.html?idxno=786422
2025-10-28,"LAUNCH,PARTNERSHIP","LG디스플레이 , 애플워치 시리즈 판매 호조에 '방긋'",https://daily.hankooki.com/news/articleView.html?idxno=1287866
2025-10-28,"INVEST,LAUNCH","'APEC CEO 서밋' D-1...재계 총수들, '민간 경제외교 슈퍼위크' 본격 돌입",http://www.biztribune.co.kr/news/articleView.html?idxno=342307
2025-10-28,LAUNCH,"지역·기업·대학·연구소, ‘신산업 미래’ 머리 맞댄다",https://dhnews.co.kr/news/view/1065587918276053
2025-10-28,LAUNCH,"과기정통부, '산학연협력 엑스포' 개최…미래산업 성과 한자리",https://news.tf.co.kr/read/economy/2256243.htm
2025-10-28,"LAUNCH,PARTNERSHIP","""지역과 함께 여는 신산업의 미래"" 산학연협력 엑스포 개최",https://www.ebn.co.kr/news/articleView.html?idxno=1683896
2025-10-28,LAUNCH,"교육부, 과기부·대구시와 함께 '산학연 협력 엑스포' 개최",https://www.yna.co.kr/view/AKR20251028052100530?input=1195m
2025-10-28,"INVEST,LAUNCH,ORDER","삼성 물산 건설부문, 3분기 영업익 53% 급락…수주 부진 영향",https://www.newsway.co.kr/news/view?ud=2025102816435350371
2025-10-28,INVEST,"SDC, 8.6세대 결국 'LTPS TFT' 보완 투자 가늠",https://www.newstopkorea.com/news/articleView.html?idxno=40623
2025-10-28,REGUL,"적자 늪 깊어진  삼성 SDI, ESS가 구원할까",https://www.sisajournal-e.com/news/articleView.html?idxno=416373
2025-10-28,"INVEST,LAUNCH","[공모주] ' 삼성 SDI· 디스플레이  고객사 확보' 이노테크, 오늘(28일)까지...",https://www.ggilbo.com/news/articleView.html?idxno=1120629
2025-10-28,"INVEST,LAUNCH,ORDER","삼성 SDI, 연간 누적 적자 1.4조 육박…4Q 반등 노린다",http://news.bizwatch.co.kr/article/industry/2025/10/28/0021
2025-10-28,LAUNCH,"충남테크노파크, 2025  디스플레이  컨퍼런스 개최",https://weekly.hankooki.com/news/articleView.html?idxno=7133909
2025-10-28,"CERT,INVEST,LAUNCH","취임 3주년 맞은 JY… 삼성 , 'AI 메모리 주도권·인재 확보' 총력",https://www.bloter.net/news/articleView.html?idxno=646258
2025-10-28,"INVEST,LAUNCH,REGUL","수도권 규제 확대로 ‘인접권 대체수요’, 충청권 신규 공급 관심",https://www.mk.co.kr/article/11453251
2025-10-28,"CERT,INVEST,ORDER","알에프텍, 자회사 '알에프바이오·한주하이텍' 동반 성장 모멘텀 강화",http://www.edaily.co.kr/news/newspath.asp?newsid=02886406642337512
2025-10-28,LAUNCH,"""차세대  디스플레이  기술·AI융합 머리맞대""…충남TP, '2025  디스플레이 ...",https://www.econovill.com/news/articleView.html?idxno=716165
2025-10-29,"INVEST,LAUNCH","캐시 우드 “AI 시장, 조정 가능성...‘현실 점검’ 국면 올 것”",https://www.g-enews.com/view.php?ud=202510281844319023bc914ac71_1
2025-10-28,INVEST,"""AI 거품론은 틀렸다"" 캐시 우드의 일침… ""다만 현실 점검은 온다""",https://www.newspim.com/news/view/20251028001256
2025-10-28,"INVEST,LAUNCH,REGUL","[칼럼] 금감원, 기후리스크 평가 의무화 어렵다?",https://www.eroun.net/news/articleView.html?idxno=65794
2025-11-03,"INVEST,LAUNCH","‘AI 인프라 전쟁’의 그늘···영국 중앙은행, 데이터센터 부채 리스크...",https://www.cio.com/article/4079998/ai-인프라-전쟁의-그늘···영국-중앙은행-데이터.html
2025-10-28,INVEST,"[초점] 韓 '텃밭' 베트남, 中 '관세 회피' 공습 ...전자 생태계 '격랑'",https://www.g-enews.com/view.php?ud=202510281005484627fbbec65dfb_1
2025-10-28,LAUNCH,"세계 OOH 리더, 서울로!…WOO 아태 포럼, 한국 도약의 ‘변곡점’",https://www.mk.co.kr/article/11453224
2025-10-29,"INVEST,LAUNCH","[상보] 뉴욕증시, AI 낙관론·빅테크 실적 기대감에 최고치 경신…나스...",https://www.etoday.co.kr/news/view/2519381
2025-10-29,"INVEST,LAUNCH,ORDER","이재용 삼성전자 종합반도체기업 꿈 안 버렸다, LSI사업부와 파운드리 ...",https://www.businesspost.co.kr/BP?command=article_view&num=417397
2025-10-29,"INVEST,LAUNCH",[뉴욕증시] 6G 통신망 건설 추진 엔비디아 'AI 거품론' 불식…3대 주가 ...,http://www.hansbiz.co.kr/news/articleView.html?idxno=786602
2025-10-29,"CERT,INVEST,LAUNCH,ORDER,PARTNERSHIP","[N2 모닝 경제 브리핑-10월 29일] 美 증시, 3대 지수 사흘째 사상 최고…...",https://www.news2day.co.kr/article/20251028500168
2025-10-29,"INVEST,LAUNCH","뉴욕증시, 엔비디아 주도에 사상 최고치…AI 랠리 계속",https://news.tf.co.kr/read/economy/2256684.htm
2025-10-29,"INVEST,LAUNCH,PARTNERSHIP",[뉴욕증시] 금리 인하·AI 낙관론에 또 사상 최고치… 엔비디아 5%↑,https://www.moneys.co.kr/article/2025102906383627254
2025-10-29,INVEST,"[오늘의 글로벌마켓] 뉴욕증시, 엔비디아가 끌어올린 3대지수...나란히...",http://www.opinionnews.co.kr/news/articleView.html?idxno=126472
2025-10-29,LAUNCH,"설운도·김종서·환희·민경훈, G마켓 '빅스마일데이' 모델 발탁",https://www.slist.kr/news/articleView.html?idxno=689196
2025-10-29,"INVEST,LAUNCH","'역시 엔비디아'... 뉴욕증시, AI 낙관론에 최고치 경신",https://www.getnews.co.kr/news/articleView.html?idxno=846497
2025-10-29,"INVEST,LAUNCH","뉴욕증시, AI 낙관론 등 영향 사상최고치 경신⋯엔비디아 4%대, 브로드컴...",http://www.econonews.co.kr/news/articleView.html?idxno=410958
2025-10-29,"INVEST,LAUNCH",엔비디아 시총 5조달러 눈앞…AI 랠리에 3대 지수 또 최고치[뉴욕마감],https://www.mt.co.kr/world/2025/10/29/2025102906470860427
2025-10-29,LAUNCH,'엔비디아' 5% 상승…사상 최고가에 시총 4.9조 달러 근접,https://www.topstarnews.net/news/articleView.html?idxno=15855486
2025-10-29,"INVEST,LAUNCH","뉴욕증시, AI 낙관론 '최고가 랠리'…엔비디아 5%↑· 애플  시총 4조달러",https://www.seoulfn.com/news/articleView.html?idxno=610703
2025-10-29,"INVEST,LAUNCH","뉴욕증시, 엔비디아 'AI 낙관론'에 최고치…나스닥 0.8%↑",https://www.slist.kr/news/articleView.html?idxno=689189
2025-10-29,LAUNCH,"애플 , 아이폰17 흥행에 시총 한때 4조 달러 돌파… AI 격차는 '과제'",https://www.g-enews.com/view.php?ud=2025102905571513263bc914ac71_1
2025-10-29,"INVEST,LAUNCH,PARTNERSHIP",엔비디아 시총 5조달러 금자탑 눈앞...뉴욕증시 3대지수 모두 사상 최고...,https://www.mk.co.kr/article/11454062
2025-10-29,"INVEST,LAUNCH","뉴욕증시 3대 지수 사상 최고치…'엔비디아' 5%↑ 시총 4조8,500억달러",https://www.topstarnews.net/news/articleView.html?idxno=15855473
2025-10-29,"INVEST,LAUNCH,ORDER","뉴욕증시, 엔비디아 강세에 연일 사상 최고…나스닥 0.80%↑",https://www.newsworks.co.kr/news/articleView.html?idxno=816235
2025-10-29,INVEST,'서학개미' 따라사니 1년 수익률 65%…'밈주식'엔 휘청,https://www.news1.kr/finance/general-stock/5956556
2025-10-29,LAUNCH,[증시전략] 韓·美 관세 협상 '담판' 여부 촉각…타결 가능할까?,https://biz.sbs.co.kr/article_hub/20000268236?division=NAVER
2025-10-29,REGUL,"엔비디아 젠슨 황, 트럼프에 무조건 'OK'...""백악관 무도회장 건설 기부...",https://www.mediapen.com/news/view/1053011
2025-10-29,"INVEST,LAUNCH",뉴욕증시 3대 지수 최고치 경신…엔비디아 5% 급등에 나스닥 0.8% 상승,https://www.topstarnews.net/news/articleView.html?idxno=15855463
2025-10-29,"INVEST,LAUNCH","이윤태 LX세미콘 현금 쌓아 인수합병 나설 준비하나, 오너 구본준 반도...",https://www.businesspost.co.kr/BP?command=article_view&num=417392
2025-10-29,"CERT,INVEST,LAUNCH","이재용  삼성전자  등기이사 언제 복귀하나, 기업 밸류업과 글로벌 스탠다...",https://www.businesspost.co.kr/BP?command=article_view&num=417396
2025-10-29,"CERT,INVEST,ORDER","전영현  삼성전자  반도체 공정과 물량의 힘 되살렸다, HBM 추격하고 범용...",https://www.businesspost.co.kr/BP?command=article_view&num=417395
2025-10-29,PARTNERSHIP,[경주 APEC] CEO 서밋 오늘 개막…글로벌 경제리더·BTS 경주에 뜬다,https://www.news1.kr/industry/general-industry/5956697
2025-10-29,INVEST,"분리과세 강화 여파…우리금융, 감액배당 비과세 효과 '흔들' [이슈 더보...",https://www.ngetnews.com/news/articleView.html?idxno=539404
2025-10-29,"INVEST,PARTNERSHIP","지난해 매출 200억 ‘슛포러브’, 국내 VC 러브콜 [AI 프리즘*스타트업 ...",https://www.sedaily.com/NewsView/2GZD76TKMB
2025-10-29,"INVEST,ORDER","주성엔지니어링, 단기 부진 속 장기 모멘텀 '유효'…""내년부터 반등 기...",http://www.newsprime.co.kr/news/article.html?no=709253
2025-10-29,"INVEST,LAUNCH,REGUL",[뉴 코리아랠리]② 코스피 ‘사천피’ 이후 전망은…기업 실적·정부 정...,https://www.ceoscoredaily.com/page/view/2025102716375468046
2025-10-29,"INVEST,REGUL",속도에 균형이 무너지다 [한겨레 프리즘],https://www.hani.co.kr/arti/opinion/column/1226013.html
2025-10-29,"INVEST,REGUL","우리銀, ‘올해 최대 규모’ 2.6조 인수 금융 주선 [AI 프리즘*금융상품...",https://www.sedaily.com/NewsView/2GZD78API8
2025-10-29,"CERT,INVEST,LAUNCH,PARTNERSHIP,REGUL",[N2 뷰] ‘APEC CEO 서밋’ 개막…글로벌 빅테크와 협력 봇물 터질까,https://www.news2day.co.kr/article/20251028500271
2025-10-29,INVEST,삼성전자  10만원 시대…삼성생명 자본·K-ICS 개선 수혜,https://www.mt.co.kr/finance/2025/10/29/2025102716134072653
2025-10-29,"INVEST,LAUNCH","퀄컴, AI 반도체 출사표…HBM 대신 '가성비' D램 쓴다",https://www.newsis.com/view/NISX20251028_0003380518
2025-10-29,"INVEST,LAUNCH","[VC는 지금](26)바이오 투자 귀재 라플라스…""올해 펀딩 확대""",https://view.asiae.co.kr/article/2025102816191764532
2025-10-29,LAUNCH,"현대차그룹, APEC서 '수소' 내세운 이유는",https://www.goodkyung.com/news/articleView.html?idxno=275259
2025-10-29,LAUNCH,10만 전자 ·50만닉스 이번주 분수령…3Q 실적·젠슨 황 만남 촉각,https://www.news1.kr/industry/general-industry/5956186
2025-10-29,INVEST,사천피 돌파 당일 '불타기'…코스피 레버리지 ETF 1500억 몰렸다,https://www.news1.kr/finance/general-stock/5956647
2025-10-29,"INVEST,LAUNCH,REGUL","[단독] 삼성전자 , 美 AI 스타트업 '코어스토리' 투자",http://thetracker.co.kr/View.aspx?No=3832143
2025-10-29,LAUNCH,美日 5500억불 '실행 리스트' 공개…에너지·AI·광물 집중,https://www.news1.kr/world/usa-canada/5956777
2025-10-29,LAUNCH,SK하이닉스 3분기 실적발표…10조클럽 달성하고 12조까지?,https://biz.sbs.co.kr/article_hub/20000268238?division=NAVER
2025-10-29,INVEST,글로벌 CEO 총출동...경주 APEC서 한국 스타 기업인들 만난다,https://www.insightkorea.co.kr/news/articleView.html?idxno=234370
2025-10-29,"INVEST,LAUNCH","LX하우시스 건설경기 침체에 이익체력 강화 시급, 기획에 강한 노진서 ...",https://www.businesspost.co.kr/BP?command=article_view&num=417393
2025-10-29,INVEST,"15년 차인데 결장이 없다, 이런 ‘금강불괴’가 다 있나…'큰' 이정현, ...",https://m.sports.naver.com/basketball/article/065/0000286606
2025-10-29,"CERT,INVEST,LAUNCH,PARTNERSHIP","[비바100] 경제외교 앞장선 민간 기업들, APEC 정상회의 총출동… K브랜...",https://www.viva100.com/article/20251019500111
2025-10-29,"CERT,INVEST,LAUNCH",소리로 식욕 억제하고 꿀잠…디지털 영양제로 헬스케어 '쑥쑥',https://www.mt.co.kr/future/2025/10/29/2025101616504668389
2025-10-29,"INVEST,LAUNCH,REGUL",코웨이 영업익 '1조' 전망에 회사 '9천억' 신중론…엇갈린 눈높이 왜?,https://www.newspim.com/news/view/20251028000522
2025-10-29,CERT,한우부터 자동차까지 파격할인…전국 소비축제 '그랜드페스티벌',https://www.yna.co.kr/view/AKR20251028073200030?input=1195m
2025-10-29,"LAUNCH,REGUL","'30만 원' 무선이어폰, 배터리 수명 다하면 제품 폐기해야…애플만 교체...",http://www.consumernews.co.kr/news/articleView.html?idxno=742777
2025-10-29,INVEST,"[창간 13주년 특집｜MZ와 소통해야 조직이 산다]""경직된 문화가 한국의...",https://www.newsway.co.kr/news/view?ud=2025102816204304322
2025-10-29,"CERT,PARTNERSHIP",'액침 냉각'에 뛰어든  LG전자 …SK엔무브·GRC와 '年25조' 시장 겨냥,https://www.sedaily.com/NewsView/2GZD6WLENA
2025-10-29,LAUNCH,"롯데하이마트, 첫 '가전절' 11월 말까지 개최…창고대개방 최대 65% 할인",http://www.consumernews.co.kr/news/articleView.html?idxno=742905
2025-10-29,PARTNERSHIP,"LG , 데이터센터 액침냉각 시대 연다",https://www.segye.com/newsView/20251028516135?OutUrl=naver
2025-10-29,LAUNCH,"롯데하이마트, '가전절' 첫 개최 … 최대 65% 할인",https://biz.newdaily.co.kr/site/data/html/2025/10/28/2025102800438.html
2025-10-29,LAUNCH,"롯데하이마트, 11월 '가전절' 최대 65% 할인",https://zdnet.co.kr/view/?no=20251029022919
2025-10-29,LAUNCH,"롯데하이마트, ‘2025 가전절’ 진행…최대 65% 할인 대축제",https://www.seoultimes.news/news/article.html?no=2000083635
2025-10-29,LAUNCH,"롯데하이마트, 시그니처 행사 ’2025 가전절’ 진행",https://www.fetv.co.kr/news/article.html?no=204135
2025-10-29,LAUNCH,"롯데하이마트, 가전 블랙 프라이데이, '2025 롯데하이마트 가전절' 진행...",http://www.popcornnews.net/news/articleView.html?idxno=99142
2025-10-29,LAUNCH,"롯데하이마트, 한달간 가전 블랙프라이데이…""최대 65% 할인""",https://daily.hankooki.com/news/articleView.html?idxno=1288051
2025-10-28,INVEST,가을 룩에 어울리는 스커트 알아봤다가 깜짝 놀란 이유,https://www.elle.co.kr/article/1890411
2025-10-28,PARTNERSHIP,"헤일리 비버 룩, 가성비 아이템만으로도 따라 잡을 수 있다?",https://www.harpersbazaar.co.kr/article/1890230
2025-10-28,"CERT,INVEST,LAUNCH,REGUL",[기고] 당사자계 무효심판(IPR) 재량기각 정책 동향,http://dream.kotra.or.kr/kotranews/cms/news/actionKotraBoardDetail.do?SITE_NO=3&MENU_ID=130&CONTENTS_NO=1&bbsGbn=246&bbsSn=246&pNttSn=235711
2025-10-28,"INVEST,LAUNCH","인텔의 역설적 공급난, 구(舊)공정 병목 초래한 '의도된 위기'",http://www.ttlnews.com/news/articleView.html?idxno=3042827
2025-10-28,"CERT,PARTNERSHIP","LG전자, SK엔무브·GRC와 ‘동맹’…年25조 규모 액침 냉각 시장 공략",https://www.sedaily.com/NewsView/2GZCSIG5S8
2025-10-28,LAUNCH,"""델 네이티브엣지, '엣지 가상화' 전략으로 엣지 AI 시장 공략 박차""",https://www.datanet.co.kr/news/articleView.html?idxno=206326
2025-10-29,LAUNCH,"포켓몬 레전드 Z-A, 실시간 액션 RPG의 혁신적 진화",https://www.gamevu.co.kr/news/articleView.html?idxno=52489
2025-10-28,LAUNCH,"엔씨소프트 '리니지W' 4주년 기념, 50억 아데나의 주인공은?",https://www.gamevu.co.kr/news/articleView.html?idxno=52777
2025-10-28,"INVEST,LAUNCH",“서울대 공대생 매년 100명씩 의대간다”…한국인 이 특성 때문이라는...,https://www.mk.co.kr/article/11453919
2025-10-28,INVEST,‘AI 전용 엔진룸’ 짓는 기업… 엔비디아 투자받고 델· HP  손잡아[유중...,https://www.munhwa.com/article/11542409?ref=naver
2025-10-28,LAUNCH,"구글, 몰입형 3D 화상회의 플랫폼 '빔'으로 미군 가족 연결 지원",https://www.digitaltoday.co.kr/news/articleView.html?idxno=600166
2025-10-28,"CERT,LAUNCH","대웅제약, '펙수클루' 헬리코박터 제균 치료 적응증 확대 추진",http://www.hansbiz.co.kr/news/articleView.html?idxno=786231
2025-10-28,"INVEST,ORDER,PARTNERSHIP","6개월 안에 구축 완료! AMD, 1조 4천억 규모 초대형 슈퍼컴퓨터 프로젝트...",https://www.autodaily.co.kr/news/articleView.html?idxno=538198
2025-10-28,LAUNCH,"[외신 헤드라인] 퀄컴, AI 칩 출시 공식화…엔비디아에 도전장",https://biz.sbs.co.kr/article_hub/20000267926?division=NAVER
2025-10-28,LAUNCH,"레노버  리전 타워5, 고성능 게이밍 PC로 출시…AAA 게임 거뜬",https://www.digitaltoday.co.kr/news/articleView.html?idxno=600264
2025-10-28,LAUNCH,"AI 모델 학습·추론 최적화... 레노버 , 차세대 워크스테이션 공개",https://www.hellot.net/news/article.html?no=106579
2025-10-28,"CERT,INVEST,LAUNCH,ORDER,REGUL","[중국 비즈니스 트렌드&동향] 중국 테크 기업, 공격적 투자로 시장 재편...",https://platum.kr/archives/273212
2025-10-29,"INVEST,REGUL","[사설] ‘미래산업 슈퍼위크’, 산업지도 바꾸는 계기 돼야",https://www.kwnews.co.kr/page/view/2025102817512892613
2025-10-28,LAUNCH,"AI 시대, 강원 반도체 산업의 미래를 설계하다",https://www.kwnews.co.kr/page/view/2025102815535306551
2025-10-29,LAUNCH,"박보미, 15개월 아들상 그 후 ""2년 지났어도 사망 원인 몰라"" ('우아기')...",http://www.osen.co.kr/article/G1112686179
2025-10-29,LAUNCH,"""고양이는 영물인가 외계인인가""…이상민·조충현, '괴담노트'서 전통과...",https://www.topstarnews.net/news/articleView.html?idxno=15855497
2025-10-29,"INVEST,LAUNCH,ORDER","[적중! 대박 예감] '하나마이크론, SKC, 오가논 & 코' 예감 좋은 대박 종...",https://news.mtn.co.kr/news-detail/2025102906254686774
2025-10-29,INVEST,"[투자원정대 동행] 한국전력 vs 한전기술 vs 세명전기, 공략법은?",https://news.mtn.co.kr/news-detail/2025102906254415480
2025-10-29,ORDER,"[고래사냥] '엔바이오니아, 씨앤지하이테크, 미래나노텍, 쏠리드!' 오늘...",https://news.mtn.co.kr/news-detail/2025102906253992444
2025-10-29,"CERT,INVEST,LAUNCH","KCM, ♥한가인 닮은 9살 연하 모델…""김종국 팬이었다, 가능성 엿봐"" (돌...",https://www.xportsnews.com/article/2071297
2025-10-29,LAUNCH,나인원한남 '77억 전세' 최고가 계약…30대 유튜버 정체 밝혀졌다,https://www.mt.co.kr/estate/2025/10/29/2025102906400014404
2025-10-29,LAUNCH,‘과거 사진 진짜였다’ 누가 봐도 류승룡 ‘오프닝 타이틀’ 화제 (김...,https://sports.donga.com/ent/article/all/20251029/132656539/1
2025-10-29,REGUL,"인도, 석탄시대 종언 예고…노후 발전소 조기 폐쇄로 녹색전환 본격화",http://www.impacton.net/news/articleView.html?idxno=16890
2025-10-29,LAUNCH,"롯데하이마트, 30일부터 한 달간 가전 대규모 할인 행사 '가전절' 진행",https://www.thepublic.kr/news/articleView.html?idxno=281396
2025-10-29,"CERT,INVEST,LAUNCH",‘퍼스트 라이드’ 남대중 감독 “누구도 불편하지 않은 코미디 원했다...,https://isplus.com/article/view/isp202510280024
2025-10-29,LAUNCH,"롯데하이마트, 가전 블프 '가전절' 진행…최대 65% 할인",https://www.news1.kr/industry/distribution/5956498
2025-10-29,LAUNCH,"롯데하이마트, 11월 '가전절' 열고 최대 65% 할인 돌입",https://www.newswhoplus.com/news/articleView.html?idxno=44276
2025-10-29,LAUNCH,"롯데하이마트, 대규모 가전 할인 축제 '2025 롯데하이마트 가전절' 진행",https://www.nextdaily.co.kr/news/articleView.html?idxno=243643
2025-10-29,INVEST,"""지금 전국서 잡히는 해충들이 실시간으로 보입니다""[히든카드M]",https://www.mt.co.kr/living/2025/10/29/2025102809311266276
2025-10-29,"CERT,INVEST,LAUNCH,REGUL","[르포] '노도강' 부동산, 고강도 규제 후 적막…""구청은 뭐하나""",https://www.news1.kr/realestate/general/5956598
2025-10-29,LAUNCH,"AI가 21개 언어 통역, XR버스로 신라 탐험… 첨단 입은 ‘천년 고도’",https://www.donga.com/news/Society/article/all/20251029/132656157/2
2025-10-29,"INVEST,LAUNCH",스타벅스 차이나 매각 막판 경쟁…칼라일·EQT·홍산 등 최종 입찰자로,https://platum.kr/archives/273455
2025-10-29,LAUNCH,기상 모델의 다음 단계 AI가 당긴다,https://www.fortunekorea.co.kr/news/articleView.html?idxno=50408
2025-10-29,PARTNERSHIP,소형가전 수거하고 '인식 개선' 봉사도…ESG 힘쓰는 물류업계,https://www.news1.kr/industry/sb-founded/5956385
2025-10-29,"INVEST,LAUNCH",[ 노트북  너머] ‘진짜 축제’는 계속 돼야 한다,https://www.etoday.co.kr/news/view/2518916
2025-10-29,"CERT,INVEST,LAUNCH","에이서, '지포스 게이머 페스티벌' 참가…프레데터 AI 게이밍  노트북  체...",https://www.xportsnews.com/article/2071155
2025-10-29,"INVEST,LAUNCH",‘소비쿠폰 효과’ 한국경제 3분기 1.2% 성장…K푸드 수출 역대 최대 84...,https://www.segye.com/newsView/20251028517853?OutUrl=naver
2025-10-29,"INVEST,LAUNCH","엔비디아, 노키아에 10억달러 투자…6G·AI 동맹 강화",https://www.ebn.co.kr/news/articleView.html?idxno=1684054
2025-10-29,"CERT,INVEST,LAUNCH,REGUL","희토류 수출 통제, 중국이 도전장 내민 ‘국제질서 만들 권력’",https://www.sisain.co.kr/news/articleView.html?idxno=56642
2025-10-29,"CERT,INVEST","""위고비 등 비만치료제 오남용 우려약 지정 타당성 검토""",https://www.kpanews.co.kr/article/show.asp?idx=264489&category=C
2025-10-29,"INVEST,LAUNCH,PARTNERSHIP","왕년 휴대폰 세계 1위 ‘이 회사’, 뭐하나 했더니…엔비디아 10억弗 투...",https://biz.heraldcorp.com/article/10603524?ref=naver
2025-10-29,CERT,"AI 주도 당뇨 예방, 전문가 지도와 대등한 효과 입증",https://www.pharmnews.com/news/articleView.html?idxno=263997
2025-10-29,"INVEST,LAUNCH",[데스크칼럼] 챗GPT 3년,https://www.dnews.co.kr/uhtml/view.jsp?idxno=202510281808481590466
2025-10-29,"INVEST,LAUNCH,PARTNERSHIP",최장수 글로벌 제약사 머크 디지털 전환‧AI에 미래 걸었다,https://www.medicaltimes.com/Main/News/NewsView.html?ID=1165811&ref=naverpc
2025-10-28,LAUNCH,"삼성전자, 두 번 접히는 '트라이폴드폰' 실물 첫 공개",http://www.yonhapnewstv.co.kr/MYH20251029052059G5r
2025-10-28,"LAUNCH,REGUL",[역사속 오늘·10.29] 中한자녀 정책 35년만에 폐기(2015)·한국은행 창...,http://kor.theasian.asia/archives/392202
2025-10-28,"INVEST,LAUNCH,ORDER","[데일리 IT 단신] 카카오 디케이테크인, BMW에 음성 AI 시스템 공급 外",https://biz.newdaily.co.kr/site/data/html/2025/10/28/2025102800471.html
2025-10-28,LAUNCH,이게 5000만원대라고?…여성들 푹 빠진 '1위 수입 SUV' 정체,https://www.hankyung.com/article/2025102864751
2025-10-28,"CERT,LAUNCH,ORDER","[오토데일리] 글로벌 완성차, 전기·수소·AI로 미래 모빌리티 경쟁 가속",http://kpenews.com/View.aspx?No=3831600
2025-10-28,LAUNCH,"볼보코리아 XC40, ""판매·디자인 모두 잡았다""…2026년형 다크 테마 출시",https://www.mediapen.com/news/view/1052813
2025-10-28,LAUNCH,"음원 플랫폼 '플로', 2년 만에 운전 중 음악 청취 2배 늘어",https://www.news1.kr/it-science/general-it/5956087
2025-10-28,"INVEST,LAUNCH","“수백만원 8K TV 산다는 남편, 쥐어박고 싶네요”...네이처가 밝힌 불편...",https://www.mk.co.kr/article/11453233
2025-10-28,"CERT,INVEST,LAUNCH,PARTNERSHIP",[A 증시어택] 기술·콘텐츠·바이오 '실물 기반' IPO 러시…11월 공모주...,https://www.asiaa.co.kr/news/articleView.html?idxno=227810
2025-10-29,INVEST,"유한양행, 전립선암 후보물질 반환…R&D 전략 '흔들'",https://www.newsway.co.kr/news/view?ud=2025102814350828641
2025-10-29,"LAUNCH,PARTNERSHIP",토스·NOL·번개장터 등…국민 모바일 앱 '콘텐츠 마케팅' 비법은?,http://www.edaily.co.kr/news/newspath.asp?newsid=01905686642337840
2025-10-29,INVEST,"아마존, 3만명 날린다… AI발 감원 쇼크 현실화",https://www.seoul.co.kr/news/international/2025/10/29/20251029001005?wlog_tag3=naver
2025-10-28,LAUNCH,"신세계면세점, 인천공항에 '면세 최대 규모 샤넬 홀리데이 메가 포디움...",https://www.startuptoday.co.kr/news/articleView.html?idxno=530816
2025-10-29,LAUNCH,"[경상시론]일과 안전, MZ세대의 시선으로 다시 보기",https://www.ksilbo.co.kr/news/articleView.html?idxno=1040144
2025-10-28,"CERT,LAUNCH","연세사랑병원, 스카이브와 AI 기반  AR  인공관절 수술기법 연구협력 가속...",http://www.lkp.news/news/articleView.html?idxno=70995
2025-10-28,LAUNCH,인천공항공사 '2025 ADEX' 참여…중기 공동개발 혁신기술 전시,http://www.seoulwire.com/news/articleView.html?idxno=677357
2025-10-28,LAUNCH,"인천공항공사, '2025 서울 ADEX' 참가",https://www.gukjenews.com/news/articleView.html?idxno=3412863
2025-10-28,"INVEST,PARTNERSHIP","경주시, AI·XR 골목영화관 개관…“AI 영상으로 골목이 극장으로”",https://www.sentv.co.kr/article/view/sentv202510280108
2025-10-28,INVEST,"포천, ‘희생의 도시’서 ‘첨단국방 거점’으로",https://www.hankyung.com/article/202510288139h
2025-10-28,LAUNCH,[서귀포 소식] “배움의 즐거움”…주민자치·평생학습 박람회 ‘성황’,https://news.kbs.co.kr/news/pc/view/view.do?ncd=8393152&ref=A
2025-10-28,"CERT,LAUNCH,PARTNERSHIP",[브리프]현대백화점 이마트24 롯데마트 네이버 쿠팡 배달의민족 GS샵 外,http://www.biztribune.co.kr/news/articleView.html?idxno=342371
2025-10-28,LAUNCH,[공기업] 에스알 한난 석유공사 조폐공사 국민연금공단 가스안전공사 주...,http://www.biztribune.co.kr/news/articleView.html?idxno=342370
2025-10-29,"LAUNCH,ORDER","ESS생산 늘리고 LFP개발…삼성SDI, 적자 탈출 '풀악셀'",https://www.sedaily.com/NewsView/2GZD7C6ERX
2025-10-29,LAUNCH,'지붕 없는 박물관'‥신라 금관 6종 첫 한자리,https://imnews.imbc.com/replay/2025/nwtoday/article/6769832_36807.html
2025-10-29,LAUNCH,"삼성전자, 美서 ‘갤럭시 경험 매장’ 확대…  XR ·스마트안경 시대 ‘체...",https://www.etoday.co.kr/news/view/2519113
2025-10-28,"INVEST,LAUNCH,PARTNERSHIP","경북도, APEC 통해 글로벌 경제무대 진출 가속…'세일즈 코리아' 시동",https://www.gukjenews.com/news/articleView.html?idxno=3412820
2025-10-28,"INVEST,LAUNCH,PARTNERSHIP",대한민국 발전상·기술력 세계에 알린다,https://www.idaegu.co.kr/news/articleView.html?idxno=527815
2025-10-28,"INVEST,LAUNCH,PARTNERSHIP","[경주 APEC]경북도, 세일즈 APEC 경제전시장·K-테크 쇼케이스 본격 가동",https://biz.heraldcorp.com/article/10603472?ref=naver
2025-10-28,"INVEST,LAUNCH,PARTNERSHIP","[위클리오늘] 이철우 지사 ""APEC을 세계 향한 세일즈 경북의 무대로""",http://www.weeklytoday.com/news/articleView.html?idxno=734509
2025-10-28,"INVEST,LAUNCH,PARTNERSHIP",‘APEC 경제전시장’ 글로벌 세일즈 무대로 만든다,https://www.ksmnews.co.kr/news/view.php?idx=571351
2025-10-28,LAUNCH,'K-컬처'가 수놓는 경주‥화려한 미디어 아트 선보여,http://www.phmbc.co.kr/www/news/desk_news?idx=198351&mode=view
2025-10-28,LAUNCH,'K-컬처'가 수놓는 경주‥신라 금관도 한자리에,https://imnews.imbc.com/replay/2025/nwdesk/article/6769755_36799.html
2025-10-28,LAUNCH,갤럭시 XR을 쓰니 경주월드 롤러코스터의 아찔함을 느꼈다[ IT 써보니],http://www.fnnews.com/news/202510271322526769
2025-10-28,LAUNCH,"두 번 접는 폴드폰, HBM4, 무선·투명 TV... 최초·최고 기술 외교 현장 ...",https://www.chosun.com/economy/tech_it/2025/10/28/5NPP2HG5J5CSHNGB42WNUFKUYA/?utm_source=naver&utm_medium=referral&utm_campaign=naver-news
2025-10-28,"INVEST,LAUNCH,ORDER",주식고수 매수 2위 '증권사 일제히 목표가 상향 신고가 재차 경신' 삼성...,https://www.widedaily.com/news/articleView.html?idxno=281332
2025-10-28,LAUNCH,"애플, 보급형 '아이폰17e'에도 다이내믹 아일랜드 적용하나",https://www.etnews.com/20251028000153
2025-10-28,LAUNCH,"""아이폰17e, 보급형 최초로 다이내믹 아일랜드 적용""",https://zdnet.co.kr/view/?no=20251028081312
2025-10-28,"CERT,INVEST,LAUNCH",2주 남은 '지스타 2025'…K-게임 신작 속속 공개,http://www.sisafocus.co.kr/news/articleView.html?idxno=349171
2025-10-29,INVEST,"이노테크, IPO 청약 증거금 7.8조 몰려… 경쟁률 2427.23대 1 기록",https://www.pinpointnews.co.kr/news/articleView.html?idxno=389472
2025-10-29,INVEST,소부장 뿌리 기술 한자리에…'K-테크 인사이드 쇼 2025' 개막,http://www.newstomato.com/ReadNews.aspx?no=1279443&inflow=N
2025-10-29,"INVEST,LAUNCH",이노테크 청약 경쟁률 2427대1…증거금 7.8兆 [시그널],https://www.sedaily.com/NewsView/2GZCS8TCBI
2025-10-29,INVEST,"산업부, 소부장-뿌리 기술대전서 이재호 테스 대표이사에 은탑산업훈장...",https://www.ajunews.com/view/20251028180809979
2025-10-29,PARTNERSHIP,소부장·뿌리산업 기술력 집결…'K-테크 인사이드 쇼 2025' 개막,https://www.news1.kr/economy/idustry-trade/5956513
2025-10-29,INVEST,"소부장·뿌리 기술 한자리에…산업부, K-테크 인사이드 쇼 개최",https://www.newsis.com/view/NISX20251028_0003380355
2025-10-29,LAUNCH,"﻿크레아폼, 휴대용 3D 스캐너 라인업 강화... HandySCAN 3D|PRO 시리즈™...",https://www.itbiznews.com/news/articleView.html?idxno=185122
2025-10-30,INVEST,올해 中企 5만 곳 지원… 걸그룹 기획사에 제작비,https://www.donga.com/news/Economy/article/all/20251029/132654642/2
2025-10-29,"INVEST,LAUNCH","[R]APEC, 정상회의에 버금가는 경제 교류 '플랫폼'으로 주목",http://andongmbc.co.kr/adboard/NewsView78762
2025-10-29,"INVEST,LAUNCH","LG디스플레이, 3분기 흑자전환 기대…3년 적자서 탈출하나",https://news.einfomax.co.kr/news/articleView.html?idxno=4380744
2025-10-29,"LAUNCH,PARTNERSHIP",[Opinion] 2025 프리즈 런던에서 미술계를 살펴보다 [미술/전시],https://www.artinsight.co.kr/news/view.php?no=78142
2025-10-29,"INVEST,LAUNCH","APEC, 정상회의에 버금가는 경제 교류 '플랫폼'으로 주목",http://www.phmbc.co.kr/www/news/desk_news?idx=198359&mode=view
2025-10-29,LAUNCH,11번가 '2025 그랜드십일절'...1000만개 특가 상품 준비,https://www.startuptoday.co.kr/news/articleView.html?idxno=531255
2025-10-29,LAUNCH,"서린씨앤아이, 일체형 수랭 쿨러 리안리 하이드로시프트 II  LCD -C 360 6종 ...",http://www.technoa.co.kr/news/articleView.html?idxno=100027
2025-10-29,CERT,10000mAh 배터리폰 '아너 파워2' 중국서 3C 인증 통과,https://kbench.com/?q=node/272667
2025-10-29,LAUNCH,"""애플, OLED 시대 선도한다…내년 아이패드 미니부터""",https://zdnet.co.kr/view/?no=20251029083407
2025-10-29,LAUNCH,"특가 상품 1000만개 쏟아진다...11번가, '2025 그랜드십일절' 개막",https://www.mt.co.kr/living/2025/10/29/2025102915423244487
2025-10-29,LAUNCH,"[APEC 2025] 두 번 접는 폰부터 로봇·수소차까지…경주 달군 'K-테크', 첨...",http://www.paxetv.com/news/articleView.html?idxno=250414
2025-10-29,LAUNCH,"크레아폼, 휴대용 3D 스캐너 라인업 강화…HandySCAN 3D|PRO 시리즈™ 출...",https://www.etnews.com/20251029000172
2025-10-30,"INVEST,LAUNCH","[사설] K테크 경연장 된 경주 APEC, 기업이 곧 국력이다",https://www.hankyung.com/article/2025102908721
2025-10-29,"CERT,INVEST,LAUNCH,ORDER,PARTNERSHIP","통신장비 관련주, '훨훨 날아올라' 빛과전자·이노인스트루먼트·기가레...",http://www.finomy.com/news/articleView.html?idxno=241888
2025-10-29,"INVEST,LAUNCH","블룸버그 ""애플 맥북과 아이패드 올레드로 전환 검토"", 가격 상승 불가...",https://www.businesspost.co.kr/BP?command=article_view&num=417484
2025-10-29,REGUL,전장 디스플레이 출하량 5% 증가…클러스터 두 자릿수 성장세,https://www.itbiznews.com/news/articleView.html?idxno=185035
2025-10-29,LAUNCH,"삼성전자·SK하이닉스·LG전자, APEC서 첨단 기술 공개",http://www.wsobi.com/news/articleView.html?idxno=294054
2025-10-29,"INVEST,LAUNCH,PARTNERSHIP",경주에서 피어나는 미래 산업 지도…재계 총수들 전략 살펴보니,http://www.sisaon.co.kr/news/articleView.html?idxno=176880
2025-10-29,"CERT,INVEST,LAUNCH",[Who Is ?] 옥경석 도우인시스 대표이사,https://www.businesspost.co.kr/BP?command=article_view&num=417399
2025-10-29,LAUNCH,차세대 맥북·아이패드 ‘OLED 탑재’ 전망…아이패드 미니 가격 오를까...,http://www.edaily.co.kr/news/newspath.asp?newsid=03240646642337840
2025-10-29,"INVEST,REGUL","[단독] ‘집단해고’ 옵티칼 본사, 1년간 버티다 이제서야 ‘한국 분쟁...",https://www.khan.co.kr/article/202510291717001
2025-10-29,LAUNCH,"크레아폼, 휴대용 3D 스캐너 라인업 강화... HandySCAN 3D|PRO 시리즈™ ...",https://www.etoday.co.kr/news/view/2519531
2025-10-29,LAUNCH,"삼성전자, 두 번접는 '트리폴드폰' 출시 임박…MX 왕좌 노리나",http://www.srtimes.kr/news/articleView.html?idxno=188509
2025-10-29,"INVEST,LAUNCH,PARTNERSHIP",APEC 빛내는 韓 기업들 … 삼성·SK·현대차·LG 최첨단 기술 총출동 [20...,https://biz.newdaily.co.kr/site/data/html/2025/10/29/2025102900132.html
2025-10-29,LAUNCH,"""두 번 접는 폰 보자"" 북적… K뷰티관에선 '한국의 美' 체험 [경주 APEC]",http://www.fnnews.com/news/202510291813574395
2025-10-30,"CERT,INVEST,LAUNCH,ORDER,PARTNERSHIP","반도체 장비 관련주, '껑충껑충' 유니테스트·기가레인·엑시콘... '주르...",http://www.finomy.com/news/articleView.html?idxno=241899
2025-10-29,"INVEST,LAUNCH",[머닝(Money-Ing)] 4년 만에 적자탈출 LG디스플레이 3분기 실적 기대해라...,https://news.mtn.co.kr/news-detail/2025102911375511177
2025-10-29,"INVEST,PARTNERSHIP,REGUL","HD현대에너지솔루션 미국서 흑자 전환, 박종환 차세대 태양광 기술 더해...",https://www.businesspost.co.kr/BP?command=article_view&num=417540
2025-10-30,"CERT,INVEST,ORDER,PARTNERSHIP","로봇·산업용·협동로봇 관련주, '덩실덩실' 티로보틱스·삼현·클로봇·...",http://www.finomy.com/news/articleView.html?idxno=241897
2025-10-30,INVEST,"K디스플레이의 문제, 기술 리더십의 부재 [아침을 열며]",https://www.hankookilbo.com/News/Read/A2025102810490001049?did=NA
2025-10-29,LAUNCH,"한켐, 이상조 대표이사 '화학경영자상' 수상",http://www.newstown.co.kr/news/articleView.html?idxno=665583
2025-10-29,LAUNCH,"11번가, 연중 최대 쇼핑축제 '2025 그랜드십일절' 개최",http://www.thefirstmedia.net/news/articleView.html?idxno=184370
2025-10-29,"INVEST,LAUNCH,REGUL","[뷰티디바이스②/기술력]""첨단 기술로 피부에 완벽을 더한다""",https://www.businessplus.kr/news/articleView.html?idxno=100331
2025-10-29,LAUNCH,"스마트 팩토리의 눈… 디아이티, 딥러닝 비전검사로 산업혁신 주도",https://www.pinpointnews.co.kr/news/articleView.html?idxno=389642
2025-10-29,"CERT,INVEST,LAUNCH","BOE 진입에도...삼성D·LGD, 아이폰17  OLED  패널 공급망 주도",http://www.metroseoul.co.kr/article/20251029500458
2025-10-29,"LAUNCH,PARTNERSHIP","크레아폼, 휴대용 3D 스캐너 라인업 강화···HandySCAN 3D|PRO 시리즈™...",https://www.enetnews.co.kr/news/articleView.html?idxno=43510
2025-10-29,LAUNCH,"[경주 APEC] 엑스포대공원, 일반인 위한 볼거리 등 풍성",http://www.fnnews.com/news/202510290930539740
2025-10-29,"INVEST,LAUNCH","LG그룹, 2026 정기 인사 앞두고 계열사 리더십 변화에 촉각...구광모 회...",http://www.lkp.news/news/articleView.html?idxno=70958
2025-10-29,"LAUNCH,REGUL",[오늘의 장바구니] 롯데마트·이마트24·LF·이랜드월드·교원그룹 외,http://www.newsprime.co.kr/news/article.html?no=709461
2025-10-29,"CERT,INVEST,LAUNCH,PARTNERSHIP",[브리핑]신라면세점 '2025 신라블랙 프라이데이' 프로모션,http://www.4th.kr/news/articleView.html?idxno=2098692
2025-10-29,"CERT,LAUNCH","올해 크리스마스에는 어디서 인증샷 찍을까... 백화점들, 크리스마스 연...",https://www.insight.co.kr/news/526587
2025-10-29,"CERT,PARTNERSHIP","[그린건설대상] ""모든 순간이 차이 된다”…리뉴얼 ‘자이(Xi)’로 고객...",https://www.asiatoday.co.kr/view.php?key=20251029010011845
2025-10-29,LAUNCH,"무아스, 글로벌 시장 확장 가속화",https://www.asiatoday.co.kr/view.php?key=20251029001546037
2025-10-29,LAUNCH,"무아스, 글로벌 시장 확장 가속화…아마존 호주·라쿠텐 신규 진출",https://www.mk.co.kr/article/11454510
2025-10-29,LAUNCH,[이색 키보드를 찾아서] 광학 8K 키보드... 레이저 헌츠맨 V3 프로 TKL 8KH...,https://www.ilovepc.co.kr/news/articleView.html?idxno=56595
2025-10-29,"CERT,LAUNCH","올해 크리스마스, 어디 백화점 갈까…인증샷 성지 대결",https://www.sedaily.com/NewsView/2GZD7ES144
2025-10-30,ORDER,'삼성전자' 3분기 영업이익 12조1천억…반도체 6조 회복 주도,https://www.topstarnews.net/news/articleView.html?idxno=15856878
2025-10-29,"CERT,INVEST,LAUNCH,ORDER",삼성전자 3분기 성적표는…반도체 영업익 6조원 넘길 듯,http://www.yonhapnewstv.co.kr/AKR20251030050810mBU
2025-10-30,"CERT,INVEST,LAUNCH,ORDER",삼성전자 오늘 3분기 성적표 공개…반도체 영업익 6조원 넘길 듯,https://www.yna.co.kr/view/AKR20251029166200003?input=1195m
2025-10-29,LAUNCH,"삼성 3단  폴더블 폰 '삼성 트라이폴드 2025', 구글 앱에서 포착",https://kbench.com/?q=node/272669
2025-10-29,"INVEST,LAUNCH,PARTNERSHIP","""아이폰 17도 통했다""…애플, 엔비디아·MS 이어 시총 4조달러 돌파",http://www.hansbiz.co.kr/news/articleView.html?idxno=786828
2025-10-29,LAUNCH,"""프리미엄 전략 통했다""…삼성 '갤럭시 비밀병기' 출격, 스마트폰 1위 굳...",https://www.ebn.co.kr/news/articleView.html?idxno=1684140
2025-10-29,LAUNCH,삼성 ‘두 번 접는 폰’ APEC서 첫 공개 [경주 APEC],https://biz.heraldcorp.com/article/10603957?ref=naver
2025-10-29,INVEST,"이노테크, 일반청약 경쟁률 2427.23대 1…증거금 7.8조 몰려",https://www.kfenews.co.kr/news/articleView.html?idxno=648090
2025-10-29,"LAUNCH,ORDER",삼성전자 창립 56주년…전영현 '1등 DNA·초격차' 초심 강조,https://www.ebn.co.kr/news/articleView.html?idxno=1684124
2025-10-29,LAUNCH,"삼성, APEC서 '두 번 접는' 트라이폴드폰 최초 공개",https://dealsite.co.kr/articles/150326
2025-10-29,"INVEST,LAUNCH",[APEC 경주] 'K-테크' 총출동… 삼성·현대차·LG·SK 혁신 기술 공개,http://www.seoulwire.com/news/articleView.html?idxno=677391
2025-10-29,LAUNCH,"20주년 아이폰, 어떻게 변신할까…7가지 전망",https://zdnet.co.kr/view/?no=20251029081416
2025-10-29,"CERT,LAUNCH,PARTNERSHIP","드디어 '트라이폴드폰' … 삼성전자, APEC서 첫 공개 [디지털포스트 모...",https://www.ilovepc.co.kr/news/articleView.html?idxno=56590
2025-10-29,"CERT,INVEST,LAUNCH,PARTNERSHIP","[Today Auto]기아, PV5 앞세워 일본 시장 진출…'2025 재팬 모빌리티쇼' ...",http://www.press9.kr/news/articleView.html?idxno=68330
2025-10-29,LAUNCH,"은 나노와이어 기술 혁신, 차세대 전자기기 성능 높인다",https://www.viva100.com/article/20251029501720
2025-10-29,LAUNCH,"CEO 앞에 선 RM ""K팝은 비빔밥‥예술로 다양성 키워야""",https://imnews.imbc.com/replay/2025/nwdesk/article/6770236_36799.html
2025-10-29,LAUNCH,두 번 접는 폰부터 초상화 그려주는 로봇까지...K-첨단기술 열전,https://science.ytn.co.kr/program/view.php?mcd=0082&hcd=&key=202510291154548240
2025-10-29,INVEST,"현대모비스, 롤러블 패널 등에 작년 1.7조 역대급 R&D 투자",https://www.munhwa.com/article/11542773?ref=naver
2025-10-29,LAUNCH,"""아이폰17 디자인 유지"" 애플, 아이폰18 프로 및 아이폰17e 디자인 정보...",https://www.autodaily.co.kr/news/articleView.html?idxno=538274
2025-10-30,"INVEST,LAUNCH","애플, 아이폰17 ‘프로’ 인기 힘입어 4분기 실적 상승 기대",https://www.g-enews.com/view.php?ud=2025103000194641469a1f309431_1
2025-10-30,INVEST,실리콘밸리-런던-싱가포르서  AI -반도체 분야 ‘해외인재 모시기’,https://www.donga.com/news/Economy/article/all/20251029/132654644/2
2025-10-30,"INVEST,LAUNCH,ORDER,PARTNERSHIP","자율주행차 관련주, '봄날의 햇살' 에이스테크·삼현·라이콤·켐트로닉...",http://www.finomy.com/news/articleView.html?idxno=241896
2025-10-30,"INVEST,LAUNCH,PARTNERSHIP","아마존 등 7개 글로벌 기업, 5년간 13조 규모 투자 약속",https://www.ksilbo.co.kr/news/articleView.html?idxno=1040316
2025-10-29,"INVEST,LAUNCH,PARTNERSHIP","APEC 개막... 이재명, 글로벌 7대 기업서 90억 달러 투자 이끌어",https://www.meconomynews.com/news/articleView.html?idxno=122318
2025-10-29,"INVEST,LAUNCH,PARTNERSHIP","아마존 등 7개 글로벌 기업, 韓에 13조원 투자약속",https://www.ulsanpress.net/news/articleView.html?idxno=561834
2025-10-29,"INVEST,LAUNCH",자동차업계 ‘천만다행’… 되살아난 수출경기 탄력 기대감 [2025 경주 에...,https://www.segye.com/newsView/20251029521050?OutUrl=naver
2025-10-29,"INVEST,LAUNCH,PARTNERSHIP","[APEC CEO 서밋 개회] 글로벌 7개 기업, 한국에 13조 투자 약속",http://www.knnews.co.kr/news/articleView.php?idxno=1473714
2025-10-29,"INVEST,LAUNCH,PARTNERSHIP",투자 보따리 들고 온 글로벌 기업 7곳… 한국에 5년간 13조 ‘통 큰 선물...,https://www.busan.com/view/busan/view.php?code=2025102920015079409
2025-10-29,LAUNCH,"기후위기·기술혁명 시대의 패션, 지속가능성을 묻다",http://www.ktnews.com/news/articleView.html?idxno=141940
2025-10-29,"INVEST,LAUNCH,PARTNERSHIP","아마존 ""한국에 50억 달러 이상 추가 투자""",https://www.iusm.co.kr/news/articleView.html?idxno=1055471
2025-10-29,"INVEST,LAUNCH,PARTNERSHIP","아마존 등 7개社, 韓에 13조 투자 약속… 李 “가교 역할 지원” [2025 경...",https://www.segye.com/newsView/20251029517557?OutUrl=naver
2025-10-29,LAUNCH,"[30일 실적발표] 삼성전자, LG엔솔, 현대차, KB금융...",https://www.smarttoday.co.kr/news/articleView.html?idxno=94843
2025-10-29,"LAUNCH,PARTNERSHIP","""지역과 함께, 산학연으로 여는 신산업의 미래""… '2025 산학연협력 엑...",https://news.unn.net/news/articleView.html?idxno=585578
2025-10-29,INVEST,"아마존 등 7개 기업, 한국에 5년간 13조원 투자한다 [경주 APEC]",http://www.fnnews.com/news/202510291829559724
2025-10-29,INVEST,"""여유로운 공간과 실용성을 갖춘 전기 SUV""",http://www.namdonews.com/news/articleView.html?idxno=837453
2025-10-29,"INVEST,LAUNCH",미국 연방공개시장위원회(FOMC) 기준금리 발표,https://www.hankyung.com/article/2025102907411
2025-10-29,ORDER,"레드캡투어, 매출 성장에도  LG  의존…수익성·사업 다각화 과제",https://www.newsway.co.kr/news/view?ud=2025102914180910727
2025-10-29,"LAUNCH,PARTNERSHIP",‘2025 산학연협력 엑스포’ 29일 대구 개막...“AI·바이오·콘텐츠 미...,https://www.gosiweek.com/article/1065589916084179
2025-10-29,LAUNCH,"교육부, 29일부터 3일간 엑스코에서 '2025 산학연협력 엑스포' 개최",https://www.lcnews.co.kr/news/articleView.html?idxno=114470
2025-10-29,LAUNCH,"‘지역과 함께, 산학연으로 여는 신산업의 미래'…2025 산학연협력 EXPO...",https://www.viva100.com/article/20251028501536
2025-10-29,INVEST,[100대 기업 보고서] 두 자릿수 미만 低PER 5곳 중 2곳 넘어 [넘버스],https://www.bloter.net/news/articleView.html?idxno=646405
2025-10-29,LAUNCH,산학연으로 여는 ‘AI 신산업’의 미래를 보다,https://www.hangyo.com/news/article.html?no=105673
2025-10-29,LAUNCH,"교육부, ‘2025 산학연협력 엑스포’ 개최",https://edu.chosun.com/site/data/html_dir/2025/10/29/2025102980071.html
2025-10-29,"INVEST,LAUNCH,ORDER","""코스피 4000, 더 간다…꽃 꺾지마라""",https://www.nocutnews.co.kr/news/6420061?utm_source=naver&utm_medium=article&utm_campaign=20251029100756
2025-10-29,"INVEST,LAUNCH,ORDER","삼성SDI 주가 거침없는 폭풍질주... ""정말 바닥 찍고 이제 오를일만 남았...",https://www.pinpointnews.co.kr/news/articleView.html?idxno=389574
2025-10-29,INVEST,"LG디스플레이 , 10월 29일 장중 14,390원 0.56% 상승",https://www.topstarnews.net/news/articleView.html?idxno=15855680
2025-10-29,LAUNCH,"엑스코에서 '2025 산학연협력 엑스포' 개최, 산학연협력 우수 성과 및 혁...",https://www.lecturernews.com/news/articleView.html?idxno=189543
2025-10-29,INVEST,취임 3주년 이재용  삼성 전자 회장 '뉴 삼성 ' 향한 기술경영 광폭 행보 이...,http://www.wsobi.com/news/articleView.html?idxno=294042
2025-10-29,"INVEST,ORDER","배터리 3사, '실적·리스크'에 성적표 희비…CEO 연임 향방은",http://www.newslock.co.kr/news/articleView.html?idxno=118314
2025-10-29,"INVEST,ORDER",'차 안의 눈' 잡은  삼성 전기…AI 모빌리티 핵심기업으로 부상,https://www.pinpointnews.co.kr/news/articleView.html?idxno=389610
2025-10-29,"INVEST,LAUNCH","K-Tech Inside Show 개막…""기술 속의 기술을 만나다""",https://www.energy-news.co.kr/news/articleView.html?idxno=219182
2025-10-29,"CERT,INVEST,LAUNCH,REGUL",강도 높은 수도권 부동산 규제에 천안·아산 풍선효과 기대,https://www.hankyung.com/article/202510287137O
2025-10-29,"INVEST,LAUNCH,ORDER,REGUL","[더벨][IR Briefing]'연이은 적자'  삼성 SDI, 배터리 무게중심 '전기차→E...",https://www.thebell.co.kr/free/content/ArticleView.asp?key=202510281128196760107193
2025-10-30,"INVEST,LAUNCH",[종합] 메타 3분기 순익 27억달러로 '쇼크'…'트럼프 세제법' 일회성 충...,https://www.newspim.com/news/view/20251030000027
2025-10-30,"INVEST,LAUNCH,PARTNERSHIP",[美증시 특징주] 엔비디아 현기증 나는 랠리...사상최초 시총 5조달러 뚫...,https://www.mediapen.com/news/view/1053364
2025-10-29,LAUNCH,미 달러화 강세…美中 무역협상 기대감 + FOMC 결과 촉각,https://news.einfomax.co.kr/news/articleView.html?idxno=4381002
2025-10-29,"INVEST,REGUL",[마켓칼럼] 커지는 美 주식시장 고평가 논란…어떻게 대응할까,https://www.hankyung.com/article/202510298794i
2025-10-29,INVEST,"시그넷 에너지, 키웨티노크 14억 캐나다달러에 인수",https://www.newstopkorea.com/news/articleView.html?idxno=40632
2025-10-30,INVEST,[속보]파월 '매파적 인하'에 다우↓…엔비디아 덕에 나스닥만↑,http://www.edaily.co.kr/news/newspath.asp?newsid=01646566642338168
2025-10-30,LAUNCH,"[현장] 구독자 '7300만' 美 유튜버 ""바이럴 비결은 마음 움직이는 스토리...",https://zdnet.co.kr/view/?no=20251030031654
2025-10-30,"INVEST,LAUNCH",머니투데이 오프라인 헤드라인-30일,https://www.mt.co.kr/stock/2025/10/30/2025102922360348459
2025-10-30,"INVEST,LAUNCH","엔비디아, 장중 최고가 경신…세계 첫 시가총액 5조달러 돌파",http://www.metroseoul.co.kr/article/20251030500009
2025-10-30,"INVEST,LAUNCH",[속보] 연준 FOMC 또 금리인하 + 양적긴축(QT) 중단...뉴욕증시 비트코인...,https://www.g-enews.com/view.php?ud=202510211115013434906806b77b_1
2025-10-30,"INVEST,LAUNCH","뉴욕증시, 금리 인하 전망·AI 낙관론에 강세…엔비디아 시총 5조달러 돌...",https://view.asiae.co.kr/article/2025103002095643676
2025-10-30,"LAUNCH,PARTNERSHIP","구글,  애플 에만 연 200억 달러 지급…AI 브라우저 '유통 전쟁' 격화",https://www.g-enews.com/view.php?ud=20251029181250305fbbec65dfb_1
2025-10-30,LAUNCH,"넥슨, 방치형 RPG 신작 ‘메이플 키우기’ 내달 6일 출시",https://www.m-economynews.com/news/article.html?no=61223
2025-10-30,"INVEST,LAUNCH,REGUL",'AI붐 중심축' 엔비디아 시총 5조달러…3년 만에 주가 12배,https://www.hankyung.com/article/202510301387i
2025-10-30,INVEST,경기 중계 : 손흥민 LAFC 오스틴,https://www.bntnews.co.kr/article/view/bnt202510290193
2025-10-30,"INVEST,LAUNCH","[속보] 미-중 관세협상 마침내 타결 뉴욕증시 달러환율 ""엔비디아 폭발...",https://www.g-enews.com/view.php?ud=202510272016085234906806b77b_1
2025-10-29,LAUNCH,"브이파이브 게임즈, '미르의 전설 2 레드나이트' 정식 출시",https://www.cstimes.com/news/articleView.html?idxno=674767
2025-10-29,"INVEST,LAUNCH","고공행진 엔비디아 시가총액, 사상 첫 5조달러 돌파",https://www.g-enews.com/view.php?ud=2025102923323938079a1f309431_1
2025-10-29,"CERT,LAUNCH,REGUL",[역사속 오늘·10.30] 국도극장 철거(1999)·‘코리아타임즈’ 창간(1950)...,http://kor.theasian.asia/archives/392200
2025-10-29,LAUNCH,연준 금리발표 앞둔 뉴욕증시 5일 연속 상승…엔비디아 5조달러 돌파,https://www.hankyung.com/article/202510291312i
2025-10-29,"INVEST,LAUNCH,REGUL","엔비디아, 세계 첫 ‘시총 5조달러’ 돌파..3년만에 기업가치 10배",http://www.fnnews.com/news/202510292304497194
2025-10-29,"INVEST,LAUNCH","APEC 찾은 빅테크들...재생에너지 투자 ""한국만 패싱?""",https://www.ytn.co.kr/_ln/0105_202510292302293888
2025-10-29,"INVEST,LAUNCH","넥슨, 신작 방치형 RPG '메이플 키우기' 11월 6일 글로벌 출시",https://www.xportsnews.com/article/2071733
2025-10-29,"INVEST,LAUNCH","[시황 분석] 미국 뉴욕증시 장초반, 25bp 인하·AI·빅테크 랠리",https://www.topstarnews.net/news/articleView.html?idxno=15856694
2025-10-29,"INVEST,REGUL","온도, BNB체인서 미국 주식 토큰화",https://www.digitaltoday.co.kr/news/articleView.html?idxno=600809
2025-10-30,"INVEST,LAUNCH,PARTNERSHIP,REGUL",관세 인하에 車업계 안도…반도체는 “대만보다 불리하지 않게”[Pick코...,https://www.sedaily.com/NewsView/2GZDNAK804
2025-10-30,"INVEST,LAUNCH,REGUL","코스피 사상 최고치 돌파한 날...JP모건 ""6000도 가능""",http://weekly.chosun.com/news/articleView.html?idxno=45639
2025-10-30,"INVEST,LAUNCH,PARTNERSHIP","'AI 열풍' 주도 엔비디아, 사상 첫 시총 5조달러 돌파(종합2보)",https://www.yna.co.kr/view/AKR20251029200052072?input=1195m
2025-10-30,"INVEST,LAUNCH",'우리가 만들어가는 지속가능한 내일'... 2025 APEC 정상회의 본궤도 올...,https://www.hankookilbo.com/News/Read/A2025102619580005527?did=NA
2025-10-30,LAUNCH,트럼프 떠나고 시진핑 온다…연일 '초긴장 모드',https://news.sbs.co.kr/news/endPage.do?news_id=N1008311406&plink=ORI&cooper=NAVER
2025-10-30,"LAUNCH,REGUL",■ 10월 30일(목) 경제 캘린더,https://www.ytn.co.kr/_ln/0102_202510300509485087
2025-10-30,"INVEST,LAUNCH,ORDER,PARTNERSHIP","[속보] 엔비디아 마침내 5조달러 ""뉴욕증시 양자컴 폭발""...리게티 아이...",https://www.g-enews.com/view.php?ud=202510300503363789906806b77b_1
2025-10-30,LAUNCH,"삼성전자 , 국내외 소비자 만족도 조사서 최다 품목 1등 행진",https://www.seoul.co.kr/news/economy/industry/2025/10/30/20251030014001?wlog_tag3=naver
2025-10-30,"INVEST,LAUNCH,REGUL",코스피 훈풍에 3차 상법 개정도 눈앞…'지주사' 다시 관심↑,https://www.nocutnews.co.kr/news/6420381?utm_source=naver&utm_medium=article&utm_campaign=20251030050108
2025-10-30,"INVEST,LAUNCH,ORDER,PARTNERSHIP","젠슨 황, 韓에 '선물 보따리' 풀까… 삼성 ·현대차 계약 가능성",https://www.nocutnews.co.kr/news/6420457?utm_source=naver&utm_medium=article&utm_campaign=20251030050109
2025-10-30,LAUNCH,[경주APEC] 트럼프 떠나고 시진핑 온다…연일 '초긴장 모드',https://www.yna.co.kr/view/AKR20251029191100053?input=1195m
2025-10-30,LAUNCH,"삼성전자 , HBM4 공급 계획 밝힐까…3분기 성적표 공개",http://www.edaily.co.kr/news/newspath.asp?newsid=01603926642338168
2025-10-30,INVEST,"하이닉스 '10조 클럽' 입성…""초유의 HBM·D램·낸드 복합 호황""",https://www.joongang.co.kr/article/25377915
2025-10-30,INVEST,"SK하이닉스, '10조 클럽' 돌파하며 반도체 시장 강타",http://www.newsroad.co.kr/news/articleView.html?idxno=48058
2025-10-30,LAUNCH,"[단독] '컨트롤타워' 문 닫나…그룹 경영진단실,  삼성전자 로 소속 변경",https://www.joongang.co.kr/article/25377917
2025-10-30,"INVEST,REGUL",[단독] 대기업들 특별연장근로 남용…노동부는 ‘묻지마 인가’,https://www.hani.co.kr/arti/society/labor/1226265.html
2025-10-30,PARTNERSHIP,"LG전자 , KT와 '超보안 시대' 연다…'양자 직접 통신' 기술 개발",https://www.apnews.kr/news/articleView.html?idxno=3041671
2025-10-30,INVEST,"서울시, 佛 양자컴퓨팅 기업 ‘파스칼’ 유치",https://www.donga.com/news/Society/article/all/20251030/132663249/2
2025-10-30,CERT,[부고]강흥수 별세 外,https://www.donga.com/news/People/article/all/20251030/132664507/2
2025-10-30,PARTNERSHIP,"LG전자 , KT와 양자 인터넷 통신 공동 연구개발",https://www.webeconomy.co.kr/news/articleView.html?idxno=2030510
2025-10-30,"CERT,LAUNCH,PARTNERSHIP","‘장바구니 부담’ 시니어 위한 혜택, 한우·가전 생활밀착형 할인 총망...",https://bravo.etoday.co.kr/view/atc_view/17661
2025-10-29,INVEST,"‘알바노 트리플더블’… 원주DB, 대구 잡고 2연승 질주",https://www.kwnews.co.kr/page/view/2025102923470590531
2025-10-29,ORDER,"LG전자 , 10년 연속 코리아 세일 페스타 참여",https://www.cstimes.com/news/articleView.html?idxno=674744
2025-10-29,"INVEST,LAUNCH,PARTNERSHIP",美 관세로 재편된 TV 시장…유럽·신흥국 경쟁 '가열',https://dealsite.co.kr/articles/150310
2025-10-29,"INVEST,LAUNCH,PARTNERSHIP","SK하이닉스, 3분기 매출 24조4489억·영업익 11조3834억…사상 최대",https://www.straightnews.co.kr/news/articleView.html?idxno=284950
2025-10-29,LAUNCH,"'라이브부터 토크까지 존재감 폭발' 빅싱어 이찬원, '키스 더 라디오' 제...",https://www.topstarnews.net/news/articleView.html?idxno=15856319
2025-10-29,LAUNCH,'인텔 서울 팝업스토어'서 인텔 최신 AI PC-어플 깜짝 체험해볼까,https://www.gametoc.co.kr/news/articleView.html?idxno=103316
2025-10-29,LAUNCH,"인텔, 최신 AI PC 기능과 애플리케이션 체험할 수 있는 '서울 팝업 스토...",https://www.ilovepc.co.kr/news/articleView.html?idxno=56612
2025-10-29,LAUNCH,"엔비디아, 美 차세대 AI 팩토리 설계…‘기가와트급’ 디지털 트윈 추진",https://www.ddaily.co.kr/page/view/2025102915463174443
2025-10-29,LAUNCH,"인텔, 서울 강남서 'AI PC 팝업 스토어' 운영",https://www.newsis.com/view/NISX20251029_0003381659
2025-10-29,LAUNCH,"인텔, 아시아 유일 'AI PC 서울 팝업 스토어' 오픈",https://www.datanet.co.kr/news/articleView.html?idxno=206392
2025-10-29,LAUNCH,"인텔, 11월 한 달간 ‘서울 팝업스토어’ 열고 AI PC 소개 나서",https://www.donga.com/news/It/article/all/20251029/132658726/1
2025-10-29,LAUNCH,"인텔, 최신 AI PC 기능과 애플리케이션 체험의 '인텔 서울 팝업 스토어'...",https://www.inven.co.kr/webzine/news/?news=310801
2025-10-29,LAUNCH,"인텔, AI PC 혁신허브로 韓서울 낙점…아시아 유일 팝업스토어 11월 개소",http://www.seouleconews.com/news/articleView.html?idxno=87184
2025-10-29,LAUNCH,"인텔, 최신 AI PC 기능과 애플리케이션 체험 가능한 ‘인텔 서울 팝업 스...",https://gamefocus.co.kr/detail.php?number=170531
2025-10-29,CERT,"델 테크놀로지스, AI 데이터 처리 혁신…'델 AI 데이터 플랫폼' 대규모 ...",http://www.newsroad.co.kr/news/articleView.html?idxno=48018
2025-10-29,LAUNCH,"인텔, '서울 팝업 스토어' 오픈…최신 AI PC 기능·애플리케이션 체험 가...",https://www.epnc.co.kr/news/articleView.html?idxno=324005
2025-10-29,LAUNCH,"최신 AI PC 써보세요…인텔, 아시아 유일 ‘서울 팝업 스토어’ 오픈",https://www.betanews.net/article/view/beta202510290018
2025-10-29,LAUNCH,"인텔, 최신 AI PC 기능과 애플리케이션 체험할 수 있는 '인텔 서울 팝업...",https://gamefocus.co.kr/detail.php?number=170522
2025-10-29,CERT,"델 테크놀로지스, '델 AI 데이터 플랫폼' 대규모 업데이트",https://www.ezyeconomy.com/news/articleView.html?idxno=224303
2025-10-29,LAUNCH,최신 AI PC와 AI 애플리케이션 체험할 수 있는 '인텔 서울 팝업 스토어'...,https://www.aitimes.kr/news/articleView.html?idxno=36954
2025-10-29,LAUNCH,"""인텔 최신 AI PC 다 모였다""…서울 팝업 스토어 오픈",https://www.cnet.co.kr/view/?no=20251029094836
2025-10-29,CERT,"델, AI 데이터 플랫폼 대거 업데이트 ··· AI 성과 가속화",https://www.datanet.co.kr/news/articleView.html?idxno=206375
2025-10-29,LAUNCH,"인텔, 강남에 아시아 유일 팝업 오픈 ""게임부터 최신 AI PC까지 다 있어...",http://game.dailyesports.com/view.php?ud=20251029185856518821ad998911_26
2025-10-29,LAUNCH,[패치] 신규 서버 라울 20시 오픈! 신규 신화 스킬 추가까지,https://www.inven.co.kr/webzine/news/?news=310815
2025-10-29,LAUNCH,"인텔, '서울 팝업 스토어' 오픈…AI PC 기능∙애플리케이션 체험",https://www.it-b.co.kr/news/articleView.html?idxno=84906
2025-10-29,LAUNCH,"인텔, 강남역에 'AI PC 팝업 스토어' 11월 한 달간 오픈",https://www.econovill.com/news/articleView.html?idxno=716414
2025-10-29,"INVEST,LAUNCH","인텔, 강남역서 AI PC 체험관 운영",https://www.digitaltoday.co.kr/news/articleView.html?idxno=600634
2025-10-29,"CERT,INVEST,LAUNCH,ORDER,PARTNERSHIP",'1조 투자' 롯데쇼핑 맞손 오카도…'英 아토스 출신' 인재 영입,https://www.theguru.co.kr/news/article.html?no=93563
2025-10-29,LAUNCH,"인텔 ""한국은 AI PC 혁신 허브""… 글로벌 5곳, 서울 강남에 팝업 스토어...",https://it.chosun.com/news/articleView.html?idxno=2023092149794
2025-10-29,LAUNCH,"인텔 11월 1일부터 서울 강남에서 팝업스토어 오픈, 아시아에서는 유일...",https://gamefocus.co.kr/detail.php?number=170518
2025-10-29,LAUNCH,"HP , 차세대 AI 경험으로 업무와 생활 전반 혁신 선도",https://www.inven.co.kr/webzine/news/?news=310806
2025-10-29,LAUNCH,"인텔, 아시아 유일 AI PC 팝업스토어 오픈…2나노 ‘팬서레이크’ 공개",https://www.joongang.co.kr/article/25377655
2025-10-29,LAUNCH,[메카 랭킹] 킹오파 AFK 테리의 단짝으로 스푸키 매츄어 낙점!,https://www.gamemeca.com/mv.php?inflow=naver_s&gid=1767678
2025-10-29,LAUNCH,"붉은사막XAMD 팝업스토어, 30일 홍대 오픈",http://www.sportsq.co.kr/news/articleView.html?idxno=487051
2025-10-29,LAUNCH,"인텔, 11월 서울 강남서 AI PC 팝업스토어 연다",https://zdnet.co.kr/view/?no=20251029000113
2025-10-30,"INVEST,LAUNCH","‘AI혁명의 시대, 대한민국 반도체산업 핵심 축 도약’",https://www.kwnews.co.kr/page/view/2025102912591266309
2025-10-29,INVEST,"[반도체 포럼]""강원 반도체 포럼, 강원 반도체 중심도시 원주 각인시키...",https://www.kwnews.co.kr/page/view/2025102911342563456
2025-10-29,INVEST,원주서 2025 강원특별자치도 반도체포럼 개막,https://www.webeconomy.co.kr/news/articleView.html?idxno=2030440
2025-10-29,INVEST,[반도체 포럼]“대만인의 단결·신뢰·분업 정신 반도체 산업 이끌어”,https://www.kwnews.co.kr/page/view/2025102917255471480
2025-10-29,"INVEST,LAUNCH","[지자체 이슈] 강원특별자치도, 홍천 국가항체클러스터 준공식 개최… ...",http://www.queen.co.kr/news/articleView.html?idxno=444811
2025-10-29,LAUNCH,"2025 강원특별자치도 반도체 포럼 … ""AI 시대, Chips Gangwon의 도전과 ...",https://gw.newdaily.co.kr/site/data/html/2025/10/29/2025102900471.html
2025-10-29,"CERT,LAUNCH","ASUS  ‘ROG 팬데이 2025’ 개최...""많은 사랑 주신 국내 ROG팬들과 소통""",https://www.betanews.net/article/view/beta202510290080
2025-10-29,"INVEST,LAUNCH","2025 강원특별자치도 반도체포럼, 원주서 열려",http://www.newstown.co.kr/news/articleView.html?idxno=665686
2025-10-29,"INVEST,LAUNCH",강원 반도체산업 발전 위한 포럼 원주서 개막,https://www.jeonmae.co.kr/news/articleView.html?idxno=1196864
2025-10-29,LAUNCH,"[위클리오늘] 2025 강원도 반도체 포럼 개최… ""올해로 3년째, 이번 주 ...",http://www.weeklytoday.com/news/articleView.html?idxno=734752
2025-10-29,LAUNCH,"[위클리오늘] 2025 강원도 반도체포럼, 원주서 열려",http://www.weeklytoday.com/news/articleView.html?idxno=734763
2025-10-29,"INVEST,LAUNCH",'반도체 슈퍼위크' 2025 강원 반도체 포럼 개최…올해로 3회째(종합),https://www.yna.co.kr/view/AKR20251029133651062?input=1195m
2025-10-29,LAUNCH,"김진태 도지사, ""AI 시대, Chips Gangwon의 도전과 전략"" 비전 제시",https://www.ajunews.com/view/20251029154119741
2025-10-29,"INVEST,LAUNCH",AI 시대 대응 반도체 전략 찾는다…원주서 '강원 반도체포럼',http://www.enewstoday.co.kr/news/articleView.html?idxno=2346502
2025-10-29,"INVEST,LAUNCH","원주시, 2025 강원특별자치도 반도체포럼 열려",https://www.sportsseoul.com/news/read/1558279?ref=naver
2025-10-29,"INVEST,LAUNCH","강원도 반도체포럼, 원주서 반도체산업 발전 방안 모색",https://www.yna.co.kr/view/AKR20251029133600062?input=1195m
2025-10-29,LAUNCH,"김진태 지사 “올해로 3년째, 이번 주 반도체 슈퍼위크”",https://www.sportsseoul.com/news/read/1558241?ref=naver
2025-10-30,"INVEST,LAUNCH","한효주, 완벽한 ‘일드 로코’ 재질…글로벌도 퐁당 ‘로맨틱 어나니머...",https://isplus.com/article/view/isp202510200128
2025-10-30,LAUNCH,“곧 같은 이불” 김일우♥박선영 미리 다녀온 신혼여행(신랑수업)[어제...,https://www.newsen.com/news_view.php?uid=202510292200432510
2025-10-29,LAUNCH,"트럼프마저 혀 내두른 ""터프한 협상가""…관세합의 막전막후",http://www.yonhapnewstv.co.kr/MYH20251030051441BiJ
2025-10-30,LAUNCH,"'마약 투약' BJ세야, 항소심서 '징역 2년'으로 감형",http://www.fnnews.com/news/202510291759465268
2025-10-30,PARTNERSHIP,"[오늘의 주요일정] 충북·세종(30일, 목)",https://www.news1.kr/local/sejong-chungbuk/5958120
2025-10-30,LAUNCH,"박보미♥박요한, 15개월 아들 떠나보낸 후 다시 찾아온 출산…""시몬이가...",https://www.nc.press/news/articleView.html?idxno=576153
2025-10-30,LAUNCH,“AI가 셜록 홈즈가 된다”…휴대폰 한 대로 현장 감식·추론까지,http://www.edaily.co.kr/news/newspath.asp?newsid=01653126642338168
2025-10-30,REGUL,[단독] 말만 장애인 검진기관…필수장비 완비 82곳 중 1곳뿐,https://www.joongang.co.kr/article/25377912
2025-10-30,INVEST,[오늘의 운세] 10월30일 별자리 운세,http://www.fntimes.com/html/view.php?ud=202510292314093550c1c16452b0_18
2025-10-30,REGUL,[홍재청년문학상 소설부문 본상 당선작] '난장이의 목장',https://www.joongboo.com/news/articleView.html?idxno=363707161
2025-10-30,INVEST,[오늘의 운세] 2025년 10월 30일 별자리 운세,https://www.ytn.co.kr/_ln/0121_202510300000000002
2025-10-29,"CERT,INVEST,LAUNCH,PARTNERSHIP","강동경희대병원, 차세대 방사선치료 장비 헬시온4.0ㆍSGRT 도입 外",http://www.newsmp.com/news/articleView.html?idxno=249633
2025-10-29,CERT,"""포터블 끝판왕 등장!"" 퀘스타일 SIGMA, 93만 원에 구현한 하이엔드 사운...",https://www.autodaily.co.kr/news/articleView.html?idxno=538314
2025-10-29,INVEST,APEC 연계 산업시찰…‘수소 선도도시’ 알려,https://news.kbs.co.kr/news/pc/view/view.do?ncd=8394152&ref=A
2025-10-29,LAUNCH,울산 버스 노선 개편 후 배차간격 줄고 이용 늘었다,https://www.ulsanpress.net/news/articleView.html?idxno=561843
2025-10-29,INVEST,4000 넘어서도 연일 신기록…'진격의 코스피'에 연기금·공제회 미수,http://www.edaily.co.kr/news/newspath.asp?newsid=05818726642337840
2025-10-29,"INVEST,LAUNCH,ORDER,PARTNERSHIP,REGUL","[2025 푸드위크 코리아]”K-푸드, 일시적 아닌 하나의 산업 성장“",https://www.asiatime.co.kr/article/20251029500489
2025-10-29,"CERT,INVEST,LAUNCH","[2025 국감종합] 국토위, 인사·정책 공방 격화…국토장관 ""연말 추가 공...",https://www.newspim.com/news/view/20251029001500
2025-10-29,INVEST,"[그럭저럭 어른 행세] ""스터디카페 하는 사람 있냐?""는 형의 카톡, 불안...",https://www.ohmynews.com/NWS_Web/View/at_pg.aspx?CNTN_CD=A0003177573&CMPT_CD=P0010&utm_source=naver&utm_medium=newsearch&utm_campaign=naver_news
2025-10-30,"INVEST,LAUNCH,REGUL","[실리콘 디코드] 대만 TSMC, 글로벌 확장 가속…'실리콘 방패' 전략적 균...",https://www.g-enews.com/view.php?ud=202510291431594636fbbec65dfb_1
2025-10-30,LAUNCH,"""모든 수단 총동원""…국민의힘, '갑질 논란' 최민희 전방위 압박",https://www.dailian.co.kr/news/view/1565911/?sc=Naver
2025-10-30,LAUNCH,최민희 청문회된 과방위 국감,https://www.ksilbo.co.kr/news/articleView.html?idxno=1040287
2025-10-30,"CERT,LAUNCH",20년 연속 1위 기업 4개…클라리오스델코 ‘명예의 전당’,https://www.joongang.co.kr/article/25377834
2025-10-29,LAUNCH,"과방위 국감, 사실상 '최민희 청문회'",https://www.idaegu.co.kr/news/articleView.html?idxno=527888
2025-10-29,LAUNCH,‘10조 클럽’ 찍은 SK하이닉스 “더 큰 슈퍼사이클 올 것”,https://www.dt.co.kr/article/12026027?ref=naver
2025-10-29,"INVEST,LAUNCH","KAI, '평양 무인기'로 무더기 의혹…""사실과 달라""",https://www.ntoday.co.kr/news/articleView.html?idxno=120980
2025-10-29,LAUNCH,"몬스타기어, 무선 콤보 'X108 BTW 마들렌 세트' 출시",https://www.ilovepc.co.kr/news/articleView.html?idxno=56611
2025-10-29,LAUNCH,"커세어, 견고함과 휴대성 모두 갖춘 포터블 SSD 신제품 2종 출시",https://www.ilovepc.co.kr/news/articleView.html?idxno=56603
2025-10-29,INVEST,"이해민 의원 ""R&D는 적시성· 자율성· 전문성이 중요""",https://zdnet.co.kr/view/?no=20251029183311
2025-10-29,REGUL,"[국감 2025] ""중소기업 기술 빼앗고 무죄?""…코오롱베니트 '기술 탈취' 논...",http://www.inews24.com/view/1901197
2025-10-28,LAUNCH,다 펼치니  테블릿 …두 번 접는 폰 시대 온다,https://biz.sbs.co.kr/article_hub/20000268192?division=NAVER
2025-10-30,INVEST,"[국민의 기업] ""지역 자원·문화 활용한 비기술 창업 생태계 만들어야""",https://www.joongang.co.kr/article/25377976
2025-10-30,LAUNCH,호미로 막을 걸 가래로…눈덩이 된 최민희 '축의금 논란',https://www.nocutnews.co.kr/news/6420659?utm_source=naver&utm_medium=article&utm_campaign=20251030050115
2025-10-30,"INVEST,LAUNCH,ORDER,PARTNERSHIP","[실리콘 디코드] SK하이닉스, 2026년 메모리 '완판'…AI용 HBM4, 4분기 조...",https://www.g-enews.com/view.php?ud=202510291417429919fbbec65dfb_1
2025-10-30,LAUNCH,"VR에서 XR로, 헤드셋에서 안경으로… 더 편하게, 더 똑똑하게",https://www.kmib.co.kr/article/view.asp?arcid=1761652105&code=11151400&cp=nv
2025-10-30,INVEST,AI 선별 뉴스로 투자정보 ‘쏙쏙’… 증권플러스 플랫폼 ‘뉴스룸’ 탭...,https://www.chosun.com/economy/tech_it/2025/10/30/L7MI2XS76VDJBPCMDBCYZKL5NE/?utm_source=naver&utm_medium=referral&utm_campaign=naver-news
2025-10-30,INVEST,비트버니 퀴즈 10월 30일 정답은,http://www.namdonews.com/news/articleView.html?idxno=837486
2025-10-30,LAUNCH,"""어둠 속 한 줄기 빛 따라""…이성열, 서정적 밤→묘한 여운 셀카",https://www.topstarnews.net/news/articleView.html?idxno=15856740
2025-10-30,LAUNCH,쏠퀴즈 정답 10월 30일,https://www.bntnews.co.kr/article/view/bnt202510290194
2025-10-30,INVEST,"""지역 자원·문화 활용한 비기술 창업 생태계 만들어야""",https://www.joongang.co.kr/article/25377851
2025-10-30,REGUL,"[부산교육청] 김석준 교육감, 학부모 250명과 현장소통간담회 외",https://ilyo.co.kr/?ac=article_view&entry_id=502164
2025-10-29,"INVEST,LAUNCH","“차 안이 디즈니 세상”…기아, 월트디즈니와 협업",https://www.sentv.co.kr/article/view/sentv202510290177
2025-10-29,LAUNCH,"기아, 월트디즈니와 손잡고 ‘디즈니 테마  디스플레이 ’ 출시",https://www.socialvalue.kr/news/view/1065587927726441
2025-10-29,"INVEST,LAUNCH",['와신상담' 이재용의 3년③] 하만 빅딜 통했다…전장 패권 확보에 사활,https://www.ntoday.co.kr/news/articleView.html?idxno=120903
2025-10-29,LAUNCH,"기아, 월트디즈니와  차량용 디스플레이  테마 출시",http://www.kdfnews.com/news/articleView.html?idxno=169205
2025-10-29,"INVEST,LAUNCH","토요타 bZ, 애플맵스와 연동…충전소 탐색 간편해져",https://www.digitaltoday.co.kr/news/articleView.html?idxno=600490
2025-10-29,LAUNCH,"볼보 'XC40', 2025년 컴팩트 수입 SUV 판매 1위…""2026년형 다크 테마로 ...",http://www.paxetv.com/news/articleView.html?idxno=250420
2025-10-29,"INVEST,LAUNCH,ORDER","[더벨][세미파이브 IPO]AI 반도체 설계 능력 입증, '2nm' 칩 수주 쾌거",https://www.thebell.co.kr/free/content/ArticleView.asp?key=202510281606287480102412
2025-10-30,"INVEST,LAUNCH",63빌딩-남산보다 훨씬 높다!... 사우디에 계획된 350M '하늘 축구장' 손...,https://www.besteleven.com/news/articleView.html?idxno=301073
2025-10-29,LAUNCH,"스마일게이트, 정통 K-공포 '골목길: 귀흔' 29일 출시",http://www.lawissue.co.kr/view.php?ud=2025102922304482659817d053b9_12
2025-10-29,LAUNCH,"[10월 29일] 스마일게이트, 한국형 공포 게임 '골목길: 귀흔' 출시 등 게...",https://www.gameple.co.kr/news/articleView.html?idxno=214324
2025-10-29,LAUNCH,"인천공항, 중소기업 손잡고 공항기술 판로개척 나서",https://www.dongponews.net/news/articleView.html?idxno=54539
2025-10-29,"CERT,INVEST,LAUNCH","""2050년 원자력 3배 확대 안할 시 AI 대응 못한다…양질의 전력공급 필요...",http://www.e-platform.net/news/articleView.html?idxno=97347
2025-10-29,LAUNCH,"스마일게이트, 스토브 통해 정통 K-공포 '골목길: 귀흔' 정식 출시",https://www.thedailypost.kr/news/articleView.html?idxno=111601
2025-10-29,LAUNCH,[APEC 2025] AI와 신라의 만남…'디지털 신라'로 빛나는 천년고도,http://www.newsprime.co.kr/news/article.html?no=709479
2025-10-29,LAUNCH,"스마일게이트, K-공포 게임 ‘골목길: 귀흔’ 출시",https://www.kmib.co.kr/article/view.asp?arcid=0028897148&code=61151111&cp=nv
2025-10-29,"CERT,INVEST,LAUNCH,REGUL","포천시 백영현 시장, 민선 8기 시에 '경기국방벤처센터' 유치로 포천시...",https://www.fntoday.co.kr/news/articleView.html?idxno=367034
2025-10-29,"CERT,LAUNCH","연세사랑병원, 인공관절수술 패러다임 바꾼다",http://www.k-health.com/news/articleView.html?idxno=86441
2025-10-30,LAUNCH,삼성 ‘갤럭시  XR ’ 체험존 예약 몰려,https://www.donga.com/news/Economy/article/all/20251029/132663361/2
2025-10-30,"INVEST,REGUL","'3년 만에 예산 균형 달성'…KBS, 흑자 전환·대형 콘텐츠 투자 예고",https://www.ppss.kr/news/articleView.html?idxno=272939
2025-10-29,"LAUNCH,PARTNERSHIP","삼성전자 '갤럭시  XR ' 체험존, 1030세대에 인기",http://www.worktoday.co.kr/news/articleView.html?idxno=76091
2025-10-29,LAUNCH,[포항] 'K-컬처'가 수놓는 경주‥화려한 미디어 아트 선보여,https://kjmbc.co.kr/NewsArticle/1489105
2025-10-29,"LAUNCH,PARTNERSHIP",1030세대 몰렸다는 삼성전자 '갤럭시  XR ' 체험존,http://www.00news.co.kr/news/articleView.html?idxno=98598
2025-10-29,"INVEST,LAUNCH,PARTNERSHIP","부산, 세계 도시 잇는 관광협력 플랫폼 띄웠다",https://www.busan.com/view/busan/view.php?code=2025102918371532619
2025-10-29,"LAUNCH,ORDER,REGUL","[재계 투데이] 삼성전자 '갤럭시  XR ' 체험존, 1030세대에 인기 ​外",https://news.dealsitetv.com/articles/160798
2025-10-29,LAUNCH,"더블미, '도쿄 페어 2025' 참가… XR  명상 '차원: Dimension' 첫 선",https://www.mt.co.kr/tech/2025/10/29/2025102917473486925
2025-10-29,INVEST,"""AI 영상으로 신라 소개""…황리단길 '시네마천국' 변신",https://www.hankyung.com/article/2025102906821
2025-10-29,LAUNCH,"스마일게이트, 정통 K-공포 '골목길: 귀흔' 출시",http://www.worktoday.co.kr/news/articleView.html?idxno=76065
2025-10-29,"INVEST,REGUL","KBS, 3년 만에 균형예산 편성…“대하드라마, 대형공연 과감히 투자”",https://isplus.com/article/view/isp202510290238
2025-10-29,"INVEST,LAUNCH",주식고수 매수 3위 '3분기 영업이익 사상 최대 슈퍼사이클 기대감 신고...,https://www.widedaily.com/news/articleView.html?idxno=281411
2025-10-29,LAUNCH,애플  OLED  확대 전략…아이패드 미니·맥북 에어도 포함,https://www.digitaltoday.co.kr/news/articleView.html?idxno=600532
2025-10-29,"INVEST,LAUNCH","[지스타2025]D-2주, 게임업계 출품작 공개...메인스폰서 '엔씨' 눈에띄네",http://www.metroseoul.co.kr/article/20251029500325
2025-10-29,LAUNCH,11번가 '2025 그랜드십일절' 개최..1천만개 상품 특가 혜택,http://www.4th.kr/news/articleView.html?idxno=2098636
2025-10-29,LAUNCH,"11번가, '2025 그랜드십일절' 개막... 11일간 역대급 초특가 릴레이",https://www.joongangenews.com/news/articleView.html?idxno=460595
2025-10-29,LAUNCH,"11번가, 11월 쇼핑축제 원조 '그랜드십일절'에 1000만 특가 상품 쏟아진...",https://biz.newdaily.co.kr/site/data/html/2025/10/29/2025102900073.html
2025-10-29,LAUNCH,11번가 '2025 그랜드십일절'...1000만개 특가 상품 마련,https://www.ngetnews.com/news/articleView.html?idxno=539455
2025-10-29,LAUNCH,"11번가, '그랜드십일절' 1000만개 특가 상품 마련",https://daily.hankooki.com/news/articleView.html?idxno=1288303
2025-10-29,"INVEST,LAUNCH,PARTNERSHIP","11번가, 쇼핑 축제 ‘그랜드십일절’ 진행…대규모 특가전 전개",http://theviewers.co.kr/View.aspx?No=3832402
2025-10-29,PARTNERSHIP,"레드포스 PC방 전남 광양점, ""차원이 다른 플레이 존 오픈""",https://www.enetnews.co.kr/news/articleView.html?idxno=43488
2025-10-29,LAUNCH,"11번가 '2025 그랜드십일절', 1000만개 특가 상품 쏟아진다",http://www.newswell.co.kr/news/articleView.html?idxno=13952
2025-10-29,LAUNCH,"11번가, 내달 1일부터 '그랜드십일절' 개최…1000여개 특가 상품",https://www.dailian.co.kr/news/view/1565375/?sc=Naver
2025-10-29,LAUNCH,"11번가 '그랜드십일절', 1000만개 특가상품 쏟아진다",https://www.slist.kr/news/articleView.html?idxno=689260
2025-10-29,PARTNERSHIP,"PI첨단소재-플렉셀스페이스, 우주·위성 태양전지개발 맞손",http://www.thelec.kr/news/articleView.html?idxno=42929
2025-10-29,"INVEST,LAUNCH",“아빠차에도 엘사 나오게 하면 안돼?”…디즈니테마 속속 선보이는 이...,https://www.mk.co.kr/article/11455036
2025-10-29,"CERT,INVEST,LAUNCH","""EDM·ICF 상용화 임박… 클린룸 장비 압도적 1위 굳힐것""",http://www.fnnews.com/news/202510291811545774
2025-10-29,"INVEST,LAUNCH,REGUL",[항동에서] 인천의 '산업 생태계' 건강한지 되돌아볼 때다,https://www.incheonilbo.com/news/articleView.html?idxno=1307429
2025-10-30,"INVEST,LAUNCH,ORDER","삼성전자, 3분기 매출 86.1조·영업이익 12.2조…역대 최대 분기 실적",http://www.womentimes.co.kr/news/articleView.html?idxno=91853
2025-10-31,"LAUNCH,ORDER,PARTNERSHIP",프리미엄  OLED  TV·플렉서블 패널… LG디스플레이 기술 경쟁력 강화,https://www.pinpointnews.co.kr/news/articleView.html?idxno=390617
2025-10-31,LAUNCH,"다 펼치니 10인치대 대형 화면… ‘두 번 접는 폰’, APEC서 첫 공개",https://www.chosun.com/special/special_section/2025/10/31/DAHWYAU6XJCFXMWP3ZOFPHGTGY/?utm_source=naver&utm_medium=referral&utm_campaign=naver-news
2025-10-31,REGUL,회장님께 자사주 할인 매각한 엘엠에스…주주충실의무 '실종',https://www.news1.kr/finance/general-stock/5952978
2025-10-31,"INVEST,LAUNCH,ORDER","LG이노텍·LG디스플레이, 3분기 나란히 호실적…4분기 성장세 '기대'",https://www.straightnews.co.kr/news/articleView.html?idxno=285196
2025-10-31,"INVEST,LAUNCH","""고맙다 애플""…LG디스플레이, 연간 흑자 달성 '이상無'",https://www.newsway.co.kr/news/view?ud=2025103015560431090
2025-10-31,"INVEST,LAUNCH","LG디스플레이, OLED 출하 확대에 힘입어 3분기 흑자 전환",https://www.topstarnews.net/news/articleView.html?idxno=15858954
2025-10-30,"INVEST,LAUNCH","LG디스플레이, 3분기 영업이익 4310억원...흑자전환 전망",http://www.finomy.com/news/articleView.html?idxno=241996
2025-10-31,"CERT,INVEST,LAUNCH,ORDER,REGUL","[더벨][네온테크·GIS 합병 로드맵]반도체·디스플레이 장비사 결합, 운...",https://www.thebell.co.kr/free/content/ArticleView.asp?key=202510301139198040108235
2025-10-31,"INVEST,LAUNCH",LG디스플레이 매출 6조 9570억 원...영업이익 4310억 원 달성,https://www.kgnews.co.kr/news/article.html?no=871698
2025-10-31,"INVEST,LAUNCH",'인도 성공' 조주완 vs '실적 매직' 정철동 … LG도 부회장 나올까,https://biz.newdaily.co.kr/site/data/html/2025/10/31/2025103100108.html
2025-10-30,"INVEST,LAUNCH","LG디스플레이, 3분기 영업익 4310억... 연간 흑자전환 가시화",http://www.sisacast.kr/news/articleView.html?idxno=84703
2025-10-31,"INVEST,LAUNCH","LG디스플레이, 3분기 매출 6조 9570억원 영업이익 4310억 달성",https://www.lcnews.co.kr/news/articleView.html?idxno=114752
2025-10-31,LAUNCH,한국-캐나다 정상회담 '핵심광물' 등 논의,https://www.todayenergy.kr/news/articleView.html?idxno=290484
2025-10-30,"CERT,INVEST,ORDER,PARTNERSHIP,REGUL","자동차부품 관련주, '웃음꽃' 디젠스·세동·한일단조·SJG세종... '한숨...",http://www.finomy.com/news/articleView.html?idxno=241990
2025-10-31,"INVEST,LAUNCH,ORDER,PARTNERSHIP",[Who Is ?] 박영근 탑런토탈솔루션 대표이사 부회장,https://www.businesspost.co.kr/BP?command=article_view&num=417847
2025-10-31,"INVEST,LAUNCH,REGUL","[더벨][IR Briefing]LG디스플레이, 정철동 공언 '연간 흑자 가시화'",https://www.thebell.co.kr/free/content/ArticleView.asp?key=202510301640304600105674
2025-10-31,"INVEST,LAUNCH,ORDER,PARTNERSHIP","삼성D·LGD, 3분기 애플 효과 '톡톡'…OLED 기술 강화·비용 절감 '총력'",https://www.techm.kr/news/articleView.html?idxno=145996
2025-10-31,"CERT,INVEST,LAUNCH,ORDER,PARTNERSHIP","반도체 재료·부품 관련주, '신바람난' 하나마이크론·에스에이엠티·샘...",http://www.finomy.com/news/articleView.html?idxno=241999
2025-10-31,LAUNCH,아이폰 효과 ‘톡톡’…성수기 진입한 LG 부품사,http://www.newstomato.com/ReadNews.aspx?no=1279920&inflow=N
2025-10-30,INVEST,"LG디스플레이, 3Q 영업이익 4310억…OLED 매출 비중 65%로 사상 최대",https://www.nspna.com/news/?mode=view&newsid=784498
2025-10-31,LAUNCH,"LGD, ""내년 W-OLED 출하량 목표 700만대 초반""...올해보다 10%↑",http://www.thelec.kr/news/articleView.html?idxno=43036
2025-10-31,"CERT,LAUNCH","애플, 차세대 아이패드 미니에 방수 기능 탑재… OLED 장착에 가격 상승...",https://www.etnews.com/20251031000123
2025-10-31,"INVEST,LAUNCH,PARTNERSHIP",LG디스플레이 2025년 3분기 실적발표 컨퍼런스콜 전문,http://www.thelec.kr/news/articleView.html?idxno=43033
2025-10-30,CERT,"엘모스, LIN 인터페이스가 포함된 RGBW  LED  드라이버E521.39 소개",https://www.etnews.com/20251029000137
2025-10-30,"CERT,INVEST,LAUNCH","비보존제약, 500억 유증 '주주 부담 전가' 논란",https://hbnpress.com/news/view/1065580591044615
2025-10-30,"INVEST,LAUNCH",올해 공개된 가장 특이한 토요타·렉서스 콘셉트 5,https://www.thedrive.co.kr/news/newsview.php?ncode=1065578237584160
2025-10-30,"CERT,INVEST,LAUNCH,PARTNERSHIP,REGUL",[뷰티디바이스③(끝)/글로벌] 북미가 최대·아태 시장도 부상…국내 기...,https://www.businessplus.kr/news/articleView.html?idxno=100454
2025-10-30,"INVEST,LAUNCH","""게이밍 위한 완성도 높은 성능"" HP 오멘 맥스 16 AMD 게이밍 노트북 [리...",https://it.chosun.com/news/articleView.html?idxno=2023092149859
2025-10-30,"INVEST,LAUNCH","매직리프, 안드로이드 XR 스마트글래스 프로토타입 공개…구글 협력 강...",https://www.digitaltoday.co.kr/news/articleView.html?idxno=600882
2025-10-30,"CERT,INVEST,LAUNCH,ORDER,PARTNERSHIP,REGUL",[Who Is ?] 조현범 한국앤컴퍼니 대표이사 회장,https://www.businesspost.co.kr/BP?command=article_view&num=417602
2025-10-30,LAUNCH,"[경주 APEC]트라이폴드폰·HBM4 등 첨단 기술, 세계가 '주목'",https://www.newsis.com/view/NISX20251029_0003382166
2025-10-31,LAUNCH,K컬처로 물든 BMO…손흥민 효과…K팝·한인 맛집 음식·굿즈도,https://www.koreadaily.com/article/20251030215827547
2025-10-31,"INVEST,LAUNCH","HDC현대산업개발, 3250세대 대단지 '운정 아이파크 시티' 견본주택 개관",https://www.smarttoday.co.kr/news/articleView.html?idxno=95064
2025-10-31,LAUNCH,"HDC현대산업개발, '운정 아이파크 시티' 견본주택 개관",https://www.bizwork.co.kr/news/articleView.html?idxno=408284
2025-10-31,LAUNCH,"HDC현대산업개발, 운정 아이파크 시티 견본주택 31일 오픈",http://www.ikld.kr/news/articleView.html?idxno=323098
2025-10-30,"CERT,LAUNCH,PARTNERSHIP,REGUL",[브리프]롯데백화점 신세계 이마트 롯데마트 홈플러스 쿠팡 外,http://www.biztribune.co.kr/news/articleView.html?idxno=342583
2025-10-30,LAUNCH,"[경주 APEC] VIP들 ""경주의 품격있는 서비스 깊은 인상 받았다""",https://www.idaegu.co.kr/news/articleView.html?idxno=528091
2025-10-30,"CERT,LAUNCH,PARTNERSHIP,REGUL",[유통가 브리프] 롯데백화점 신세계백화점 현대백화점 롯데마트 쿠팡 이...,https://www.s-journal.co.kr/news/articleView.html?idxno=35072
2025-10-30,LAUNCH,"백화점 3사, 크리스마스 특수 잡기 총력전…""공간·체험 경쟁 본격화""",https://www.straightnews.co.kr/news/articleView.html?idxno=285014
2025-10-30,"CERT,LAUNCH,PARTNERSHIP",[오늘의 여가] 하얏트호텔·트래블월렛,http://www.financialreview.co.kr/news/articleView.html?idxno=37925
2025-10-30,"CERT,LAUNCH","신세계·롯데·현대 백화점 3사, 연말 '크리스마스 콘텐츠 전쟁' 돌입…...",http://www.newslock.co.kr/news/articleView.html?idxno=118404
2025-10-30,"CERT,LAUNCH","11월 첫 주말, 다양한 인천 축제, 콘서트·영화제·북페스티벌",http://www.incheonin.com/news/articleView.html?idxno=113317
2025-10-31,LAUNCH,"이제 올라갈 일만 남았다...롯데하이마트, 3분기 연속 수익성 개선",http://www.fnnews.com/news/202510311134477418
2025-10-31,LAUNCH,"롯데하이마트, 3분기 연속 수익성 개선… ""핵심 4대 전략 효과 본격화""",http://www.kdfnews.com/news/articleView.html?idxno=169505
2025-10-31,LAUNCH,"롯데하이마트, 3분기 연속 수익성 개선…누계 영업이익 184억 흑자",https://www.seoultimes.news/news/article.html?no=2000083961
2025-10-31,LAUNCH,"롯데하이마트, 3Q 영업이익 190억…일회성 요인 제외시 수익 개선",https://www.topdaily.kr/articles/106330
2025-10-31,LAUNCH,"가전 수요 둔화에도 '선방'...롯데하이마트, 3분기 영업이익 190억",https://www.mt.co.kr/living/2025/10/31/2025103109280184296
2025-10-31,LAUNCH,"롯데하이마트, 3분기 연속 수익성 개선 계속…""누계 영업이익 184억 흑자...",http://www.bizwnews.com/news/articleView.html?idxno=114908
2025-10-31,"INVEST,LAUNCH,ORDER","롯데하이마트 3분기 영업이익 190억으로 39.3% 감소, ""일회성 요인 제외...",https://www.businesspost.co.kr/BP?command=article_view&num=417910
2025-10-31,LAUNCH,"롯데하이마트, 3분기 영업익 190억…전년比 39.3%↓",http://www.hansbiz.co.kr/news/articleView.html?idxno=787557
2025-10-31,LAUNCH,"롯데하이마트, 3Q 영업익 190억원…3분기 연속 수익성 개선",https://view.asiae.co.kr/article/2025103110134268382
2025-10-31,LAUNCH,"롯데하이마트, 3분기 영업익 190억…밸류업 전략 박차",http://www.edaily.co.kr/news/newspath.asp?newsid=04008166642338496
2025-10-31,LAUNCH,"롯데하이마트, 3분기 연속 수익성 개선 지속…누계 영업이익 184억 흑자",http://www.srtimes.kr/news/articleView.html?idxno=188686
2025-10-31,LAUNCH,"롯데하이마트, 3분기 연속 수익성 개선 지속...누계 영업익 184억 흑자",https://www.asiaa.co.kr/news/articleView.html?idxno=228482
2025-10-31,"INVEST,LAUNCH","롯데하이마트, 3분기 연속 수익성 개선 지속 … 누계 영업익 184억 흑자",https://biz.newdaily.co.kr/site/data/html/2025/10/31/2025103100086.html
2025-10-31,LAUNCH,"롯데하이마트, 3분기 연속 수익성 개선 지속...누계 영업이익 184억 흑자...",http://www.popcornnews.net/news/articleView.html?idxno=99613
2025-10-31,"INVEST,ORDER","삼성전자, 3분기 반도체 매출 33조 돌파…HBM3E 효과 본격화",https://www.epnc.co.kr/news/articleView.html?idxno=324106
2025-10-31,"INVEST,LAUNCH,ORDER","삼성전자, 5분기 만의 '10조 클럽' 화려한 복귀…반도체 7조",https://www.apnews.kr/news/articleView.html?idxno=3041733
2025-10-31,LAUNCH,"삼성 TV, 디즈니 플러스 'HDR10+' 지원 시작",https://www.kpinews.kr/newsView/1065563184648428
2025-10-30,"INVEST,LAUNCH,ORDER","삼성전자, 3분기 86.1조원..역대 최대 분기 매출",https://www.kdpress.co.kr/news/articleView.html?idxno=200322
2025-10-30,"LAUNCH,ORDER","삼성전자, 3분기 영업이익 12.2조",https://www.idaegu.co.kr/news/articleView.html?idxno=528114
2025-10-30,"INVEST,LAUNCH,ORDER",“십만전자에 부스터 달아주나”…삼성전자 반도체서만 영업익 7조,https://www.mk.co.kr/article/11456146
2025-10-30,"INVEST,LAUNCH,ORDER","삼성전자, 올해 3분기 실적 발표… 영업이익 12조2000억원",https://www.siminilbo.co.kr/news/newsview.php?ncode=1160297530982212
2025-10-30,"INVEST,LAUNCH,ORDER","1등 DNA 부활한 삼성전자 …""HBM4로 AI반도체 판 흔들겠다""",https://www.mk.co.kr/article/11455946
2025-10-31,LAUNCH,"동국대 연구팀, 자연 유래 규조토로 OLED 발광효율 획기적 향상 기술 개...",http://www.newstnt.com/news/articleView.html?idxno=548982
2025-10-31,"CERT,INVEST,LAUNCH",화장품부터 로봇까지...'K-테크·뷰티'에 이목 집중,https://science.ytn.co.kr/program/view.php?mcd=0082&hcd=&key=202510311102543873
2025-10-31,LAUNCH,"""카니발 잡을 신차 온다"" 지커, 전기 미니밴 '믹스' 국내 포착. 국내 출...",https://www.autodaily.co.kr/news/articleView.html?idxno=538429
2025-10-31,"CERT,LAUNCH,ORDER,REGUL","[CNB뉴스 위클리픽-중화학] HD현대중공업, 장보고-Ⅱ 성능개량사업 수주...",https://www.cnbnews.com/news/article.html?no=758256
2025-10-31,LAUNCH,'스마트·경관·미디어'까지…DDP서 한눈에 본 도시조명 혁신,https://www.electimes.com/news/articleView.html?idxno=361294
2025-10-31,"CERT,LAUNCH,REGUL",공존을 위한 일상을 디자인하다: 2025 대민한국 공공디자인대상,https://vmspace.com/report/report_view.html?base_seq=MzYxMA==
2025-10-31,"INVEST,ORDER","현대모비스, ‘美 관세폭탄’에 올해 3분기 영업이익 7803억 원···1년 ...",https://www.munhwa.com/article/11543395?ref=naver
2025-10-31,INVEST,"최윤범 고려아연 회장, ""전략광물 해법 있다"" 한미 공급망 협력 강화 선...",https://www.handmk.com/news/articleView.html?idxno=33709
2025-10-31,"LAUNCH,PARTNERSHIP","아우디, 프리미엄 전동화 플랫폼 첫 세단 'A6 e-트론' 출시…시장 공략",https://www.news1.kr/industry/auto-industry/5960218
2025-10-31,PARTNERSHIP,"LG화학, 獨 자이스와 '포토폴리머 필름' 사업 협력 맞손",https://www.straightnews.co.kr/news/articleView.html?idxno=285202
2025-10-31,"CERT,INVEST,LAUNCH",[자막뉴스] 백악관 대변인도 반했다...APEC에 최신 기술 총집결,https://www.ytn.co.kr/_ln/0134_202510310821162523
2025-10-31,PARTNERSHIP,"LG화학, 獨 자이스와 맞손…‘포토폴리머 필름’ 사업 협력",https://www.ekn.kr/web/view.php?key=20251030022371535
2025-10-31,"INVEST,PARTNERSHIP","최윤범, APEC서 전략광물 공급망 강조…""경제안보 모델 만들 것""",https://www.apnews.kr/news/articleView.html?idxno=3041725
2025-10-30,"INVEST,PARTNERSHIP","최윤범 고려아연 회장 ""전략광물 공급망 통해 한미 경제안보 모범사례 ...",http://www.hansbiz.co.kr/news/articleView.html?idxno=787415
2025-10-30,"ORDER,PARTNERSHIP","LG화학, 독일 자이스와 '포토폴리머 필름' 사업 협력 계약 체결",https://www.newscj.com/news/articleView.html?idxno=3334285
2025-10-30,"INVEST,LAUNCH",세계로 향하는 'K-테크'···두 번 접는 폰·자율주행 휠체어,https://www.ktv.go.kr/content/view?content_id=740482
2025-10-30,PARTNERSHIP,"LG화학, 獨 자이스와 '포토폴리머 필름' 사업 협력",https://www.greenpostkorea.co.kr/news/articleView.html?idxno=304669
2025-10-30,"ORDER,PARTNERSHIP","LG화학, 獨 자이스와 '포토폴리머 필름' 협력 계약 체결",https://www.lcnews.co.kr/news/articleView.html?idxno=114732
2025-10-30,"INVEST,PARTNERSHIP","[2025 APEC] 최윤범 고려아연 회장 ""중국 의존 벗어난 공급망, 韓美가 해...",http://www.biztribune.co.kr/news/articleView.html?idxno=342578
2025-10-30,PARTNERSHIP,"LG화학, 獨 자이스와 ‘포토폴리머 필름’ 사업 협력",http://www.lawissue.co.kr/view.php?ud=202510301803292042f4ab64559d_12
2025-10-30,"INVEST,PARTNERSHIP","최윤범 고려아연 회장 ""고려아연, 전략광물 문제 해결할 대안 갖고 있다...",https://sports.hankooki.com/news/articleView.html?idxno=6914498
2025-10-30,"INVEST,LAUNCH",[DD퇴근길] 카톡 업데이트·사법리스크…'카카오 대표 연임' 변수로,https://www.ddaily.co.kr/page/view/2025103017063219631
2025-10-30,LAUNCH,[르포] APEC 현장에서 만난 '혁신의 장'…제품이 아닌 작품,https://www.imaeil.com/page/view/2025102915463116215
2025-10-31,"INVEST,REGUL","SK네트웍스, 인크로스 지분 36% 인수…""시너지 창출할 것""",https://www.cnbnews.com/news/article.html?no=758343
2025-10-31,INVEST,"SK네트웍스, 인크로스 지분 36% 인수… AI  기반 사업 시너지 본격화",https://www.thepowernews.co.kr/view.php?ud=20251031140332896de3f0aa1be_7
2025-10-31,LAUNCH,'서울반도체·일진글로벌·타타대우' 총 12개사 동반성장 미흡 '낙제',http://www.shinailbo.co.kr/news/articleView.html?idxno=2138506
2025-10-31,"INVEST,REGUL","SK네트웍스, 인크로스 지분 36% 인수…"" AI 로 광고 사업 고도화""",https://zdnet.co.kr/view/?no=20251031131624
2025-10-31,LAUNCH,"[금융 단신] 신한라이프, '사망보험금 유동화 서비스' 출시 外",http://www.dailypop.kr/news/articleView.html?idxno=92683
2025-10-31,REGUL,"SK네트웍스, 인크로스 지분 36% 인수 의결…""시너지 창출 및 사업 혁신 ...",http://www.bizwnews.com/news/articleView.html?idxno=114947
2025-10-31,"INVEST,REGUL","SK네트웍스, '인크로스' 지분 36% 392억에 인수키로",http://www.popcornnews.net/news/articleView.html?idxno=99695
2025-10-31,"INVEST,LAUNCH","엔비디아, K-POP 광장을 ‘지포스’의 녹색 물결로 물들이다",https://www.donga.com/news/It/article/all/20251031/132676994/1
2025-10-31,"INVEST,REGUL","SK네트웍스, 미디어렙 사업자 인크로스 지분 36% 인수 의결",https://www.thedailypost.kr/news/articleView.html?idxno=111639
2025-10-31,"INVEST,LAUNCH","주식고수 매수 4위 '불확실성 해소 목표가 상향 신고가 경신' 현대차, 2...",https://www.widedaily.com/news/articleView.html?idxno=281667
2025-10-31,"INVEST,REGUL","SK네트웍스, '인크로스' 지분 36% 인수 의결",http://www.koreastocknews.com/news/articleView.html?idxno=114706
2025-10-31,"INVEST,REGUL","SK네트웍스, '인크로스' 지분 36% 인수 의결…""시너지 창출, 사업혁신 추...",https://www.epnc.co.kr/news/articleView.html?idxno=324126
2025-10-31,"INVEST,LAUNCH",[이재용 취임 3주년 ②] 불황에도 '인재제일·기술중시' 철학 계승,http://www.newsprime.co.kr/news/article.html?no=709801
2025-10-31,REGUL,"SK네트웍스, '인크로스' 지분 36% 392억에 인수",https://dealsite.co.kr/articles/150550
2025-10-31,INVEST,"삼성전자 두고 '동상이몽' 심화…기관 매수세 강화, 외인 매도 지속",http://www.newstnt.com/news/articleView.html?idxno=549153
2025-10-31,"INVEST,LAUNCH",외국인 '팔자' vs 기관 '사자'…삼성전자 두고 엇갈린 시선,http://www.newstnt.com/news/articleView.html?idxno=549120
2025-10-31,"CERT,INVEST,LAUNCH",거래처·신고진행 관리를 체계적으로…IT 세무기장 플랫폼 '온리원',https://www.taxtimes.co.kr/news/article.html?no=272191
2025-10-31,LAUNCH,재계 인사 시즌 본격 개막…화두는 성과주의·미래 경쟁력,https://news.tf.co.kr/read/economy/2257774.htm
2025-10-31,LAUNCH,"LG디스플레이 , 3분기 실적 흑자전환...주가 5% 상승",https://www.gukjenews.com/news/articleView.html?idxno=3415406
2025-10-31,INVEST,"외국인, 삼성전자 '매도' 전환… LG디스플레이  집중 매수",http://www.newstnt.com/news/articleView.html?idxno=548997
2025-10-31,"INVEST,LAUNCH,ORDER","[오늘의 증시리포트] 브이티, 리들샷 필두로 해외 확장 진행 중",https://www.etoday.co.kr/news/view/2520616
2025-10-31,"INVEST,LAUNCH,REGUL",[더벨][thebell League Table/2025 이사회 평가]상위 30위권  LG 계열 전무…...,https://www.thebell.co.kr/free/content/ArticleView.asp?key=202510281440428280102155
2025-10-31,"INVEST,ORDER","[코스피·코스닥,KB금융 삼성전자 현대차 SK텔레콤 한미약품 HD현대중공...",https://www.public25.com/news/articleView.html?idxno=33085
2025-10-31,LAUNCH,"삼성 전자 14년, SKT 13년 연속…40개사 동반성장 ‘최우수’",https://biz.heraldcorp.com/article/10606038?ref=naver
2025-10-31,LAUNCH,롯데백화점·롯데웰푸드 동반성장 '최우수'...파리크라상 '양호' 등급으...,https://www.pinpointnews.co.kr/news/articleView.html?idxno=390607
2025-10-31,LAUNCH,"삼성 전자, 14년 연속 동반성장지수 '최우수'...19개사 명예기업 선정",https://www.ajunews.com/view/20251031104211309
2025-10-31,INVEST,"삼성 D, 동반성장지수 평가서 8년 연속 최우수 등급",https://www.etnews.com/20251031000265
2025-10-31,"CERT,INVEST",8%만 받은 동반성장 최우수 등급... 삼성 D도 획득,http://www.fnnews.com/news/202510311341231855
2025-10-31,"INVEST,REGUL",英 암호화폐 ETN 시장 개방…개인투자자도 진입 가능,https://www.digitaltoday.co.kr/news/articleView.html?idxno=601325
2025-10-31,INVEST,잇따르는 '美사모대출 부실' 경고음…이번엔 블랙록 자회사 6000억원 사...,https://www.sedaily.com/NewsView/2GZE44XBGP
2025-10-30,LAUNCH,중국 추격에도 견고한 'K-OLED' 경쟁력…애플도 돕는다,https://www.joongang.co.kr/article/25378191
2025-10-30,"INVEST,LAUNCH","LGD, 4년만에 연간 흑자 눈앞…""OLED 체질개선 지속""",https://it.chosun.com/news/articleView.html?idxno=2023092149972
2025-10-30,INVEST,“여러분의 언어로 투표하세요”,https://www.koreadaily.com/article/20251029194709275
2025-10-30,"INVEST,LAUNCH",[글로벌 마켓 리포트 10월 30일],https://www.newspim.com/news/view/20251030000074
2025-10-30,"INVEST,LAUNCH",[N2 뷰] 中 디스플레이 5년 간 줄줄이 적자...삼성·LG디스플레이 위기 ...,https://www.news2day.co.kr/article/20251027500271
2025-10-30,"INVEST,LAUNCH","[채권/외환] 미 국채금리 급등…파월 ""12월 금리 인하 확정 아냐"" 발언에...",https://www.newspim.com/news/view/20251030000028
2025-10-30,"INVEST,LAUNCH","LG디스플레이, 3분기 영업이익 4310억⋯4년 만에 흑자 전환 가시화",https://www.viva100.com/article/20251030501241
2025-10-30,"INVEST,LAUNCH","LGD, 4년 만의 연간 흑전 '파란불'... 3Q 영업익 4310억원(종합)",https://www.dailian.co.kr/news/view/1566546/?sc=Naver
2025-10-30,INVEST,"LG디스플레이, 3분기 4310억 '흑전'…""턴어라운드 가시화""(종합)",https://www.newsis.com/view/NISX20251030_0003383889
2025-10-30,INVEST,"'정철동 매직' LGD, 3Q 영업익 4310억…4년만 '턴어라운드' 확정적(종합...",https://www.news1.kr/industry/electronics/5959572
2025-10-30,LAUNCH,[컨콜] LG디스플레이 “워치용 OLED 패널 공급 확대⋯프리미엄 웨어러블...,https://www.viva100.com/article/20251030501214
2025-10-30,INVEST,"[IR] LGD ""스마트워치 패널 공급자 지위 상승…공급 물량 확대""",https://www.news1.kr/industry/electronics/5959407
2025-10-30,LAUNCH,"[컨콜] LG디스플레이 ""스마트폰워치용 패널 물량 확대...시장 입지↑""",https://daily.hankooki.com/news/articleView.html?idxno=1289285
2025-10-31,"LAUNCH,PARTNERSHIP",열병식에 담긴 '우리는 과거의 북한이 아니다’,https://www.sisain.co.kr/news/articleView.html?idxno=56632
2025-10-31,LAUNCH,"""갤럭시S26, 중요한 알림 이렇게 보여준다""",https://zdnet.co.kr/view/?no=20251031133603
2025-10-31,"INVEST,LAUNCH",3분기 중국 스마트폰 출하 3.3% 감소… 애플  유일 성장 기록,https://www.ddaily.co.kr/page/view/2025103114233718514
2025-10-31,LAUNCH,"롯데하이마트, 3분기 영업익 190억...연속 수익성 개선 지속",https://www.newspost.kr/news/articleView.html?idxno=218164
2025-10-31,INVEST,"넷플릭스, 워너 브라더스 인수 검토",https://www.khgames.co.kr/news/articleView.html?idxno=245920
2025-10-31,"INVEST,LAUNCH,PARTNERSHIP",중고폰서  애플  최고 시세…삼성 S시리즈 ASP 반등 확인,https://www.ddaily.co.kr/page/view/2025103114204267570
2025-10-31,LAUNCH,"믿음으로 다시, 무대 위로 '엔카이브', 2집 'BELIEVE'로 글로벌 팬 맞이",https://www.sisamagazine.co.kr/news/articleView.html?idxno=519915
2025-10-31,LAUNCH,"G마켓, 11월1일 ‘빅스마일데이’ 개막…할인지원 550억, 특가상품 3천만...",https://www.kgnews.co.kr/news/article.html?no=871763
2025-10-31,LAUNCH,[현장] “망치 들고 보스전에 도전” 홍대서 열린 ‘붉은사막’ 세계관,http://www.fntimes.com/html/view.php?ud=2025103114074289317fd637f543_18
2025-10-31,LAUNCH,"롯데웰푸드, 2030세대 겨냥한 이색 체험...성수동에 '자일리톨 팝업스토...",https://www.mhns.co.kr/news/articleView.html?idxno=729586
2025-10-31,LAUNCH,"넷마블, 자체 IP 신작 연이은 흥행… '세븐나이츠 리버스' 글로벌 시장 ...",https://it.chosun.com/news/articleView.html?idxno=2023092150052
2025-10-31,LAUNCH,"'금리인상 신중론'에 닛케이, 사상 첫 5만2천선 돌파",http://www.fnnews.com/news/202510311355356624
2025-10-31,LAUNCH,"캠코, 2천 914억원 규모 압류재산 1천 299건 공매",https://www.busan.com/view/busan/view.php?code=2025103114075411428
2025-10-31,"LAUNCH,PARTNERSHIP","애플 뮤직, 거장 지휘자 카라얀·베를린 필하모닉 함께한 워너클래식 디...",https://www.sportsworldi.com/newsView/20251031509351
2025-10-31,LAUNCH,"SPC 쉐이크쉑, 겨울시즌 한정 '스노우 치즈 쉑' 등 선봬",https://www.goodkyung.com/news/articleView.html?idxno=275567
2025-10-31,"CERT,INVEST,LAUNCH,ORDER","삼성, ""HBM 내년 증산 계획까지 검토""…SK와 진검승부 예고",http://www.seoulwire.com/news/articleView.html?idxno=678037
2025-10-31,"PARTNERSHIP,REGUL",철통경호 속 ‘셔터 찬스’ 아낌없이…젠슨 황은 고단수였다[청계천옆...,https://www.donga.com/news/Culture/article/all/20251031/132677609/1
2025-10-31,INVEST,"SK하이닉스, 시총 비중 10% 돌파...투자한도 확대 적용",https://www.sentv.co.kr/article/view/sentv202510310134
2025-10-31,LAUNCH,“더 비싼 순살만 먹던 나 반성”…‘8300조 회동’에 온라인 후끈,https://www.donga.com/news/Society/article/all/20251031/132676837/2
2025-10-31,"INVEST,LAUNCH",현대오토에버 주가 파죽지세... '깐부 회동'이후 AI 협력 기대감,https://www.pinpointnews.co.kr/news/articleView.html?idxno=390620
2025-10-31,LAUNCH,"'이재용X젠슨황X정의선' 치킨 값은 누가 계산?…""오늘 저녁은 공짜""",https://economist.co.kr/article/view/ecn202510310037
2025-10-31,"INVEST,LAUNCH","SK하이닉스, 시총 비중 10% 돌파…투자한도 확대 적용",http://www.edaily.co.kr/news/newspath.asp?newsid=04811766642338496
2025-10-31,INVEST,56만닉스 돌파에 시총 껑충… 코스피 비중 10% 넘어 투자한도 확대,https://www.moneys.co.kr/article/2025103113515846357
2025-10-31,INVEST,"젠슨 황, 이재용, 정의선 ‘치맥회동’에 글로벌 브랜드 홍보 수혜 입은...",https://weekly.donga.com/3/all/11/5934382/1
2025-10-31,"INVEST,LAUNCH,ORDER,PARTNERSHIP","젠슨 황, 반도체 빅딜…피지컬AI 동맹 유력",https://www.wowtv.co.kr/NewsCenter/News/Read?articleId=A202510310476&t=NNv
2025-10-31,INVEST,"[단독] 삼성  초년생 전세사기로 등친 현직 검찰 수사관, 체포영장 발부",https://www.mt.co.kr/society/2025/10/31/2025103109023071819
2025-10-31,LAUNCH,"신아영, 젠슨 황 엔비디아 CEO 만났다!···“셀카 찍은 거 봐줄래?”[...",https://sports.khan.co.kr/article/202510311420003?pt=nv
2025-10-31,INVEST,"SK하이닉스, 시총 비중 10% 돌파…펀드 투자 한도 확대",https://www.mt.co.kr/stock/2025/10/31/2025103114173850517
2025-10-31,INVEST,"SK하이닉스, 시가총액 비중 10% 돌파...투자한도 확대 적용",http://www.fnnews.com/news/202510311413474193
2025-10-31,LAUNCH,APEC 그 후…역사적 순간 함께한 장소들 어떻게 활용하나 [경주 APEC],https://www.joongang.co.kr/article/25378527
2025-10-31,LAUNCH,"동반성장위원회, 230개 대·중견기업 '24년도 동반성장지수 발표",http://www.intn.co.kr/news/articleView.html?idxno=2046877
2025-10-31,LAUNCH,"동반위, 배달앱 포함 못 한 ‘반쪽짜리’ 동반성장지수 발표",http://www.edaily.co.kr/news/newspath.asp?newsid=04769126642338496
2025-10-31,INVEST,"LG전자 , 3분기 영업익 8.4% 감소…가전·전장 사업이 실적 방어",https://it.chosun.com/news/articleView.html?idxno=2023092150065
2025-10-31,"INVEST,LAUNCH,ORDER","LG전자 , 미국 관세 영향에도 '실적 선방'...3Q 영업이익 6889억",https://www.getnews.co.kr/news/articleView.html?idxno=846986
2025-10-31,"INVEST,ORDER","LG전자  3분기 영업이익 6900억 8% 감소, 가전과 전장 역대 최대 실적",https://www.businesspost.co.kr/BP?command=article_view&num=417956
2025-10-31,"INVEST,LAUNCH,ORDER","LG전자 , 3분기 영업익 6889억원… 가전·전장 '선방'(종합)",https://www.newscj.com/news/articleView.html?idxno=3334642
2025-10-31,INVEST,"[2보]  LG전자 , 3분기 영업익 8.4% 떨어진 6889억원...""美 관세에도 선전""",https://www.pointdaily.co.kr/news/articleView.html?idxno=277397
2025-10-31,ORDER,"LG전자 , 3분기 영업이익 6889억⋯전장·가전 ‘선전’",https://www.viva100.com/article/20251031500660
2025-10-31,"INVEST,LAUNCH,ORDER",LG전자  3분기 영업익 6889억…전장·가전이 버텼다,https://www.mk.co.kr/article/11456639
2025-10-31,"INVEST,LAUNCH,ORDER,PARTNERSHIP","'트럼프 관세'에도  LG  가전 ""선방""…영업익 전년비 8.4% 감소 [종합]",https://www.hankyung.com/article/202510315827g
2025-10-31,"LAUNCH,PARTNERSHIP","LG전자  3분기 영업익 6천889억원…가전·전장 선전, TV는 적자(종합)",https://www.yna.co.kr/view/AKR20251031098002527?input=1195m
2025-10-31,INVEST,"""관세 장벽·전기차 캐즘 뚫었다""  LG전자 , 3분기 영업익 6889억원",https://www.econovill.com/news/articleView.html?idxno=716788
2025-10-31,ORDER,"LG전자 , 3분기 영업이익 6889억원…가전·전장 ‘쌍끌이 선전’",https://www.joongang.co.kr/article/25378530
2025-10-31,"INVEST,LAUNCH,ORDER","""美 관세·전기차 캐즘 영향""... LG전자 , 영업익 8.4% 감소(종합)",http://www.fnnews.com/news/202510311412284996
2025-10-31,"INVEST,LAUNCH,ORDER","LG전자 , 3Q 영업익 6889억원…""가전·전장 선전""",https://www.ebn.co.kr/news/articleView.html?idxno=1684697
2025-10-31,LAUNCH,"조주완  LG전자  사장, 구글과 AI 협력 확대 논의…AWS·인텔이어 빅테크 ...",https://www.theguru.co.kr/news/article.html?no=93725
2025-10-31,LAUNCH,"LG전자  웹 예능 ‘더럽(The Love) 프로젝트’, 1편 유튜브 조회수 120만 ...",https://isplus.com/article/view/isp202510310125
2025-10-31,"INVEST,LAUNCH,ORDER","LG전자 , 3분기 영업익 6889억원...전년比 8% 즐어",http://www.inews24.com/view/1902059
2025-10-31,"INVEST,ORDER,PARTNERSHIP","LG전자  조주완號, 3분기 매출 21.8조·영업이익 6889억...가전·전장 ‘쌍...",https://www.seoultimes.news/news/article.html?no=2000083972
2025-10-31,"INVEST,ORDER","“가전은 역시”  LG전자 , 3분기 최대 매출 기록…가전·전장 부문 실적...",https://www.mydaily.co.kr/page/view/2025103114174963807
2025-10-31,"INVEST,LAUNCH,REGUL",관세 협상 타결에도 K-가전 '시름'···고부가 전략으로 활로 찾는다,https://www.seoulfn.com/news/articleView.html?idxno=611046
2025-10-31,LAUNCH,"후면 디스플레이로 게임까지?…샤오미17 프로, 새로운 업데이트 공개",https://www.digitaltoday.co.kr/news/articleView.html?idxno=601303
2025-10-30,LAUNCH,[2025 고객신뢰도 1위 프리미엄 브랜드] 아스트노바,https://www.forbeskorea.co.kr/news/articleView.html?idxno=400904
2025-10-31,"CERT,INVEST","""초코파이에서 항암제까지""…오리온의 바이오 도전",https://www.ngetnews.com/news/articleView.html?idxno=539733
2025-10-31,"CERT,LAUNCH","[오리온 바이오 8년] 바이오로직스, 덴탈바이오 상용화 첫 타깃 '베트남...",https://dealsite.co.kr/articles/150399
2025-10-30,INVEST,"“이게 LG 야구” 내·외야, 주전·백업 가리지 않는 ‘그물망 수비’…...",https://www.sportsseoul.com/news/read/1558815?ref=naver
2025-10-30,"INVEST,PARTNERSHIP,REGUL",[오리온 바이오 8년] 리스크 헷지…합작법인·기술이전 승부수,https://dealsite.co.kr/articles/150263
2025-10-31,LAUNCH,"2026년 'AI 실행 원년'…""AI 전환이 막막하다면 델을 찾으세요""",https://zdnet.co.kr/view/?no=20251031134958
2025-10-31,INVEST,"율호 주가, 연일 급등... 아마존 투자 소식에↑",https://www.ggilbo.com/news/articleView.html?idxno=1121355
2025-10-30,LAUNCH,"코오롱베니트, '산업안전 관제 시스템' 출시",https://www.koit.co.kr/news/articleView.html?idxno=203152
2025-10-30,"CERT,INVEST,LAUNCH,REGUL",부활을 준비하는 미국 반도체 공급망,https://www.forbeskorea.co.kr/news/articleView.html?idxno=400731
2025-10-30,LAUNCH,"코오롱베니트, 'AI 비전 인텔리전스' 올인원 어플라이언스 출시",https://www.hankyung.com/article/202510302510O
2025-10-30,LAUNCH,"코오롱베니트, 안전 관제 시스템 'AI 비전 인텔리전스' 출시",https://it.chosun.com/news/articleView.html?idxno=2023092149883
2025-10-30,INVEST,"율호 주가, 급등세... 웃음꽃 폈다",https://www.ggilbo.com/news/articleView.html?idxno=1121082
2025-10-30,LAUNCH,"코오롱베니트, ‘AI 비전 인텔리전스' 올인원 어플라이언스 출시",http://www.fnnews.com/news/202510300853139019
2025-10-31,"LAUNCH,PARTNERSHIP",e스포츠 종주국서 열린 지포스 25주년… 무대엔 젠슨 황·이재용·정의선...,https://it.chosun.com/news/articleView.html?idxno=2023092150051
2025-11-03,LAUNCH,휴대용 모니터 하나로 달라진 원격 근무…어디서든 ‘홈 오피스’가 된...,https://www.itworld.co.kr/article/4082249/휴대용-모니터-하나로-달라진-원격-근무-어디서든-홈.html
2025-10-31,LAUNCH,"젠슨 황 엔비디아 CEO의 '최애 가죽 자켓' 가격 보니... ""재산에 비해 검...",https://www.insight.co.kr/news/526878
2025-10-30,LAUNCH,"[현장] 코엑스를 초록색으로 물들이다, 지포스 게이머 페스티벌",https://www.gamevu.co.kr/news/articleView.html?idxno=52858
2025-10-31,LAUNCH,[풍경기] 지포스 파트너의 축제! '지포스 게이머 페스티벌' 체험존,https://www.inven.co.kr/webzine/news/?news=310879
2025-10-31,LAUNCH,경품으로 지포스 RTX 5090가 쏟아진! '지포스 게이머 페스티벌',https://game.donga.com/119927/
2025-10-31,"CERT,INVEST,LAUNCH,PARTNERSHIP","코트라, 국가 IR 인베스트코리아 서밋…키워드는 'AI 혁신·균형발전'",https://www.cstimes.com/news/articleView.html?idxno=675026
2025-10-30,"INVEST,LAUNCH","""한국 게이머 고마워요""…젠슨 황도 온 코엑스 '지포스 페스티벌'",https://www.g-enews.com/view.php?ud=202510301529273241c5fa75ef86_1
2025-10-30,"CERT,INVEST,LAUNCH,PARTNERSHIP","코트라, 인베스트 코리아 서밋서 역대 최대 외국인 투자유치",http://www.sisacast.kr/news/articleView.html?idxno=84650
2025-10-30,"INVEST,LAUNCH,PARTNERSHIP",APEC 연계 'IKS' 개최…12억弗 투자 유치,https://www.sedaily.com/NewsView/2GZDOUFQ3I
2025-10-30,"INVEST,LAUNCH,PARTNERSHIP","산업부·KOTRA, APEC 연계 ‘인베스트 코리아 서밋 2025’ 개최",https://www.mk.co.kr/article/11456010
2025-10-30,"INVEST,LAUNCH",오션윈즈 등 7개 업체 5억5000만 달러 투자,https://www.viva100.com/article/20251030500972
2025-10-30,"INVEST,LAUNCH,PARTNERSHIP","코트라, APEC 계기 역대 최대 투자 유치 성공",https://www.mt.co.kr/economy/2025/10/31/2025103011213328970
2025-10-30,"INVEST,LAUNCH,PARTNERSHIP,REGUL",국가 IR '인베스트 코리아 서밋' 개막… 토쿄 일렉트론 등 7개사 5.5억달...,http://www.metroseoul.co.kr/article/20251030500360
2025-10-30,"INVEST,LAUNCH,PARTNERSHIP",APEC 연계 'IKS' 개최…12억弗 투자유치,https://www.sedaily.com/NewsView/2GZDOKIQON
2025-10-30,"INVEST,LAUNCH,PARTNERSHIP","산업부, 역대 최대 규모 '인베스트 코리아 서밋' 개최",http://www.sisafocus.co.kr/news/articleView.html?idxno=349303
2025-10-30,LAUNCH,[패치] 성물 카드 호박 사탕 바구니를 노려라! 리니지M 10월 5주차 이슈,https://www.inven.co.kr/webzine/news/?news=310847
2025-10-30,"INVEST,REGUL","아마존웹서비스 이어 투자 '낭보'…글로벌 7개사, 5.5억달러 투자",https://www.asiatoday.co.kr/view.php?key=20251030010013082
2025-10-31,"LAUNCH,PARTNERSHIP","펄어비스, AMD 손잡고 ‘붉은사막 X AMD 팝업스토어 2025’ 개최",https://zdnet.co.kr/view/?no=20251031142524
2025-10-31,"INVEST,LAUNCH,ORDER","G마켓 11월1일 '빅스마일데이' 시작, 할인지원 550억 투입",https://www.businesspost.co.kr/BP?command=article_view&num=417944
2025-10-31,LAUNCH,"G마켓, 11월 1일 '빅스마일데이' 개막",http://www.koreastocknews.com/news/articleView.html?idxno=114708
2025-10-31,"INVEST,LAUNCH,PARTNERSHIP","G마켓, 11월1일 '빅스마일데이' 오픈",https://www.startuptoday.co.kr/news/articleView.html?idxno=532819
2025-10-31,"INVEST,LAUNCH",G마켓 '빅스마일데이' 행사 진행,http://www.smedaily.co.kr/news/articleView.html?idxno=342169
2025-10-31,"INVEST,LAUNCH","지마켓, 연중 최대 ‘빅스마일데이’ 실시…100만원 상당 쿠폰팩 지급",https://zdnet.co.kr/view/?no=20251031094544
2025-10-31,LAUNCH,"한국 레노버 , 엔비디아 그레이스 블랙웰 슈퍼칩 탑재 AI 워크스테이션 씽...",http://www.technoa.co.kr/news/articleView.html?idxno=100097
2025-10-31,"INVEST,LAUNCH","[CNB뉴스 위클리픽-게임] 넥슨, ‘NYPC 코드배틀’ 파이널 라운드 성료 ...",https://www.cnbnews.com/news/article.html?no=758241
2025-10-31,LAUNCH,[르포] 홍대서 먼저 만난 '붉은사막'…맛있게 맵다,http://www.smedaily.co.kr/news/articleView.html?idxno=342157
2025-10-31,"INVEST,LAUNCH","“550억 쏜다”...G마켓, 3천만개 특가",https://www.mk.co.kr/article/11456464
2025-10-31,"INVEST,LAUNCH","G마켓, 1일부터 ‘빅스마일데이’ 外 KT알파·스타필드·현대아울렛 [유...",https://www.kukinews.com/article/view/kuk202510310049
2025-10-31,"INVEST,LAUNCH","G마켓, 11월1일 ‘빅스마일데이’ 오픈…투자규모·고객혜택 모두 역대...",https://www.fetv.co.kr/news/article.html?no=204451
2025-10-31,"LAUNCH,PARTNERSHIP",[르포] 홍대서 만난 AMD와 '붉은사막' 펄어비스···'우리도 깐부야!',https://www.smartfn.co.kr/news/articleView.html?idxno=124445
2025-10-31,"CERT,INVEST,LAUNCH,PARTNERSHIP",[오늘의 장바구니] 롯데마트·신세계백화점·SGC솔루션·교원투어 외,http://www.newsprime.co.kr/news/article.html?no=709773
2025-10-31,LAUNCH,"G마켓, 역대급 혜택 쏟아지는 ‘빅스마일데이’ 진행",https://www.socialvalue.kr/news/view/1065576352542100
2025-10-31,"INVEST,LAUNCH","G마켓, 11월1일 '빅스마일데이' 오픈…할인지원 550억, 3천만개 특가",https://www.eroun.net/news/articleView.html?idxno=66019
2025-10-31,LAUNCH,"펄어비스, AMD와 함께 '붉은사막' 팝업 스토어 홍대에 오픈... 현장 이벤...",https://gamefocus.co.kr/detail.php?number=170609
2025-10-31,"INVEST,LAUNCH","G마켓, 11월1일 '빅스마일데이' 오픈…할인지원 550억·3000만개 특가",https://daily.hankooki.com/news/articleView.html?idxno=1289707
2025-10-31,LAUNCH,"엔비디아, 서울서 ‘지포스 게이머 페스티벌’ 개최…韓 게이머·파트너...",https://www.nspna.com/news/?mode=view&newsid=784579
2025-10-31,"INVEST,LAUNCH","엔비디아 ""한국은 e스포츠와 GPU 혁신의 중심""…지포스 25주년 행사 개최",https://www.thepublic.kr/news/articleView.html?idxno=281807
2025-10-31,"CERT,INVEST,LAUNCH,PARTNERSHIP,REGUL","MENA 시장 진출의 전략적 교두보, 요르단 게임 및 e스포츠 시장 트렌드",http://dream.kotra.or.kr/kotranews/cms/news/actionKotraBoardDetail.do?SITE_NO=3&MENU_ID=180&CONTENTS_NO=1&bbsGbn=243&bbsSn=243&pNttSn=235393
2025-10-31,LAUNCH,"에이수스, AI 슈퍼컴 'Ascent GX10' 국내 출시... 엔비디아 GB10 칩 탑재",https://kr.aving.net/news/articleView.html?idxno=1805539
2025-10-31,"INVEST,LAUNCH","엔비디아, 코엑스서 지포스 25주년 행사···엔씨·크래프톤 '신작 게임...",https://www.smartfn.co.kr/news/articleView.html?idxno=124459
2025-10-31,"INVEST,LAUNCH","엔비디아, 서울서 '지포스 게이머 페스티벌' 개최",https://gamefocus.co.kr/detail.php?number=170614
2025-10-31,LAUNCH,"에이수스, NVIDIA GB10 기반 AI 슈퍼컴퓨터 Ascent GX10 국내 출시",https://kbench.com/?q=node/272743
2025-10-31,"INVEST,LAUNCH","엔비디아, 서울서 '지포스 게이머 페스티벌' 개최…한국 게이머·파트너...",https://www.aitimes.kr/news/articleView.html?idxno=36996
2025-10-31,"INVEST,LAUNCH","엔비디아, 서울서 한국 게이머·파트너와 지포스 25주년 기념...젠슨 황...",http://www.efnews.co.kr/news/articleView.html?idxno=124424
2025-10-31,"INVEST,LAUNCH","엔비디아, 서울서 ‘지포스 게이머 페스티벌’ 개최",https://www.mydaily.co.kr/page/view/2025103108541404262
2025-10-31,"INVEST,LAUNCH","엔비디아, 코엑스가 들썩...한국 게이머-파트너와 지포스 25주년!",https://www.gametoc.co.kr/news/articleView.html?idxno=103396
2025-10-30,"INVEST,LAUNCH","이재용, 정의선 회장 만나고 바로 이동! 엔비디아, 한국서 '지포스 게이...",https://www.autodaily.co.kr/news/articleView.html?idxno=538416
2025-10-30,LAUNCH,"[르포]""이건 꼭 해봐야 해""…홍대에 '붉은사막 X AMD' 떴다",http://www.bizwnews.com/news/articleView.html?idxno=114869
2025-10-31,"LAUNCH,PARTNERSHIP",제27회 충청북도음식문화페스타 개최,http://news.mbccb.co.kr/home/sub.php?menukey=61&mod=view&RECEIVE_DATE=20251031&SEQUENCE=0059
2025-10-31,LAUNCH,"김희선·한혜진·진서연, 난장판 생일파티…'다음생은 없으니까' ""현실...",https://www.gpkorea.com/news/articleView.html?idxno=135663
2025-10-31,LAUNCH,시신경척수염에 내달 울토미리스 '급여'…2회 이상 재발 때 적용 '문제',https://www.koreahealthlog.com/news/articleView.html?idxno=54405
2025-10-31,LAUNCH,'착한 여자 부세미' 전여빈-진영-현규리 작가-박유영 감독이 선택한 최...,https://www.vegannews.co.kr/news/article.html?no=338777
2025-10-31,LAUNCH,"'모여봐요 동물의숲', 스위치2 버전과 3.0 업데이트 발표",https://www.gamevu.co.kr/news/articleView.html?idxno=52905
2025-10-31,LAUNCH,"'54세' 고현정, 건강 이상설 그 후…근황 전해졌다 [RE:스타]",https://www.tvreport.co.kr/star/article/953948/
2025-10-31,"CERT,LAUNCH,REGUL","확산되는 비건의 가치, '세계 비건의 날'이 던지는 메시지",https://www.vegannews.co.kr/news/article.html?no=338032
2025-10-31,LAUNCH,VESA “디스플레이포트 2.1b 표준 연말 업데이트”,https://www.etnews.com/20251031000268
2025-10-31,LAUNCH,"알리익스프레스, 2030 여성 중심으로 브랜드 선호도 상승",https://www.joongangenews.com/news/articleView.html?idxno=461562
2025-10-31,LAUNCH,"삼성전자, 11월 한 달간 ‘코리아세일페스타’ 동참…소상공인 특별전도...",https://www.thepowernews.co.kr/view.php?ud=202510311340299570de3f0aa1be_7
2025-10-31,LAUNCH,"삼성·LG전자, 코리아세일페스타 참여...TV·가전 할인",https://www.delighti.co.kr/news/articleView.html?idxno=104925
2025-10-31,LAUNCH,"무신사 트레이딩, 잔스포츠 신세계백화점 센텀시티점 신규 오픈",https://www.cstimes.com/news/articleView.html?idxno=675254
2025-10-31,"INVEST,LAUNCH","[지포스 게이머 페스티벌 현장] 젠슨 황, ""엔비디아의 시작은 韓게이머...",https://www.ekoreanews.co.kr/news/articleView.html?idxno=82808
2025-10-31,LAUNCH,한동훈 전 대표에게 '새벽배송 금지' 공개토론을 요청한다,https://www.pressian.com/pages/articles/2025103113044786175?utm_source=naver&utm_medium=search
2025-10-31,"CERT,INVEST,LAUNCH,ORDER,PARTNERSHIP,REGUL","[재계는 지금] 삼성전자, 제56주년 창립기념식 개최 外",https://dealsite.co.kr/articles/150570
2025-10-31,LAUNCH,"삼성전자, 11월 한달간 '코리아세일페스타' 진행",https://idsn.co.kr/news/view/1065586109888577
2025-10-31,LAUNCH,"삼성전자, 11월 1일부터 '2025 코리아세일페스타' 실시",https://www.g-enews.com/view.php?ud=2025103109440382646ed0c62d49_1
2025-10-31,LAUNCH,"무신사, 신세계 센텀시티몰에 '잔스포츠' 개점",http://www.smedaily.co.kr/news/articleView.html?idxno=342178
2025-10-31,LAUNCH,"삼성전자, '2025 코리아세일페스타' 진행",https://www.ziksir.com/news/articleView.html?idxno=110125
2025-10-31,LAUNCH,"미국 캘리포니아 박물관도 털렸다…""소장품 1천 점 이상 도난""",http://www.yonhapnewstv.co.kr/AKR20251031120538YVR
2025-10-31,"CERT,PARTNERSHIP","동아ST, CPHI Worldwide 2025 참가…파트너십 확대",https://www.pinpointnews.co.kr/news/articleView.html?idxno=390623
2025-10-31,LAUNCH,"HDC현대산업개발, 운정 아이파크 시티 견본주택 개관",https://www.mt.co.kr/estate/2025/10/31/2025103113303890912
2025-10-31,PARTNERSHIP,"우리은행, 우리WON뱅킹으로 해외 결제 간편화",http://www.newsbrite.net/news/articleView.html?idxno=194276
2025-10-31,ORDER,"페이크아이즈, KMF 2025서 AI 기반 시각장애인 보행 보조기기 알린다... ...",https://kr.aving.net/news/articleView.html?idxno=1805550
2025-10-31,"CERT,PARTNERSHIP","동아에스티, CPHI 2025서 글로벌 파트너십 확대…터키·동유럽 진출 성과",https://www.ngetnews.com/news/articleView.html?idxno=539794
2025-10-31,"CERT,PARTNERSHIP","동아ST, 'CPHI Worldwide 2025'서 글로벌 파트너십 확대",http://www.newsdream.kr/news/articleView.html?idxno=98915
2025-10-31,INVEST,"체성분 분석 1위 인바디와 전략적 협력…네이버, 디지털 헬스케어 혁신...",https://www.pinpointnews.co.kr/news/articleView.html?idxno=390615
2025-10-31,REGUL,"강화군시설관리공단 노인문화센터, 하반기 '프로그램 간담회' 개최",https://www.kmaeil.com/news/articleView.html?idxno=615570
2025-10-31,PARTNERSHIP,"우리은행, ㈜큐뱅과 손잡고 전세계 QR 결제 서비스 추진",https://www.safetynews.co.kr/news/articleView.html?idxno=243344
2025-10-30,INVEST,"LG 디스플레이 , 3분기 영업익 4310억…4년 만에 적자 탈출",https://weekly.hankooki.com/news/articleView.html?idxno=7134522
2025-10-30,"INVEST,LAUNCH","LG 디스플레이 , 3분기 영업익 4310억원…“연간 턴어라운드 가시권”",https://www.ceoscoredaily.com/page/view/2025103017262746752
2025-10-31,LAUNCH,'2025 예천활축제·농산물축제' 개막,https://daily.hankooki.com/news/articleView.html?idxno=1289844
2025-10-31,LAUNCH,[경주 APEC] “GD도 샤라웃” 골든신라 XR 버스 ‘시선집중’,https://www.yeongnam.com/web/view.php?key=20251031029195470
2025-10-31,LAUNCH,경복대학교 영상미디어콘텐츠학과 ‘제1회 졸업전시회’ 개최,http://kor.theasian.asia/archives/394235
2025-10-31,LAUNCH,"건국대, 시리아·요르단 교육기관 대표단 초청해 에듀테크·실감미디어...",http://www.newstnt.com/news/articleView.html?idxno=549122
2025-10-31,"LAUNCH,REGUL","[KMF2025] ""AI·윤리·표준이 여는 메타버스 미래""… '더 민스 2025', 새 질...",https://www.newspim.com/news/view/20251023000111
2025-10-31,"LAUNCH,PARTNERSHIP","[경복대학교 소식] 경복대학교 영상미디어콘텐츠학과, '제1회 졸업전시...",https://www.ilyoseoul.co.kr/news/articleView.html?idxno=508871
2025-10-31,"INVEST,LAUNCH","벤츠 S-클래스, 독일 최첨단 스마트공장이 빚어낸다",http://autotimes.co.kr/detail.php?number=685290&thread=27
2025-10-31,INVEST,"버넥트, 철강 가공 전문기업 ‘신원스틸’ 인수",https://www.venturesquare.net/1011636
2025-10-31,LAUNCH,"한양대 김광욱 교수 연구팀, 'ISMAR 2025 최우수 논문상' 수상",https://www.kfenews.co.kr/news/articleView.html?idxno=648286
2025-10-31,INVEST,"VAC 산하 미디어 아트 스튜디오 pkpp, 뉴욕 KOOM 페스티벌 성공적 데뷔",https://www.sisamagazine.co.kr/news/articleView.html?idxno=519913
2025-10-31,LAUNCH,"경주스마트미디어센터, ‘첨성이’ 앞세워 APEC 현장 홍보 나서",http://www.metroseoul.co.kr/article/20251031500021
2025-10-31,INVEST,[일정] 11월 첫째 주 전시회 및 박람회,https://kr.aving.net/news/articleView.html?idxno=1805546
2025-10-31,"CERT,LAUNCH",알파스캔 AOC 300Hz·260Hz 초고주사율  게이밍 모니터  2종 출시 및 기념 ...,https://gamefocus.co.kr/detail.php?number=170621
2025-10-31,"INVEST,LAUNCH,ORDER","삼성전자, 역대 최대 분기 실적…자신감 회복했다",https://www.startuptoday.co.kr/news/articleView.html?idxno=532706
2025-10-31,"CERT,INVEST,REGUL","1년 만에 돌아온 '붉은사막' 시연 기회, '붉은사막 X AMD 팝업스토어202...",https://www.gameshot.net/common/con_view.php?code=GA6903f0405b1be
2025-10-31,"LAUNCH,ORDER","삼성, ‘반도체 부활’ 신호탄 쐈다…“엔비디아에 HBM3E 공급, 증산도 ...",https://www.ceoscoredaily.com/page/view/2025103013412811430
2025-10-30,"INVEST,LAUNCH","LG디스플레이, 3분기 영업익 4310억원··· OLED  체질 개선 효과 본격화",https://www.smartfn.co.kr/news/articleView.html?idxno=124401
2025-10-30,INVEST,[컨콜] [LG디스플레이] 8.6세대  OLED  투자 신중론 견지,https://news.dealsitetv.com/articles/160870
2025-10-30,"INVEST,LAUNCH","​LGD 정철동, 3Q 영업익 4310억…흑자전환 성공",http://www.shinailbo.co.kr/news/articleView.html?idxno=2138217
2025-10-30,"INVEST,LAUNCH","LG디스플레이, 3분기 영업익 4310억원...'흑자전환 가시화'",http://www.metroseoul.co.kr/article/20251030500556
2025-10-30,"CERT,INVEST,LAUNCH,ORDER",삼성전자 2025년 3분기 실적발표 컨퍼런스콜 전문,http://www.thelec.kr/news/articleView.html?idxno=42996
2025-10-30,"INVEST,LAUNCH",LG디스플레이 3분기 영업이익 4310억…“턴어라운드 가시화”,https://www.segye.com/newsView/20251030517255?OutUrl=naver
2025-10-30,"INVEST,LAUNCH","LG디스플레이, 3분기 영업익 4310억...흑자 전환",https://www.digitaltoday.co.kr/news/articleView.html?idxno=601061
2025-10-30,INVEST,"LG디스플레이, 3분기 영업익 4310억원 분기 '흑자전환'",https://www.nextdaily.co.kr/news/articleView.html?idxno=243780
2025-10-30,"INVEST,LAUNCH","LG디스플레이, 3분기 영업익 4310억원…연간 흑전 코앞",http://www.newsprime.co.kr/news/article.html?no=709658
2025-10-30,"INVEST,LAUNCH","삼성전자, 역대 최대 분기 매출 86.1조원 달성...HBM 기술력 회복이 견인",http://www.dailypop.kr/news/articleView.html?idxno=92696
2025-10-30,"CERT,INVEST,LAUNCH,REGUL","삼성전자, 3분기 '역대 최대 매출'…HBM3E 전면 확대·HBM4 샘플 전 고객...",https://www.straightnews.co.kr/news/articleView.html?idxno=285200
2025-10-30,"INVEST,LAUNCH","삼성전자, 내년 HBM 물량 고객 확보...AI 특수에 반도체 호조 지속",http://www.metroseoul.co.kr/article/20251030500534
2025-10-30,"INVEST,LAUNCH,PARTNERSHIP",[컨콜-LGD] 김종덕 대형기획 담당 상무 “내년 대형 OLED 700만대 목표”,https://www.fetv.co.kr/news/article.html?no=204341
2025-10-30,INVEST,"삼성전자, 사상 최대 분기 실적…'AI 풀스택' 전략으로 호실적 잇는다",https://www.asiatoday.co.kr/view.php?key=20251030010013316
2025-10-30,"INVEST,LAUNCH,ORDER","""흑자 보인다"" 삼성 파운드리, 선단 공정 양산 능력 증명",https://www.digitaltoday.co.kr/news/articleView.html?idxno=601152
2025-10-30,"INVEST,LAUNCH","삼성전자, AI 수혜 '본격화'…HBM 판매 더 커진다",https://www.widedaily.com/news/articleView.html?idxno=281585
2025-10-30,"INVEST,LAUNCH,ORDER","LG디스플레이, 4년만에 年흑자 목전…""수익성 1조원 개선""",https://zdnet.co.kr/view/?no=20251030135928
2025-10-30,"INVEST,LAUNCH,ORDER","삼성전자, 3분기 매출 86.1조, 영업익 12.2조...분기매출 역대 최대",https://www.m-economynews.com/news/article.html?no=61255
2025-10-30,"INVEST,LAUNCH,ORDER","삼성전자 3분기 실적, 역대 최대 분기 매출 기록...86.1 조원",https://www.thefairnews.co.kr/news/articleView.html?idxno=59301
2025-10-30,"INVEST,LAUNCH,REGUL","3분기 역대급 실적 삼성전자, HBM4·테일러 라인 투자로 미래성장 이끈...",http://www.popcornnews.net/news/articleView.html?idxno=99470
2025-10-30,"INVEST,LAUNCH","삼성전자 ""내년 HBM 생산 대폭 확대…수요 이미 확보""(종합)",https://news.einfomax.co.kr/news/articleView.html?idxno=4381251
2025-10-30,"INVEST,LAUNCH",[컨콜-삼성전자] 김재준 부사장 “HBM4 샘플 출하 완료 12Gbps 성능 확보,https://www.fetv.co.kr/news/article.html?no=204262
2025-10-30,"INVEST,LAUNCH,ORDER","""역대 최대 분기 매출""...삼성전자, 3분기 '실적' 매출 86.1조원, 영업이...",http://www.marketnews.co.kr/news/articleView.html?idxno=73215
2025-10-30,"INVEST,LAUNCH,ORDER,REGUL","[컨콜줍줍] 삼성전자, 3분기 영업익 12조1661억…“HBM4 전 고객사 샘플...",https://www.dnews.co.kr/uhtml/view.jsp?idxno=202510300957304920718
2025-10-30,"INVEST,LAUNCH,ORDER","AI 시대, 돌아온 삼성전자의 시간…반도체·디바이스로 '완벽 부활' 선언",http://www.opinionnews.co.kr/news/articleView.html?idxno=126603
2025-10-30,"INVEST,LAUNCH,ORDER","삼성전자, 3분기 매출 86.1조·영업익 12.2조…역대 최대 분기 매출 달성",https://www.epnc.co.kr/news/articleView.html?idxno=324076
2025-10-31,LAUNCH,화웨이 차세대 폴더블폰 '메이트 X7' 11월 출시 가능성,https://kbench.com/?q=node/272744
2025-10-31,REGUL,"조광페인트, '기업연구 기술진흥 유공' 과기정통부 장관표창 수상",http://www.ikld.kr/news/articleView.html?idxno=323108
2025-11-01,"CERT,INVEST,ORDER,PARTNERSHIP","로봇·산업용·협동로봇 관련주, '덩실덩실' 한국피아이엠·뉴로메카·에...",http://www.finomy.com/news/articleView.html?idxno=242080
2025-10-31,INVEST,"거래소 외국인, 삼성전자·현대차·대한전선 쓸어담았다…AI·전력주 중...",https://www.pinpointnews.co.kr/news/articleView.html?idxno=390682
2025-11-01,"CERT,INVEST,LAUNCH,PARTNERSHIP,REGUL","삼성전자, 치열한 TV 시장 '마이크로 RGB'로 승부수",https://www.asiatime.co.kr/article/20251031500257
2025-10-31,"INVEST,LAUNCH,PARTNERSHIP,REGUL","[산업 이모저모] 독자AI 정예팀 NC AI, 육군 인공지능센터와 MOU 체결",https://www.greened.kr/news/articleView.html?idxno=332685
2025-10-31,"CERT,INVEST,LAUNCH,ORDER,PARTNERSHIP,REGUL",[AT 산업 단신] 삼성전자·삼성디스플레이·LG이노텍·LS일렉트릭,https://www.asiatime.co.kr/article/20251031500370
2025-10-31,"CERT,INVEST,LAUNCH,ORDER,PARTNERSHIP,REGUL","수소차 관련주, '봄바람' SJG세종·한온시스템·한화솔루션...'찬바람' 엔...",http://www.finomy.com/news/articleView.html?idxno=242081
2025-10-31,INVEST,"""기술본질·품질 완성도 집중…AI혁신 주도하는 기업 돼야""",https://www.mk.co.kr/article/11456986
2025-10-31,"INVEST,LAUNCH,ORDER,REGUL","LG화학, 2025년 3분기 실적발표 컨퍼런스콜 전문",http://www.thelec.kr/news/articleView.html?idxno=43086
2025-10-31,LAUNCH,"LG전자, APEC에 투명 올레드로 만든 대형 샹들리에 공개…'시그니처 올레...",http://www.econonews.co.kr/news/articleView.html?idxno=411360
2025-10-31,INVEST,[수능D-10] '역대 최대 N수' 2026수능 최종 점검 포인트.. '입시기관별 ...,http://www.veritas-a.com/news/articleView.html?idxno=579218
2025-10-31,"CERT,INVEST,LAUNCH,PARTNERSHIP,REGUL","구광모, '사업보고회·APEC'…LG 안팎 챙기며 광폭 행보",https://www.asiatime.co.kr/article/20251031500321
2025-10-31,"INVEST,LAUNCH","정철동, 인력·투자 효율화 고삐...흑자 전환 속도",https://dealsite.co.kr/articles/150629
2025-10-31,"CERT,LAUNCH,REGUL",대역폭·호환성 UP…VESA 'DP포트 2.1a'로 디스플레이 표준 강화,https://it.chosun.com/news/articleView.html?idxno=2023092150088
2025-11-01,"INVEST,LAUNCH,ORDER,PARTNERSHIP,REGUL","2차전지 관련주, '봄꽃만개' 에이아이코리아·후성·성우하이텍... '시들...",http://www.finomy.com/news/articleView.html?idxno=242104
2025-11-01,"INVEST,REGUL","돈 빼가는 미국, 점유율 빼가는 중국…포항·군산 등 제조업 심장 ‘허...",https://www.joongang.co.kr/article/25378721
2025-10-31,LAUNCH,"이청 삼성D 사장, ""혁신 속도 높여  OLED  선도 지키자""",http://www.thelec.kr/news/articleView.html?idxno=43104
2025-10-31,"CERT,INVEST,LAUNCH,ORDER,PARTNERSHIP","반도체 재료·부품 관련주, '방긋방긋 미소천사' 샘씨엔에스·후성... '한...",http://www.finomy.com/news/articleView.html?idxno=242084
2025-10-31,"CERT,INVEST,LAUNCH,REGUL","""中 자원 무기화 대응 핵심과제는 '리튬·흑연' 등 공급망 확보""",https://www.pinpointnews.co.kr/news/articleView.html?idxno=390535
2025-10-31,"INVEST,PARTNERSHIP","[주간 기업동향] 최태원 회장 ""한국, AI 병목 푸는 테스트베드 될 것"" 外",https://www.banronbodo.com/news/articleView.html?idxno=31111
2025-10-31,"CERT,LAUNCH",APEC서 빛난 K-산업 혁신기술…반도체·자동차·조선부터 웹툰·캐릭터까...,https://www.kukinews.com/article/view/kuk202510310129
2025-10-31,"INVEST,LAUNCH","[종합] GeForce 25주년 기념, '지포스 게이머 페스티벌(GGF)'",https://www.inven.co.kr/webzine/news/?news=310910
2025-10-31,LAUNCH,"HDC현대산업개발, '운정 아이파크 시티' 견본주택 31일 개관",https://www.businessplus.kr/news/articleView.html?idxno=100703
2025-10-31,LAUNCH,"HDC현산, '운정 아이파크 시티' 견본주택 오픈",http://www.smedaily.co.kr/news/articleView.html?idxno=342228
2025-10-31,LAUNCH,"HDC현대산업개발, 운정 아이파크 시티 견본주택 오픈",http://www.paxetv.com/news/articleView.html?idxno=250793
2025-10-31,LAUNCH,롯데하이마트 3분기 영업익 190억…전년비 40% 급감,https://www.businessplus.kr/news/articleView.html?idxno=100711
2025-10-31,LAUNCH,"롯데하이마트, 3분기 영업이익 190억원…""일회성 요인 제외 시 수익성 큰...",https://www.thepublic.kr/news/articleView.html?idxno=281901
2025-10-31,LAUNCH,"롯데하이마트 3분기 영업익 190억…""3개 분기 연속 개선세""",https://www.hankyung.com/article/202510314976g
2025-10-31,LAUNCH,"롯데하이마트, 누적 영업익 흑자 전환… '밸류업 4대 전략' 성과 가시화",http://www.biztribune.co.kr/news/articleView.html?idxno=342622
2025-10-31,LAUNCH,"롯데하이마트, 수익성 개선 이어간다… 누계 영업익 184억 흑자 달성",http://www.thefirstmedia.net/news/articleView.html?idxno=184686
2025-10-31,LAUNCH,"롯데하이마트, 3분기 연속 수익성 개선 지속…누계 영업익 184억 흑자",https://www.news2day.co.kr/article/20251031500208
2025-10-31,PARTNERSHIP,"카메라 윈도우에서 첨단소재까지… 유티아이, 글로벌 기술기업 도약",https://www.pinpointnews.co.kr/news/articleView.html?idxno=390645
2025-10-31,"INVEST,LAUNCH,REGUL","[디지털 인사이트] 플랫폼 전쟁 시대, 디지털 패권 삼국지",https://www.chiefexe.com/news/ArticleView.asp?listId=NDcxMnx8bGltaXRfZmFsc2Ug
2025-10-31,"INVEST,LAUNCH,PARTNERSHIP","[스타트업 소식] 트래블월렛, 역대 최대 해외 결제액 달성 外",http://www.dailypop.kr/news/articleView.html?idxno=92679
2025-10-31,PARTNERSHIP,"LG화학-독일 자이스, 세계 최초 차량용 HWD 상용화 추진",https://www.todayenergy.kr/news/articleView.html?idxno=290530
2025-10-31,"INVEST,LAUNCH,REGUL","100년 기업의 꿈, 정밀 제조의 미학을 잇다 - 풍원테크 조을권 대표·조...",https://www.handmk.com/news/articleView.html?idxno=33733
2025-11-01,"INVEST,LAUNCH,ORDER,PARTNERSHIP,REGUL","전기차 관련주, '함박웃음' LS머트리얼즈·현대차·성호전자... '눈물' 강...",http://www.finomy.com/news/articleView.html?idxno=242095
2025-11-01,PARTNERSHIP,"엔씨디지텍, 11번가 '2025 그랜드십일절'서 갤럭시북 특가 프로모션 진행",https://www.nbntv.co.kr/news/articleView.html?idxno=4012168
2025-10-31,PARTNERSHIP,"[주식] 코스피 4100선 돌파...젠슨 황 엔비디아 언급에 반도체, 로보틱스...",http://www.biztribune.co.kr/news/articleView.html?idxno=342686
2025-10-31,"INVEST,LAUNCH",25 3Q' 중국 스마트폰 시장 둔화...'아이폰17' 앞세운 애플 유일한 성장...,https://www.greened.kr/news/articleView.html?idxno=332683
2025-10-31,"INVEST,REGUL","SK네트웍스, '인크로스' 지분 36% 인수 의결… ""시너지 창출, 사업혁신 ...",https://www.aitimes.kr/news/articleView.html?idxno=37016
2025-10-31,"INVEST,ORDER","에스투더블유, 12% 급등 마감…거래량 증가 속 기술적 반등세",https://www.pointdaily.co.kr/news/articleView.html?idxno=277514
2025-10-31,LAUNCH,"애플 ""시리에 더 많은 타사  AI  도구 내장 계획""",https://www.aitimes.com/news/articleView.html?idxno=203628
2025-10-31,"INVEST,ORDER,PARTNERSHIP",[주식마감기사] '젠슨황 한 마디'에 로봇주 한국피아이엠 상한가... 휴림...,https://www.ggilbo.com/news/articleView.html?idxno=1121397
2025-10-31,"CERT,INVEST,LAUNCH,ORDER,PARTNERSHIP",LG전자 2025년 3분기 실적발표 컨퍼런스콜 전문,http://www.thelec.kr/news/articleView.html?idxno=43109
2025-10-31,REGUL,"SK네트웍스, 인크로스 지분 36% 인수…""시너지 창출""",https://magazine.hankyung.com/business/article/202510316801b
2025-10-31,LAUNCH,"김민석 총리, 한국은 ABCDE 산업에 집중, 'Bridge' 역할도 강조",https://www.dongponews.net/news/articleView.html?idxno=54588
2025-10-31,"INVEST,PARTNERSHIP,REGUL",엔비디아와 '깐부 동맹'…반도체 투톱 주가 어디까지 오를까,https://ilyo.co.kr/?ac=article_view&entry_id=502342
2025-10-31,"INVEST,LAUNCH,ORDER","LG전자, ""4분기도 어렵다…내년 다른 모습 응원 필요""(종합)",https://www.techm.kr/news/articleView.html?idxno=146046
2025-10-31,"INVEST,LAUNCH,ORDER,PARTNERSHIP","자율주행차 관련주, '맑고 화창' 유니퀘스트·에이스테크·MDS테크... '흐...",http://www.finomy.com/news/articleView.html?idxno=242085
2025-10-31,"CERT,INVEST,LAUNCH,ORDER,PARTNERSHIP,REGUL","제약업체 관련주, '웃음꽃' 그린생명과학·더블유에스아이·일동제약......",http://www.finomy.com/news/articleView.html?idxno=242082
2025-11-01,"INVEST,PARTNERSHIP",샐러리맨의 신화…그의 ‘적자생존’ 뜻,https://www.joongang.co.kr/article/25378700
2025-10-31,INVEST,"엘지 디스플레이  주가 10월 31일 14,700원…전일 대비 5.38% 상승 마감",https://www.job-post.co.kr/news/articleView.html?idxno=186407
2025-10-31,"LAUNCH,ORDER,PARTNERSHIP",[현신균  LG  CNS 대표이사 사장] AX의 중심에서 ‘에이전틱 AI''로 새로운...,https://www.chiefexe.com/news/ArticleView.asp?listId=NDcwM3x8bGltaXRfZmFsc2Ug
2025-10-31,ORDER,"자신을 과신하는 경영은 실패, 타인 도움받는 것도 능력이다",https://www.mk.co.kr/article/11456838
2025-10-31,"INVEST,LAUNCH","엔비디아 훈풍, 코스피 '또 최고치'...삼성전자·車·NAVER '껑충'",http://www.choicenews.co.kr/news/articleView.html?idxno=156052
2025-10-31,LAUNCH,"[리스트업] 韓기업, '동반성장지수' 평가 순위",http://www.economytalk.kr/news/articleView.html?idxno=413571
2025-10-31,LAUNCH,"한국영상대, '2025 꿈의 기업 입사 프로젝트'서 3명 수상 쾌거",https://www.joongang.co.kr/article/25378557
2025-10-31,"INVEST,LAUNCH,ORDER,REGUL","""신속·안정·현장·실용""…키워드로 본 2026 재계 인사 판도는?",https://www.pinpointnews.co.kr/news/articleView.html?idxno=390612
2025-10-31,LAUNCH,"한국영상대, '꿈의 기업 입사 프로젝트'서 3명 수상 쾌거",http://www.ccnnews.co.kr/news/articleView.html?idxno=390080
2025-10-31,"CERT,INVEST","삼성 디플, 동반성장지수 평가서 8년 연속 최우수 등급",http://www.popcornnews.net/news/articleView.html?idxno=99733
2025-10-31,LAUNCH,삼성 전자·SK텔레콤 등 19개사 ‘최우수 명예기업’ 선정…롯데케미칼 ...,http://www.fnnews.com/news/202510311139010832
2025-10-31,LAUNCH,"삼성 전자 14년, SKT 13년, SK·KT 11년 연속 동반성장 최우수 등급…동반...",https://www.starnewskorea.com/business-life/2025/10/31/2025103114384052723
2025-10-31,INVEST,삼성 전자· 삼성 D '동반성장지수' 최우수 획득…협력사 혁신·인력 양성...,https://it.chosun.com/news/articleView.html?idxno=2023092150070
2025-11-01,"INVEST,LAUNCH",[美증시] 아마존·테슬라가 나스닥·S&P500 지수 상승 견인...다우도 강보...,https://www.mediapen.com/news/view/1054227
2025-11-01,"INVEST,LAUNCH","""로봇청소기·음식물처리기 사볼까""… 11월 쇼핑대전 돌입 [똑똑! 스마슈...",https://www.sedaily.com/NewsView/2H0A92VIOQ
2025-11-01,"INVEST,LAUNCH","뉴욕증시, 아마존 강세 속 상승 마감…연준 불확실성에 강세 제한",https://www.newspim.com/news/view/20251101000013
2025-11-01,"INVEST,LAUNCH","G마켓, 11월1일 ‘빅스마일데이’ 오픈…할인지원 550억, 3천만개 특가",http://www.globalepic.co.kr/view.php?ud=202510311842129895ac3d53c8ec_29
2025-11-01,LAUNCH,"미국증시 장중..3대지수 '상승', 아마존·COIN '껑충', 메타 '뚝'",http://www.choicenews.co.kr/news/articleView.html?idxno=156058
2025-11-01,LAUNCH,‘연봉 1위 메시 VS 2위 손흥민’ MLS 최고 빅매치 성사될까…이천수도...,http://www.osen.co.kr/article/G1112689289
2025-11-01,"INVEST,LAUNCH",애플 ·아마존 깜짝 실적에 뉴욕증시 상승 출발,https://www.pointdaily.co.kr/news/articleView.html?idxno=277523
2025-11-01,"INVEST,LAUNCH,REGUL",[투자를IT다] 2025년 10월 5주차 IT기업 주요 소식과 시장 전망,https://it.donga.com/107794/
2025-11-01,LAUNCH,젠슨 황 “삼성이 로봇칩 모두 생산”…HBM4에 파운드리까지 협력 확대,https://www.etnews.com/20251101000001
2025-11-01,LAUNCH,"""손흥민 평범한 킥으로 올해의 골 수상했다!"" 美 현지 매체 의문 부호.....",https://www.spotvnews.co.kr/news/articleView.html?idxno=779921
2025-11-01,PARTNERSHIP,“교통·주유 혜택 잡아라”…삼성· 신한· 현대 중 혜택 좋은 카드는...,https://www.theguru.co.kr/news/article.html?no=93645
2025-11-01,LAUNCH,"미국 뉴욕증시,  애플 ·아마존 실적 호조...다우 나스닥 상승",https://www.gukjenews.com/news/articleView.html?idxno=3415993
2025-10-31,"INVEST,LAUNCH","뉴욕 증시,  애플 ·아마존 실적 훈풍에 상승 출발",https://www.ytn.co.kr/_ln/0104_202510312355278952
2025-10-31,"INVEST,LAUNCH","뉴욕증시,  애플 ·아마존 실적에 상승 출발…나스닥 1.18%↑",https://www.topstarnews.net/news/articleView.html?idxno=15859683
2025-10-31,"INVEST,LAUNCH","[미국증시 개장브리핑] 아마존 주가 12% 급등, 낙관적 전망과 실적 호조...",https://www.tokenpost.kr/news/market/298944
2025-10-31,LAUNCH,[횡설수설/김재영]33세 젠슨 황을 부른 29년 전 이건희 편지,https://www.donga.com/news/Opinion/article/all/20251031/132681648/2
2025-10-31,LAUNCH,"뉴욕증시,  애플 ·아마존 실적 발표에 상승 출발",https://biz.chosun.com/international/international_economy/2025/10/31/ZJ2CTT6IQZCPFJJEH3E2IEYGRI/?utm_source=naver&utm_medium=original&utm_campaign=biz
2025-10-31,"INVEST,LAUNCH","[시황 분석] 미국 뉴욕증시 장초반, 잭스 분석 실적·AI 변수…테슬라↑...",https://www.topstarnews.net/news/articleView.html?idxno=15859661
2025-11-01,"INVEST,LAUNCH,ORDER","전력·저장·AI가 만든 코스피 슈퍼사이클, 한국형 에너지전환의 서막[...",https://www.nocutnews.co.kr/news/6421873?utm_source=naver&utm_medium=article&utm_campaign=20251101050037
2025-11-01,LAUNCH,HBM주고 GPU받고…엔비디아와  삼성 ·SK 이해관계 맞았다,https://www.nocutnews.co.kr/news/6421888?utm_source=naver&utm_medium=article&utm_campaign=20251101050042
2025-11-01,INVEST,[사설] 다자외교·자유무역 중요성 확인한 경주 APEC,https://www.imaeil.com/page/view/2025103117353794528
2025-11-01,"INVEST,PARTNERSHIP","삼성전자 , 엔비디아와 'AI 팩토리' 구축... 반도체 '제조 패러다임' 전환...",https://www.insight.co.kr/news/526939
2025-11-01,"INVEST,LAUNCH","품귀 현상 GPU 26만개, 왜 한국에 먼저 풀었나...엔비디아가 한국 택한 ...",https://www.hankookilbo.com/News/Read/A2025103110570002770?did=NA
2025-11-01,LAUNCH,[단독] 시진핑 만찬 갈까...'마스가' 정기선·김동관 고민에 빠졌다,https://www.hankookilbo.com/News/Read/A2025103109460000298?did=NA
2025-11-01,LAUNCH,"[APEC 2025] 젠슨 황 "" 삼성 ·SK의 다양성과 집중… 엔비디아에 모두 필요...",https://www.newscj.com/news/articleView.html?idxno=3334892
2025-11-01,"INVEST,PARTNERSHIP","""AI 산업의 심장, 한국으로 옮긴다""... 최태원·젠슨 황의 '빅딜' 성사",https://www.insight.co.kr/news/527010
2025-11-01,INVEST,"10만 전자 ·55만닉스, 지금 팔까요?…""이번엔 달라"" 전문가 조언[부꾸미]",https://www.mt.co.kr/stock/2025/11/01/2025103117211057388
2025-11-01,"INVEST,LAUNCH","엔비디아, 韓 정부·주요 기업에 GPU 26만장 푼다 .... AI 인프라와 생태...",http://www.worktoday.co.kr/news/articleView.html?idxno=76258
2025-11-01,LAUNCH,"삼성전자 -엔비디아, 깐부회동 다음날 세계 최대 '반도체 AI 팩토리' 발표",https://www.gametoc.co.kr/news/articleView.html?idxno=103439
2025-11-01,LAUNCH,"젠슨 황 ""GPU 26만장""의 의미는?…한국 단숨에 AI '3강' 눈앞",https://www.thescoop.co.kr/news/articleView.html?idxno=307824
2025-11-01,"INVEST,LAUNCH,PARTNERSHIP","현대차, 엔비디아와 AI 기반 모빌리티 솔루션 강화 … 4조3000억 공동투...",http://www.worktoday.co.kr/news/articleView.html?idxno=76257
2025-11-01,"INVEST,PARTNERSHIP","엔비디아,  삼성 ·SK·현대차와 ‘AI 팩토리’…K제조업 지원",https://www.joongang.co.kr/article/25378730
2025-11-01,"INVEST,LAUNCH,PARTNERSHIP","삼성 -SK AI 팩토리, 현대차 로보틱스… 엔비디아와 ‘판’ 바꾼다",https://www.donga.com/news/Economy/article/all/20251101/132682056/2
2025-11-01,INVEST,AI-로봇의 두뇌… 돈 있어도 못 구하는 엔비디아 GPU,https://www.donga.com/news/Economy/article/all/20251101/132682109/2
2025-11-01,INVEST,젠슨 황 만난 李 “옛날 용산  전자 상가 누볐듯 한국 전역 다녀달라”,https://www.donga.com/news/Politics/article/all/20251101/132682058/2
2025-11-01,CERT,"[포토뉴스]  LG전자 , APEC 부대행사 '글로벌 장애 청소년 IT 챌린지' 시상...",http://www.worktoday.co.kr/news/articleView.html?idxno=76265
2025-11-01,INVEST,"워니 공백 메운 남자, 최부경의 중심력",https://m.sports.naver.com/basketball/article/065/0000286758
2025-11-01,"CERT,INVEST,LAUNCH,ORDER,PARTNERSHIP","시스템반도체 관련주, '봄날의 햇살' 시지트로닉스·디아이·파두... '찬...",http://www.finomy.com/news/articleView.html?idxno=242105
2025-11-01,"CERT,LAUNCH,PARTNERSHIP,REGUL",대형마트 휴무일? 이마트·롯데마트·홈플러스·코스트코 ‘할인! 쇼핑...,https://www.bntnews.co.kr/article/view/bnt202510310199
2025-10-31,"INVEST,LAUNCH,ORDER","LG전자 , 3분기 영업익 6889억원…""가전·전장사업 선전""",http://www.smarttimes.co.kr/news/articleView.html?idxno=39145
2025-10-31,INVEST,"승장 전희철 감독 ""스타팅 선수들 예상보다 잘해줬어""…패장 강혁 감독...",https://www.mydaily.co.kr/page/view/2025103121271640141
2025-10-31,"INVEST,LAUNCH,PARTNERSHIP","엔비디아, 韓에 GPU 26만장 푼다…삼성·SK·현대차와 'AI 동맹'",http://www.koreareport.co.kr/news/articleView.html?idxno=41275
2025-10-31,"LAUNCH,PARTNERSHIP","LG전자 , 3분기 영업이익 6889억…가전·전장 최대 실적",https://www.segye.com/newsView/20251031510706?OutUrl=naver
2025-10-31,LAUNCH,"롯데하이마트, 11월말까지 가전계 블프 '가전절' 진행…'창고대개방' 최...",http://www.econonews.co.kr/news/articleView.html?idxno=411443
2025-10-31,"CERT,INVEST,ORDER,PARTNERSHIP,REGUL",[컨콜]  LG전자  2025년 3분기 Q&A,https://www.greened.kr/news/articleView.html?idxno=332690
2025-10-31,"LAUNCH,ORDER,PARTNERSHIP","LG전자 , 美 관세에 영업이익 6800억원 감소 … '수익성 확보' 과제",https://www.etnews.com/20251031000484
2025-10-31,INVEST,"""희망퇴직·투자비용 부담""...LG전자, 3분기 영업익 하락에도 반등 노린...",https://www.pointdaily.co.kr/news/articleView.html?idxno=277413
2025-10-31,"CERT,REGUL",[국정자원 화재 ④] '복제'에서 '복구'로… 글로벌 표준 적용 DR 체계 재...,http://www.itdaily.kr/news/articleView.html?idxno=236049
2025-10-31,"ORDER,REGUL",[IT 기업 AX 전략·솔루션/ IT서비스·인프라 ⑧] 나무기술,http://www.itdaily.kr/news/articleView.html?idxno=236126
2025-10-31,"INVEST,LAUNCH","[특징주] 이삭엔지니어링 급등, 엔비디아 26만 GPU 투입 소식에 삼성·S...",https://www.widedaily.com/news/articleView.html?idxno=281748
2025-11-01,LAUNCH,'붉은사막' 시연에 게이머 몰려 '4시간 대기',http://www.maniareport.com/view.php?ud=202511010439577574cecffa9387_19
2025-10-31,LAUNCH,[현장] 평일 오후에 시연 대기만 2시간... 화제성 입증한 펄어비스 '붉은...,https://www.greened.kr/news/articleView.html?idxno=332686
2025-10-31,"INVEST,LAUNCH",[IT 기업 AX 전략·솔루션/ AI 스타트업 ②] 라이너,http://www.itdaily.kr/news/articleView.html?idxno=236086
2025-10-31,PARTNERSHIP,[IT 기업 AX 전략·솔루션/ AI 스타트업 ⑤] 씨이랩,http://www.itdaily.kr/news/articleView.html?idxno=236091
2025-10-31,"CERT,INVEST,LAUNCH",[브리프]신세계 롯데마트 쿠팡 G마켓 현대아울렛 우아한청년들 外,http://www.biztribune.co.kr/news/articleView.html?idxno=342671
2025-10-31,LAUNCH,"[현장] ""온 몸으로 경험하는 붉은사막""…펄어비스XAMD, 시너지 가득 홍대...",https://www.joongangenews.com/news/articleView.html?idxno=461691
2025-10-31,"CERT,LAUNCH","라데온으로 만난 차세대 오픈월드, '붉은사막'",https://www.gameple.co.kr/news/articleView.html?idxno=214341
2025-10-31,"LAUNCH,PARTNERSHIP","[브리핑] G마켓, 11월1일 '빅스마일데이' 오픈",http://www.4th.kr/news/articleView.html?idxno=2099012
2025-10-31,"INVEST,LAUNCH","G마켓, 내달 1일 '빅스마일데이' 오픈…""할인지원 550억, 3천만개 특가""",http://www.efnews.co.kr/news/articleView.html?idxno=124470
2025-10-31,LAUNCH,"[르포] ""붉은사막 오픈월드 경험 제공..고객접점 확대 현장 이벤트""",http://www.4th.kr/news/articleView.html?idxno=2099002
2025-10-31,"LAUNCH,PARTNERSHIP","[현장] '붉은사막 X AMD' 팝업, 최상의 플레이 경험 ""어메이징!""",https://www.khgames.co.kr/news/articleView.html?idxno=245926
2025-10-31,"INVEST,LAUNCH","G마켓, '빅스마일데이' 오픈",http://www.seoulwire.com/news/articleView.html?idxno=677984
2025-10-31,"INVEST,LAUNCH","G마켓, 11월 1일 '빅스마일데이' 오픈…3000만개 상품 특가 판매",https://www.econovill.com/news/articleView.html?idxno=716816
2025-10-31,LAUNCH,[현장] 홍대에 열린 ‘붉은사막’ 팝업스토어…AMD와 만든 몰입형 전장,https://www.tfmedia.co.kr/news/article.html?no=197225
2025-10-31,LAUNCH,"G마켓, 11월 1일 '빅스마일데이' 행사 열어…""역대 최대 자원 투입""",http://www.hansbiz.co.kr/news/articleView.html?idxno=787709
2025-10-31,LAUNCH,"붉은사막, AMD와 함께 홍대를 점령하다 [르포]",http://www.sisaon.co.kr/news/articleView.html?idxno=176991
2025-10-31,"LAUNCH,PARTNERSHIP",펄어비스 '붉은사막' 대규모 전투 궁금하다면…홍대 팝업스토어로,https://www.newsis.com/view/NISX20251031_0003385584
2025-10-31,LAUNCH,"[현장] 펄어비스 '붉은사막' 팝업, AMD로 구현한 시연존 인기",https://www.newspim.com/news/view/20251031001039
2025-11-01,LAUNCH,"“전국 子들의 역적” 김재중, 60억 대저택에 효도 밥상까지 뚝딱(편스...",https://www.newsen.com/news_view.php?uid=202510312208040310
2025-11-01,LAUNCH,"김용빈, 데뷔 21주년 ‘트로트 신동’에서 ‘진’까지",https://enter.etoday.co.kr/news/view/286961
2025-11-01,LAUNCH,"베이비몬스터, 日 '베스트 히트 가요제 2025' 출연…K팝 아티스트 유일",https://www.spotvnews.co.kr/news/articleView.html?idxno=779787
2025-11-01,LAUNCH,"구성환, 이장우→박지현 꺾고 씨름 우승…초대 천하장사 [RE: TV ]",https://www.news1.kr/entertain/broadcast-tv/5961271
2025-11-01,LAUNCH,수영장 딸린 3200가구 대단지⋯파주서 분양 [현장],http://www.inews24.com/view/1902130
2025-11-01,LAUNCH,"'장윤정♥' 도경완 ""셋째는 포기…삼 남매 될 뻔한 입장, 동경 있었다"" ...",https://www.xportsnews.com/article/2073217
2025-11-01,"LAUNCH,REGUL",최민희로 천하통일…2025 국감 '빌런도르' 꼽았습니다,http://weekly.chosun.com/news/articleView.html?idxno=45689
2025-11-01,LAUNCH,"김재중 ""어머니 소원…세상에 하나뿐인 시집 제작 [RE: TV ]",https://www.news1.kr/entertain/broadcast-tv/5961267
2025-11-01,LAUNCH,"'새신랑' 김종국, 남 연애 얘기에 '과몰입'…""경험 부족한 사람들 답답...",https://www.mydaily.co.kr/page/view/2025103110313819909
2025-11-01,LAUNCH,"트럼프 ""중국이 펜타닐 단속하면 관세 10%P 추가 인하""",https://news.sbs.co.kr/news/endPage.do?news_id=N1008314635&plink=ORI&cooper=NAVER
2025-11-01,LAUNCH,"트럼프 ""중국이 펜타닐 단속하면 관세 10%P 더 내릴 것""",https://www.sedaily.com/NewsView/2H0A8H509Z
2025-11-01,LAUNCH,"트럼프 ""중국이 펜타닐 단속하면 관세 10%P 추가 인하""(종합)",https://www.yna.co.kr/view/AKR20251101001251071?input=1195m
2025-11-01,PARTNERSHIP,"고양시, 골든타임 잡는다…스마트시티센터 성사에 새 둥지",https://www.etnews.com/20251101000004
2025-11-01,REGUL,"세계 비건의 날, 식물성 전환 확산 계기…비건문화 대중화 가속",https://www.vegannews.co.kr/news/article.html?no=339419
2025-11-01,LAUNCH,"""깊어지는 시선""…금잔디, 가을빛 아래→청명한 존재감",https://www.topstarnews.net/news/articleView.html?idxno=15859754
2025-11-01,"CERT,INVEST,LAUNCH,REGUL",[위클립] 10월 5주,https://www.laborplus.co.kr/news/articleView.html?idxno=36507
2025-11-01,"CERT,LAUNCH",[주간政談<상>] 한미 관세협상 타결에 기자들도 '깜짝',https://news.tf.co.kr/read/ptoday/2258073.htm
2025-10-31,"CERT,INVEST,LAUNCH,ORDER,REGUL","[진단] 사이버 보안, 비용 아닌 '생존 위한 투자' 인식 대전환 필요하다",http://www.itdaily.kr/news/articleView.html?idxno=236019
2025-10-31,CERT,"시진핑 “황남빵 맛있다”…이 대통령, 200상자 보냈다",https://www.ichannela.com/news/main/news_detailPage.do?publishId=000000498724
2025-10-31,"INVEST,LAUNCH",'넥슨의 상상은 현실이 된다!'  모니터  속 이야기를 그라운드 밖으로...'...,https://www.sportalkorea.com/news/articleView.html?idxno=2025052909552700804
2025-10-31,"INVEST,LAUNCH,ORDER,PARTNERSHIP","[컨콜-LG전자] 신동훈 상무 ""데이터센터 칠러 2년내 1조 유니콘 육성""",https://www.fetv.co.kr/news/article.html?no=204510
2025-10-31,"INVEST,LAUNCH","""나도 카리나 언니처럼"" 아이들 몰리더니…'대박' 터졌다",https://www.hankyung.com/article/202510316319i
2025-11-01,CERT,객실  노트북  화물칸에 떨어뜨려…비행기 긴급 회항,https://www.newsis.com/view/NISX20251031_0003384687
2025-11-01,"INVEST,LAUNCH",[국감 안 본 눈 삽니다②] 야당의 시간에도…'지X' '새X' '정치 싸움터'...,https://news.tf.co.kr/read/ptoday/2258074.htm
2025-11-01,INVEST,11월1일 운세(띠별),https://www.cbci.co.kr/news/articleView.html?idxno=538286
2025-10-31,LAUNCH,"[개봉기] 드디어 다 모였다, 소니의 INZONE 게이밍기어",https://www.inven.co.kr/webzine/news/?news=310917
2025-10-31,LAUNCH,"무신사 트레이딩, 잔스포츠 신세계백화점 센텀시티점 신규 오픈…""부산...",https://www.businessplus.kr/news/articleView.html?idxno=100725
2025-10-31,"CERT,LAUNCH,PARTNERSHIP,REGUL",[브리프]삼성물산패션 LF 코스맥스엔비티 애경산업 무신사 프로-스펙스,http://www.biztribune.co.kr/news/articleView.html?idxno=342667
2025-10-31,"CERT,LAUNCH",우승보다 빠른 계산기…LG·한화 유통가 ‘판촉 플랜’ [박순원의 유행...,https://www.dt.co.kr/article/12026510?ref=naver
2025-10-31,LAUNCH,"세계 언론이 몰린 경주, '역사의 도시'에서 '정보의 도시'로…APEC 개막 ...",https://www.kyongbuk.co.kr/news/articleView.html?idxno=4055516
2025-10-31,LAUNCH,"무신사 트레이딩, 잔스포츠 신세계백화점 센텀시티점 오픈",https://www.pointdaily.co.kr/news/articleView.html?idxno=277498
2025-11-01,LAUNCH,"차은우·지드래곤·리정, APEC 만찬 빛낸 'K-컬처 드림팀'",https://enter.etoday.co.kr/news/view/286955
2025-11-01,LAUNCH,"설거지·빨래 다 해준다…AI 로봇, 내년 美 출시",https://www.newsis.com/view/NISX20251031_0003384497
2025-11-01,LAUNCH,상담사·친구·애인까지… Z세대에 AI는 ‘정서적 지지자’,https://www.chosun.com/culture-life/book/2025/11/01/YSH6F7A7QRGHVDQKRDG75UNXHI/?utm_source=naver&utm_medium=referral&utm_campaign=naver-news
2025-11-01,"CERT,LAUNCH","""폐기물 매립 제로"" 삼성전자 글로벌 환경 전략",https://www.newspenguin.com/news/articleView.html?idxno=20640
2025-11-01,LAUNCH,쏠퀴즈 정답 11월 1일,https://www.bntnews.co.kr/article/view/bnt202510310232
2025-11-01,LAUNCH,"'아이 갓 더 파워' 지드래곤에 정상들 휴대폰 찰칵…""'케데헌' 진우네""",https://www.newsis.com/view/NISX20251031_0003385933
2025-10-31,"INVEST,LAUNCH,PARTNERSHIP","[APEC 2025] 현대차·엔비디아, 30억 달러 투자...""자율주행 선두 기대""",https://www.bloter.net/news/articleView.html?idxno=646642
2025-11-01,LAUNCH,"'2025 세계유산 조선왕릉축전' , 문화유산 축제의 새로운 가능성 보이다",http://www.ikoreanspirit.com/news/articleView.html?idxno=82254
2025-10-31,LAUNCH,‘2025 예천활축제 & 농산물축제’ 한천체육공원서 개막…가족 단위 관...,https://biz.heraldcorp.com/article/10606419?ref=naver
2025-10-31,"CERT,LAUNCH",(2025 철도학회 추계학술대회) 철도 시스템분야 R&D 성과공유…광통신 ...,https://www.electimes.com/news/articleView.html?idxno=361333
2025-10-31,"CERT,INVEST,LAUNCH,REGUL","[기고] 인공지능과 함께하는 시대, 데이터 사업화 현황 및 전망",http://www.itdaily.kr/news/articleView.html?idxno=236032
2025-10-31,LAUNCH,"2025 예천활축제 & 농산물축제 개막…활의 고장 예천, 전통과 풍요의 한...",https://www.kyongbuk.co.kr/news/articleView.html?idxno=4055526
2025-10-31,LAUNCH,"영현로보틱스의 'AI-로봇' 통합 솔루션, 글로벌 미디어·바이어 눈길 사...",https://kr.aving.net/news/articleView.html?idxno=1805570
2025-10-31,INVEST,부산 사직야구장 재건축 ‘급물살’…문체부 공모사업 선정,https://www.busan.com/view/busan/view.php?code=2025103117494781553
2025-10-31,"INVEST,ORDER,REGUL",첨단 스마트시티 인프라로 활용…고품질 행정서비스 구현,https://www.koit.co.kr/news/articleView.html?idxno=203177
2025-10-31,LAUNCH,"젊은 예술가들, 거리서 시민과 만나다… NOAS '길바닥 전시' 홍대서 성료",https://www.newscj.com/news/articleView.html?idxno=3334740
2025-10-31,"CERT,INVEST,LAUNCH,PARTNERSHIP,REGUL",[31일 대학가] 삼육대·한양대·연세대,https://www.asiatime.co.kr/article/20251031500386
2025-10-31,LAUNCH,개발자 연봉 서열 정리해보니,https://zdnet.co.kr/view/?no=20251031165659
2025-10-31,LAUNCH,"한국영상대, 'AI· XR  융합 실습공간'으로 미래형 창의인재 육성",https://www.bzeronews.com/news/articleView.html?idxno=804275
2025-10-31,"CERT,INVEST,LAUNCH","[화제의 현장] '창립 25주년' 토마토시스템, AI·헬스케어 중심 2.0 시대...",http://www.itdaily.kr/news/articleView.html?idxno=236062
2025-10-31,LAUNCH,1천 년 전 신라시대로…가는 곳마다 보물,https://www.ichannela.com/news/main/news_detailPage.do?publishId=000000498725
2025-10-31,"INVEST,PARTNERSHIP","인천스타트업파크, '테크크런치 디스럽트 2025' 글로벌 진출 지원",https://www.etnews.com/20251031000396
2025-10-31,PARTNERSHIP,"[현장] AMD·펄어비스, 팝업스토어 오픈.. MZ게이머 '붉은사막' 시연위해...",https://www.industrynews.co.kr/news/articleView.html?idxno=73644
2025-10-31,LAUNCH,"삼성전자, 엔비디아에 HBM 공급…세계 최대 규모 'AI 팩토리' 구축 본격...",http://www.inews24.com/view/1902029
2025-10-31,INVEST,"산업통상부, K-테크 인사이드 쇼 개최…반도체· 디스플레이 ·이차전지 ...",http://www.econonews.co.kr/news/articleView.html?idxno=411434
2025-10-31,INVEST,"LG전자, 美 관세에도 가전·전장 선전…전장 영업익 역대 최고",https://www.ceoscoredaily.com/page/view/2025103117412839516
2025-11-01,"INVEST,LAUNCH,ORDER","삼성전자·LG전자, 3분기 TV 약세 '심화'…TV·가전, 中 도전 '격화'",https://www.techm.kr/news/articleView.html?idxno=146061
2025-11-01,"CERT,INVEST,LAUNCH","[출연] 관세 협상부터 K-테크까지…경주 APEC, 韓 기술·외교력 각인",http://www.paxetv.com/news/articleView.html?idxno=250836
2025-11-01,"INVEST,LAUNCH","'화장품 넘어 디바이스로'…K뷰티, 홈케어 시장 넓힌다",http://www.sisaon.co.kr/news/articleView.html?idxno=177019
2025-11-01,"CERT,LAUNCH",[헬로DX] SMATOF 2025 | ‘묻고 답하면서’ 공장과 소통하는 시대...제조...,https://www.hellot.net/news/article.html?no=106733
2025-11-01,REGUL,"엔에스엠, 친환경 공정으로 ESG 시대 선도… 보이지 않는 기술력 주목",https://www.pinpointnews.co.kr/news/articleView.html?idxno=390820
2025-11-02,"CERT,INVEST,LAUNCH",(주간증시전망)4000 돌파한 코스피…대형주 랠리 속 순환매 본격화 주목,http://www.newstomato.com/ReadNews.aspx?no=1279949&inflow=N
2025-11-02,PARTNERSHIP,"엔씨디지텍, G마켓 빅스마일데이서 갤럭시북 시리즈 할인 행사 실시",https://www.gokorea.kr/news/articleView.html?idxno=844732
2025-11-01,LAUNCH,"""내외관 풀체인지급 변신한다"" 현대차, '싼타페 페이스리프트' 예상도로...",https://www.autodaily.co.kr/news/articleView.html?idxno=538463
2025-11-01,"CERT,INVEST,LAUNCH,PARTNERSHIP","이 대통령 ""한중 경제협력, 수평 구조로 변화""",https://www.ytn.co.kr/_ln/0101_202511012025021580
2025-11-01,LAUNCH,"[New & Good] '타불라'의 귀환… 삼성 갤럭시 탭 S11 울트라, '태블릿'의...",https://www.hankookilbo.com/News/Read/A2025102523120005685?did=NA
2025-11-01,"CERT,INVEST,LAUNCH,PARTNERSHIP,REGUL",APEC '경주 선언' 채택... 한중 정상회담으로 외교 슈퍼위크 마무리,https://www.ytn.co.kr/_ln/0101_202511011548037634
2025-11-01,"CERT,INVEST,LAUNCH,ORDER,REGUL","다음 주 노타·이노테크, 상장...더핑크퐁컴퍼니 등 일반 청약",https://www.asiatime.co.kr/article/20251101500007
2025-11-01,"INVEST,LAUNCH",젠슨 황 만나 '쿠다 제국' 기웃?···네이버엔 '피지컬'이 없다,https://www.womaneconomy.co.kr/news/articleView.html?idxno=244500
2025-11-01,LAUNCH,"반도체 수출 견인…한국 10월 수출 3.6% 증가, 역대 10월 중 '최대치'",https://www.ebn.co.kr/news/articleView.html?idxno=1684808
2025-11-01,INVEST,"10월 수출, 반도체 '폭풍 수출'로 3.6% 증가",https://www.viewsnnews.com/article?q=231136
2025-11-01,"CERT,LAUNCH","김철현 경기도의원 ""경기도 광융합산업 '반도체· AI  융합의 새로운 성장...",https://www.jeonmae.co.kr/news/articleView.html?idxno=1198018
2025-11-01,INVEST,"AI 부터 바이오까지…다음 주 코스닥 상장 러시, 기술주의 반격 시작되나",https://www.tokenpost.kr/news/market/299047
2025-11-01,INVEST,"""가을 왔는데 11월 IPO 뜨거워""…청약·상장 일정 ‘빽빽’",http://www.metroseoul.co.kr/article/20251101500113
2025-11-01,"INVEST,LAUNCH,ORDER",긴 연휴에도 반도체 견인…10월 수출 3.6% 증가 595.7억弗(종합2보),https://www.newsis.com/view/NISX20251101_0003386132
2025-11-01,CERT,‘리사이클 테크 재팬’ 첫 개최… 순환 경제 실현을 위한 기술 혁신의...,http://www.mfgkr.com/archives/26686
2025-11-01,CERT,"반도체부터  AI 까지…경기도의회, 도 광융합산업 미래 엿보다",https://www.etnews.com/20251101000014
2025-11-01,INVEST,"' AI  경량화' 노타·'시험 장비' 이노테크, 내주 코스닥 상장",https://www.youthdaily.co.kr/news/article.html?no=201063
2025-11-01,LAUNCH,GPU 확보로 숨통 튼 한국…제조·로봇 '피지컬  AI ' 시동,https://news.mtn.co.kr/news-detail/2025103116174677079
2025-11-01,LAUNCH,"[시승기] 르노 그랑 콜레오스, 하이브리드와 궁합 ‘합격점’",https://www.ekn.kr/web/view.php?key=20251031029062078
2025-11-01,"INVEST,LAUNCH","""실적 대비 저평가 업종 주목""…코스피 랠리 속 투자전략은?",https://www.etoday.co.kr/news/view/2520637
2025-11-01,LAUNCH,"4100선 뚫은 코스피, 한달간 20%↑···""추가 상승 여력 충분""",http://www.enewstoday.co.kr/news/articleView.html?idxno=2348351
2025-11-01,INVEST,"[IPO챗] ' AI  경량화' 노타·'시험 장비' 이노테크, 다음주 코스닥 상장",https://www.yna.co.kr/view/AKR20251030214700008?input=1195m
2025-11-01,"INVEST,LAUNCH","롯데지주, 자사주 활용과 재무구조 개선으로 주가 반등 기대",https://www.pinpointnews.co.kr/news/articleView.html?idxno=390809
2025-11-01,LAUNCH,"한국영상대, ‘2025 꿈의 기업 입사 프로젝트'서 3명수상",https://www.viva100.com/article/20251101500019
2025-11-01,"INVEST,LAUNCH,ORDER",LG  CNS의 로봇 전략 '제조 IT·스킬드 AI',https://www.bloter.net/news/articleView.html?idxno=646681
2025-11-01,"INVEST,ORDER",“내가 다 해봤어” 부장 vs “도움 덕입니다” 대표…당신 상사는 어느...,https://www.mk.co.kr/article/11457136
2025-11-01,"INVEST,LAUNCH",""" 삼성 전자 14년·SKT 13년""…ICT업계, 동반성장지수 '최우수'",https://www.techm.kr/news/articleView.html?idxno=146063
2025-11-01,LAUNCH,"'2024 동반성장지수' 발표… 삼성 전자·SK텔레콤 13년 연속 최우수, 롯데...",http://www.newslock.co.kr/news/articleView.html?idxno=118593
2025-11-01,"INVEST,LAUNCH","[김남현의 채권썰] 빅이벤트 마무리, 패닉장 진정될 듯",https://www.etoday.co.kr/news/view/2521077
2025-11-02,"INVEST,LAUNCH","‘블랙프라이데이’ 코앞…유통업계, 대형 쇼핑 행사 마련",https://www.segye.com/newsView/20251102500679?OutUrl=naver
2025-11-02,LAUNCH,美 Z세대 절반 “현금은 마지막 수단”…디지털 결제 ‘완전 세대교체’,https://www.g-enews.com/view.php?ud=202511012246441199a1f309431_1
2025-11-02,"CERT,LAUNCH","연비 좋고 공간 넓은 패밀리SUV...액티언이냐, 그랑 콜레오스냐",https://www.joongang.co.kr/article/25378810
2025-11-02,LAUNCH,"[단독]삼성 '갤S26', 내년 2월25일 'AI 중심지' 美샌프란 언팩",https://www.mt.co.kr/tech/2025/11/02/2025103113281189654
2025-11-02,"INVEST,LAUNCH,ORDER","[실리콘 디코드] 오픈AI·구글, AI 'OS' 주도권 사활…광고냐 인프라냐",https://www.g-enews.com/view.php?ud=202511011322275932fbbec65dfb_1
2025-11-02,"INVEST,LAUNCH","‘오마하의 현인’ 버핏의 버크셔, 보유현금 사상 최대… 애플  지분 축소...",http://www.fnnews.com/news/202511020407372377
2025-11-02,"INVEST,LAUNCH","[실리콘 디코드] 인텔, 차세대 '팬서 레이크' 코어 울트라 300 초기 CPU 성...",https://www.g-enews.com/view.php?ud=202511011250018755fbbec65dfb_1
2025-11-02,INVEST,메타 3분기 실적 호조에도 주가 11% 급락...AI 투자 700억 달러에 투자자...,https://www.g-enews.com/view.php?ud=202511011810223341fbbec65dfb_1
2025-11-01,REGUL,우리 동네 고양 파주 지역 대형카페,https://www.naeil.com/news/read/566056?ref=naver
2025-11-01,"LAUNCH,PARTNERSHIP","영화계 깐부 찾기, 죽어도 못 떨어지는 감독-배우 짝꿍 5팀",https://www.gqkorea.co.kr/2025/11/01/%ec%98%81%ed%99%94%ea%b3%84-%ea%b9%90%eb%b6%80-%ec%b0%be%ea%b8%b0-%ec%a3%bd%ec%96%b4%eb%8f%84-%eb%aa%bb-%eb%96%a8%ec%96%b4%ec%a7%80%eb%8a%94-%ea%b0%90%eb%8f%85-%eb%b0%b0%ec%9a%b0-%ec%a7%9d%ea%bf%8d-5/?utm_source=naver&utm_medium=partnership
2025-10-29,"INVEST,LAUNCH",16살에 입대한 흙수저 소년…생쥐 한마리로 세상을 바꿨다 [추동훈의 흥...,https://www.mk.co.kr/article/11454720
2025-11-01,LAUNCH,"엔카이브, 1년 만의 귀환… 새 싱글 'BELIEVE(빌리브)'로 글로벌 비상",https://www.newscj.com/news/articleView.html?idxno=3334969
2025-11-01,LAUNCH,[패션·뷰티 HOT신상] 입술부터 보디까지…피부 보습 위한 제품 '풍성',https://www.newsis.com/view/NISX20251031_0003385501
2025-11-01,"INVEST,LAUNCH","애플 , AI 투자 대신 자사주 매입에 ‘집중’…빅테크 중 이례적 행보",https://www.geconomy.co.kr/news/article.html?no=309455
2025-11-02,"INVEST,LAUNCH,REGUL","[박근종 칼럼] 엔비디아 GPU 26만 장 획기적 공급, 한국 'AI 3대 강국' 도...",https://www.mhns.co.kr/news/articleView.html?idxno=729728
2025-11-02,CERT,젠슨 황·美대변인도 홀렸다…'치킨·올영·홍삼·소주' 세계에 알려,https://www.nocutnews.co.kr/news/6421756?utm_source=naver&utm_medium=article&utm_campaign=20251102050040
2025-11-02,"INVEST,LAUNCH","[기자수첩] 래리 핑크, 샘 알트먼, 젠슨 황",https://daily.hankooki.com/news/articleView.html?idxno=1290229
2025-11-02,"INVEST,LAUNCH,ORDER,REGUL","[실리콘 디코드] 일본, 2나노 시대 '소재 패권' 선언…한국 거점에 대규...",https://www.g-enews.com/view.php?ud=202511011237284299fbbec65dfb_1
2025-11-02,"INVEST,LAUNCH",[엔비디아 26만 GPU 한국 공급] ① 이재명 정부 AI 국가전략의 분수령,https://www.asiaa.co.kr/news/articleView.html?idxno=228633
2025-11-02,PARTNERSHIP,"갤럭시코퍼레이션, APEC 정상 환영만찬에 엔터테크 기업으로는 유일 초...",https://www.gukjenews.com/news/articleView.html?idxno=3416403
2025-11-02,"LAUNCH,REGUL","[멸종·기후 콕콕] ""0.1% 부자, 하위 50% 1년치 탄소 하루에 배출""",https://www.newspenguin.com/news/articleView.html?idxno=20639
2025-11-02,"INVEST,LAUNCH","[비즈토크<상>] 치맥 쏜 이재용, 소맥 건넨 정의선…젠슨 황 연신 ""So goo...",https://news.tf.co.kr/read/economy/2258154.htm
2025-11-02,"LAUNCH,PARTNERSHIP","KT, NVIDIA 등과 AI-RAN 글로벌 허브 구축 협력 착수",https://www.cbci.co.kr/news/articleView.html?idxno=538281
2025-11-01,"INVEST,LAUNCH,ORDER","엔비디아, 시총 4000억달러 폭증…사상 첫 5조달러 기업 되나 [종목+]",https://www.hankyung.com/article/202511017740i
2025-11-01,"LAUNCH,PARTNERSHIP","""무슨 매력 있길래?"" 젠슨 황 CEO, 회동 후 깐부치킨 재방문 후 직원들과...",https://www.autodaily.co.kr/news/articleView.html?idxno=538472
2025-11-01,"LAUNCH,PARTNERSHIP",이재명 대통령 손 잡은 시진핑 환한 웃음···황남빵부터 통화스와프까...,https://www.mt.co.kr/politics/2025/11/01/2025110122135355229
2025-11-01,LAUNCH,"한국 헌정 영상 올린 엔비디아…“산업화, e스포츠 등 소개”",https://www.segye.com/newsView/20251101507014?OutUrl=naver
2025-11-02,LAUNCH,“옛스러움 속 새로움에 끌린다”…Z세대가 반응하는 유통업계 경험 공...,https://www.segye.com/newsView/20251101501949?OutUrl=naver
2025-11-02,INVEST,프로농구 '우승 후보'  LG ·KCC 나란히 패배… DB는 3연승 질주,http://www.hansbiz.co.kr/news/articleView.html?idxno=787861
2025-11-02,"CERT,LAUNCH,PARTNERSHIP,REGUL",대형마트 휴무일? 이마트·롯데마트·홈플러스·코스트코 ‘할인 땡큐!...,https://www.bntnews.co.kr/article/view/bnt202511010068
2025-11-01,INVEST,"'엘런슨·알바노 50점 합작' DB, 현대모비스에 4Q 역전극...3연승 달리며...",http://www.osen.co.kr/article/G1112690045
2025-11-01,INVEST,"“네이던(나이트), 네가 잘해주면 우리는 밀릴 것이 없어”",https://m.sports.naver.com/basketball/article/065/0000286854
2025-11-01,CERT,쉬운 TV·친절한 세탁기…'맞춤형 가전' 경쟁,https://news.sbs.co.kr/news/endPage.do?news_id=N1008315090&plink=ORI&cooper=NAVER
2025-11-01,INVEST,"‘이정현 20점’ 소노, 디펜딩 챔피언  LG  잡고 4연패 탈출",https://www.dailian.co.kr/news/view/1567372/?sc=Naver
2025-11-01,LAUNCH,ICT대연합 “APEC 계기 한-글로벌 AI 협력 강화 환영”,https://www.etnews.com/20251101000057
2025-11-01,"LAUNCH,PARTNERSHIP","엔비디아 ""기적이 계속되는 곳, 한국""…'AI 동맹' 헌정 영상 공개",https://www.daejonilbo.com/news/articleView.html?idxno=2236067
2025-11-01,INVEST,"삼성 3점슛 13방 앞세워 깜짝 3연승 질주, KCC마저 무너뜨렸다, DB도 앨런...",https://www.mydaily.co.kr/page/view/2025110120092024948
2025-11-01,"CERT,INVEST,LAUNCH,PARTNERSHIP",'K-AI동맹' 엔비디아 경주 빅딜에 쏠린 눈,http://www.00news.co.kr/news/articleView.html?idxno=98723
2025-11-02,LAUNCH,"""쌀쌀한 날씨 건강 지키세요""…제약업계, 간편 건기식 강화 박차",https://www.pointdaily.co.kr/news/articleView.html?idxno=277390
2025-11-01,LAUNCH,"[현장] 펄어비스 '붉은사막', AMD 팝업스토어서 '고성능 게이밍' 시연",http://www.economytalk.kr/news/articleView.html?idxno=413581
2025-11-01,LAUNCH,"[현장] AMD로 완성도 높인 '붉은사막', 홍대서 게이머 만난다",https://www.sisajournal-e.com/news/articleView.html?idxno=416535
2025-11-01,"INVEST,LAUNCH","G마켓, 역대급 '빅스마일데이' 오픈…할인지원 550억 특가",https://www.asiaa.co.kr/news/articleView.html?idxno=228454
2025-11-01,"LAUNCH,PARTNERSHIP","메모리 수요 폭발, 국내 PC 시장 메모리 가격 급등 현실화 [PC마켓]",https://it.chosun.com/news/articleView.html?idxno=2023092150119
2025-11-01,"CERT,LAUNCH",[현장스케치] 할로윈 홍대에 뜬 '붉은사막'…'붉은사막 X AMD 팝업스토어...,http://www.shinailbo.co.kr/news/articleView.html?idxno=2138705
2025-11-02,"INVEST,LAUNCH,PARTNERSHIP",[연중기획 하모니] 한독 부부의 독한 육아일기 4부,http://www.yonhapnewstv.co.kr/MYH202510311829281jf
2025-11-02,LAUNCH,"갓 쓴 지드래곤에 APEC 정상들, 촬영 삼매경…말레이 총리 SNS로 공유",https://biz.heraldcorp.com/article/10606694?ref=naver
2025-11-02,REGUL,"[현장] 운정 아이파크 시티 견본주택 ""평일인데도 줄이 끝이 없네""",http://www.newsprime.co.kr/news/article.html?no=709946
2025-11-01,LAUNCH,"장혜진, 봉준호 '살인의 추억' 거절한 이유?..기생충으로 재회[전참시][...",https://www.starnewskorea.com/broadcast-show/2025/11/02/2025110122532294444
2025-11-02,LAUNCH,"'전참시' 로이킴 ""12년 만에 홀로서기 큰 고민, 사주·전화 타로 봤다"" ...",http://www.stoo.com/article.php?aid=103439813036
2025-11-01,LAUNCH,"'전참시' 장혜진 ""회사서 예능 출연 많이 말려, 대표 출장 중 몰래 진행...",http://www.stoo.com/article.php?aid=103439683560
2025-11-01,LAUNCH,"'집단 마약 투약' BJ 세야, 2심서 감형 받았다... 왜?",https://www.ggilbo.com/news/articleView.html?idxno=1121089
2025-11-01,LAUNCH,"""김현지 누구냐""·""조요토미""…역대급 저질 국감에 한숨 [정치 인사이드...",https://www.hankyung.com/article/2025103159537
2025-11-01,"CERT,INVEST,LAUNCH,ORDER","""이번에도 또?"" 외풍에 흔들리는 KAI",https://www.econovill.com/news/articleView.html?idxno=716842
2025-11-01,"CERT,LAUNCH,PARTNERSHIP",오퀴즈 정답 11월1일,https://www.pinpointnews.co.kr/news/articleView.html?idxno=390800
2025-11-01,LAUNCH,"스마트 모니터  ㅅㅁㅇ…캐시워크 퀴즈는 ""OOOO""",http://www.econonews.co.kr/news/articleView.html?idxno=411494
2025-11-01,LAUNCH,G라이브  모니터 캐시…캐시워크 돈버는퀴즈 정답 공개,https://www.gametoc.co.kr/news/articleView.html?idxno=103445
2025-11-01,LAUNCH,11월 1일 캐시워크 퀴즈 정답 공개,https://daily.hankooki.com/news/articleView.html?idxno=1290146
2025-11-01,LAUNCH,"민주당, 최민희·추미애 비판' 세계일보 언중위 조정 신청",https://www.mediaus.co.kr/news/articleView.html?idxno=315079
2025-11-01,"CERT,INVEST,ORDER",美 자주포 교체사업 10조 규모…한화에어로스페이스가 노린다,https://www.pinpointnews.co.kr/news/articleView.html?idxno=390776
2025-11-01,"CERT,LAUNCH","'레드포스 PC방 상무지구점', 엔비디아 골드 인증 획득…프리미엄 게이...",https://www.abcn.kr/news/articleView.html?idxno=84095
2025-11-01,"CERT,LAUNCH","엔비디아가 인정한 하이엔드 게이밍 공간, '레드포스 PC방 상무지구점'...",https://www.sisamagazine.co.kr/news/articleView.html?idxno=519929
2025-11-01,"CERT,LAUNCH","프리미엄 게이밍의 기준, '레드포스 PC방 상무지구점' 엔비디아 공식 인...",https://www.thefairnews.co.kr/news/articleView.html?idxno=59436
2025-11-01,CERT,"레드포스 PC방 상무지구점, 엔비디아 '골드 인증 매장' 선정",https://www.itbiznews.com/news/articleView.html?idxno=185487
2025-11-01,"CERT,LAUNCH","'엔비디아 골드 인증 매장' 레드포스 PC방 상무지구점, 기술과 감성의 ...",https://www.epnc.co.kr/news/articleView.html?idxno=324141
2025-11-01,LAUNCH,"[글로벌] '오픈소스 10년' VS코드, AI 시대 '사고하는 도구'로 진화한다",https://www.techm.kr/news/articleView.html?idxno=146064
2025-11-01,PARTNERSHIP,"오픈AI·퍼플렉시티에 맞불…구글, 인도서 'AI 무료 전략' 가동",https://it.chosun.com/news/articleView.html?idxno=2023092150124
2025-11-01,"INVEST,LAUNCH","""출근하지 마"" 이메일 통보…'AI발 칼바람'에 1.4만개 책상 사라졌다",https://www.mt.co.kr/world/2025/11/01/2025103111093052373
2025-11-01,"CERT,REGUL",[ 노트북 을 열며] 이제 '핵잠수함의 문'이 열릴까,https://www.goodmorningcc.com/news/articleView.html?idxno=433438
2025-11-01,LAUNCH,"삼성전자, 11월 한 달간 '코리아세일페스타' 진행…전 품목 혜택 제공",https://www.thepublic.kr/news/articleView.html?idxno=281815
2025-11-01,"CERT,INVEST,LAUNCH,REGUL","[실리콘 디코드] 中 CXMT, SK하이닉스 동급 10.7Gbps D램 생산…'기술 격...",https://www.g-enews.com/view.php?ud=202511010919508195fbbec65dfb_1
2025-11-01,LAUNCH,"""11월은 쇼핑하는 달""…중기업계, 대규모 할인 대전 합류",https://daily.hankooki.com/news/articleView.html?idxno=1289972
2025-11-02,"INVEST,PARTNERSHIP","李대통령-시진핑, 첫 만남서 70조 통화스와프 연장…'한한령' 완화 가능...",https://view.asiae.co.kr/article/2025110119173295840
2025-11-02,LAUNCH,"자동차, 이제 달리는  스마트  디바이스… 'SDV 시대' 개막 [미래車혁신②...",https://it.chosun.com/news/articleView.html?idxno=2023092150128
2025-11-02,"INVEST,LAUNCH","트럼프 관세 무용지물…""중국 무역흑자 1조 달러 돌파"" 제조업 독주 계...",https://www.g-enews.com/view.php?ud=202511011808065900fbbec65dfb_1
2025-11-02,"LAUNCH,PARTNERSHIP","이재명·시진핑 첫 정상회담, 70조 통화스와프·6개 MOU 체결 합의",http://www.finomy.com/news/articleView.html?idxno=242112
2025-11-02,"CERT,LAUNCH,REGUL","중, 미중 합의에 넥스페리아 수출금지 완화…“조건 부합시 허용”",https://news.kbs.co.kr/news/pc/view/view.do?ncd=8396469&ref=A
2025-11-02,"CERT,LAUNCH","[경주 APEC] 말레이시아 총리도 팬심 인증, 지드래곤 환영 만찬 무대 직...",https://www.nc.press/news/articleView.html?idxno=576359
2025-11-01,INVEST,"아이엘, LED 렌즈 기술로 모빌리티·배터리 신사업 공략 박차",https://www.pinpointnews.co.kr/news/articleView.html?idxno=390828
2025-11-01,PARTNERSHIP,"경북교육청, 에티오피아 교원 초청 '디지털 역량 강화 연수' 실시",http://www.enewstoday.co.kr/news/articleView.html?idxno=2348432
2025-11-01,"INVEST,LAUNCH","4대 빅테크, AI 거품론에도 자본지출 확대 방침 강조",https://www.bloter.net/news/articleView.html?idxno=646676
2025-11-01,PARTNERSHIP,"김포시, 로봇경진대회에서 연세대 멘토링 받을 김포 학생 모집",https://ilyo.co.kr/?ac=article_view&entry_id=502392
2025-11-01,"CERT,LAUNCH","경복대, 2025 왕숙천문화제 활기 도우미로 맹활약 ‘눈길’",https://www.ekn.kr/web/view.php?key=20251101020502407
2025-11-01,INVEST,"야구의 도시 부산 사직야구장, 재건축 본격 추진",https://www.getnews.co.kr/news/articleView.html?idxno=847092
2025-11-01,LAUNCH,AI·VFX·VR 체험…'콘텐츠 유니버스'에서 신개념 콘텐츠를,http://www.edaily.co.kr/news/newspath.asp?newsid=01984406642361456
2025-11-01,"INVEST,LAUNCH",美 '테크 빅4' AI 지출 확 늘었다...올해 544조원,http://www.choicenews.co.kr/news/articleView.html?idxno=156069
2025-11-01,INVEST,"세종 감성초, ‘꿈꾸는 마술 상자’ 마술쇼로 창의력과 자신감 키워",https://www.viva100.com/article/20251101500022
2025-11-01,LAUNCH,"제주 장애인사업장 메이즈랜드, AI· AR 체험관 내달 7일 개관",https://www.yna.co.kr/view/AKR20251031131200056?input=1195m
2025-11-01,LAUNCH,"활의 고장 예천, 풍요의 가을을 쏘다",https://www.asiatoday.co.kr/view.php?key=20251101010000002
2025-11-01,"CERT,LAUNCH",[2025 산학연협력 EXPO] ‘선택적 투시기술’로 장례문화 새 장 연다… ...,https://cc.newdaily.co.kr/site/data/html/2025/11/01/2025110100014.html
2025-11-01,LAUNCH,'2025 예천활축제 & 농산물축제' 개막… 활과 풍요의 도시로 물들다,http://www.hansbiz.co.kr/news/articleView.html?idxno=787715
2025-11-01,"CERT,INVEST,REGUL",‘희생 도시’에서 ‘기회 도시’로 뒤바뀐 이유?···“우리는 첨단 ...,https://www.munhwa.com/article/11543575?ref=naver
2025-11-01,INVEST,"'가상 증강현실 테크' 버넥트, 철강 가공 전문기업 신원스틸 인수",https://www.bloter.net/news/articleView.html?idxno=646630
2025-11-01,"LAUNCH,PARTNERSHIP",일상과 함께하는 네카오…AI도 한 발짝 앞섰다,https://www.lcnews.co.kr/news/articleView.html?idxno=114829
2025-11-01,"CERT,LAUNCH","엔비디아 골드 인증 받은 '레드포스 PC 아레나', 기술과 감성의 만남 선...",http://www.thefirstmedia.net/news/articleView.html?idxno=184749
2025-11-01,"CERT,LAUNCH,PARTNERSHIP","레드포스 PC방 상무지구점, 엔비디아(NVIDIA)로부터 '골드 인증 매장' 선...",https://www.enetnews.co.kr/news/articleView.html?idxno=43625
2025-11-01,"CERT,LAUNCH","레드포스 PC방 상무지구점, 엔비디아 골드 인증 공식 획득…차세대 프리...",https://www.gokorea.kr/news/articleView.html?idxno=844819
2025-11-01,"CERT,LAUNCH","레드포스 PC방 상무지구점, 엔비디아 골드 인증 공식 획득",http://www.thebigdata.co.kr/view.php?ud=2025103114524292399aeda69934_23
2025-11-01,"CERT,LAUNCH","레드포스 PC방 상무지구점, 엔비디아 골드 인증 공식 획득…하이엔드 게...",https://www.thepowernews.co.kr/view.php?ud=2025103114521316389aeda69934_7
2025-11-01,LAUNCH,"이달의 명사(名士), 엔비디아 CEO '젠슨 황'",https://www.ilovepc.co.kr/news/articleView.html?idxno=56648
2025-11-01,LAUNCH,"혼다, 감성 자극하는 소형 EV ‘슈퍼-원’ 프로토타입 공개",https://www.sedaily.com/NewsView/2H0AC4GCW3
2025-11-01,"LAUNCH,REGUL",관세·긴 연휴에도 10월 수출 3.6% 올라,https://www.yeongnam.com/web/view.php?key=20251101022435551
2025-11-01,LAUNCH,길었던 연휴에도 10월 수출 3.6% 증가 '역대 최대'…반도체·선박이 견인,https://www.electimes.com/news/articleView.html?idxno=361336
2025-11-01,"LAUNCH,PARTNERSHIP","마이디어, 'KES 2025' 성료…1~2인 가구 저격 성공",https://www.econovill.com/news/articleView.html?idxno=716861
2025-11-01,LAUNCH,긴 연휴에도 반도체 견인…10월 수출 3.6% 증가 595.7억弗(종합),https://www.newsis.com/view/NISX20251101_0003386111
2025-11-01,LAUNCH,“프리미엄 전기 세단의 기준” 강력한 힘 발휘 ‘아우디 A6 e-트론’ [2...,https://www.etoday.co.kr/news/view/2520603
2025-11-02,LAUNCH,적자로 돌아선 'TV 쇼크'삼성·LG 美 관세 직격탄,http://www.smedaily.co.kr/news/articleView.html?idxno=342290
2025-11-02,LAUNCH,"한국앤컴퍼니그룹, 판교 본사 테크노플렉스 '오픈하우스' 개최",https://www.smartfn.co.kr/news/articleView.html?idxno=124581
2025-11-02,LAUNCH,"시진핑, 李에 ‘샤오미 15 울트라’ 선물…“디스플레이는 한국 LG 제품...",https://www.kgnews.co.kr/news/article.html?no=871983
2025-11-02,LAUNCH,시즈니의 ‘소원’(WISH) 이뤄준 NCT WISH 첫 단독 콘서트,https://sports.donga.com/ent/article/all/20251102/132686378/1
2025-11-02,LAUNCH,"한국앤컴퍼니그룹, 본사 테크노플렉스 ‘오픈하우스’ 진행",http://autotimes.co.kr/detail.php?number=685308&thread=27
2025-11-02,"CERT,LAUNCH,REGUL",[Cover Story] 국내 교육용 로봇 시장 분석,https://www.irobotnews.com/news/articleView.html?idxno=43141
2025-11-02,"INVEST,LAUNCH","LG디스플레이, 3분기 4310억 '흑자전환'…올레드 매출 비중 65% 사상 최대...",http://www.econonews.co.kr/news/articleView.html?idxno=411700
2025-11-02,LAUNCH,'11월 대목' 블프·광군제 온다…유통업계 '역대급 할인' 경쟁,https://www.news1.kr/industry/distribution/5961273
2025-11-02,LAUNCH,"샤오미 스마트폰, 한중 정상회담 주연으로···""디스플레이는 한국""",http://www.enewstoday.co.kr/news/articleView.html?idxno=2348491
2025-11-02,LAUNCH,"한국앤컴퍼니그룹, 본사 테크노플렉스 '오픈하우스' 진행",http://www.paxetv.com/news/articleView.html?idxno=250839
2025-11-02,LAUNCH,"'초록별 ON' NCT 위시X시즈니, 함께 쓴 첫 서사…글로벌 여정 시작 [스한...",https://sports.hankooki.com/news/articleView.html?idxno=6914823
2025-11-02,LAUNCH,"삼성·LG, 3분기 호실적 속 TV·가전 부진…돌파구는?",https://www.nocutnews.co.kr/news/6422058?utm_source=naver&utm_medium=article&utm_campaign=20251102011938
2025-11-02,LAUNCH,"한국앤컴퍼니그룹, 본사 테크노플렉스 '오픈하우스' 실시",http://www.newsprime.co.kr/news/article.html?no=709962
2025-11-02,LAUNCH,"삼성·LG, 호실적 속 심상치 않은 TV·가전 '쇼크'…반등 사활",https://www.yna.co.kr/view/AKR20251031125500003?input=1195m
2025-11-02,LAUNCH,李 “통신보안 되나” 농담한 시진핑 선물…샤오미 15 울트라,https://www.etnews.com/20251102000086
2025-11-02,LAUNCH,세계적 건축가 노먼 포스터가 설계한 한국앤컴퍼니그룹 본사 '테크노플...,https://www.autodaily.co.kr/news/articleView.html?idxno=538478
2025-11-02,LAUNCH,"한국앤컴퍼니그룹, 혁신 담은 본사 테크노플렉스 '오픈하우스' 공개",http://www.metroseoul.co.kr/article/20251102500134
2025-11-02,LAUNCH,추신수 아내도 3억 車 마다하고 택했다더니…여심 폭발 [모빌리티톡],https://www.hankyung.com/article/202510316109g
2025-11-02,LAUNCH,"한국앤컴퍼니그룹, 일반인 초청 본사 투어 프로그램 시행…“그룹 혁신...",https://biz.heraldcorp.com/article/10606743?ref=naver
2025-11-03,INVEST,"""AI가 돈 된다""… 솔루스첨단소재, 반도체 기판으로 체질 개선 중",https://www.pinpointnews.co.kr/news/articleView.html?idxno=391142
2025-11-02,"LAUNCH,PARTNERSHIP",[브리프] 삼성전자 한화그룹 코웨이 삼성SDI 롯데물산 보람그룹 롯데재...,http://www.biztribune.co.kr/news/articleView.html?idxno=342682
2025-11-02,"CERT,LAUNCH",'샤오미폰' 화면은 '한국 제품'…시진핑 선물 의미는,http://www.edaily.co.kr/news/newspath.asp?newsid=01371046642361784
2025-11-02,LAUNCH,"한국앤컴퍼니그룹, 본사 테크노플렉스 ‘오픈하우스’ 실시",https://www.fetv.co.kr/news/article.html?no=204564
2025-11-02,LAUNCH,"""혁신 이끄는 인프라 공개""...한국앤컴퍼니그룹, 본사 테크노플렉스 ‘...",https://www.seoultimes.news/news/article.html?no=2000084067
2025-11-02,LAUNCH,"엔시티 위시, 눈물의 첫 콘서트 ""이게 사랑이구나 싶어"" [종합]",https://www.hankookilbo.com/News/Read/A2025110216070003280?did=NA
2025-11-02,LAUNCH,"삼성·LG, 3분기에도 TV·가전 부진 지속…해결책 마련에 고민",http://www.fieldnews.kr/news/articleView.html?idxno=22943
2025-11-02,LAUNCH,충남 주요 산업 경기회복 기대 경기지수 소폭 상승,https://www.daejonilbo.com/news/articleView.html?idxno=2236236
2025-11-02,LAUNCH,"한국앤컴퍼니그룹, 테크노플렉스 공개 투어 개최…""혁신 이어지는 공간...",https://zdnet.co.kr/view/?no=20251102160459
2025-11-02,LAUNCH,"한국앤컴퍼니, '오픈하우스서울' 동참… 본사 사옥 일반 공개",https://www.ajunews.com/view/20251102100738126
2025-11-02,"CERT,LAUNCH",[주간차차차] SUV 명가 캐딜락의 초대형 전기차 '에스컬레이드 IQ',http://www.seoulwire.com/news/articleView.html?idxno=678071
2025-11-02,"CERT,LAUNCH",‘연말 인증샷 명소’ 경쟁 돌입한 백화점 업계,https://sports.donga.com/economy/article/all/20251102/132684566/1
2025-11-02,"INVEST,LAUNCH,REGUL",시진핑 선물은 '샤오미15 울트라'…한중 경제협력 기대감 커진다,https://www.asiatime.co.kr/article/20251102500028
2025-11-02,LAUNCH,"한국앤컴퍼니, 판교 본사 테크노플렉스서 ‘오픈하우스 건축 투어’ 개...",https://www.viva100.com/article/20251102500143
2025-11-02,"ORDER,REGUL",충청권 경기 보합세 유지... 서비스업 중심 개선세 '완만',http://www.chungnamilbo.co.kr/news/articleView.html?idxno=856521
2025-11-02,"INVEST,LAUNCH",[진영전자] 흰 천과 '엡손'만 있다면···그 어디든 '시네마 스크린',http://www.enewstoday.co.kr/news/articleView.html?idxno=2348526
2025-11-02,LAUNCH,"“공간이 혁신의 엔진”…한국앤컴퍼니그룹, 본사 테크노플렉스 오픈하...",https://www.etoday.co.kr/news/view/2521093
2025-11-03,LAUNCH,40대 갤럭시 사용률 줄어… 이재용의 ‘뼈있는 아이폰 농담’,https://www.chosun.com/economy/industry-company/2025/11/03/WGH455MRWVDVNAUHHBEHQP6MKY/?utm_source=naver&utm_medium=referral&utm_campaign=naver-news
2025-11-02,LAUNCH,"‘中 초슬림  폴더블 폰’ 대명사 오포, 파인드 N6로 돌아온다…""삼성 갤...",https://www.ddaily.co.kr/page/view/2025110210333476440
2025-11-02,"LAUNCH,PARTNERSHIP",정의선·젠슨황 '맞손'…車안 '지포스 세상' 열릴까,http://www.m-i.kr/news/articleView.html?idxno=1298088
2025-11-03,"INVEST,PARTNERSHIP","산업은행, 1400곳 직접 투자…벤처 육성 진심 [금융대전환 주역 금융공...",http://www.fntimes.com/html/view.php?ud=202511020905242884dd55077bc2_18
2025-11-02,"CERT,LAUNCH",경기도의회·경기도 공동주최 '2025 경기 정책토론회' ... 광융합산업 발...,http://www.seoulwire.com/news/articleView.html?idxno=678271
2025-11-02,"CERT,LAUNCH",[경주 APEC] 정부·지자체·진행요원·경주시민이 '원팀' 역량 결집,https://www.idaegu.co.kr/news/articleView.html?idxno=528247
2025-11-02,"CERT,LAUNCH","김철현 경기도의원 ""경기도 광융합산업 ‘반도체· AI  융합의 새로운 성...",https://www.ksmnews.co.kr/news/view.php?idx=572171
2025-11-02,LAUNCH,"김철현 경기도의원, 광융합산업 발전 정책토론회 열어",https://www.onews.tv/news/articleView.html?idxno=263037
2025-11-02,"INVEST,LAUNCH",‘상승 랠리’ 이어질까… 숨고르기 장세될 듯 [주간 증시 전망],http://www.fnnews.com/news/202511021804210492
2025-11-02,"INVEST,LAUNCH","[증시 주간 전망대] '젠슨 황 효과' 확산될까...코스피,최고점 돌파 공방...",http://www.seoulwire.com/news/articleView.html?idxno=678096
2025-11-02,"CERT,LAUNCH,REGUL","[디지털리스크, ESG가 답이다] 韓 밀고 들어오는 중국산… 디지털리스크...",https://www.dt.co.kr/article/12026744?ref=naver
2025-11-02,LAUNCH,노재헌 주중대사 보고 활짝 웃은 시진핑…샤오미 선물 의미는,https://www.hankyung.com/article/202511028462i
2025-11-02,"LAUNCH,PARTNERSHIP","가천대학교 기반구축사업단,'2025년 사업성과 보고 & 컨퍼런스' 개최",https://www.kihoilbo.co.kr/news/articleView.html?idxno=3002213
2025-11-02,LAUNCH,중국에선 절대 볼 수 없는 시진핑의 '박장대소'...트럼프 때문에 '무장해...,https://www.ytn.co.kr/_ln/0134_202511021408403800
2025-11-02,"INVEST,LAUNCH",[기획]초순수 확보가 경쟁력…수처리기술 승부 건 기업들,http://www.m-i.kr/news/articleView.html?idxno=1298028
2025-11-02,"INVEST,LAUNCH","‘슈퍼위크 통과’ 코스피, 사상 최고치 이어갈까 [주간증시전망]",http://www.fnnews.com/news/202511021312133465
2025-11-02,"LAUNCH,PARTNERSHIP","젠슨 황, 치맥에 깐부·케데헌 김밥까지 'K-사랑 진짜였다'…韓 헌정 영...",https://www.ddaily.co.kr/page/view/2025110213040606647
2025-11-02,"LAUNCH,PARTNERSHIP",시진핑은 왜 이재명 대통령에 '최신폰 아닌' 샤오미15 울트라 선물했을...,https://www.huffingtonpost.kr/news/articleView.html?idxno=239329
2025-11-02,LAUNCH,"시진핑, 李대통령에 샤오미15 울트라 선물… LG디스플레이  탑재",https://www.g-enews.com/view.php?ud=202511021705291172a6e8311f64_1
2025-11-02,"LAUNCH,PARTNERSHIP",시진핑은 왜 ‘구형 샤오미폰’을 이 대통령에게 선물했을까,https://www.hani.co.kr/arti/politics/politics_general/1226894.html
2025-11-02,LAUNCH,"李 ""보안 되나요?"" 농담한 시진핑 선물은 '샤오미15 울트라'",https://www.nocutnews.co.kr/news/6422071?utm_source=naver&utm_medium=article&utm_campaign=20251102023938
2025-11-02,LAUNCH,"李 ""통신보안 되나"" 농담한 시진핑 선물…최신폰 아닌 이유가",https://www.hankyung.com/article/2025110283577
2025-11-02,LAUNCH,시진핑 선물은 샤오미15 울트라… LG 디스플레이  탑재,https://news.sbs.co.kr/news/endPage.do?news_id=N1008315620&plink=ORI&cooper=NAVER
2025-11-03,"CERT,LAUNCH,PARTNERSHIP","[출근길 포인트] 시진핑, 李 대통령에 샤오미15 울트라 선물... '다목적...",https://www.pointdaily.co.kr/news/articleView.html?idxno=277620
2025-11-02,LAUNCH,"""갤럭시보다 디테일 살아""…'시진핑 선물' 샤오미 평가는?",https://www.hankyung.com/article/2025110288457
2025-11-02,LAUNCH,"시진핑 선물, 샤오미15 울트라…韓  디스플레이  탑재",https://www.etoday.co.kr/news/view/2521196
2025-11-02,LAUNCH,시진핑의 선물은 ‘ 삼성디스플레이 ’ 탑재된 샤오미15 울트라,https://www.donga.com/news/Inter/article/all/20251102/132687096/1
2025-11-02,LAUNCH,'통신보안-백도어 드립' 시진핑 선물은 '샤오미15 울트라'…韓 DP 탑재,https://www.slist.kr/news/articleView.html?idxno=690516
2025-11-02,LAUNCH,"시진핑, 이재명 대통령에 ‘샤오미 15 울트라’ 선물…이재명 “통신보...",https://ilyo.co.kr/?ac=article_view&entry_id=502418
2025-11-02,LAUNCH,"시진핑 선물은 샤오미15 울트라…""통신 보안은 되냐""",https://news.tvchosun.com/site/data/html_dir/2025/11/02/2025110290102.html
2025-11-02,LAUNCH,시진핑 선물은 샤오미15 울트라…한국  디스플레이  탑재(종합),https://www.yna.co.kr/view/AKR20251102025551017?input=1195m
2025-11-02,LAUNCH,"‘대륙의 실수’ 샤오미폰에  삼성 디스플레이 가…시진핑, 李에 선물로 ...",https://www.dt.co.kr/article/12026738?ref=naver
2025-11-02,LAUNCH,"시진핑 ""디스플레이는 韓 제품"" 선물 샤오미폰,  삼성디스플레이  탑재",https://www.sedaily.com/NewsView/2H0ARJOJDX
2025-11-02,LAUNCH,시진핑 선물은 샤오미15 울트라…李 “보안 잘되나” 뼈있는 농담도,https://biz.heraldcorp.com/article/10606838?ref=naver
2025-11-02,LAUNCH,[뉴욕환시-주간] 이가 없으니 잇몸…ISM·ADP 민간고용 주목,https://news.einfomax.co.kr/news/articleView.html?idxno=4381769
2025-11-02,"INVEST,LAUNCH","[세계경제동향 브리핑] 코스피 4,100선 돌파·나스닥 2%대 상승… 달러 ...",https://www.kihoilbo.co.kr/news/articleView.html?idxno=3002157
2025-11-02,REGUL,"유럽 미카 규제, 스테이블코인 위기 막기 보다 오히려 키울 수도",https://www.digitaltoday.co.kr/news/articleView.html?idxno=601566
2025-11-02,LAUNCH,10월 물가 동향·9월 경상수지 공개 [한동훈의 위클리전망대],https://www.sedaily.com/NewsView/2H0APV53QO
2025-11-03,"INVEST,LAUNCH","워런 버핏, 투자 멈추고 현금 쌓았다...보유액 546조원 '사상 최대'",http://www.joseilbo.com/news/news_read.php?uid=555914&class=42&grp=
2025-11-03,LAUNCH,11월 3일 (月) 경제 캘린더,https://www.ytn.co.kr/_ln/0102_202511030511155809
2025-11-03,"CERT,LAUNCH","셀트리온, 안질환 치료제 美 상업화 '성큼'",http://www.inews24.com/view/1902165
2025-11-03,LAUNCH,성경 구절로 임대차 분쟁 꾸짖는 사진…알고 보니 가로수길 보증금 때문,https://sports.khan.co.kr/article/202511030439003?pt=nv
2025-11-03,LAUNCH,"""내 목숨 구했다"" vs ""낭떠러지로 달렸다"" 테슬라 FSD 체험해 봤더니 [찐...",https://www.hankookilbo.com/News/Read/A2025103103580000123?did=NA
2025-11-03,"INVEST,LAUNCH","""살만한 주식 없나?"" 현금만 쌓는 버핏",https://www.mt.co.kr/world/2025/11/03/2025110220040273169
2025-11-03,"CERT,INVEST,LAUNCH","연준 FOMC 금리인하 ""내부 반란"" 파월 기자회견 충격 .. 뉴욕증시 달러환...",https://www.g-enews.com/view.php?ud=202511011512195206906806b77b_1
2025-11-02,LAUNCH,"‘♥새신랑' 곽튜브 어쩌나..""결혼식, 너무 연기톤"" 폭로 등장 (냉부해)...",http://www.osen.co.kr/article/G1112690432
2025-11-02,LAUNCH,"'17㎏ 감량' 곽튜브, 다이어트 식단 공개… ""결혼식 전날까지 샐러드"" (...",https://www.tvreport.co.kr/broadcast/article/954473/
2025-11-02,LAUNCH,"킹콩소프트, '석기삼국: 타임리프 삼국지' 출시… 원시시대에 떨어진 삼...",https://www.stnsports.co.kr/news/articleView.html?idxno=307696
2025-11-02,LAUNCH,"문경 감홍사과, APEC 각국 정상 입맛 저격 '자신감'",https://www.idaegu.co.kr/news/articleView.html?idxno=528296
2025-11-02,LAUNCH,젠슨 황 '치맥 회동'이 재계에 던진 신선한 충격 [윤민혁의 실리콘밸리...,https://www.sedaily.com/NewsView/2H0ASC31VL
2025-11-02,LAUNCH,"'새신랑' 곽튜브, ♥결혼 한 달만 경사 ""母 위한 부산 국숫집 오픈"" (냉...",http://www.osen.co.kr/article/G1112690413
2025-10-31,LAUNCH,APEC 홀린 문경 감홍 문자사과 세계 각국 정상·대표단에 제공,https://www.ksmnews.co.kr/news/view.php?idx=572033
2025-11-02,CERT,"우리은행, 외국인 전용 복합문화공한 '우리 글로벌 라운지' 오픈",https://www.kfenews.co.kr/news/articleView.html?idxno=648342
2025-11-02,"INVEST,LAUNCH","G마켓, 연중 최대 쇼핑 축제 '빅스마일데이' 진행…""할인 쿠폰에 550억 투...",http://www.econonews.co.kr/news/articleView.html?idxno=411718
2025-11-03,CERT,"""젠슨 황 앉은 자리, 기 좀 받자""…치맥회동 가게 '성지순례'",https://news.sbs.co.kr/news/endPage.do?news_id=N1008315918&plink=ORI&cooper=NAVER
2025-11-03,LAUNCH,"中 저가 공세에…  삼성 ·LG 전자 , TV·가전 ‘실적 쇼크’",https://www.seoul.co.kr/news/economy/industry/2025/11/03/20251103020005?wlog_tag3=naver
2025-11-03,LAUNCH,“AI 공급망·제조·생태계 보유”… 빅테크 ‘러브콜’ 쏟아지는 한국,https://www.seoul.co.kr/news/economy/industry/2025/11/03/20251103010002?wlog_tag3=naver
2025-11-03,"INVEST,LAUNCH",네이버랩스 석상옥 ‘포털서 로봇으로’ 네이버 확 바꾼다,http://www.fntimes.com/html/view.php?ud=202511022321508306dd55077bc2_18
2025-11-03,INVEST,"[사설]韓-엔비디아 AI 동맹, 기업인 네트워크의 힘 또 빛났다",http://www.edaily.co.kr/news/newspath.asp?newsid=01407126642362112
2025-11-03,"CERT,INVEST,LAUNCH,PARTNERSHIP",美中日 만나 모두 성과냈지만…남은 난제도 수두룩,https://www.nocutnews.co.kr/news/6422129?utm_source=naver&utm_medium=article&utm_campaign=20251103050048
2025-11-03,LAUNCH,"[단독] 'AI 깐부' 치맥 회동, 젠슨 황 34세 딸의 작품이었다 [경주 APEC]",https://www.joongang.co.kr/article/25378991
2025-11-03,"CERT,INVEST,PARTNERSHIP,REGUL","웃돈 줘도 못사는 GPU 대전...젠슨황, '26만장 약속' 의미",https://www.joongang.co.kr/article/25378990
2025-11-03,"INVEST,PARTNERSHIP","'엔비디아 동맹' 강조한 국내 AI 리더들...25년 인연, 제조 AI 연합·글로...",https://www.hankookilbo.com/News/Read/A2025110215180002846?did=NA
2025-11-03,INVEST,"코스피 못따라가는 코스닥… ETF 올 수익률, 절반 불과",https://www.mt.co.kr/stock/2025/11/03/2025110220074523509
2025-11-03,INVEST,"""檢직원 믿었는데…"" 연락 뚝, 동탄의 한탄",https://www.mt.co.kr/society/2025/11/03/2025110219590844403
2025-11-03,"CERT,INVEST,LAUNCH","4100 뚫은 불장… ""더 오를 연료, 아직 남았다""",https://www.mt.co.kr/stock/2025/11/03/2025110219580828509
2025-11-03,"CERT,LAUNCH",‘AI 반도체 깐부’  삼성전자 -현대차 성장 날개,https://www.donga.com/news/Economy/article/all/20251102/132687684/2
2025-11-03,INVEST,"코스피 불장에 돌아온 ‘왕개미’, 1억 이상 주문 4년만에 최대",https://www.donga.com/news/Economy/article/all/20251103/132688524/2
2025-11-03,"CERT,INVEST",美中 무역전쟁 휴전 무대 된 ‘경주 APEC’… 글로벌 투자 이끌어 7.4조...,https://www.donga.com/news/Politics/article/all/20251103/132688650/2
2025-11-03,INVEST,"‘실용주의’  LG  구광모 회장의 뚝심, ‘2년 만의 통합우승’ 왕조 시대...",https://www.sportsseoul.com/news/read/1559583?ref=naver
2025-11-03,"INVEST,LAUNCH,PARTNERSHIP","APEC, 韓 중심 글로벌 산업 협력의 장으로",https://www.ksilbo.co.kr/news/articleView.html?idxno=1040555
2025-11-03,INVEST,"개막 7연패 부진→복덩이 외인 합류 후 2승 3패…""긍정적인 에너지 불어...",https://www.mydaily.co.kr/page/view/2025110220243590285
2025-11-02,LAUNCH,"LG전자 , 뉴욕서 8번째 멸종위기종 보호 캠페인",https://www.segye.com/newsView/20251102509109?OutUrl=naver
2025-11-02,"INVEST,LAUNCH,PARTNERSHIP","[경주 APEC] AI로 하나 된 세계…韓, 글로벌 반도체 동맹 중심에 서다",https://www.idaegu.co.kr/news/articleView.html?idxno=528258
2025-11-02,LAUNCH,"코트라, 멕시코서 미국 관세 대응 해외 릴레이 설명회 개최…""현지 진출...",http://www.econonews.co.kr/news/articleView.html?idxno=411657
2025-11-02,PARTNERSHIP,"LG전자 ·KT, 양자 인터넷 통신 분야 공동 연구개발 추진…""불법 도·감청...",http://www.econonews.co.kr/news/articleView.html?idxno=411624
2025-11-02,LAUNCH,멸종 위기 동물 불곰 美 타임스스퀘어에 등장한 이유?,https://www.autodaily.co.kr/news/articleView.html?idxno=538476
2025-11-02,INVEST,심상치 않은 정관장의 질주…어느덧 5연승,https://www.sportsworldi.com/newsView/20251102510665
2025-11-02,INVEST,"변준형 22점 폭발! 정관장, 소노 꺾고 5연승 질주… LG ·가스공사도 웃었...",https://www.dailysportshankook.co.kr/news/articleView.html?idxno=417525
2025-11-02,INVEST,"‘1R 1위’ 유도훈의 정관장, 2R 출발 좋다! 소노 꺾고 5연승 질주…‘챔...",https://www.mk.co.kr/article/11457787
2025-11-02,INVEST,"[농구] '변준형 22점' 정관장, 소노에 신승… 5연승 선두 질주",https://www.newscj.com/news/articleView.html?idxno=3335233
2025-11-02,"CERT,LAUNCH","李대통령, 시진핑의 샤오미폰 선물에 ""보안 잘 되나"".. AS는? [1일IT템]",http://www.fnnews.com/news/202511012353463228
2025-11-02,LAUNCH,"장혜진 딸, 알고보니 배우였다…""이창동 감독 '시' 출연, 아들도 특별 출...",https://www.tenasia.co.kr/article/2025110283784
2025-11-02,LAUNCH,"'전참시' 장혜진, 텐션 폭발한 반전 일상→로이킴, 에겐력 넘치는 하루",http://enews.imbc.com/News/RetrieveNewsInfo/482491
2025-11-02,LAUNCH,"‘전참시’ 천만 배우 장혜진, 흥혜진 모드 ON!",https://sports.khan.co.kr/article/202511021355003?pt=nv
2025-11-02,LAUNCH,"장혜진, 남편과 따로 혼자 사는 중..아이들과 튀르키예行 (전참시)",http://www.osen.co.kr/article/G1112690200
2025-11-02,LAUNCH,‘전참시’ 장혜진 텐션 폭발→로이킴 게릴라 콘서트,https://www.bntnews.co.kr/article/view/bnt202511020024
2025-11-02,LAUNCH,"장혜진, ♥남편 따라 튀르키예 떠난 두 자녀 공개 ""현재 한국서 홀로 생...",https://www.sportschosun.com/entertainment/2025-11-02/202511020100007430000450
2025-11-02,LAUNCH,"인텔, 11월 서울 강남서 'AI PC 팝업 스토어' 운영…삼성·LG·에이서 등...",http://www.econonews.co.kr/news/articleView.html?idxno=411640
2025-11-02,LAUNCH,"[AIS 2025] S2W 양종헌 팀장 ""생성형 AI 시대, 에이전트 시스템은 새로운...",https://www.dailysecu.com/news/articleView.html?idxno=201967
2025-11-02,PARTNERSHIP,"엔비디아 '지포스 게이머 페스티벌', 글로벌 파트너 총출동한 '게이밍 ...",https://www.stnsports.co.kr/news/articleView.html?idxno=307695
2025-11-02,"CERT,LAUNCH",'붉은사막을 미리 경험하다'…DRC 홍대 '붉은사막 X AMD 팝업스토어 2025...,https://www.xportsnews.com/article/2073434
2025-11-02,"INVEST,LAUNCH","G마켓, ‘빅스마일데이’ 오픈…할인지원 550억, 3000만개 특가",https://isplus.com/article/view/isp202511020049
2025-10-31,PARTNERSHIP,"에이수스, 엔비디아 지포스 페스티벌 2025 참가...ROG 팬들로 뜨거운 열...",https://www.betanews.net/article/view/beta202510310090
2025-11-02,"CERT,LAUNCH",권성동 오늘 첫 재판…돈 준 통일교 '키맨'은 곧 변론 종결,http://www.yonhapnewstv.co.kr/MYH20251103051650kwe
2025-11-02,LAUNCH,서울 올가을 첫 한파주의보…오늘 '초겨울' 추위,http://www.yonhapnewstv.co.kr/MYH20251103051051COi
2025-11-03,"CERT,INVEST,LAUNCH,REGUL",[데스크 칼럼] ‘사다리’는 끊겼고 ‘풍선’은 더 커졌다,http://www.fntimes.com/html/view.php?ud=202511022354067408dd55077bc2_18
2025-11-03,LAUNCH,"‘아마 5단 바둑광’ 이 대통령, APEC ‘실리외교 포석’ 첫 돌 놨다",https://www.hani.co.kr/arti/politics/bluehouse/1226976.html
2025-11-03,"INVEST,LAUNCH","“AI 투자, 결국 사람 일자리 대체로 이어질 것”…‘AI의 대부’ 힌턴...",https://www.g-enews.com/view.php?ud=2025110300171463739a1f309431_1
2025-11-03,INVEST,[야고부-김교영] '마약 공화국' 될라,https://www.imaeil.com/page/view/2025110217240595815
2025-11-03,"CERT,REGUL",'5성급 납품'이라더니… 침대·안마의자 '소비자 기만' 도넘었다,https://www.moneys.co.kr/article/2025103115592996841
2025-11-03,"CERT,LAUNCH","'만 30세' 오마이걸 미미, 연애 안 하는 이유…""딱히 대시해 오는 사람 ...",https://www.xportsnews.com/article/2073509
2025-11-03,LAUNCH,"美대법 관세소송 심리 임박…美재무 ""희토류 통제가 비상사태""",https://biz.sbs.co.kr/article_hub/20000269398?division=NAVER
2025-11-03,LAUNCH,"LG유플러스, Simply. U+ ‘고객 중심’ 브랜드 캠페인 진행",https://www.betanews.net/article/view/beta202511030002
2025-11-03,PARTNERSHIP,韓中 “전략적 소통 강화” 관계개선 실마리,https://www.donga.com/news/Politics/article/all/20251103/132688689/2
2025-11-03,"INVEST,LAUNCH,PARTNERSHIP","[월간유통 모니터 ] 편의점 본고장 美 진출 CU, 매각 속도 홈플러스",http://www.shinailbo.co.kr/news/articleView.html?idxno=2139041
2025-11-03,CERT,"[사설] 정쟁으로 끝난 최악의 국감, 정치권 자성해야",https://www.kyeonggi.com/article/20251102580291
2025-11-03,"LAUNCH,PARTNERSHIP","KT&G, '니코틴 파우치'로 미래 연다…'명장제도'로 기술 DNA 강화",https://www.pointdaily.co.kr/news/articleView.html?idxno=277099
2025-11-03,CERT,"'침대 같은' 뒷좌석, '그랜저 같은' 운전석...G90 LWB 블랙의 두 얼굴",https://www.wolyo.co.kr/news/articleView.html?idxno=302995
2025-11-02,"LAUNCH,REGUL",‘5·18 왜곡·폄훼 댓글’ 제대로 못 걸러내는 포털,https://www.khan.co.kr/article/202511022222005
2025-11-02,LAUNCH,정책 없이 정쟁만 몰두한 국감 '낙제점',http://www.gnmaeil.com/news/articleView.html?idxno=573771
2025-11-02,LAUNCH,"""오늘도 화려한 날 들 수 빈 이""…신수현, 촬영 현장 속 압도적 아우라",https://www.topstarnews.net/news/articleView.html?idxno=15861147
2025-11-02,CERT,[온누리]GPU와 젠슨 황,http://sjbnews.com/news/news.php?number=863519
2025-11-02,LAUNCH,"""차가운 시선 속 묻어난 자신감""…아이키, 거침없는 가을→압도적 아우...",https://www.topstarnews.net/news/articleView.html?idxno=15861114
2025-11-02,CERT,"""전기효율등급제 제외 '학교 전자칠판' 고효율 제품 보급 더뎌""",https://www.kihoilbo.co.kr/news/articleView.html?idxno=3002240
2025-11-02,"CERT,PARTNERSHIP,REGUL","무인버스, 뛰어오는 손님 태운 뒤 출발…하늘엔 드론이 음식 배달",https://www.sedaily.com/NewsView/2H0AR691SC
2025-11-03,LAUNCH,[ 노트북  너머] “축의금 돌려줬다”로 끝날 일인가,https://www.etoday.co.kr/news/view/2521126
2025-11-03,ORDER,"[ 노트북 을 열며] 한국형 구축함 KDDX, 표류의 끝은 어디?",https://www.goodmorningcc.com/news/articleView.html?idxno=433451
2025-11-03,INVEST,11월3일 운세(띠별),https://www.cbci.co.kr/news/articleView.html?idxno=538298
2025-11-02,INVEST,"KAI, 박선원 의원 의혹 제기 반박",http://www.gndomin.com/news/articleView.html?idxno=452918
2025-11-02,LAUNCH,"일상 속에 스며든 배터리 화재, 농촌지역의 새로운 위험",http://www.domin.co.kr/news/articleView.html?idxno=1534044
2025-11-02,INVEST,“당신을 문학으로 이끈 힘은?”…2025 신춘문예 당선자에게 듣는 ‘습...,https://www.nongmin.com/article/20251031500567
2025-11-02,LAUNCH,"""대학생인데요, 제 졸업장은 GPT에게 절반 맡겨놨습니다""",https://www.ohmynews.com/NWS_Web/View/at_pg.aspx?CNTN_CD=A0003179262&CMPT_CD=P0010&utm_source=naver&utm_medium=newsearch&utm_campaign=naver_news
2025-11-03,"INVEST,PARTNERSHIP","[열린송현] AI 전환 시대, 통신산업의 길",https://www.sedaily.com/NewsView/2H0B5K7FLQ
2025-11-03,LAUNCH,美中 정상 '넥스페리아 사태'도 합의...車 업계 공급망 위기 해소,https://biz.sbs.co.kr/article_hub/20000269404?division=NAVER
2025-11-03,INVEST,"BNK부산은행 임직원, 재능기부 통해 지역사회 봉사활동 전개",https://www.wikitree.co.kr/articles/1092290
2025-11-03,LAUNCH,"""25년 뒤 우리의 모습?""…AI가 예측한 '소파 인간' 충격 비주얼",https://www.newsis.com/view/NISX20251102_0003386622
2025-11-03,LAUNCH,한 달간 ‘숏폼 다이어트’ 했더니… 굳었던 뇌가 살아났다,https://www.donga.com/news/It/article/all/20251102/132685866/2
2025-11-03,LAUNCH,펀웨이브에선 움직이면 게임이 된다… 온몸으로 즐기는 신개념 'AI 스포...,http://www.mygoyang.com/news/articleView.html?idxno=86328
2025-10-29,"INVEST,LAUNCH","슬리피, 슬립테크 시장의 기대주로 떠오르다, 내년 초 정식 출시 앞두고...",https://www.abcn.kr/news/articleView.html?idxno=84149
2025-11-03,LAUNCH,‘빵 터진 시진핑’…무표정하다 韓·美 정상 앞 ‘무장해제’ 화제,https://www.munhwa.com/article/11543807?ref=naver
2025-11-02,"INVEST,LAUNCH,REGUL","정장에서 청바지로'…현대차 성장세 밑바탕, 정의선 '소프트 리더십'",https://www.asiatime.co.kr/article/20251031500224
2025-11-03,INVEST,부산 사직야구장 새로 짓는다… 재건축 국비 299억 확보,https://www.donga.com/news/Society/article/all/20251102/132687766/2
2025-11-03,LAUNCH,"[종합] 아이브, 2만 8200명 팬과 '혼문' 닫았다…두 번째 월드투어 이제...",https://www.tenasia.co.kr/article/2025110288274
2025-11-02,INVEST,전남콘텐츠페어 '성료'…1만8천명 몰린 '참여형 축제'로 콘텐츠산업 가...,https://www.getnews.co.kr/news/articleView.html?idxno=847180
2025-11-02,LAUNCH,"예천활축제·농산물축제, 3일간 10만 인파…'활의 고장' 가을을 쏘다",https://www.kyongbuk.co.kr/news/articleView.html?idxno=4055648
2025-11-02,INVEST,"전남콘텐츠페어, 참여형 축제로 문화콘텐츠산업 저력 확인",https://www.ajunews.com/view/20251102215211420
2025-11-02,LAUNCH,"아이브, 장원영은 섹시하고 안유진은 잘생기고…솔로 무대 눈호강이네",https://www.tenasia.co.kr/article/2025110288314
2025-11-02,CERT,"익산 '보물찾기 축제' , 익산의 역사와 현재가 가상에서 만났다",http://www.ttlnews.com/news/articleView.html?idxno=3044547
2025-11-02,LAUNCH,최대 과학축제 ‘경북창의한마당’ 성대한 개막,https://www.ksmnews.co.kr/news/view.php?idx=572248
2025-11-02,"CERT,LAUNCH",한반도 평화 염원… ‘금단의 땅’ 평화의 레이스 [2025 DMZ OPEN 평화마라...,https://www.kyeonggi.com/article/20251102580182
2025-11-02,CERT,"익산, 현실과 가상이 만난 '보물찾기 축제'…새 문화축제 열다",https://www.newsis.com/view/NISX20251102_0003386816
2025-11-02,LAUNCH,예천 활·농산물축제 '참여형 가을 경제축제' 자리매김,http://www.hidomin.com/news/articleView.html?idxno=597060
2025-11-02,INVEST,"전라남도콘텐츠페어, 참여형 축제로 문화콘텐츠산업 저력 확인",https://www.dailysportshankook.co.kr/news/articleView.html?idxno=417518
2025-11-02,PARTNERSHIP,"미니게이트, 키즈 메타버스 ‘위티버스’ 기반 디지털 포용 확대",https://www.g-enews.com/view.php?ud=202511022209527667e207547429_1
2025-11-02,INVEST,경주를 역사·첨단산업·평화·문화 어우러진 세계 10대 문화관광도시로...,https://www.yeongnam.com/web/view.php?key=20251102024335771
2025-11-02,LAUNCH,첨단기술·전문성 살린 에듀테크 솔루션 찾는다,https://www.ccdn.co.kr/news/articleView.html?idxno=1046426
2025-11-02,CERT,"[경주APEC 결산] APEC으로 경주, 세계의 중심에 서다",https://www.imaeil.com/page/view/2025110210211322997
2025-11-02,REGUL,김종서장군 충절·애민 정신 계승,https://www.inews365.com/news/article.html?no=892319
2025-11-02,"CERT,LAUNCH,ORDER",[헬로DX] SMATOF 2025 | 데이터로 구현하는 제조 혁신...‘연속성’ 공장...,https://www.hellot.net/news/article.html?no=106739
2025-11-02,INVEST,"""어떻게 가지, 어디서 묵지"" 외신도 지적…APEC이 남긴 숙제 [경주 APEC]",https://www.joongang.co.kr/article/25378858
2025-11-02,"CERT,LAUNCH,PARTNERSHIP","한국정보산업협회, AI·데이터 활성화와 보안융합 논의… 2025 추계 합동...",https://www.koreaittimes.com/news/articleView.html?idxno=147209
2025-10-31,INVEST,"버넥트, 후판 가공사 신원스틸 118억 원 인수",http://www.ferrotimes.com/news/articleView.html?idxno=44350
2025-11-02,LAUNCH,"""베이비 팰리세이드 등장"" 현대차, 소형 SUV '베뉴 풀체인지' 인도서 공...",https://www.autodaily.co.kr/news/articleView.html?idxno=538483
2025-11-02,"CERT,LAUNCH","캐딜락, 순수 전기 플래그십 SUV '에스컬레이드 IQ' 이달 국내 출시",http://www.bizwnews.com/news/articleView.html?idxno=114539
2025-11-02,"INVEST,PARTNERSHIP","[경주 APEC 키워드 결산⑦] 샤오미와 통신보안, 그리고 백도어",https://www.econovill.com/news/articleView.html?idxno=716912
