org,topic,base_score,topic_share,company_focus,hybrid_score
AMD,0,323.0066,0.0159,0.4033,323.0066
AMD,80,293.0563,0.1308,0.3659,293.0563
AMD,11,185.0326,0.0154,0.2310,185.0326
AMD,38,178.2269,0.0203,0.2225,178.2269
AMD,12,177.6907,0.0215,0.2219,177.6907
AMD,25,167.1094,0.0282,0.2087,167.1094
AMD,55,131.2062,0.0315,0.1638,131.2062
AMD,27,127.0790,0.0150,0.1587,127.0790
AMD,1,122.0908,0.0084,0.1524,122.0908
AMD,9,116.0616,0.0149,0.1449,116.0616
AMD,40,109.2609,0.0616,0.1364,109.2609
AMD,76,109.0276,0.0133,0.1361,109.0276
AMD,32,102.8133,0.0203,0.1284,102.8133
AMD,21,102.7544,0.0199,0.1283,102.7544
AMD,20,101.4348,0.0203,0.1267,101.4348
AMD,6,97.1184,0.0194,0.1213,97.1184
AMD,102,94.2455,0.0172,0.1177,94.2455
AMD,23,93.5315,0.0169,0.1168,93.5315
AMD,43,93.4841,0.0184,0.1167,93.4841
AMD,37,92.0618,0.0230,0.1150,92.0618
AMD,75,87.8728,0.0204,0.1097,87.8728
AMD,36,85.6081,0.0105,0.1069,85.6081
AMD,45,83.8389,0.0168,0.1047,83.8389
AMD,7,83.0970,0.0222,0.1038,83.0970
AMD,19,81.9655,0.0646,0.1023,81.9655
AMD,88,80.6765,0.0404,0.1007,80.6765
AMD,65,77.9034,0.0146,0.0973,77.9034
AMD,35,77.7314,0.0138,0.0971,77.7314
AMD,42,77.4552,0.0257,0.0967,77.4552
AMD,60,74.5095,0.0198,0.0930,74.5095
AMD,66,74.0977,0.0087,0.0925,74.0977
AMD,67,73.1540,0.0097,0.0913,73.1540
AMD,101,70.6718,0.0153,0.0882,70.6718
AMD,3,68.3426,0.0069,0.0853,68.3426
AMD,81,68.2582,0.0176,0.0852,68.2582
AMD,50,64.8244,0.0086,0.0809,64.8244
AMD,72,64.5157,0.0087,0.0806,64.5157
AMD,26,62.2836,0.0161,0.0778,62.2836
AMD,31,56.7527,0.0242,0.0709,56.7527
AMD,93,54.9034,0.0106,0.0686,54.9034
AMD,33,51.4067,0.0122,0.0642,51.4067
AMD,18,50.7954,0.0088,0.0634,50.7954
AMD,51,50.7219,0.0325,0.0633,50.7219
AMD,13,48.5680,0.0073,0.0606,48.5680
AMD,44,48.2585,0.0115,0.0603,48.2585
AMD,96,46.3639,0.0092,0.0579,46.3639
AMD,97,45.9415,0.0123,0.0574,45.9415
AMD,10,44.1598,0.0188,0.0551,44.1598
AMD,17,44.0706,0.0097,0.0550,44.0706
AMD,79,43.6625,0.0123,0.0545,43.6625
AMD,69,43.4337,0.0168,0.0542,43.4337
AMD,8,43.2479,0.0154,0.0540,43.2479
AMD,41,42.6249,0.0075,0.0532,42.6249
AMD,98,42.6249,0.0163,0.0532,42.6249
AMD,16,41.5199,0.0196,0.0518,41.5199
AMD,49,39.6337,0.0131,0.0495,39.6337
AMD,22,38.7157,0.0135,0.0483,38.7157
AMD,4,36.6425,0.0091,0.0458,36.6425
AMD,30,34.7950,0.0073,0.0434,34.7950
AMD,70,33.1660,0.0103,0.0414,33.1660
AMD,85,31.9582,0.0085,0.0399,31.9582
AMD,68,30.6403,0.0127,0.0383,30.6403
AMD,91,30.3433,0.0216,0.0379,30.3433
AMD,61,30.2552,0.0248,0.0378,30.2552
AMD,90,29.6775,0.0080,0.0371,29.6775
AMD,84,28.8737,0.0171,0.0361,28.8737
AMD,94,26.6897,0.0110,0.0333,26.6897
AMD,48,26.0363,0.0564,0.0325,26.0363
AMD,59,25.4768,0.0174,0.0318,25.4768
AMD,54,25.3369,0.0100,0.0316,25.3369
AMD,73,25.1253,0.0081,0.0314,25.1253
AMD,46,24.6465,0.0059,0.0308,24.6465
AMD,78,24.6276,0.0177,0.0308,24.6276
AMD,74,23.5550,0.0073,0.0294,23.5550
AMD,53,23.1820,0.0057,0.0289,23.1820
AMD,86,22.4899,0.0181,0.0281,22.4899
AMD,87,22.4342,0.0181,0.0280,22.4342
AMD,29,21.0220,0.0070,0.0262,21.0220
AMD,28,20.1340,0.0057,0.0251,20.1340
AMD,95,19.1403,0.0064,0.0239,19.1403
AMD,39,18.9960,0.0101,0.0237,18.9960
AMD,89,18.3842,0.0039,0.0230,18.3842
AMD,57,18.0588,0.0075,0.0225,18.0588
AMD,24,16.5893,0.0206,0.0207,16.5893
AMD,82,16.4885,0.0103,0.0206,16.4885
AMD,83,16.0862,0.0075,0.0201,16.0862
AMD,92,15.4595,0.0038,0.0193,15.4595
AMD,14,14.7050,0.0053,0.0184,14.7050
AMD,2,13.5746,0.0033,0.0169,13.5746
AMD,58,10.7241,0.0084,0.0134,10.7241
AMD,63,10.1907,0.0103,0.0127,10.1907
AMD,56,9.9802,0.0138,0.0125,9.9802
AMD,77,9.9201,0.0128,0.0124,9.9201
AMD,52,7.7228,0.0033,0.0096,7.7228
AMD,47,7.7133,0.0078,0.0096,7.7133
AMD,5,6.4987,0.0033,0.0081,6.4987
AMD,64,5.8910,0.0027,0.0074,5.8910
AMD,15,4.8728,0.0051,0.0061,4.8728
AMD,71,4.7146,0.0142,0.0059,4.7146
AMD,62,4.2078,0.0111,0.0053,4.2078
AMD,100,3.0204,0.0046,0.0038,3.0204
AMD,99,2.8334,0.0046,0.0035,2.8334
AMD,34,2.8046,0.0027,0.0035,2.8046
ASUS,0,70.0079,0.0034,0.3229,70.0079
ASUS,19,69.4296,0.0547,0.3202,69.4296
ASUS,17,63.0666,0.0139,0.2909,63.0666
ASUS,1,55.6905,0.0038,0.2568,55.6905
ASUS,7,48.9679,0.0131,0.2258,48.9679
ASUS,50,45.9801,0.0061,0.2121,45.9801
ASUS,72,39.1444,0.0053,0.1805,39.1444
ASUS,11,37.7048,0.0031,0.1739,37.7048
ASUS,3,36.6892,0.0037,0.1692,36.6892
ASUS,101,36.0721,0.0078,0.1664,36.0721
ASUS,27,34.9118,0.0041,0.1610,34.9118
ASUS,67,33.7634,0.0045,0.1557,33.7634
ASUS,66,33.0922,0.0039,0.1526,33.0922
ASUS,93,31.9033,0.0062,0.1471,31.9033
ASUS,36,31.6534,0.0039,0.1460,31.6534
ASUS,76,30.2464,0.0037,0.1395,30.2464
ASUS,74,29.6337,0.0091,0.1367,29.6337
ASUS,46,28.2709,0.0067,0.1304,28.2709
ASUS,13,26.8211,0.0040,0.1237,26.8211
ASUS,70,25.6282,0.0080,0.1182,25.6282
ASUS,99,25.5005,0.0412,0.1176,25.5005
ASUS,80,25.4043,0.0113,0.1172,25.4043
ASUS,40,25.0216,0.0141,0.1154,25.0216
ASUS,51,24.9160,0.0160,0.1149,24.9160
ASUS,38,24.7728,0.0028,0.1143,24.7728
ASUS,44,24.5123,0.0058,0.1130,24.5123
ASUS,18,22.0849,0.0038,0.1019,22.0849
ASUS,90,20.0323,0.0054,0.0924,20.0323
ASUS,32,19.9915,0.0040,0.0922,19.9915
ASUS,102,19.9915,0.0037,0.0922,19.9915
ASUS,6,18.7043,0.0037,0.0863,18.7043
ASUS,9,18.2885,0.0024,0.0843,18.2885
ASUS,41,17.9473,0.0032,0.0828,17.9473
ASUS,69,17.6679,0.0068,0.0815,17.6679
ASUS,21,16.2990,0.0032,0.0752,16.2990
ASUS,92,16.1956,0.0040,0.0747,16.1956
ASUS,37,15.9477,0.0040,0.0736,15.9477
ASUS,45,14.0968,0.0028,0.0650,14.0968
ASUS,20,13.6685,0.0027,0.0630,13.6685
ASUS,96,13.4605,0.0027,0.0621,13.4605
ASUS,33,12.8517,0.0031,0.0593,12.8517
ASUS,75,12.7557,0.0030,0.0588,12.7557
ASUS,30,12.3232,0.0026,0.0568,12.3232
ASUS,39,12.1574,0.0065,0.0561,12.1574
ASUS,78,11.8892,0.0086,0.0548,11.8892
ASUS,55,11.5983,0.0028,0.0535,11.5983
ASUS,53,11.2171,0.0028,0.0517,11.2171
ASUS,49,10.4693,0.0035,0.0483,10.4693
ASUS,42,10.3806,0.0034,0.0479,10.3806
ASUS,95,10.3063,0.0034,0.0475,10.3063
ASUS,22,10.2268,0.0036,0.0472,10.2268
ASUS,29,10.1485,0.0034,0.0468,10.1485
ASUS,8,8.4951,0.0030,0.0392,8.4951
ASUS,48,8.3316,0.0181,0.0384,8.3316
ASUS,61,8.0087,0.0066,0.0369,8.0087
ASUS,4,7.4781,0.0019,0.0345,7.4781
ASUS,43,7.4194,0.0015,0.0342,7.4194
ASUS,56,7.2584,0.0100,0.0335,7.2584
ASUS,12,7.1940,0.0009,0.0332,7.1940
ASUS,91,7.1866,0.0051,0.0331,7.1866
ASUS,25,5.8893,0.0010,0.0272,5.8893
ASUS,60,5.8439,0.0016,0.0270,5.8439
ASUS,23,5.7119,0.0010,0.0263,5.7119
ASUS,2,5.5896,0.0014,0.0258,5.5896
ASUS,31,5.2387,0.0022,0.0242,5.2387
ASUS,47,5.1422,0.0052,0.0237,5.1422
ASUS,63,5.0954,0.0051,0.0235,5.0954
ASUS,5,4.8740,0.0025,0.0225,4.8740
ASUS,54,4.7507,0.0019,0.0219,4.7507
ASUS,52,4.6337,0.0020,0.0214,4.6337
ASUS,89,4.5961,0.0010,0.0212,4.5961
ASUS,65,4.4516,0.0008,0.0205,4.4516
ASUS,77,4.1334,0.0053,0.0191,4.1334
ASUS,26,3.9925,0.0010,0.0184,3.9925
ASUS,57,3.9258,0.0016,0.0181,3.9258
ASUS,97,3.8933,0.0010,0.0180,3.8933
ASUS,86,3.4600,0.0028,0.0160,3.4600
ASUS,59,3.3969,0.0023,0.0157,3.3969
ASUS,62,3.3663,0.0089,0.0155,3.3663
ASUS,64,3.3663,0.0016,0.0155,3.3663
ASUS,82,3.1407,0.0020,0.0145,3.1407
ASUS,58,3.0640,0.0024,0.0141,3.0640
ASUS,68,3.0640,0.0013,0.0141,3.0640
ASUS,81,2.9677,0.0008,0.0137,2.9677
ASUS,84,2.5477,0.0015,0.0117,2.5477
ASUS,85,2.4583,0.0007,0.0113,2.4583
ASUS,28,2.4161,0.0007,0.0111,2.4161
ASUS,15,1.9491,0.0021,0.0090,1.9491
ASUS,16,1.7300,0.0008,0.0080,1.7300
ASUS,10,1.6985,0.0007,0.0078,1.6985
ASUS,94,1.6681,0.0007,0.0077,1.6681
ASUS,79,1.5320,0.0004,0.0071,1.5320
ASUS,83,1.5320,0.0007,0.0071,1.5320
ASUS,87,1.4956,0.0012,0.0069,1.4956
ASUS,98,1.4956,0.0006,0.0069,1.4956
ASUS,100,1.0068,0.0015,0.0046,1.0068
ASUS,34,0.9349,0.0009,0.0043,0.9349
ASUS,24,0.8731,0.0011,0.0040,0.8731
ASUS,35,0.7852,0.0001,0.0036,0.7852
ASUS,73,0.7852,0.0003,0.0036,0.7852
AUO,0,54.7586,0.0027,0.3934,54.7586
AUO,1,53.5486,0.0037,0.3847,53.5486
AUO,3,40.2861,0.0041,0.2895,40.2861
AUO,11,34.2136,0.0028,0.2458,34.2136
AUO,72,29.7207,0.0040,0.2135,29.7207
AUO,67,26.0259,0.0035,0.1870,26.0259
AUO,66,25.8982,0.0030,0.1861,25.8982
AUO,50,25.6282,0.0034,0.1841,25.6282
AUO,13,22.4718,0.0034,0.1615,22.4718
AUO,27,22.3436,0.0026,0.1605,22.3436
AUO,36,21.5819,0.0026,0.1551,21.5819
AUO,38,20.6440,0.0023,0.1483,20.6440
AUO,6,18.7043,0.0037,0.1344,18.7043
AUO,17,17.4763,0.0038,0.1256,17.4763
AUO,76,16.8817,0.0021,0.1213,16.8817
AUO,30,16.6726,0.0035,0.1198,16.6726
AUO,95,16.1956,0.0054,0.1164,16.1956
AUO,23,14.9936,0.0027,0.1077,14.9936
AUO,41,14.9561,0.0026,0.1075,14.9561
AUO,93,14.8387,0.0029,0.1066,14.8387
AUO,18,14.7233,0.0025,0.1058,14.7233
AUO,83,14.5542,0.0068,0.1046,14.5542
AUO,101,13.9871,0.0030,0.1005,13.9871
AUO,29,13.7730,0.0046,0.0990,13.7730
AUO,33,13.5656,0.0032,0.0975,13.5656
AUO,45,13.3549,0.0027,0.0960,13.3549
AUO,46,10.8734,0.0026,0.0781,10.8734
AUO,20,10.7909,0.0022,0.0775,10.7909
AUO,60,10.2268,0.0027,0.0735,10.2268
AUO,102,9.9957,0.0018,0.0718,9.9957
AUO,9,9.8477,0.0013,0.0708,9.8477
AUO,4,9.7215,0.0024,0.0698,9.7215
AUO,7,9.6452,0.0026,0.0693,9.6452
AUO,43,9.6452,0.0019,0.0693,9.6452
AUO,65,9.6452,0.0018,0.0693,9.6452
AUO,2,9.5821,0.0023,0.0688,9.5821
AUO,44,9.1921,0.0022,0.0660,9.1921
AUO,89,9.1921,0.0019,0.0660,9.1921
AUO,90,8.9032,0.0024,0.0640,8.9032
AUO,37,8.6988,0.0022,0.0625,8.6988
AUO,21,8.5038,0.0016,0.0611,8.5038
AUO,75,8.5038,0.0020,0.0611,8.5038
AUO,70,8.2915,0.0026,0.0596,8.2915
AUO,69,8.0978,0.0031,0.0582,8.0978
AUO,92,8.0978,0.0020,0.0582,8.0978
AUO,55,7.9739,0.0019,0.0573,7.9739
AUO,82,7.8517,0.0049,0.0564,7.8517
AUO,57,7.0665,0.0029,0.0508,7.0665
AUO,98,6.7303,0.0026,0.0484,6.7303
AUO,26,6.3881,0.0017,0.0459,6.3881
AUO,35,6.2813,0.0011,0.0451,6.2813
AUO,31,6.1118,0.0026,0.0439,6.1118
AUO,53,5.9824,0.0015,0.0430,5.9824
AUO,25,5.8893,0.0010,0.0423,5.8893
AUO,12,5.7552,0.0007,0.0414,5.7552
AUO,85,5.7361,0.0015,0.0412,5.7361
AUO,32,5.7119,0.0011,0.0410,5.7119
AUO,97,5.4507,0.0015,0.0392,5.4507
AUO,96,5.2346,0.0010,0.0376,5.2346
AUO,28,4.8322,0.0014,0.0347,4.8322
AUO,42,4.7910,0.0016,0.0344,4.7910
AUO,34,4.6743,0.0045,0.0336,4.6743
AUO,8,4.6337,0.0017,0.0333,4.6337
AUO,39,4.5590,0.0024,0.0328,4.5590
AUO,74,4.5590,0.0014,0.0328,4.5590
AUO,49,4.4868,0.0015,0.0322,4.4868
AUO,22,4.3829,0.0015,0.0315,4.3829
AUO,59,4.2461,0.0029,0.0305,4.2461
AUO,64,4.2078,0.0019,0.0302,4.2078
AUO,54,3.9589,0.0016,0.0284,3.9589
AUO,52,3.8614,0.0016,0.0277,3.8614
AUO,58,3.8300,0.0030,0.0275,3.8300
AUO,87,3.7390,0.0030,0.0269,3.7390
AUO,86,3.4600,0.0028,0.0249,3.4600
AUO,5,3.2493,0.0017,0.0233,3.2493
AUO,91,3.1940,0.0023,0.0229,3.1940
AUO,100,3.0204,0.0046,0.0217,3.0204
AUO,81,2.9677,0.0008,0.0213,2.9677
AUO,16,2.5950,0.0012,0.0186,2.5950
AUO,10,2.5477,0.0011,0.0183,2.5477
AUO,73,2.3555,0.0008,0.0169,2.3555
AUO,68,2.2980,0.0010,0.0165,2.2980
AUO,79,2.2980,0.0006,0.0165,2.2980
AUO,14,1.7300,0.0006,0.0124,1.7300
AUO,63,1.6985,0.0017,0.0122,1.6985
AUO,84,1.6985,0.0010,0.0122,1.6985
AUO,40,1.6681,0.0009,0.0120,1.6681
AUO,77,1.6534,0.0021,0.0119,1.6534
AUO,71,1.1787,0.0036,0.0085,1.1787
AUO,48,1.0415,0.0023,0.0075,1.0415
AUO,19,0.9643,0.0008,0.0069,0.9643
AUO,56,0.9073,0.0013,0.0065,0.9073
AUO,51,0.8899,0.0006,0.0064,0.8899
AUO,24,0.8731,0.0011,0.0063,0.8731
AUO,47,0.8570,0.0009,0.0062,0.8570
AUO,88,0.8492,0.0004,0.0061,0.8492
AUO,62,0.8416,0.0022,0.0060,0.8416
Acer,0,52.6792,0.0026,0.3457,52.6792
Acer,17,52.4289,0.0115,0.3440,52.4289
Acer,1,40.6969,0.0028,0.2670,40.6969
Acer,72,31.1705,0.0042,0.2045,31.1705
Acer,11,30.7224,0.0026,0.2016,30.7224
Acer,67,30.2464,0.0040,0.1985,30.2464
Acer,50,30.1509,0.0040,0.1978,30.1509
Acer,74,29.6337,0.0091,0.1945,29.6337
Acer,46,28.9958,0.0069,0.1903,28.9958
Acer,7,27.4517,0.0073,0.1801,27.4517
Acer,19,26.0361,0.0205,0.1708,26.0361
Acer,27,24.4383,0.0029,0.1604,24.4383
Acer,70,23.3669,0.0073,0.1533,23.3669
Acer,101,22.8211,0.0049,0.1497,22.8211
Acer,66,22.3013,0.0026,0.1463,22.3013
Acer,36,21.5819,0.0026,0.1416,21.5819
Acer,13,21.0220,0.0032,0.1379,21.0220
Acer,93,20.7742,0.0040,0.1363,20.7742
Acer,90,20.0323,0.0054,0.1314,20.0323
Acer,3,18.7043,0.0019,0.1227,18.7043
Acer,38,18.5796,0.0021,0.1219,18.5796
Acer,32,18.5635,0.0037,0.1218,18.5635
Acer,76,18.2885,0.0022,0.1200,18.2885
Acer,44,17.6182,0.0042,0.1156,17.6182
Acer,51,16.0174,0.0103,0.1051,16.0174
Acer,18,15.4595,0.0027,0.1014,15.4595
Acer,21,14.8817,0.0029,0.0977,14.8817
Acer,9,14.7715,0.0019,0.0969,14.7715
Acer,41,12.7127,0.0022,0.0834,12.7127
Acer,30,12.3232,0.0026,0.0809,12.3232
Acer,40,11.6767,0.0066,0.0766,11.6767
Acer,20,11.5103,0.0023,0.0755,11.5103
Acer,102,11.4237,0.0021,0.0750,11.4237
Acer,96,11.2171,0.0022,0.0736,11.2171
Acer,45,11.1291,0.0022,0.0730,11.1291
Acer,92,11.0425,0.0027,0.0725,11.0425
Acer,95,11.0425,0.0037,0.0725,11.0425
Acer,80,10.8875,0.0049,0.0714,10.8875
Acer,29,10.8734,0.0036,0.0714,10.8734
Acer,37,10.8734,0.0027,0.0714,10.8734
Acer,33,10.7097,0.0025,0.0703,10.7097
Acer,53,10.4693,0.0026,0.0687,10.4693
Acer,78,10.1907,0.0073,0.0669,10.1907
Acer,55,10.1485,0.0024,0.0666,10.1485
Acer,69,9.5701,0.0037,0.0628,9.5701
Acer,6,9.3521,0.0019,0.0614,9.3521
Acer,75,9.2125,0.0021,0.0605,9.2125
Acer,56,7.2584,0.0100,0.0476,7.2584
Acer,43,5.1936,0.0010,0.0341,5.1936
Acer,5,4.8740,0.0025,0.0320,4.8740
Acer,49,4.4868,0.0015,0.0294,4.4868
Acer,25,4.4170,0.0007,0.0290,4.4170
Acer,22,4.3829,0.0015,0.0288,4.3829
Acer,60,4.3829,0.0012,0.0288,4.3829
Acer,47,4.2852,0.0043,0.0281,4.2852
Acer,23,4.2839,0.0008,0.0281,4.2839
Acer,42,3.9925,0.0013,0.0262,3.9925
Acer,57,3.9258,0.0016,0.0258,3.9258
Acer,52,3.8614,0.0016,0.0253,3.8614
Acer,65,3.7097,0.0007,0.0243,3.7097
Acer,82,3.1407,0.0020,0.0206,3.1407
Acer,68,3.0640,0.0013,0.0201,3.0640
Acer,89,3.0640,0.0006,0.0201,3.0640
Acer,4,2.9912,0.0007,0.0196,2.9912
Acer,12,2.8776,0.0003,0.0189,2.8776
Acer,86,2.5950,0.0021,0.0170,2.5950
Acer,59,2.5477,0.0017,0.0167,2.5477
Acer,63,2.5477,0.0026,0.0167,2.5477
Acer,8,2.3169,0.0008,0.0152,2.3169
Acer,39,2.2795,0.0012,0.0150,2.2795
Acer,62,1.6831,0.0044,0.0110,1.6831
Acer,2,1.5970,0.0004,0.0105,1.5970
Acer,54,1.5836,0.0006,0.0104,1.5836
Acer,58,1.5320,0.0012,0.0101,1.5320
Acer,87,1.4956,0.0012,0.0098,1.4956
Acer,98,1.4956,0.0006,0.0098,1.4956
Acer,81,1.4839,0.0004,0.0097,1.4839
Acer,100,1.0068,0.0015,0.0066,1.0068
Acer,34,0.9349,0.0009,0.0061,0.9349
Acer,24,0.8731,0.0011,0.0057,0.8731
Acer,91,0.7985,0.0006,0.0052,0.7985
Acer,73,0.7852,0.0003,0.0052,0.7852
Acer,97,0.7787,0.0002,0.0051,0.7787
Acer,79,0.7660,0.0002,0.0050,0.7660
BMW,0,99.8132,0.0049,0.2999,99.8132
BMW,8,84.9513,0.0303,0.2553,84.9513
BMW,9,84.4084,0.0109,0.2537,84.4084
BMW,11,81.6936,0.0068,0.2455,81.6936
BMW,96,77.7718,0.0154,0.2337,77.7718
BMW,27,66.3324,0.0078,0.1993,66.3324
BMW,46,64.5157,0.0154,0.1939,64.5157
BMW,1,64.2583,0.0044,0.1931,64.2583
BMW,90,60.8389,0.0165,0.1828,60.8389
BMW,38,56.4270,0.0064,0.1696,56.4270
BMW,60,54.7864,0.0146,0.1646,54.7864
BMW,69,53.7400,0.0208,0.1615,53.7400
BMW,74,51.6690,0.0159,0.1553,51.6690
BMW,23,51.4067,0.0093,0.1545,51.4067
BMW,3,48.9189,0.0049,0.1470,48.9189
BMW,67,46.4246,0.0062,0.1395,46.4246
BMW,102,46.4088,0.0085,0.1395,46.4088
BMW,13,45.6684,0.0069,0.1372,45.6684
BMW,33,42.8389,0.0102,0.1287,42.8389
BMW,4,42.6249,0.0106,0.1281,42.6249
BMW,30,42.0440,0.0088,0.1263,42.0440
BMW,72,42.0440,0.0057,0.1263,42.0440
BMW,76,38.6872,0.0047,0.1163,38.6872
BMW,91,35.1343,0.0250,0.1056,35.1343
BMW,45,34.1291,0.0068,0.1026,34.1291
BMW,42,32.7388,0.0109,0.0984,32.7388
BMW,49,31.4078,0.0104,0.0944,31.4078
BMW,36,30.9340,0.0038,0.0930,30.9340
BMW,66,30.9340,0.0036,0.0930,30.9340
BMW,22,30.6804,0.0107,0.0922,30.6804
BMW,101,30.1827,0.0065,0.0907,30.1827
BMW,25,29.4466,0.0050,0.0885,29.4466
BMW,83,29.1083,0.0136,0.0875,29.1083
BMW,32,27.8453,0.0055,0.0837,27.8453
BMW,21,26.9288,0.0052,0.0809,26.9288
BMW,41,25.4254,0.0045,0.0764,25.4254
BMW,92,25.0296,0.0062,0.0752,25.0296
BMW,87,24.6776,0.0199,0.0742,24.6776
BMW,89,22.9803,0.0048,0.0691,22.9803
BMW,18,22.8211,0.0039,0.0686,22.8211
BMW,50,22.6132,0.0030,0.0680,22.6132
BMW,65,22.2581,0.0042,0.0669,22.2581
BMW,12,21.5819,0.0026,0.0649,21.5819
BMW,20,21.5819,0.0043,0.0649,21.5819
BMW,54,20.5862,0.0081,0.0619,20.5862
BMW,70,20.3518,0.0063,0.0612,20.3518
BMW,64,20.1976,0.0093,0.0607,20.1976
BMW,53,20.1908,0.0050,0.0607,20.1908
BMW,98,19.4429,0.0075,0.0584,19.4429
BMW,43,19.2904,0.0038,0.0580,19.2904
BMW,17,18.2361,0.0040,0.0548,18.2361
BMW,81,17.8065,0.0046,0.0535,17.8065
BMW,75,17.7163,0.0041,0.0532,17.7163
BMW,55,17.3975,0.0042,0.0523,17.3975
BMW,73,16.4885,0.0053,0.0495,16.4885
BMW,93,16.3226,0.0032,0.0491,16.3226
BMW,26,15.9702,0.0041,0.0480,15.9702
BMW,39,15.9566,0.0085,0.0480,15.9566
BMW,37,15.9477,0.0040,0.0479,15.9477
BMW,6,15.8267,0.0032,0.0476,15.8267
BMW,35,15.7033,0.0028,0.0472,15.7033
BMW,57,15.7033,0.0065,0.0472,15.7033
BMW,85,15.5694,0.0041,0.0468,15.5694
BMW,68,15.3202,0.0064,0.0460,15.3202
BMW,29,15.2228,0.0051,0.0457,15.2228
BMW,7,14.8387,0.0040,0.0446,14.8387
BMW,97,14.7947,0.0040,0.0445,14.7947
BMW,95,13.9871,0.0047,0.0420,13.9871
BMW,52,13.9011,0.0059,0.0418,13.9011
BMW,2,11.9776,0.0029,0.0360,11.9776
BMW,10,11.8892,0.0051,0.0357,11.8892
BMW,84,11.8892,0.0070,0.0357,11.8892
BMW,5,11.3727,0.0058,0.0342,11.3727
BMW,28,10.4697,0.0030,0.0315,10.4697
BMW,88,10.1907,0.0051,0.0306,10.1907
BMW,44,9.9581,0.0024,0.0299,9.9581
BMW,16,9.5150,0.0045,0.0286,9.5150
BMW,47,9.4274,0.0096,0.0283,9.4274
BMW,80,9.0730,0.0040,0.0273,9.0730
BMW,31,8.7312,0.0037,0.0262,8.7312
BMW,62,8.4157,0.0222,0.0253,8.4157
BMW,79,7.6601,0.0022,0.0230,7.6601
BMW,99,7.5557,0.0122,0.0227,7.5557
BMW,58,6.8941,0.0054,0.0207,6.8941
BMW,77,6.6134,0.0085,0.0199,6.6134
BMW,14,6.0550,0.0022,0.0182,6.0550
BMW,59,5.9446,0.0041,0.0179,5.9446
BMW,63,5.9446,0.0060,0.0179,5.9446
BMW,78,5.9446,0.0043,0.0179,5.9446
BMW,15,5.8474,0.0062,0.0176,5.8474
BMW,94,5.8384,0.0024,0.0175,5.8384
BMW,61,5.3391,0.0044,0.0160,5.3391
BMW,24,5.2387,0.0065,0.0157,5.2387
BMW,48,5.2073,0.0113,0.0156,5.2073
BMW,100,5.0340,0.0077,0.0151,5.0340
BMW,82,4.7110,0.0030,0.0142,4.7110
BMW,51,4.4493,0.0029,0.0134,4.4493
BMW,86,4.3250,0.0035,0.0130,4.3250
BMW,56,3.6292,0.0050,0.0109,3.6292
BMW,34,2.8046,0.0027,0.0084,2.8046
BMW,40,2.5022,0.0014,0.0075,2.5022
BMW,19,1.9286,0.0015,0.0058,1.9286
BMW,71,1.1787,0.0036,0.0035,1.1787
BOE,1,1006.7136,0.0690,0.4307,1006.7136
BOE,0,858.1162,0.0422,0.3671,858.1162
BOE,50,614.3240,0.0814,0.2628,614.3240
BOE,66,612.2055,0.0715,0.2619,612.2055
BOE,36,546.7405,0.0668,0.2339,546.7405
BOE,72,442.9114,0.0599,0.1895,442.9114
BOE,11,417.5453,0.0347,0.1786,417.5453
BOE,45,413.2591,0.0826,0.1768,413.2591
BOE,3,403.5808,0.0407,0.1727,403.5808
BOE,13,400.8674,0.0602,0.1715,400.8674
BOE,93,376.1622,0.0729,0.1609,376.1622
BOE,41,376.1462,0.0661,0.1609,376.1462
BOE,18,319.4954,0.0551,0.1367,319.4954
BOE,67,305.9806,0.0406,0.1309,305.9806
BOE,17,287.2190,0.0631,0.1229,287.2190
BOE,44,286.4872,0.0680,0.1226,286.4872
BOE,35,285.8005,0.0509,0.1223,285.8005
BOE,76,267.2934,0.0325,0.1144,267.2934
BOE,92,234.1003,0.0578,0.1002,234.1003
BOE,30,233.4165,0.0491,0.0999,233.4165
BOE,25,233.3642,0.0394,0.0998,233.3642
BOE,38,225.0200,0.0256,0.0963,225.0200
BOE,27,217.1515,0.0257,0.0929,217.1515
BOE,79,208.3543,0.0586,0.0891,208.3543
BOE,12,204.3083,0.0248,0.0874,204.3083
BOE,23,203.4847,0.0369,0.0871,203.4847
BOE,7,188.4521,0.0504,0.0806,188.4521
BOE,65,185.4843,0.0348,0.0794,185.4843
BOE,102,174.2114,0.0319,0.0745,174.2114
BOE,85,171.2631,0.0456,0.0733,171.2631
BOE,9,170.2237,0.0219,0.0728,170.2237
BOE,26,169.2836,0.0438,0.0724,169.2836
BOE,97,166.6352,0.0446,0.0713,166.6352
BOE,81,165.4520,0.0426,0.0708,165.4520
BOE,52,158.3183,0.0668,0.0677,158.3183
BOE,95,157.5392,0.0524,0.0674,157.5392
BOE,29,149.3286,0.0496,0.0639,149.3286
BOE,70,140.9553,0.0439,0.0603,140.9553
BOE,28,132.0789,0.0375,0.0565,132.0789
BOE,89,130.9875,0.0275,0.0560,130.9875
BOE,74,122.3340,0.0377,0.0523,122.3340
BOE,98,120.3967,0.0461,0.0515,120.3967
BOE,53,118.9011,0.0292,0.0509,118.9011
BOE,43,111.2906,0.0219,0.0476,111.2906
BOE,46,110.9091,0.0264,0.0475,110.9091
BOE,90,106.0970,0.0287,0.0454,106.0970
BOE,101,104.5354,0.0226,0.0447,104.5354
BOE,75,104.1718,0.0242,0.0446,104.1718
BOE,2,103.8060,0.0253,0.0444,103.8060
BOE,5,96.6679,0.0494,0.0414,96.6679
BOE,6,88.4856,0.0177,0.0379,88.4856
BOE,68,85.0269,0.0354,0.0364,85.0269
BOE,54,80.7613,0.0319,0.0346,80.7613
BOE,33,80.6799,0.0192,0.0345,80.6799
BOE,31,79.4538,0.0339,0.0340,79.4538
BOE,49,78.5196,0.0259,0.0336,78.5196
BOE,22,78.1619,0.0272,0.0334,78.1619
BOE,64,76.5826,0.0353,0.0328,76.5826
BOE,96,76.2762,0.0151,0.0326,76.2762
BOE,20,76.2559,0.0153,0.0326,76.2559
BOE,73,75.3759,0.0243,0.0322,75.3759
BOE,21,64.4873,0.0125,0.0276,64.4873
BOE,37,61.6161,0.0154,0.0264,61.6161
BOE,32,58.5465,0.0116,0.0250,58.5465
BOE,55,57.9917,0.0139,0.0248,57.9917
BOE,83,55.9186,0.0261,0.0239,55.9186
BOE,8,52.5153,0.0187,0.0225,52.5153
BOE,60,51.8644,0.0138,0.0222,51.8644
BOE,56,47.1793,0.0651,0.0202,47.1793
BOE,69,46.3784,0.0180,0.0198,46.3784
BOE,10,45.8582,0.0195,0.0196,45.8582
BOE,4,45.6161,0.0113,0.0195,45.6161
BOE,16,44.9799,0.0213,0.0192,44.9799
BOE,82,41.6138,0.0261,0.0178,41.6138
BOE,94,40.8686,0.0169,0.0175,40.8686
BOE,40,37.5324,0.0212,0.0161,37.5324
BOE,42,37.5299,0.0125,0.0161,37.5299
BOE,88,37.3660,0.0187,0.0160,37.3660
BOE,39,37.2321,0.0198,0.0159,37.2321
BOE,19,31.8219,0.0251,0.0136,31.8219
BOE,84,30.5722,0.0181,0.0131,30.5722
BOE,87,28.4166,0.0229,0.0122,28.4166
BOE,58,28.3423,0.0222,0.0121,28.3423
BOE,78,26.3260,0.0190,0.0113,26.3260
BOE,100,25.1701,0.0383,0.0108,25.1701
BOE,71,24.7518,0.0747,0.0106,24.7518
BOE,57,23.5550,0.0098,0.0101,23.5550
BOE,14,23.3549,0.0085,0.0100,23.3549
BOE,61,23.1363,0.0190,0.0099,23.1363
BOE,86,22.4899,0.0181,0.0096,22.4899
BOE,59,21.2307,0.0145,0.0091,21.2307
BOE,63,16.9845,0.0171,0.0073,16.9845
BOE,24,15.7161,0.0195,0.0067,15.7161
BOE,80,13.6094,0.0061,0.0058,13.6094
BOE,91,13.5746,0.0096,0.0058,13.5746
BOE,99,13.2225,0.0213,0.0057,13.2225
BOE,34,13.0881,0.0126,0.0056,13.0881
BOE,77,11.5735,0.0149,0.0050,11.5735
BOE,51,5.3391,0.0034,0.0023,5.3391
BOE,47,5.1422,0.0052,0.0022,5.1422
BOE,62,4.2078,0.0111,0.0018,4.2078
BOE,48,3.1244,0.0068,0.0013,3.1244
BOE,15,1.9491,0.0021,0.0008,1.9491
BYD,0,116.4487,0.0057,0.3680,116.4487
BYD,1,105.6692,0.0072,0.3340,105.6692
BYD,92,89.0759,0.0220,0.2815,89.0759
BYD,9,76.6710,0.0099,0.2423,76.6710
BYD,11,69.1254,0.0057,0.2185,69.1254
BYD,27,63.5395,0.0075,0.2008,63.5395
BYD,3,62.5874,0.0063,0.1978,62.5874
BYD,8,61.0105,0.0218,0.1928,61.0105
BYD,76,60.4927,0.0074,0.1912,60.4927
BYD,67,45.7212,0.0061,0.1445,45.7212
BYD,38,45.4169,0.0052,0.1435,45.4169
BYD,96,44.1205,0.0087,0.1394,44.1205
BYD,23,43.5529,0.0079,0.1377,43.5529
BYD,72,40.5942,0.0055,0.1283,40.5942
BYD,30,38.4195,0.0081,0.1214,38.4195
BYD,20,35.9698,0.0072,0.1137,35.9698
BYD,50,35.4273,0.0047,0.1120,35.4273
BYD,25,35.3359,0.0060,0.1117,35.3359
BYD,65,34.8711,0.0065,0.1102,34.8711
BYD,13,34.0701,0.0051,0.1077,34.0701
BYD,18,33.1274,0.0057,0.1047,33.1274
BYD,35,32.9770,0.0059,0.1042,32.9770
BYD,90,31.9033,0.0086,0.1008,31.9033
BYD,46,31.8954,0.0076,0.1008,31.8954
BYD,69,30.9189,0.0120,0.0977,30.9189
BYD,102,29.9872,0.0055,0.0948,29.9872
BYD,60,29.9499,0.0080,0.0947,29.9499
BYD,4,29.1644,0.0073,0.0922,29.1644
BYD,66,25.8982,0.0030,0.0819,25.8982
BYD,43,25.2259,0.0050,0.0797,25.2259
BYD,36,24.4594,0.0030,0.0773,24.4594
BYD,49,23.9298,0.0079,0.0756,23.9298
BYD,12,23.7400,0.0029,0.0750,23.7400
BYD,21,23.3855,0.0045,0.0739,23.3855
BYD,22,23.3755,0.0081,0.0739,23.3755
BYD,68,22.9803,0.0096,0.0726,22.9803
BYD,85,22.9443,0.0061,0.0725,22.9443
BYD,73,22.7698,0.0074,0.0720,22.7698
BYD,42,21.5597,0.0072,0.0681,21.5597
BYD,81,21.5162,0.0055,0.0680,21.5162
BYD,74,21.2755,0.0066,0.0672,21.2755
BYD,53,20.9386,0.0051,0.0662,20.9386
BYD,41,20.1908,0.0035,0.0638,20.1908
BYD,45,20.0323,0.0040,0.0633,20.0323
BYD,93,20.0323,0.0039,0.0633,20.0323
BYD,101,19.8764,0.0043,0.0628,19.8764
BYD,26,19.1642,0.0050,0.0606,19.1642
BYD,75,19.1336,0.0044,0.0605,19.1336
BYD,17,18.9960,0.0042,0.0600,18.9960
BYD,87,18.6951,0.0151,0.0591,18.6951
BYD,32,18.5635,0.0037,0.0587,18.5635
BYD,29,18.1224,0.0060,0.0573,18.1224
BYD,97,17.9094,0.0048,0.0566,17.9094
BYD,33,17.8495,0.0042,0.0564,17.8495
BYD,83,17.6182,0.0082,0.0557,17.6182
BYD,91,16.7687,0.0119,0.0530,16.7687
BYD,37,16.6726,0.0042,0.0527,16.6726
BYD,6,16.5461,0.0033,0.0523,16.5461
BYD,55,15.9477,0.0038,0.0504,15.9477
BYD,95,15.4595,0.0051,0.0489,15.4595
BYD,44,15.3202,0.0036,0.0484,15.3202
BYD,39,15.1968,0.0081,0.0480,15.1968
BYD,70,14.3217,0.0045,0.0453,14.3217
BYD,79,13.7882,0.0039,0.0436,13.7882
BYD,89,13.7882,0.0029,0.0436,13.7882
BYD,7,13.3549,0.0036,0.0422,13.3549
BYD,31,12.2237,0.0052,0.0386,12.2237
BYD,98,11.2171,0.0043,0.0355,11.2171
BYD,71,10.6079,0.0320,0.0335,10.6079
BYD,28,10.4697,0.0030,0.0331,10.4697
BYD,57,10.2072,0.0042,0.0323,10.2072
BYD,64,9.2572,0.0043,0.0293,9.2572
BYD,58,9.1921,0.0072,0.0291,9.1921
BYD,94,9.1746,0.0038,0.0290,9.1746
BYD,56,9.0730,0.0125,0.0287,9.0730
BYD,2,8.7836,0.0021,0.0278,8.7836
BYD,63,8.4923,0.0086,0.0268,8.4923
BYD,10,7.6430,0.0032,0.0242,7.6430
BYD,80,7.2584,0.0032,0.0229,7.2584
BYD,82,6.2813,0.0039,0.0199,6.2813
BYD,52,6.1783,0.0026,0.0195,6.1783
BYD,14,6.0550,0.0022,0.0191,6.0550
BYD,16,6.0550,0.0029,0.0191,6.0550
BYD,15,5.8474,0.0062,0.0185,5.8474
BYD,51,5.3391,0.0034,0.0169,5.3391
BYD,88,5.0954,0.0026,0.0161,5.0954
BYD,47,4.2852,0.0043,0.0135,4.2852
BYD,84,4.2461,0.0025,0.0134,4.2461
BYD,100,4.0272,0.0061,0.0127,4.0272
BYD,99,3.7778,0.0061,0.0119,3.7778
BYD,78,3.3969,0.0024,0.0107,3.3969
BYD,40,3.3362,0.0019,0.0105,3.3362
BYD,77,3.3067,0.0043,0.0105,3.3067
BYD,5,3.2493,0.0017,0.0103,3.2493
BYD,54,3.1671,0.0012,0.0100,3.1671
BYD,61,2.6696,0.0022,0.0084,2.6696
BYD,62,2.5247,0.0067,0.0080,2.5247
BYD,19,1.9286,0.0015,0.0061,1.9286
BYD,34,1.8697,0.0018,0.0059,1.8697
BYD,24,1.7462,0.0022,0.0055,1.7462
Bosch,56,7.2584,0.0100,0.6628,7.2584
Bosch,76,3.5170,0.0004,0.3211,3.5170
Bosch,3,2.1582,0.0002,0.1971,2.1582
Bosch,6,2.1582,0.0004,0.1971,2.1582
Bosch,20,2.1582,0.0004,0.1971,2.1582
Bosch,21,2.1260,0.0004,0.1941,2.1260
Bosch,0,2.0794,0.0001,0.1899,2.0794
Bosch,2,1.5970,0.0004,0.1458,1.5970
Bosch,101,1.4723,0.0003,0.1344,1.4723
Bosch,37,1.4498,0.0004,0.1324,1.4498
Bosch,55,1.4498,0.0003,0.1324,1.4498
Bosch,32,1.4280,0.0003,0.1304,1.4280
Bosch,75,1.4173,0.0003,0.1294,1.4173
Bosch,27,1.3965,0.0002,0.1275,1.3965
Bosch,38,1.3763,0.0002,0.1257,1.3763
Bosch,19,0.9643,0.0008,0.0880,0.9643
Bosch,51,0.8899,0.0006,0.0813,0.8899
Bosch,61,0.8899,0.0007,0.0813,0.8899
Bosch,64,0.8416,0.0004,0.0768,0.8416
Bosch,85,0.8194,0.0002,0.0748,0.8194
Bosch,97,0.7787,0.0002,0.0711,0.7787
Bosch,58,0.7660,0.0006,0.0699,0.7660
Bosch,83,0.7660,0.0004,0.0699,0.7660
Bosch,89,0.7660,0.0002,0.0699,0.7660
Bosch,39,0.7598,0.0004,0.0694,0.7598
Bosch,4,0.7478,0.0002,0.0683,0.7478
Bosch,7,0.7419,0.0002,0.0677,0.7419
Bosch,43,0.7419,0.0001,0.0677,0.7419
Bosch,65,0.7419,0.0001,0.0677,0.7419
Bosch,90,0.7419,0.0002,0.0677,0.7419
Bosch,69,0.7362,0.0003,0.0672,0.7362
Bosch,22,0.7305,0.0003,0.0667,0.7305
Bosch,60,0.7305,0.0002,0.0667,0.7305
Bosch,46,0.7249,0.0002,0.0662,0.7249
Bosch,12,0.7194,0.0001,0.0657,0.7194
Bosch,1,0.7140,0.0000,0.0652,0.7140
Bosch,33,0.7140,0.0002,0.0652,0.7140
Bosch,102,0.7140,0.0001,0.0652,0.7140
Bosch,9,0.7034,0.0001,0.0642,0.7034
Bosch,67,0.7034,0.0001,0.0642,0.7034
Bosch,11,0.6982,0.0001,0.0638,0.6982
CES,33,239.8977,0.0571,0.3607,239.8977
CES,0,222.5002,0.0109,0.3345,222.5002
CES,54,207.4458,0.0819,0.3119,207.4458
CES,11,158.4996,0.0132,0.2383,158.4996
CES,1,147.0801,0.0101,0.2211,147.0801
CES,66,143.8791,0.0168,0.2163,143.8791
CES,3,137.4045,0.0138,0.2066,137.4045
CES,76,128.7229,0.0157,0.1935,128.7229
CES,27,118.0019,0.0140,0.1774,118.0019
CES,67,112.5446,0.0149,0.1692,112.5446
CES,38,102.5321,0.0116,0.1542,102.5321
CES,96,99.4581,0.0196,0.1495,99.4581
CES,72,90.6120,0.0123,0.1362,90.6120
CES,89,88.8570,0.0187,0.1336,88.8570
CES,36,85.6081,0.0105,0.1287,85.6081
CES,21,84.3295,0.0163,0.1268,84.3295
CES,13,81.1883,0.0122,0.1221,81.1883
CES,41,80.0152,0.0141,0.1203,80.0152
CES,6,76.9753,0.0154,0.1157,76.9753
CES,2,72.6642,0.0177,0.1093,72.6642
CES,37,70.3149,0.0176,0.1057,70.3149
CES,95,64.7825,0.0216,0.0974,64.7825
CES,9,64.0097,0.0082,0.0962,64.0097
CES,46,57.2668,0.0136,0.0861,57.2668
CES,30,56.5419,0.0119,0.0850,56.5419
CES,12,55.3934,0.0067,0.0833,55.3934
CES,18,54.4762,0.0094,0.0819,54.4762
CES,20,52.5159,0.0105,0.0790,52.5159
CES,4,52.3464,0.0130,0.0787,52.3464
CES,47,52.2791,0.0530,0.0786,52.2791
CES,23,52.1206,0.0094,0.0784,52.1206
CES,92,50.7954,0.0125,0.0764,50.7954
CES,90,48.2259,0.0131,0.0725,48.2259
CES,32,47.8367,0.0095,0.0719,47.8367
CES,50,47.4876,0.0063,0.0714,47.4876
CES,29,47.1182,0.0156,0.0708,47.1182
CES,17,44.0706,0.0097,0.0663,44.0706
CES,55,43.4938,0.0104,0.0654,43.4938
CES,42,43.1194,0.0143,0.0648,43.1194
CES,60,41.6376,0.0111,0.0626,41.6376
CES,101,41.2252,0.0089,0.0620,41.2252
CES,75,41.1018,0.0095,0.0618,41.1018
CES,7,40.0646,0.0107,0.0602,40.0646
CES,102,39.9830,0.0073,0.0601,39.9830
CES,74,39.5116,0.0122,0.0594,39.5116
CES,93,38.5807,0.0075,0.0580,38.5807
CES,49,37.3903,0.0123,0.0562,37.3903
CES,22,37.2547,0.0130,0.0560,37.2547
CES,43,36.3549,0.0072,0.0547,36.3549
CES,78,34.8183,0.0251,0.0524,34.8183
CES,53,33.6513,0.0083,0.0506,33.6513
CES,45,29.6775,0.0059,0.0446,29.6775
CES,65,28.9356,0.0054,0.0435,28.9356
CES,83,27.5763,0.0129,0.0415,27.5763
CES,39,27.3542,0.0145,0.0411,27.3542
CES,25,27.2381,0.0046,0.0410,27.2381
CES,69,26.5019,0.0103,0.0398,26.5019
CES,8,26.2577,0.0094,0.0395,26.2577
CES,79,24.5123,0.0069,0.0369,24.5123
CES,82,24.3401,0.0153,0.0366,24.3401
CES,94,22.5194,0.0093,0.0339,22.5194
CES,56,21.7751,0.0300,0.0327,21.7751
CES,59,21.2307,0.0145,0.0319,21.2307
CES,58,20.6822,0.0162,0.0311,20.6822
CES,35,20.4143,0.0036,0.0307,20.4143
CES,97,20.2454,0.0054,0.0304,20.2454
CES,81,20.0323,0.0052,0.0301,20.0323
CES,14,19.0299,0.0069,0.0286,19.0299
CES,28,18.5233,0.0053,0.0279,18.5233
CES,85,18.0277,0.0048,0.0271,18.0277
CES,57,17.2737,0.0072,0.0260,17.2737
CES,73,17.2737,0.0056,0.0260,17.2737
CES,98,17.1995,0.0066,0.0259,17.1995
CES,63,16.9845,0.0171,0.0255,16.9845
CES,44,16.0862,0.0038,0.0242,16.0862
CES,68,16.0862,0.0067,0.0242,16.0862
CES,51,16.0174,0.0103,0.0241,16.0174
CES,64,15.9898,0.0074,0.0240,15.9898
CES,70,15.8292,0.0049,0.0238,15.8292
CES,86,15.5700,0.0125,0.0234,15.5700
CES,10,15.2861,0.0065,0.0230,15.2861
CES,26,15.1716,0.0039,0.0228,15.1716
CES,91,14.3731,0.0102,0.0216,14.3731
CES,87,14.2083,0.0115,0.0214,14.2083
CES,52,13.9011,0.0059,0.0209,13.9011
CES,16,13.8400,0.0065,0.0208,13.8400
CES,34,13.0881,0.0126,0.0197,13.0881
CES,15,12.6693,0.0133,0.0190,12.6693
CES,48,11.4560,0.0248,0.0172,11.4560
CES,19,10.6073,0.0084,0.0159,10.6073
CES,88,10.1907,0.0051,0.0153,10.1907
CES,80,9.9802,0.0045,0.0150,9.9802
CES,40,8.3405,0.0047,0.0125,8.3405
CES,77,8.2668,0.0107,0.0124,8.2668
CES,31,6.9849,0.0030,0.0105,6.9849
CES,84,6.7938,0.0040,0.0102,6.7938
CES,24,6.1118,0.0076,0.0092,6.1118
CES,61,4.4493,0.0036,0.0067,4.4493
CES,99,3.7778,0.0061,0.0057,3.7778
CES,62,2.5247,0.0067,0.0038,2.5247
CES,5,2.4370,0.0012,0.0037,2.4370
CSOT,1,579.7528,0.0398,0.4428,579.7528
CSOT,0,460.2497,0.0226,0.3515,460.2497
CSOT,66,368.3304,0.0430,0.2813,368.3304
CSOT,50,337.6898,0.0447,0.2579,337.6898
CSOT,36,316.5340,0.0387,0.2418,316.5340
CSOT,72,279.0849,0.0378,0.2132,279.0849
CSOT,3,271.2121,0.0273,0.2071,271.2121
CSOT,13,240.6654,0.0362,0.1838,240.6654
CSOT,41,231.0719,0.0406,0.1765,231.0719
CSOT,93,226.2909,0.0439,0.1728,226.2909
CSOT,11,214.3585,0.0178,0.1637,214.3585
CSOT,17,182.3613,0.0401,0.1393,182.3613
CSOT,18,171.5263,0.0296,0.1310,171.5263
CSOT,44,164.6918,0.0391,0.1258,164.6918
CSOT,67,164.5965,0.0218,0.1257,164.5965
CSOT,45,159.5165,0.0319,0.1218,159.5165
CSOT,76,156.8590,0.0191,0.1198,156.8590
CSOT,30,129.0315,0.0271,0.0985,129.0315
CSOT,7,125.3874,0.0335,0.0958,125.3874
CSOT,79,119.4973,0.0336,0.0913,119.4973
CSOT,92,117.7863,0.0291,0.0900,117.7863
CSOT,102,112.8090,0.0206,0.0862,112.8090
CSOT,23,109.9531,0.0199,0.0840,109.9531
CSOT,27,104.7354,0.0124,0.0800,104.7354
CSOT,35,99.7161,0.0177,0.0762,99.7161
CSOT,12,96.3990,0.0117,0.0736,96.3990
CSOT,70,95.7290,0.0298,0.0731,95.7290
CSOT,95,94.2291,0.0314,0.0720,94.2291
CSOT,28,93.4217,0.0265,0.0714,93.4217
CSOT,9,90.7391,0.0117,0.0693,90.7391
CSOT,81,88.2905,0.0228,0.0674,88.2905
CSOT,89,88.0910,0.0185,0.0673,88.0910
CSOT,38,88.0812,0.0100,0.0673,88.0812
CSOT,29,86.9875,0.0289,0.0664,86.9875
CSOT,52,84.9513,0.0359,0.0649,84.9513
CSOT,85,83.5830,0.0222,0.0638,83.5830
CSOT,65,80.1292,0.0150,0.0612,80.1292
CSOT,97,77.0883,0.0206,0.0589,77.0883
CSOT,2,75.8582,0.0185,0.0579,75.8582
CSOT,74,74.4642,0.0229,0.0569,74.4642
CSOT,25,74.3526,0.0126,0.0568,74.3526
CSOT,53,65.0591,0.0160,0.0497,65.0591
CSOT,90,64.5485,0.0175,0.0493,64.5485
CSOT,101,64.0463,0.0138,0.0489,64.0463
CSOT,98,62.8157,0.0241,0.0480,62.8157
CSOT,46,58.7166,0.0140,0.0448,58.7166
CSOT,68,56.6846,0.0236,0.0433,56.6846
CSOT,5,56.0512,0.0286,0.0428,56.0512
CSOT,26,53.5000,0.0138,0.0409,53.5000
CSOT,75,53.1489,0.0123,0.0406,53.1489
CSOT,33,49.2647,0.0117,0.0376,49.2647
CSOT,54,48.2984,0.0191,0.0369,48.2984
CSOT,6,46.7607,0.0093,0.0357,46.7607
CSOT,43,45.2582,0.0089,0.0346,45.2582
CSOT,19,44.3578,0.0350,0.0339,44.3578
CSOT,49,44.1205,0.0146,0.0337,44.1205
CSOT,22,43.0986,0.0150,0.0329,43.0986
CSOT,96,41.8771,0.0083,0.0320,41.8771
CSOT,83,30.6403,0.0143,0.0234,30.6403
CSOT,20,30.2146,0.0060,0.0231,30.2146
CSOT,37,29.7207,0.0074,0.0227,29.7207
CSOT,31,29.6860,0.0126,0.0227,29.6860
CSOT,64,29.4549,0.0136,0.0225,29.4549
CSOT,60,29.2194,0.0078,0.0223,29.2194
CSOT,21,28.3461,0.0055,0.0216,28.3461
CSOT,73,28.2660,0.0091,0.0216,28.2660
CSOT,39,26.5943,0.0141,0.0203,26.5943
CSOT,4,26.1732,0.0065,0.0200,26.1732
CSOT,8,25.4854,0.0091,0.0195,25.4854
CSOT,42,24.7537,0.0082,0.0189,24.7537
CSOT,56,24.4970,0.0338,0.0187,24.4970
CSOT,55,22.4718,0.0054,0.0172,22.4718
CSOT,32,21.4194,0.0042,0.0164,21.4194
CSOT,69,21.3488,0.0083,0.0163,21.3488
CSOT,82,20.4143,0.0128,0.0156,20.4143
CSOT,10,20.3814,0.0087,0.0156,20.3814
CSOT,16,19.8949,0.0094,0.0152,19.8949
CSOT,80,18.1459,0.0081,0.0139,18.1459
CSOT,87,17.9473,0.0145,0.0137,17.9473
CSOT,63,15.2861,0.0154,0.0117,15.2861
CSOT,40,15.0129,0.0085,0.0115,15.0129
CSOT,94,15.0129,0.0062,0.0115,15.0129
CSOT,14,14.7050,0.0053,0.0112,14.7050
CSOT,86,14.7050,0.0118,0.0112,14.7050
CSOT,59,14.4369,0.0099,0.0110,14.4369
CSOT,78,14.4369,0.0104,0.0110,14.4369
CSOT,84,14.4369,0.0085,0.0110,14.4369
CSOT,88,14.4369,0.0072,0.0110,14.4369
CSOT,71,10.6079,0.0320,0.0081,10.6079
CSOT,24,10.4774,0.0130,0.0080,10.4774
CSOT,58,9.9581,0.0078,0.0076,9.9581
CSOT,100,9.0612,0.0138,0.0069,9.0612
CSOT,61,8.8986,0.0073,0.0068,8.8986
CSOT,91,8.7836,0.0062,0.0067,8.7836
CSOT,99,8.5002,0.0137,0.0065,8.5002
CSOT,34,8.4138,0.0081,0.0064,8.4138
CSOT,51,8.0087,0.0051,0.0061,8.0087
CSOT,57,7.8517,0.0033,0.0060,7.8517
CSOT,47,5.1422,0.0052,0.0039,5.1422
CSOT,77,4.9601,0.0064,0.0038,4.9601
CSOT,62,1.6831,0.0044,0.0013,1.6831
Corning,11,6.9824,0.0006,0.4409,6.9824
Corning,0,5.5452,0.0003,0.3501,5.5452
Corning,1,4.9979,0.0003,0.3156,4.9979
Corning,50,3.7689,0.0005,0.2380,3.7689
Corning,67,3.5170,0.0005,0.2221,3.5170
Corning,28,3.2214,0.0009,0.2034,3.2214
Corning,98,2.9912,0.0011,0.1889,2.9912
Corning,9,2.8136,0.0004,0.1777,2.8136
Corning,65,2.2258,0.0004,0.1405,2.2258
Corning,81,2.2258,0.0006,0.1405,2.2258
Corning,93,2.2258,0.0004,0.1405,2.2258
Corning,13,2.1747,0.0003,0.1373,2.1747
Corning,72,2.1747,0.0003,0.1373,2.1747
Corning,23,2.1419,0.0004,0.1352,2.1419
Corning,27,2.0947,0.0002,0.1323,2.0947
Corning,38,2.0644,0.0002,0.1304,2.0644
Corning,31,1.7462,0.0007,0.1103,1.7462
Corning,40,1.6681,0.0009,0.1053,1.6681
Corning,26,1.5970,0.0004,0.1008,1.5970
Corning,35,1.5703,0.0003,0.0992,1.5703
Corning,58,1.5320,0.0012,0.0967,1.5320
Corning,41,1.4956,0.0003,0.0944,1.4956
Corning,95,1.4723,0.0005,0.0930,1.4723
Corning,29,1.4498,0.0005,0.0915,1.4498
Corning,30,1.4498,0.0003,0.0915,1.4498
Corning,36,1.4388,0.0002,0.0909,1.4388
Corning,66,1.4388,0.0002,0.0909,1.4388
Corning,33,1.4280,0.0003,0.0902,1.4280
Corning,21,1.4173,0.0003,0.0895,1.4173
Corning,75,1.4173,0.0003,0.0895,1.4173
Corning,48,1.0415,0.0023,0.0658,1.0415
Corning,63,0.8492,0.0009,0.0536,0.8492
Corning,62,0.8416,0.0022,0.0531,0.8416
Corning,94,0.8341,0.0003,0.0527,0.8341
Corning,77,0.8267,0.0011,0.0522,0.8267
Corning,85,0.8194,0.0002,0.0517,0.8194
Corning,42,0.7985,0.0003,0.0504,0.7985
Corning,91,0.7985,0.0006,0.0504,0.7985
Corning,57,0.7852,0.0003,0.0496,0.7852
Corning,82,0.7852,0.0005,0.0496,0.7852
Corning,97,0.7787,0.0002,0.0492,0.7787
Corning,44,0.7660,0.0002,0.0484,0.7660
Corning,68,0.7660,0.0003,0.0484,0.7660
Corning,79,0.7660,0.0002,0.0484,0.7660
Corning,17,0.7598,0.0002,0.0480,0.7598
Corning,39,0.7598,0.0004,0.0480,0.7598
Corning,74,0.7598,0.0002,0.0480,0.7598
Corning,4,0.7478,0.0002,0.0472,0.7478
Corning,49,0.7478,0.0002,0.0472,0.7478
Corning,53,0.7478,0.0002,0.0472,0.7478
Corning,87,0.7478,0.0006,0.0472,0.7478
Corning,96,0.7478,0.0001,0.0472,0.7478
Corning,7,0.7419,0.0002,0.0468,0.7419
Corning,90,0.7419,0.0002,0.0468,0.7419
Corning,18,0.7362,0.0001,0.0465,0.7362
Corning,69,0.7362,0.0003,0.0465,0.7362
Corning,92,0.7362,0.0002,0.0465,0.7362
Corning,101,0.7362,0.0002,0.0465,0.7362
Corning,22,0.7305,0.0003,0.0461,0.7305
Corning,60,0.7305,0.0002,0.0461,0.7305
Corning,37,0.7249,0.0002,0.0458,0.7249
Corning,46,0.7249,0.0002,0.0458,0.7249
Corning,55,0.7249,0.0002,0.0458,0.7249
Corning,3,0.7194,0.0001,0.0454,0.7194
Corning,6,0.7194,0.0001,0.0454,0.7194
Corning,12,0.7194,0.0001,0.0454,0.7194
Corning,20,0.7194,0.0001,0.0454,0.7194
Corning,32,0.7140,0.0001,0.0451,0.7140
Corning,76,0.7034,0.0001,0.0444,0.7034
Counterpoint,56,21.7751,0.0300,0.8052,21.7751
Counterpoint,0,6.9315,0.0003,0.2563,6.9315
Counterpoint,70,5.2764,0.0016,0.1951,5.2764
Counterpoint,35,3.9258,0.0007,0.1452,3.9258
Counterpoint,75,3.5433,0.0008,0.1310,3.5433
Counterpoint,76,3.5170,0.0004,0.1301,3.5170
Counterpoint,38,3.4407,0.0004,0.1272,3.4407
Counterpoint,64,3.3663,0.0016,0.1245,3.3663
Counterpoint,28,3.2214,0.0009,0.1191,3.2214
Counterpoint,3,2.8776,0.0003,0.1064,2.8776
Counterpoint,16,2.5950,0.0012,0.0960,2.5950
Counterpoint,10,2.5477,0.0011,0.0942,2.5477
Counterpoint,26,2.3955,0.0006,0.0886,2.3955
Counterpoint,43,2.2258,0.0004,0.0823,2.2258
Counterpoint,37,2.1747,0.0005,0.0804,2.1747
Counterpoint,55,2.1747,0.0005,0.0804,2.1747
Counterpoint,6,2.1582,0.0004,0.0798,2.1582
Counterpoint,20,2.1582,0.0004,0.0798,2.1582
Counterpoint,32,2.1419,0.0004,0.0792,2.1419
Counterpoint,21,2.1260,0.0004,0.0786,2.1260
Counterpoint,11,2.0947,0.0002,0.0775,2.0947
Counterpoint,14,1.7300,0.0006,0.0640,1.7300
Counterpoint,86,1.7300,0.0014,0.0640,1.7300
Counterpoint,59,1.6985,0.0012,0.0628,1.6985
Counterpoint,85,1.6389,0.0004,0.0606,1.6389
Counterpoint,2,1.5970,0.0004,0.0591,1.5970
Counterpoint,8,1.5446,0.0006,0.0571,1.5446
Counterpoint,89,1.5320,0.0003,0.0567,1.5320
Counterpoint,50,1.5075,0.0002,0.0557,1.5075
Counterpoint,65,1.4839,0.0003,0.0549,1.4839
Counterpoint,72,1.4498,0.0002,0.0536,1.4498
Counterpoint,1,1.4280,0.0001,0.0528,1.4280
Counterpoint,34,0.9349,0.0009,0.0346,0.9349
Counterpoint,61,0.8899,0.0007,0.0329,0.8899
Counterpoint,31,0.8731,0.0004,0.0323,0.8731
Counterpoint,78,0.8492,0.0006,0.0314,0.8492
Counterpoint,84,0.8492,0.0005,0.0314,0.8492
Counterpoint,77,0.8267,0.0011,0.0306,0.8267
Counterpoint,42,0.7985,0.0003,0.0295,0.7985
Counterpoint,97,0.7787,0.0002,0.0288,0.7787
Counterpoint,79,0.7660,0.0002,0.0283,0.7660
Counterpoint,83,0.7660,0.0004,0.0283,0.7660
Counterpoint,17,0.7598,0.0002,0.0281,0.7598
Counterpoint,39,0.7598,0.0004,0.0281,0.7598
Counterpoint,41,0.7478,0.0001,0.0277,0.7478
Counterpoint,7,0.7419,0.0002,0.0274,0.7419
Counterpoint,93,0.7419,0.0001,0.0274,0.7419
Counterpoint,18,0.7362,0.0001,0.0272,0.7362
Counterpoint,101,0.7362,0.0002,0.0272,0.7362
Counterpoint,13,0.7249,0.0001,0.0268,0.7249
Counterpoint,12,0.7194,0.0001,0.0266,0.7194
Counterpoint,36,0.7194,0.0001,0.0266,0.7194
Counterpoint,66,0.7194,0.0001,0.0266,0.7194
Counterpoint,33,0.7140,0.0002,0.0264,0.7140
Counterpoint,102,0.7140,0.0001,0.0264,0.7140
Counterpoint,9,0.7034,0.0001,0.0260,0.7034
Counterpoint,67,0.7034,0.0001,0.0260,0.7034
Counterpoint,27,0.6982,0.0001,0.0258,0.6982
Cybersecurity,0,2.7726,0.0001,0.3887,2.7726
Cybersecurity,67,2.1102,0.0003,0.2959,2.1102
Cybersecurity,27,2.0947,0.0002,0.2937,2.0947
Cybersecurity,38,2.0644,0.0002,0.2894,2.0644
Cybersecurity,69,1.4723,0.0006,0.2064,1.4723
Cybersecurity,37,1.4498,0.0004,0.2033,1.4498
Cybersecurity,55,1.4498,0.0003,0.2033,1.4498
Cybersecurity,6,1.4388,0.0003,0.2017,1.4388
Cybersecurity,20,1.4388,0.0003,0.2017,1.4388
Cybersecurity,23,1.4280,0.0003,0.2002,1.4280
Cybersecurity,32,1.4280,0.0003,0.2002,1.4280
Cybersecurity,21,1.4173,0.0003,0.1987,1.4173
Cybersecurity,75,1.4173,0.0003,0.1987,1.4173
Cybersecurity,76,1.4068,0.0002,0.1972,1.4068
Cybersecurity,11,1.3965,0.0001,0.1958,1.3965
Cybersecurity,78,0.8492,0.0006,0.1191,0.8492
Cybersecurity,62,0.8416,0.0022,0.1180,0.8416
Cybersecurity,5,0.8123,0.0004,0.1139,0.8123
Cybersecurity,89,0.7660,0.0002,0.1074,0.7660
Cybersecurity,70,0.7538,0.0002,0.1057,0.7538
Cybersecurity,49,0.7478,0.0002,0.1048,0.7478
Cybersecurity,43,0.7419,0.0001,0.1040,0.7419
Cybersecurity,45,0.7419,0.0001,0.1040,0.7419
Cybersecurity,65,0.7419,0.0001,0.1040,0.7419
Cybersecurity,22,0.7305,0.0003,0.1024,0.7305
Cybersecurity,29,0.7249,0.0002,0.1016,0.7249
Cybersecurity,66,0.7194,0.0001,0.1009,0.7194
Cybersecurity,33,0.7140,0.0002,0.1001,0.7140
DELL,20,6.4746,0.0013,0.3127,6.4746
DELL,23,6.4258,0.0012,0.3103,6.4258
DELL,38,6.1932,0.0007,0.2991,6.1932
DELL,11,5.5859,0.0005,0.2698,5.5859
DELL,27,5.5859,0.0007,0.2698,5.5859
DELL,0,5.5452,0.0003,0.2678,5.5452
DELL,32,4.2839,0.0008,0.2069,4.2839
DELL,9,4.2204,0.0005,0.2038,4.2204
DELL,76,4.2204,0.0005,0.2038,4.2204
DELL,37,3.6245,0.0009,0.1750,3.6245
DELL,55,3.6245,0.0009,0.1750,3.6245
DELL,6,3.5970,0.0007,0.1737,3.5970
DELL,102,3.5699,0.0007,0.1724,3.5699
DELL,21,3.5433,0.0007,0.1711,3.5433
DELL,75,3.5433,0.0008,0.1711,3.5433
DELL,67,2.8136,0.0004,0.1359,2.8136
DELL,40,2.5022,0.0014,0.1208,2.5022
DELL,39,2.2795,0.0012,0.1101,2.2795
DELL,49,2.2434,0.0007,0.1083,2.2434
DELL,96,2.2434,0.0004,0.1083,2.2434
DELL,25,2.2085,0.0004,0.1067,2.2085
DELL,22,2.1915,0.0008,0.1058,2.1915
DELL,78,1.6985,0.0012,0.0820,1.6985
DELL,88,1.6985,0.0009,0.0820,1.6985
DELL,82,1.5703,0.0010,0.0758,1.5703
DELL,8,1.5446,0.0006,0.0746,1.5446
DELL,70,1.5075,0.0005,0.0728,1.5075
DELL,53,1.4956,0.0004,0.0722,1.4956
DELL,98,1.4956,0.0006,0.0722,1.4956
DELL,92,1.4723,0.0004,0.0711,1.4723
DELL,101,1.4723,0.0003,0.0711,1.4723
DELL,30,1.4498,0.0003,0.0700,1.4498
DELL,3,1.4388,0.0001,0.0695,1.4388
DELL,12,1.4388,0.0002,0.0695,1.4388
DELL,1,1.4280,0.0001,0.0690,1.4280
DELL,33,1.4280,0.0003,0.0690,1.4280
DELL,51,0.8899,0.0006,0.0430,0.8899
DELL,63,0.8492,0.0009,0.0410,0.8492
DELL,62,0.8416,0.0022,0.0406,0.8416
DELL,77,0.8267,0.0011,0.0399,0.8267
DELL,2,0.7985,0.0002,0.0386,0.7985
DELL,42,0.7985,0.0003,0.0386,0.7985
DELL,91,0.7985,0.0006,0.0386,0.7985
DELL,74,0.7598,0.0002,0.0367,0.7598
DELL,87,0.7478,0.0006,0.0361,0.7478
DELL,45,0.7419,0.0001,0.0358,0.7419
DELL,65,0.7419,0.0001,0.0358,0.7419
DELL,81,0.7419,0.0002,0.0358,0.7419
DELL,90,0.7419,0.0002,0.0358,0.7419
DELL,18,0.7362,0.0001,0.0356,0.7362
DELL,69,0.7362,0.0003,0.0356,0.7362
DELL,60,0.7305,0.0002,0.0353,0.7305
DELL,13,0.7249,0.0001,0.0350,0.7249
DELL,46,0.7249,0.0002,0.0350,0.7249
DELL,72,0.7249,0.0001,0.0350,0.7249
DELL,36,0.7194,0.0001,0.0347,0.7194
DSCC,66,5.7552,0.0007,0.4241,5.7552
DSCC,1,4.9979,0.0003,0.3683,4.9979
DSCC,41,4.4868,0.0008,0.3307,4.4868
DSCC,0,3.4657,0.0002,0.2554,3.4657
DSCC,3,2.8776,0.0003,0.2121,2.8776
DSCC,36,2.8776,0.0004,0.2121,2.8776
DSCC,79,2.2980,0.0006,0.1694,2.2980
DSCC,53,2.2434,0.0006,0.1653,2.2434
DSCC,90,2.2258,0.0006,0.1640,2.2258
DSCC,72,2.1747,0.0003,0.1603,2.1747
DSCC,9,2.1102,0.0003,0.1555,2.1102
DSCC,76,2.1102,0.0003,0.1555,2.1102
DSCC,11,2.0947,0.0002,0.1544,2.0947
DSCC,2,1.5970,0.0004,0.1177,1.5970
DSCC,44,1.5320,0.0004,0.1129,1.5320
DSCC,50,1.5075,0.0002,0.1111,1.5075
DSCC,93,1.4839,0.0003,0.1094,1.4839
DSCC,18,1.4723,0.0003,0.1085,1.4723
DSCC,101,1.4723,0.0003,0.1085,1.4723
DSCC,13,1.4498,0.0002,0.1068,1.4498
DSCC,46,1.4498,0.0003,0.1068,1.4498
DSCC,12,1.4388,0.0002,0.1060,1.4388
DSCC,23,1.4280,0.0003,0.1052,1.4280
DSCC,67,1.4068,0.0002,0.1037,1.4068
DSCC,27,1.3965,0.0002,0.1029,1.3965
DSCC,88,0.8492,0.0004,0.0626,0.8492
DSCC,62,0.8416,0.0022,0.0620,0.8416
DSCC,77,0.8267,0.0011,0.0609,0.8267
DSCC,54,0.7918,0.0003,0.0584,0.7918
DSCC,73,0.7852,0.0003,0.0579,0.7852
DSCC,82,0.7852,0.0005,0.0579,0.7852
DSCC,97,0.7787,0.0002,0.0574,0.7787
DSCC,52,0.7723,0.0003,0.0569,0.7723
DSCC,89,0.7660,0.0002,0.0565,0.7660
DSCC,17,0.7598,0.0002,0.0560,0.7598
DSCC,39,0.7598,0.0004,0.0560,0.7598
DSCC,74,0.7598,0.0002,0.0560,0.7598
DSCC,4,0.7478,0.0002,0.0551,0.7478
DSCC,96,0.7478,0.0001,0.0551,0.7478
DSCC,98,0.7478,0.0003,0.0551,0.7478
DSCC,7,0.7419,0.0002,0.0547,0.7419
DSCC,81,0.7419,0.0002,0.0547,0.7419
DSCC,25,0.7362,0.0001,0.0543,0.7362
DSCC,92,0.7362,0.0002,0.0543,0.7362
DSCC,95,0.7362,0.0002,0.0543,0.7362
DSCC,60,0.7305,0.0002,0.0538,0.7305
DSCC,29,0.7249,0.0002,0.0534,0.7249
DSCC,30,0.7249,0.0002,0.0534,0.7249
DSCC,37,0.7249,0.0002,0.0534,0.7249
DSCC,55,0.7249,0.0002,0.0534,0.7249
DSCC,6,0.7194,0.0001,0.0530,0.7194
DSCC,20,0.7194,0.0001,0.0530,0.7194
DSCC,32,0.7140,0.0001,0.0526,0.7140
DSCC,102,0.7140,0.0001,0.0526,0.7140
DSCC,21,0.7087,0.0001,0.0522,0.7087
DSCC,75,0.7087,0.0002,0.0522,0.7087
DSCC,38,0.6881,0.0001,0.0507,0.6881
Dell,40,121.7717,0.0687,0.4107,121.7717
Dell,0,99.8132,0.0049,0.3366,99.8132
Dell,1,76.3960,0.0052,0.2577,76.3960
Dell,17,56.9879,0.0125,0.1922,56.9879
Dell,38,55.0508,0.0063,0.1857,55.0508
Dell,50,51.2565,0.0068,0.1729,51.2565
Dell,11,48.8765,0.0041,0.1648,48.8765
Dell,19,48.2150,0.0380,0.1626,48.2150
Dell,101,47.1145,0.0102,0.1589,47.1145
Dell,67,42.9076,0.0057,0.1447,42.9076
Dell,21,42.5191,0.0082,0.1434,42.5191
Dell,76,42.2042,0.0051,0.1423,42.2042
Dell,72,40.5942,0.0055,0.1369,40.5942
Dell,32,39.9830,0.0079,0.1348,39.9830
Dell,80,39.9210,0.0178,0.1346,39.9210
Dell,27,39.7995,0.0047,0.1342,39.7995
Dell,20,38.1280,0.0076,0.1286,38.1280
Dell,66,38.1280,0.0045,0.1286,38.1280
Dell,7,37.8388,0.0101,0.1276,37.8388
Dell,6,36.6892,0.0073,0.1237,36.6892
Dell,93,34.1291,0.0066,0.1151,34.1291
Dell,37,34.0701,0.0085,0.1149,34.0701
Dell,55,34.0701,0.0082,0.1149,34.0701
Dell,36,33.8116,0.0041,0.1140,33.8116
Dell,90,31.9033,0.0086,0.1076,31.9033
Dell,75,31.1807,0.0072,0.1052,31.1807
Dell,9,30.2464,0.0039,0.1020,30.2464
Dell,46,29.7207,0.0071,0.1002,29.7207
Dell,44,29.1083,0.0069,0.0982,29.1083
Dell,74,28.8739,0.0089,0.0974,28.8739
Dell,3,28.7758,0.0029,0.0971,28.7758
Dell,23,26.4173,0.0048,0.0891,26.4173
Dell,13,26.0963,0.0039,0.0880,26.0963
Dell,69,25.7658,0.0100,0.0869,25.7658
Dell,70,25.6282,0.0080,0.0864,25.6282
Dell,45,23.0001,0.0046,0.0776,23.0001
Dell,35,22.7698,0.0041,0.0768,22.7698
Dell,26,22.3582,0.0058,0.0754,22.3582
Dell,68,22.2142,0.0092,0.0749,22.2142
Dell,92,22.0849,0.0055,0.0745,22.0849
Dell,48,21.8705,0.0474,0.0738,21.8705
Dell,97,21.8027,0.0058,0.0735,21.8027
Dell,30,21.0220,0.0044,0.0709,21.0220
Dell,18,20.6126,0.0036,0.0695,20.6126
Dell,51,20.4667,0.0131,0.0690,20.4667
Dell,8,20.0794,0.0072,0.0677,20.0794
Dell,33,19.9915,0.0048,0.0674,19.9915
Dell,41,18.6951,0.0033,0.0631,18.6951
Dell,91,18.3657,0.0130,0.0619,18.3657
Dell,102,17.8495,0.0033,0.0602,17.8495
Dell,31,17.4624,0.0074,0.0589,17.4624
Dell,53,16.4517,0.0040,0.0555,16.4517
Dell,24,15.7161,0.0195,0.0530,15.7161
Dell,56,15.4240,0.0213,0.0520,15.4240
Dell,25,13.9871,0.0024,0.0472,13.9871
Dell,65,13.3549,0.0025,0.0450,13.3549
Dell,61,13.3479,0.0109,0.0450,13.3479
Dell,29,13.0481,0.0043,0.0440,13.0481
Dell,47,12.8555,0.0130,0.0434,12.8555
Dell,42,12.7761,0.0042,0.0431,12.7761
Dell,78,12.7384,0.0092,0.0430,12.7384
Dell,96,12.7127,0.0025,0.0429,12.7127
Dell,95,12.5148,0.0042,0.0422,12.5148
Dell,22,12.4182,0.0043,0.0419,12.4182
Dell,49,11.9649,0.0039,0.0404,11.9649
Dell,77,9.9201,0.0128,0.0335,9.9201
Dell,10,9.3415,0.0040,0.0315,9.3415
Dell,43,8.1613,0.0016,0.0275,8.1613
Dell,12,7.1940,0.0009,0.0243,7.1940
Dell,57,7.0665,0.0029,0.0238,7.0665
Dell,16,6.9200,0.0033,0.0233,6.9200
Dell,39,6.0787,0.0032,0.0205,6.0787
Dell,54,5.5424,0.0022,0.0187,5.5424
Dell,83,5.3621,0.0025,0.0181,5.3621
Dell,4,5.2346,0.0013,0.0177,5.2346
Dell,60,5.1134,0.0014,0.0172,5.1134
Dell,63,5.0954,0.0051,0.0172,5.0954
Dell,5,4.8740,0.0025,0.0164,4.8740
Dell,52,4.6337,0.0020,0.0156,4.6337
Dell,89,4.5961,0.0010,0.0155,4.5961
Dell,14,4.3250,0.0016,0.0146,4.3250
Dell,85,4.0972,0.0011,0.0138,4.0972
Dell,2,3.9925,0.0010,0.0135,3.9925
Dell,82,3.9258,0.0025,0.0132,3.9258
Dell,58,3.8300,0.0030,0.0129,3.8300
Dell,98,3.7390,0.0014,0.0126,3.7390
Dell,86,3.4600,0.0028,0.0117,3.4600
Dell,59,3.3969,0.0023,0.0115,3.3969
Dell,84,3.3969,0.0020,0.0115,3.3969
Dell,62,3.3663,0.0089,0.0114,3.3663
Dell,79,2.2980,0.0006,0.0078,2.2980
Dell,81,2.2258,0.0006,0.0075,2.2258
Dell,100,2.0136,0.0031,0.0068,2.0136
Dell,15,1.9491,0.0021,0.0066,1.9491
Dell,64,1.6831,0.0008,0.0057,1.6831
Dell,28,1.6107,0.0005,0.0054,1.6107
Dell,73,1.5703,0.0005,0.0053,1.5703
Dell,87,1.4956,0.0012,0.0050,1.4956
Dell,71,1.1787,0.0036,0.0040,1.1787
Dell,99,0.9445,0.0015,0.0032,0.9445
Dell,34,0.9349,0.0009,0.0032,0.9349
ETRI,11,53.0660,0.0044,0.3596,53.0660
ETRI,27,50.9712,0.0060,0.3454,50.9712
ETRI,0,46.4409,0.0023,0.3147,46.4409
ETRI,38,44.0406,0.0050,0.2984,44.0406
ETRI,67,41.5008,0.0055,0.2812,41.5008
ETRI,29,29.7207,0.0099,0.2014,29.7207
ETRI,1,29.2732,0.0020,0.1984,29.2732
ETRI,23,27.1313,0.0049,0.1838,27.1313
ETRI,33,24.9893,0.0059,0.1693,24.9893
ETRI,9,23.2123,0.0030,0.1573,23.2123
ETRI,32,22.8474,0.0045,0.1548,22.8474
ETRI,13,19.5722,0.0029,0.1326,19.5722
ETRI,46,19.5722,0.0047,0.1326,19.5722
ETRI,58,18.3842,0.0144,0.1246,18.3842
ETRI,72,18.1224,0.0025,0.1228,18.1224
ETRI,102,15.7076,0.0029,0.1064,15.7076
ETRI,36,15.1073,0.0018,0.1024,15.1073
ETRI,66,14.3879,0.0017,0.0975,14.3879
ETRI,95,13.9871,0.0047,0.0948,13.9871
ETRI,30,13.7730,0.0029,0.0933,13.7730
ETRI,76,13.3647,0.0016,0.0906,13.3647
ETRI,73,12.5627,0.0041,0.0851,12.5627
ETRI,18,12.5148,0.0022,0.0848,12.5148
ETRI,3,12.2297,0.0012,0.0829,12.2297
ETRI,6,12.2297,0.0024,0.0829,12.2297
ETRI,53,11.9649,0.0029,0.0811,11.9649
ETRI,93,11.8710,0.0023,0.0804,11.8710
ETRI,12,11.5103,0.0014,0.0780,11.5103
ETRI,50,11.3066,0.0015,0.0766,11.3066
ETRI,41,11.2171,0.0020,0.0760,11.2171
ETRI,69,11.0425,0.0043,0.0748,11.0425
ETRI,21,10.6298,0.0021,0.0720,10.6298
ETRI,90,10.3871,0.0028,0.0704,10.3871
ETRI,37,10.1485,0.0025,0.0688,10.1485
ETRI,20,10.0715,0.0020,0.0682,10.0715
ETRI,8,10.0397,0.0036,0.0680,10.0397
ETRI,17,9.8779,0.0022,0.0669,9.8779
ETRI,43,9.6452,0.0019,0.0654,9.6452
ETRI,81,9.6452,0.0025,0.0654,9.6452
ETRI,25,9.5701,0.0016,0.0648,9.5701
ETRI,55,9.4236,0.0023,0.0639,9.4236
ETRI,82,9.4220,0.0059,0.0638,9.4220
ETRI,75,9.2125,0.0021,0.0624,9.2125
ETRI,98,8.9737,0.0034,0.0608,8.9737
ETRI,7,8.9032,0.0024,0.0603,8.9032
ETRI,47,7.7133,0.0078,0.0523,7.7133
ETRI,39,7.5984,0.0040,0.0515,7.5984
ETRI,56,7.2584,0.0100,0.0492,7.2584
ETRI,54,7.1260,0.0028,0.0483,7.1260
ETRI,89,6.8941,0.0014,0.0467,6.8941
ETRI,74,6.8385,0.0021,0.0463,6.8385
ETRI,87,6.7303,0.0054,0.0456,6.7303
ETRI,45,6.6774,0.0013,0.0452,6.6774
ETRI,92,6.6255,0.0016,0.0449,6.6255
ETRI,5,6.4987,0.0033,0.0440,6.4987
ETRI,2,6.3881,0.0016,0.0433,6.3881
ETRI,83,6.1281,0.0029,0.0415,6.1281
ETRI,96,5.9824,0.0012,0.0405,5.9824
ETRI,26,5.5896,0.0014,0.0379,5.5896
ETRI,35,5.4962,0.0010,0.0372,5.4962
ETRI,44,5.3621,0.0013,0.0363,5.3621
ETRI,61,5.3391,0.0044,0.0362,5.3391
ETRI,65,5.1936,0.0010,0.0352,5.1936
ETRI,28,4.8322,0.0014,0.0327,4.8322
ETRI,80,4.5365,0.0020,0.0307,4.5365
ETRI,60,4.3829,0.0012,0.0297,4.3829
ETRI,14,4.3250,0.0016,0.0293,4.3250
ETRI,100,4.0272,0.0061,0.0273,4.0272
ETRI,79,3.8300,0.0011,0.0260,3.8300
ETRI,101,3.6808,0.0008,0.0249,3.6808
ETRI,84,3.3969,0.0020,0.0230,3.3969
ETRI,22,2.9219,0.0010,0.0198,2.9219
ETRI,99,2.8334,0.0046,0.0192,2.8334
ETRI,78,2.5477,0.0018,0.0173,2.5477
ETRI,62,2.5247,0.0067,0.0171,2.5247
ETRI,77,2.4800,0.0032,0.0168,2.4800
ETRI,42,2.3955,0.0008,0.0162,2.3955
ETRI,57,2.3555,0.0010,0.0160,2.3555
ETRI,52,2.3169,0.0010,0.0157,2.3169
ETRI,49,2.2434,0.0007,0.0152,2.2434
ETRI,15,1.9491,0.0021,0.0132,1.9491
ETRI,59,1.6985,0.0012,0.0115,1.6985
ETRI,63,1.6985,0.0017,0.0115,1.6985
ETRI,88,1.6985,0.0009,0.0115,1.6985
ETRI,94,1.6681,0.0007,0.0113,1.6681
ETRI,85,1.6389,0.0004,0.0111,1.6389
ETRI,91,1.5970,0.0011,0.0108,1.5970
ETRI,97,1.5573,0.0004,0.0106,1.5573
ETRI,68,1.5320,0.0006,0.0104,1.5320
ETRI,70,1.5075,0.0005,0.0102,1.5075
ETRI,4,1.4956,0.0004,0.0101,1.4956
ETRI,51,0.8899,0.0006,0.0060,0.8899
ETRI,31,0.8731,0.0004,0.0059,0.8731
ETRI,86,0.8650,0.0007,0.0059,0.8650
HMI,0,10.3972,0.0005,0.3052,10.3972
HMI,1,9.2818,0.0006,0.2724,9.2818
HMI,11,8.3788,0.0007,0.2459,8.3788
HMI,27,7.6806,0.0009,0.2254,7.6806
HMI,38,7.5695,0.0009,0.2222,7.5695
HMI,30,7.2490,0.0015,0.2128,7.2490
HMI,23,6.4258,0.0012,0.1886,6.4258
HMI,9,5.6272,0.0007,0.1652,5.6272
HMI,67,5.6272,0.0007,0.1652,5.6272
HMI,8,5.4060,0.0019,0.1587,5.4060
HMI,50,5.2764,0.0007,0.1549,5.2764
HMI,98,5.2346,0.0020,0.1536,5.2346
HMI,45,5.1936,0.0010,0.1524,5.1936
HMI,18,5.1532,0.0009,0.1513,5.1532
HMI,92,5.1532,0.0013,0.1513,5.1532
HMI,60,5.1134,0.0014,0.1501,5.1134
HMI,13,5.0743,0.0008,0.1489,5.0743
HMI,72,5.0743,0.0007,0.1489,5.0743
HMI,96,4.4868,0.0009,0.1317,4.4868
HMI,69,4.4170,0.0017,0.1296,4.4170
HMI,101,4.4170,0.0010,0.1296,4.4170
HMI,36,4.3164,0.0005,0.1267,4.3164
HMI,66,4.3164,0.0005,0.1267,4.3164
HMI,102,4.2839,0.0008,0.1257,4.2839
HMI,53,3.7390,0.0009,0.1097,3.7390
HMI,81,3.7097,0.0010,0.1089,3.7097
HMI,6,3.5970,0.0007,0.1056,3.5970
HMI,33,3.5699,0.0008,0.1048,3.5699
HMI,76,3.5170,0.0004,0.1032,3.5170
HMI,17,3.0394,0.0007,0.0892,3.0394
HMI,74,3.0394,0.0009,0.0892,3.0394
HMI,4,2.9912,0.0007,0.0878,2.9912
HMI,41,2.9912,0.0005,0.0878,2.9912
HMI,93,2.9677,0.0006,0.0871,2.9677
HMI,25,2.9447,0.0005,0.0864,2.9447
HMI,3,2.8776,0.0003,0.0845,2.8776
HMI,12,2.8776,0.0003,0.0845,2.8776
HMI,20,2.8776,0.0006,0.0845,2.8776
HMI,21,2.8346,0.0005,0.0832,2.8346
HMI,47,2.5711,0.0026,0.0755,2.5711
HMI,77,2.4800,0.0032,0.0728,2.4800
HMI,44,2.2980,0.0005,0.0674,2.2980
HMI,58,2.2980,0.0018,0.0674,2.2980
HMI,70,2.2613,0.0007,0.0664,2.2613
HMI,7,2.2258,0.0006,0.0653,2.2258
HMI,43,2.2258,0.0004,0.0653,2.2258
HMI,65,2.2258,0.0004,0.0653,2.2258
HMI,90,2.2258,0.0006,0.0653,2.2258
HMI,95,2.2085,0.0007,0.0648,2.2085
HMI,29,2.1747,0.0007,0.0638,2.1747
HMI,46,2.1747,0.0005,0.0638,2.1747
HMI,75,2.1260,0.0005,0.0624,2.1260
HMI,51,1.7797,0.0011,0.0522,1.7797
HMI,64,1.6831,0.0008,0.0494,1.6831
HMI,91,1.5970,0.0011,0.0469,1.5970
HMI,35,1.5703,0.0003,0.0461,1.5703
HMI,73,1.5703,0.0005,0.0461,1.5703
HMI,82,1.5703,0.0010,0.0461,1.5703
HMI,68,1.5320,0.0006,0.0450,1.5320
HMI,83,1.5320,0.0007,0.0450,1.5320
HMI,39,1.5197,0.0008,0.0446,1.5197
HMI,49,1.4956,0.0005,0.0439,1.4956
HMI,22,1.4610,0.0005,0.0429,1.4610
HMI,37,1.4498,0.0004,0.0426,1.4498
HMI,55,1.4498,0.0003,0.0426,1.4498
HMI,32,1.4280,0.0003,0.0419,1.4280
HMI,48,1.0415,0.0023,0.0306,1.0415
HMI,15,0.9746,0.0010,0.0286,0.9746
HMI,80,0.9073,0.0004,0.0266,0.9073
HMI,24,0.8731,0.0011,0.0256,0.8731
HMI,14,0.8650,0.0003,0.0254,0.8650
HMI,59,0.8492,0.0006,0.0249,0.8492
HMI,63,0.8492,0.0009,0.0249,0.8492
HMI,62,0.8416,0.0022,0.0247,0.8416
HMI,40,0.8341,0.0005,0.0245,0.8341
HMI,5,0.8123,0.0004,0.0238,0.8123
HMI,26,0.7985,0.0002,0.0234,0.7985
HMI,42,0.7985,0.0003,0.0234,0.7985
HMI,54,0.7918,0.0003,0.0232,0.7918
HMI,57,0.7852,0.0003,0.0230,0.7852
HMI,52,0.7723,0.0003,0.0227,0.7723
HMI,79,0.7660,0.0002,0.0225,0.7660
HMI,89,0.7660,0.0002,0.0225,0.7660
HMI,87,0.7478,0.0006,0.0219,0.7478
HP,17,148.9284,0.0327,0.3534,148.9284
HP,0,140.7089,0.0069,0.3339,140.7089
HP,1,113.5230,0.0078,0.2694,113.5230
HP,50,98.7441,0.0131,0.2343,98.7441
HP,7,94.2260,0.0252,0.2236,94.2260
HP,11,81.6936,0.0068,0.1939,81.6936
HP,67,78.7812,0.0105,0.1870,78.7812
HP,72,76.8390,0.0104,0.1824,76.8390
HP,74,73.7043,0.0227,0.1749,73.7043
HP,27,67.0307,0.0079,0.1591,67.0307
HP,19,65.5724,0.0517,0.1556,65.5724
HP,101,65.5186,0.0141,0.1555,65.5186
HP,93,65.2905,0.0127,0.1549,65.2905
HP,13,65.2406,0.0098,0.1548,65.2406
HP,46,65.2406,0.0155,0.1548,65.2406
HP,66,64.7456,0.0076,0.1537,64.7456
HP,36,62.5874,0.0077,0.1485,62.5874
HP,18,57.4208,0.0099,0.1363,57.4208
HP,3,50.3577,0.0051,0.1195,50.3577
HP,9,49.2383,0.0063,0.1169,49.2383
HP,90,46.7421,0.0127,0.1109,46.7421
HP,41,45.6161,0.0080,0.1083,45.6161
HP,38,44.7288,0.0051,0.1061,44.7288
HP,40,42.5367,0.0240,0.1009,42.5367
HP,70,42.2112,0.0131,0.1002,42.2112
HP,32,42.1249,0.0083,0.1000,42.1249
HP,76,41.5008,0.0051,0.0985,41.5008
HP,30,39.8693,0.0084,0.0946,39.8693
HP,44,39.0664,0.0093,0.0927,39.0664
HP,51,36.4842,0.0234,0.0866,36.4842
HP,80,35.3845,0.0158,0.0840,35.3845
HP,45,34.8711,0.0070,0.0828,34.8711
HP,33,32.1292,0.0076,0.0762,32.1292
HP,21,30.4720,0.0059,0.0723,30.4720
HP,96,29.1644,0.0058,0.0692,29.1644
HP,29,28.9958,0.0096,0.0688,28.9958
HP,92,28.7104,0.0071,0.0681,28.7104
HP,102,28.5593,0.0052,0.0678,28.5593
HP,95,27.2381,0.0091,0.0646,27.2381
HP,49,26.1732,0.0086,0.0621,26.1732
HP,20,25.8982,0.0052,0.0615,25.8982
HP,69,25.7658,0.0100,0.0611,25.7658
HP,6,25.1788,0.0050,0.0598,25.1788
HP,22,24.8365,0.0087,0.0589,24.8365
HP,55,23.1967,0.0056,0.0550,23.1967
HP,53,23.1820,0.0057,0.0550,23.1820
HP,75,22.6768,0.0053,0.0538,22.6768
HP,37,22.4718,0.0056,0.0533,22.4718
HP,52,22.3963,0.0095,0.0531,22.3963
HP,23,22.1334,0.0040,0.0525,22.1334
HP,5,20.3084,0.0104,0.0482,20.3084
HP,65,18.5484,0.0035,0.0440,18.5484
HP,78,16.9845,0.0122,0.0403,16.9845
HP,28,16.1072,0.0046,0.0382,16.1072
HP,43,15.5807,0.0031,0.0370,15.5807
HP,56,14.5167,0.0200,0.0345,14.5167
HP,35,13.3478,0.0024,0.0317,13.3478
HP,25,13.2510,0.0022,0.0314,13.2510
HP,85,13.1111,0.0035,0.0311,13.1111
HP,4,11.9649,0.0030,0.0284,11.9649
HP,81,11.8710,0.0031,0.0282,11.8710
HP,57,11.7775,0.0049,0.0279,11.7775
HP,12,11.5103,0.0014,0.0273,11.5103
HP,60,10.9573,0.0029,0.0260,10.9573
HP,97,10.9014,0.0029,0.0259,10.9014
HP,68,10.7241,0.0045,0.0255,10.7241
HP,47,10.2844,0.0104,0.0244,10.2844
HP,59,10.1907,0.0070,0.0242,10.1907
HP,89,9.9581,0.0021,0.0236,9.9581
HP,77,9.9201,0.0128,0.0235,9.9201
HP,26,9.5821,0.0025,0.0227,9.5821
HP,86,9.5150,0.0077,0.0226,9.5150
HP,79,9.1921,0.0026,0.0218,9.1921
HP,98,8.9737,0.0034,0.0213,8.9737
HP,42,8.7836,0.0029,0.0208,8.7836
HP,54,8.7096,0.0034,0.0207,8.7096
HP,63,8.4923,0.0086,0.0202,8.4923
HP,64,8.4157,0.0039,0.0200,8.4157
HP,39,8.3582,0.0044,0.0198,8.3582
HP,100,8.0544,0.0123,0.0191,8.0544
HP,91,7.9851,0.0057,0.0189,7.9851
HP,99,7.5557,0.0122,0.0179,7.5557
HP,2,7.1866,0.0018,0.0171,7.1866
HP,82,7.0665,0.0044,0.0168,7.0665
HP,31,6.9849,0.0030,0.0166,6.9849
HP,8,6.9506,0.0025,0.0165,6.9506
HP,58,6.8941,0.0054,0.0164,6.8941
HP,83,5.3621,0.0025,0.0127,5.3621
HP,61,5.3391,0.0044,0.0127,5.3391
HP,16,5.1900,0.0025,0.0123,5.1900
HP,10,5.0954,0.0022,0.0121,5.0954
HP,87,4.4868,0.0036,0.0106,4.4868
HP,14,4.3250,0.0016,0.0103,4.3250
HP,48,4.1658,0.0090,0.0099,4.1658
HP,73,3.9258,0.0013,0.0093,3.9258
HP,34,3.7395,0.0036,0.0089,3.7395
HP,62,3.3663,0.0089,0.0080,3.3663
HP,15,1.9491,0.0021,0.0046,1.9491
HP,88,1.6985,0.0009,0.0040,1.6985
HP,24,0.8731,0.0011,0.0021,0.8731
HP,84,0.8492,0.0005,0.0020,0.8492
HP,94,0.8341,0.0003,0.0020,0.8341
Harman,12,39.5667,0.0048,0.3768,39.5667
Harman,0,31.1916,0.0015,0.2971,31.1916
Harman,78,28.0245,0.0202,0.2669,28.0245
Harman,36,25.8982,0.0032,0.2466,25.8982
Harman,11,25.1365,0.0021,0.2394,25.1365
Harman,1,24.2754,0.0017,0.2312,24.2754
Harman,102,19.9915,0.0037,0.1904,19.9915
Harman,9,18.9919,0.0024,0.1809,18.9919
Harman,81,17.0646,0.0044,0.1625,17.0646
Harman,44,16.8522,0.0040,0.1605,16.8522
Harman,72,16.6726,0.0023,0.1588,16.6726
Harman,93,16.3226,0.0032,0.1554,16.3226
Harman,27,16.0594,0.0019,0.1529,16.0594
Harman,91,15.9702,0.0113,0.1521,15.9702
Harman,66,15.8267,0.0018,0.1507,15.8267
Harman,67,14.7715,0.0020,0.1407,14.7715
Harman,30,13.0481,0.0027,0.1243,13.0481
Harman,60,11.6878,0.0031,0.1113,11.6878
Harman,29,10.8734,0.0036,0.1036,10.8734
Harman,94,10.8427,0.0045,0.1033,10.8427
Harman,70,10.5528,0.0033,0.1005,10.5528
Harman,76,10.5511,0.0013,0.1005,10.5511
Harman,49,10.4693,0.0035,0.0997,10.4693
Harman,22,10.2268,0.0036,0.0974,10.2268
Harman,21,9.9211,0.0019,0.0945,9.9211
Harman,43,9.6452,0.0019,0.0919,9.6452
Harman,38,9.6339,0.0011,0.0917,9.6339
Harman,101,9.5701,0.0021,0.0911,9.5701
Harman,55,9.4236,0.0023,0.0897,9.4236
Harman,23,9.2818,0.0017,0.0884,9.2818
Harman,53,8.9737,0.0022,0.0855,8.9737
Harman,25,8.8340,0.0015,0.0841,8.8340
Harman,6,8.6327,0.0017,0.0822,8.6327
Harman,20,8.6327,0.0017,0.0822,8.6327
Harman,32,8.5678,0.0017,0.0816,8.5678
Harman,33,8.5678,0.0020,0.0816,8.5678
Harman,75,8.5038,0.0020,0.0810,8.5038
Harman,50,8.2915,0.0011,0.0790,8.2915
Harman,95,8.0978,0.0027,0.0771,8.0978
Harman,13,7.9739,0.0012,0.0759,7.9739
Harman,8,7.7228,0.0028,0.0735,7.7228
Harman,88,7.6430,0.0038,0.0728,7.6430
Harman,98,7.4781,0.0029,0.0712,7.4781
Harman,37,7.2490,0.0018,0.0690,7.2490
Harman,3,7.1940,0.0007,0.0685,7.1940
Harman,68,6.8941,0.0029,0.0657,6.8941
Harman,79,6.1281,0.0017,0.0584,6.1281
Harman,92,5.8893,0.0015,0.0561,5.8893
Harman,46,5.7992,0.0014,0.0552,5.7992
Harman,40,5.0043,0.0028,0.0477,5.0043
Harman,83,4.5961,0.0021,0.0438,4.5961
Harman,4,4.4868,0.0011,0.0427,4.4868
Harman,64,4.2078,0.0019,0.0401,4.2078
Harman,82,3.9258,0.0025,0.0374,3.9258
Harman,58,3.8300,0.0030,0.0365,3.8300
Harman,65,3.7097,0.0007,0.0353,3.7097
Harman,28,3.2214,0.0009,0.0307,3.2214
Harman,42,3.1940,0.0011,0.0304,3.1940
Harman,74,3.0394,0.0009,0.0289,3.0394
Harman,96,2.9912,0.0006,0.0285,2.9912
Harman,90,2.9677,0.0008,0.0283,2.9677
Harman,15,2.9237,0.0031,0.0278,2.9237
Harman,31,2.6194,0.0011,0.0249,2.6194
Harman,16,2.5950,0.0012,0.0247,2.5950
Harman,10,2.5477,0.0011,0.0243,2.5477
Harman,26,2.3955,0.0006,0.0228,2.3955
Harman,54,2.3753,0.0009,0.0226,2.3753
Harman,35,2.3555,0.0004,0.0224,2.3555
Harman,57,2.3555,0.0010,0.0224,2.3555
Harman,39,2.2795,0.0012,0.0217,2.2795
Harman,45,2.2258,0.0004,0.0212,2.2258
Harman,24,1.7462,0.0022,0.0166,1.7462
Harman,14,1.7300,0.0006,0.0165,1.7300
Harman,84,1.6985,0.0010,0.0162,1.6985
Harman,2,1.5970,0.0004,0.0152,1.5970
Harman,89,1.5320,0.0003,0.0146,1.5320
Harman,87,1.4956,0.0012,0.0142,1.4956
Harman,69,1.4723,0.0006,0.0140,1.4723
Harman,48,1.0415,0.0023,0.0099,1.0415
Harman,56,0.9073,0.0013,0.0086,0.9073
Harman,47,0.8570,0.0009,0.0082,0.8570
Harman,63,0.8492,0.0009,0.0081,0.8492
Harman,62,0.8416,0.0022,0.0080,0.8416
Harman,77,0.8267,0.0011,0.0079,0.8267
Harman,52,0.7723,0.0003,0.0074,0.7723
Harman,41,0.7478,0.0001,0.0071,0.7478
Harman,7,0.7419,0.0002,0.0071,0.7419
Harman,18,0.7362,0.0001,0.0070,0.7362
IEC,21,44.6450,0.0086,0.3213,44.6450
IEC,76,39.3906,0.0048,0.2835,39.3906
IEC,27,37.0065,0.0044,0.2664,37.0065
IEC,0,36.7368,0.0018,0.2644,36.7368
IEC,67,35.1702,0.0047,0.2531,35.1702
IEC,6,31.6534,0.0063,0.2278,31.6534
IEC,11,30.0242,0.0025,0.2161,30.0242
IEC,3,29.4952,0.0030,0.2123,29.4952
IEC,101,26.5019,0.0057,0.1907,26.5019
IEC,20,25.8982,0.0052,0.1864,25.8982
IEC,38,24.7728,0.0028,0.1783,24.7728
IEC,46,23.9216,0.0057,0.1722,23.9216
IEC,37,21.7469,0.0054,0.1565,21.7469
IEC,9,18.9919,0.0024,0.1367,18.9919
IEC,4,17.1995,0.0043,0.1238,17.1995
IEC,30,15.9477,0.0034,0.1148,15.9477
IEC,1,15.7076,0.0011,0.1131,15.7076
IEC,83,13.7882,0.0064,0.0992,13.7882
IEC,15,13.6438,0.0144,0.0982,13.6438
IEC,41,13.4605,0.0024,0.0969,13.4605
IEC,90,13.3549,0.0036,0.0961,13.3549
IEC,23,12.1377,0.0022,0.0874,12.1377
IEC,14,12.1100,0.0044,0.0872,12.1100
IEC,49,11.2171,0.0037,0.0807,11.2171
IEC,47,11.1415,0.0113,0.0802,11.1415
IEC,65,11.1291,0.0021,0.0801,11.1291
IEC,55,10.8734,0.0026,0.0783,10.8734
IEC,79,10.7241,0.0030,0.0772,10.7241
IEC,33,10.7097,0.0025,0.0771,10.7097
IEC,74,10.6377,0.0033,0.0766,10.6377
IEC,31,10.4774,0.0045,0.0754,10.4774
IEC,28,10.4697,0.0030,0.0754,10.4697
IEC,26,10.3806,0.0027,0.0747,10.3806
IEC,35,10.2072,0.0018,0.0735,10.2072
IEC,97,10.1227,0.0027,0.0729,10.1227
IEC,32,9.9957,0.0020,0.0719,9.9957
IEC,80,9.9802,0.0045,0.0718,9.9802
IEC,75,9.9211,0.0023,0.0714,9.9211
IEC,77,9.9201,0.0128,0.0714,9.9201
IEC,18,9.5701,0.0017,0.0689,9.5701
IEC,16,9.5150,0.0045,0.0685,9.5150
IEC,72,9.4236,0.0013,0.0678,9.4236
IEC,10,9.3415,0.0040,0.0672,9.3415
IEC,102,9.2818,0.0017,0.0668,9.2818
IEC,50,9.0453,0.0012,0.0651,9.0453
IEC,96,8.9737,0.0018,0.0646,8.9737
IEC,43,8.9032,0.0018,0.0641,8.9032
IEC,89,8.4261,0.0018,0.0606,8.4261
IEC,92,8.0978,0.0020,0.0583,8.0978
IEC,95,8.0978,0.0027,0.0583,8.0978
IEC,13,7.9739,0.0012,0.0574,7.9739
IEC,64,7.5741,0.0035,0.0545,7.5741
IEC,2,7.1866,0.0018,0.0517,7.1866
IEC,57,7.0665,0.0029,0.0509,7.0665
IEC,86,6.9200,0.0056,0.0498,6.9200
IEC,58,6.8941,0.0054,0.0496,6.8941
IEC,68,6.8941,0.0029,0.0496,6.8941
IEC,59,6.7938,0.0047,0.0489,6.7938
IEC,53,6.7303,0.0017,0.0484,6.7303
IEC,45,6.6774,0.0013,0.0481,6.6774
IEC,81,6.6774,0.0017,0.0481,6.6774
IEC,40,6.6724,0.0038,0.0480,6.6724
IEC,36,6.4746,0.0008,0.0466,6.4746
IEC,69,5.8893,0.0023,0.0424,5.8893
IEC,22,5.8439,0.0020,0.0421,5.8439
IEC,29,5.7992,0.0019,0.0417,5.7992
IEC,66,5.7552,0.0007,0.0414,5.7552
IEC,5,5.6863,0.0029,0.0409,5.6863
IEC,52,5.4060,0.0023,0.0389,5.4060
IEC,62,5.0494,0.0133,0.0363,5.0494
IEC,85,4.9166,0.0013,0.0354,4.9166
IEC,39,4.5590,0.0024,0.0328,4.5590
IEC,7,4.4516,0.0012,0.0320,4.4516
IEC,61,4.4493,0.0036,0.0320,4.4493
IEC,60,4.3829,0.0012,0.0315,4.3829
IEC,24,4.3656,0.0054,0.0314,4.3656
IEC,8,3.8614,0.0014,0.0278,3.8614
IEC,17,3.7992,0.0008,0.0273,3.7992
IEC,99,3.7778,0.0061,0.0272,3.7778
IEC,93,3.7097,0.0007,0.0267,3.7097
IEC,25,3.6808,0.0006,0.0265,3.6808
IEC,12,3.5970,0.0004,0.0259,3.5970
IEC,51,3.5594,0.0023,0.0256,3.5594
IEC,42,3.1940,0.0011,0.0230,3.1940
IEC,54,3.1671,0.0012,0.0228,3.1671
IEC,70,3.0151,0.0009,0.0217,3.0151
IEC,87,2.9912,0.0024,0.0215,2.9912
IEC,19,2.8929,0.0023,0.0208,2.8929
IEC,63,2.5477,0.0026,0.0183,2.5477
IEC,91,2.3955,0.0017,0.0172,2.3955
IEC,44,2.2980,0.0005,0.0165,2.2980
IEC,98,2.2434,0.0009,0.0161,2.2434
IEC,48,2.0829,0.0045,0.0150,2.0829
IEC,88,1.6985,0.0009,0.0122,1.6985
IEC,73,1.5703,0.0005,0.0113,1.5703
IEC,100,1.0068,0.0015,0.0072,1.0068
IEC,56,0.9073,0.0013,0.0065,0.9073
IEC,78,0.8492,0.0006,0.0061,0.8492
IEC,94,0.8341,0.0003,0.0060,0.8341
IEC,82,0.7852,0.0005,0.0057,0.7852
IEEE,0,8.3178,0.0004,0.3503,8.3178
IEEE,11,6.2841,0.0005,0.2646,6.2841
IEEE,20,5.7552,0.0012,0.2424,5.7552
IEEE,21,5.6692,0.0011,0.2387,5.6692
IEEE,38,5.5051,0.0006,0.2318,5.5051
IEEE,27,4.8877,0.0006,0.2058,4.8877
IEEE,46,4.3494,0.0010,0.1832,4.3494
IEEE,6,4.3164,0.0009,0.1818,4.3164
IEEE,9,4.2204,0.0005,0.1777,4.2204
IEEE,67,4.2204,0.0006,0.1777,4.2204
IEEE,76,4.2204,0.0005,0.1777,4.2204
IEEE,101,3.6808,0.0008,0.1550,3.6808
IEEE,30,3.6245,0.0008,0.1526,3.6245
IEEE,55,3.6245,0.0009,0.1526,3.6245
IEEE,3,3.5970,0.0004,0.1515,3.5970
IEEE,33,3.5699,0.0008,0.1503,3.5699
IEEE,102,3.5699,0.0007,0.1503,3.5699
IEEE,77,3.3067,0.0043,0.1393,3.3067
IEEE,83,3.0640,0.0014,0.1290,3.0640
IEEE,15,2.9237,0.0031,0.1231,2.9237
IEEE,13,2.8996,0.0004,0.1221,2.8996
IEEE,37,2.8996,0.0007,0.1221,2.8996
IEEE,1,2.8559,0.0002,0.1203,2.8559
IEEE,23,2.8559,0.0005,0.1203,2.8559
IEEE,32,2.8559,0.0006,0.1203,2.8559
IEEE,75,2.8346,0.0007,0.1194,2.8346
IEEE,58,2.2980,0.0018,0.0968,2.2980
IEEE,49,2.2434,0.0007,0.0945,2.2434
IEEE,96,2.2434,0.0004,0.0945,2.2434
IEEE,43,2.2258,0.0004,0.0937,2.2258
IEEE,90,2.2258,0.0006,0.0937,2.2258
IEEE,92,2.2085,0.0005,0.0930,2.2085
IEEE,72,2.1747,0.0003,0.0916,2.1747
IEEE,24,1.7462,0.0022,0.0735,1.7462
IEEE,2,1.5970,0.0004,0.0673,1.5970
IEEE,91,1.5970,0.0011,0.0673,1.5970
IEEE,54,1.5836,0.0006,0.0667,1.5836
IEEE,57,1.5703,0.0007,0.0661,1.5703
IEEE,8,1.5446,0.0006,0.0650,1.5446
IEEE,74,1.5197,0.0005,0.0640,1.5197
IEEE,50,1.5075,0.0002,0.0635,1.5075
IEEE,87,1.4956,0.0012,0.0630,1.4956
IEEE,18,1.4723,0.0003,0.0620,1.4723
IEEE,69,1.4723,0.0006,0.0620,1.4723
IEEE,22,1.4610,0.0005,0.0615,1.4610
IEEE,60,1.4610,0.0004,0.0615,1.4610
IEEE,29,1.4498,0.0005,0.0611,1.4498
IEEE,12,1.4388,0.0002,0.0606,1.4388
IEEE,19,0.9643,0.0008,0.0406,0.9643
IEEE,56,0.9073,0.0013,0.0382,0.9073
IEEE,61,0.8899,0.0007,0.0375,0.8899
IEEE,14,0.8650,0.0003,0.0364,0.8650
IEEE,86,0.8650,0.0007,0.0364,0.8650
IEEE,59,0.8492,0.0006,0.0358,0.8492
IEEE,62,0.8416,0.0022,0.0354,0.8416
IEEE,64,0.8416,0.0004,0.0354,0.8416
IEEE,40,0.8341,0.0005,0.0351,0.8341
IEEE,5,0.8123,0.0004,0.0342,0.8123
IEEE,26,0.7985,0.0002,0.0336,0.7985
IEEE,42,0.7985,0.0003,0.0336,0.7985
IEEE,35,0.7852,0.0001,0.0331,0.7852
IEEE,82,0.7852,0.0005,0.0331,0.7852
IEEE,68,0.7660,0.0003,0.0323,0.7660
IEEE,89,0.7660,0.0002,0.0323,0.7660
IEEE,17,0.7598,0.0002,0.0320,0.7598
IEEE,39,0.7598,0.0004,0.0320,0.7598
IEEE,4,0.7478,0.0002,0.0315,0.7478
IEEE,41,0.7478,0.0001,0.0315,0.7478
IEEE,7,0.7419,0.0002,0.0312,0.7419
IEEE,45,0.7419,0.0001,0.0312,0.7419
IEEE,65,0.7419,0.0001,0.0312,0.7419
IEEE,81,0.7419,0.0002,0.0312,0.7419
IEEE,93,0.7419,0.0001,0.0312,0.7419
IEEE,25,0.7362,0.0001,0.0310,0.7362
IEEE,95,0.7362,0.0002,0.0310,0.7362
IEEE,36,0.7194,0.0001,0.0303,0.7194
IEEE,66,0.7194,0.0001,0.0303,0.7194
IMID,0,51.2929,0.0025,0.3706,51.2929
IMID,1,47.1228,0.0032,0.3405,47.1228
IMID,72,44.9435,0.0061,0.3247,44.9435
IMID,29,37.6946,0.0125,0.2723,37.6946
IMID,11,34.2136,0.0028,0.2472,34.2136
IMID,67,32.3566,0.0043,0.2338,32.3566
IMID,50,30.1509,0.0040,0.2178,30.1509
IMID,13,28.2709,0.0042,0.2043,28.2709
IMID,36,27.3370,0.0033,0.1975,27.3370
IMID,66,26.6176,0.0031,0.1923,26.6176
IMID,27,22.3436,0.0026,0.1614,22.3436
IMID,3,22.3013,0.0022,0.1611,22.3013
IMID,93,20.7742,0.0040,0.1501,20.7742
IMID,95,19.8764,0.0066,0.1436,19.8764
IMID,38,17.8915,0.0020,0.1293,17.8915
IMID,41,16.4517,0.0029,0.1189,16.4517
IMID,17,15.9566,0.0035,0.1153,15.9566
IMID,30,15.9477,0.0034,0.1152,15.9477
IMID,44,15.3202,0.0036,0.1107,15.3202
IMID,18,13.9871,0.0024,0.1011,13.9871
IMID,7,12.6129,0.0034,0.0911,12.6129
IMID,35,12.5627,0.0022,0.0908,12.5627
IMID,56,11.7948,0.0163,0.0852,11.7948
IMID,83,9.9581,0.0046,0.0719,9.9581
IMID,76,9.1442,0.0011,0.0661,9.1442
IMID,26,8.7836,0.0023,0.0635,8.7836
IMID,46,8.6988,0.0021,0.0628,8.6988
IMID,33,8.5678,0.0020,0.0619,8.5678
IMID,9,8.4408,0.0011,0.0610,8.4408
IMID,89,8.4261,0.0018,0.0609,8.4261
IMID,65,8.1613,0.0015,0.0590,8.1613
IMID,58,7.6601,0.0060,0.0553,7.6601
IMID,79,7.6601,0.0022,0.0553,7.6601
IMID,22,7.3048,0.0025,0.0528,7.3048
IMID,6,7.1940,0.0014,0.0520,7.1940
IMID,23,7.1398,0.0013,0.0516,7.1398
IMID,75,7.0865,0.0016,0.0512,7.0865
IMID,45,6.6774,0.0013,0.0482,6.6774
IMID,92,6.6255,0.0016,0.0479,6.6255
IMID,97,6.2294,0.0017,0.0450,6.2294
IMID,39,6.0787,0.0032,0.0439,6.0787
IMID,70,6.0302,0.0019,0.0436,6.0302
IMID,49,5.9824,0.0020,0.0432,5.9824
IMID,90,5.9355,0.0016,0.0429,5.9355
IMID,69,5.8893,0.0023,0.0426,5.8893
IMID,85,5.7361,0.0015,0.0414,5.7361
IMID,2,5.5896,0.0014,0.0404,5.5896
IMID,32,4.9979,0.0010,0.0361,4.9979
IMID,28,4.8322,0.0014,0.0349,4.8322
IMID,81,4.4516,0.0011,0.0322,4.4516
IMID,25,4.4170,0.0007,0.0319,4.4170
IMID,101,4.4170,0.0010,0.0319,4.4170
IMID,37,4.3494,0.0011,0.0314,4.3494
IMID,55,4.3494,0.0010,0.0314,4.3494
IMID,12,4.3164,0.0005,0.0312,4.3164
IMID,20,4.3164,0.0009,0.0312,4.3164
IMID,21,4.2519,0.0008,0.0307,4.2519
IMID,54,3.9589,0.0016,0.0286,3.9589
IMID,74,3.7992,0.0012,0.0274,3.7992
IMID,102,3.5699,0.0007,0.0258,3.5699
IMID,31,3.4925,0.0015,0.0252,3.4925
IMID,40,3.3362,0.0019,0.0241,3.3362
IMID,52,3.0891,0.0013,0.0223,3.0891
IMID,68,3.0640,0.0013,0.0221,3.0640
IMID,96,2.9912,0.0006,0.0216,2.9912
IMID,64,2.5247,0.0012,0.0182,2.5247
IMID,94,2.5022,0.0010,0.0181,2.5022
IMID,5,2.4370,0.0012,0.0176,2.4370
IMID,42,2.3955,0.0008,0.0173,2.3955
IMID,4,2.2434,0.0006,0.0162,2.2434
IMID,34,1.8697,0.0018,0.0135,1.8697
IMID,80,1.8146,0.0008,0.0131,1.8146
IMID,16,1.7300,0.0008,0.0125,1.7300
IMID,10,1.6985,0.0007,0.0123,1.6985
IMID,63,1.6985,0.0017,0.0123,1.6985
IMID,78,1.6985,0.0012,0.0123,1.6985
IMID,73,1.5703,0.0005,0.0113,1.5703
IMID,8,1.5446,0.0006,0.0112,1.5446
IMID,53,1.4956,0.0004,0.0108,1.4956
IMID,87,1.4956,0.0012,0.0108,1.4956
IMID,98,1.4956,0.0006,0.0108,1.4956
IMID,15,0.9746,0.0010,0.0070,0.9746
IMID,19,0.9643,0.0008,0.0070,0.9643
IMID,99,0.9445,0.0015,0.0068,0.9445
IMID,61,0.8899,0.0007,0.0064,0.8899
IMID,14,0.8650,0.0003,0.0062,0.8650
IMID,88,0.8492,0.0004,0.0061,0.8492
IMID,62,0.8416,0.0022,0.0061,0.8416
IMID,91,0.7985,0.0006,0.0058,0.7985
IMID,57,0.7852,0.0003,0.0057,0.7852
IMID,60,0.7305,0.0002,0.0053,0.7305
ITU,6,42.4443,0.0085,0.4245,42.4443
ITU,3,41.0055,0.0041,0.4101,41.0055
ITU,0,36.7368,0.0018,0.3674,36.7368
ITU,1,22.8474,0.0016,0.2285,22.8474
ITU,67,21.1021,0.0028,0.2110,21.1021
ITU,76,21.1021,0.0026,0.2110,21.1021
ITU,11,19.5506,0.0016,0.1955,19.5506
ITU,38,17.8915,0.0020,0.1789,17.8915
ITU,83,16.0862,0.0075,0.1609,16.0862
ITU,56,15.4240,0.0213,0.1543,15.4240
ITU,33,13.5656,0.0032,0.1357,13.5656
ITU,27,13.2665,0.0016,0.1327,13.2665
ITU,72,13.0481,0.0018,0.1305,13.0481
ITU,20,12.9491,0.0026,0.1295,12.9491
ITU,95,12.5148,0.0042,0.1252,12.5148
ITU,37,12.3232,0.0031,0.1232,12.3232
ITU,55,11.5983,0.0028,0.1160,11.5983
ITU,2,11.1791,0.0027,0.1118,11.1791
ITU,13,10.8734,0.0016,0.1087,10.8734
ITU,32,10.7097,0.0021,0.1071,10.7097
ITU,21,10.6298,0.0021,0.1063,10.6298
ITU,75,10.6298,0.0025,0.1063,10.6298
ITU,89,9.1921,0.0019,0.0919,9.1921
ITU,29,8.6988,0.0029,0.0870,8.6988
ITU,30,8.6988,0.0018,0.0870,8.6988
ITU,46,8.6988,0.0021,0.0870,8.6988
ITU,12,7.9133,0.0010,0.0791,7.9133
ITU,22,7.3048,0.0025,0.0731,7.3048
ITU,54,7.1260,0.0028,0.0713,7.1260
ITU,49,6.7303,0.0022,0.0673,6.7303
ITU,45,6.6774,0.0013,0.0668,6.6774
ITU,25,6.6255,0.0011,0.0663,6.6255
ITU,90,5.9355,0.0016,0.0594,5.9355
ITU,4,4.4868,0.0011,0.0449,4.4868
ITU,18,4.4170,0.0008,0.0442,4.4170
ITU,69,4.4170,0.0017,0.0442,4.4170
ITU,36,4.3164,0.0005,0.0432,4.3164
ITU,17,3.0394,0.0007,0.0304,3.0394
ITU,50,3.0151,0.0004,0.0302,3.0151
ITU,41,2.9912,0.0005,0.0299,2.9912
ITU,7,2.9677,0.0008,0.0297,2.9677
ITU,93,2.9677,0.0006,0.0297,2.9677
ITU,66,2.8776,0.0003,0.0288,2.8776
ITU,9,2.8136,0.0004,0.0281,2.8136
ITU,101,2.2085,0.0005,0.0221,2.2085
ITU,85,1.6389,0.0004,0.0164,1.6389
ITU,5,1.6247,0.0008,0.0162,1.6247
ITU,97,1.5573,0.0004,0.0156,1.5573
ITU,8,1.5446,0.0006,0.0154,1.5446
ITU,52,1.5446,0.0007,0.0154,1.5446
ITU,39,1.5197,0.0008,0.0152,1.5197
ITU,53,1.4956,0.0004,0.0150,1.4956
ITU,96,1.4956,0.0003,0.0150,1.4956
ITU,43,1.4839,0.0003,0.0148,1.4839
ITU,65,1.4839,0.0003,0.0148,1.4839
ITU,92,1.4723,0.0004,0.0147,1.4723
ITU,23,1.4280,0.0003,0.0143,1.4280
ITU,80,0.9073,0.0004,0.0091,0.9073
ITU,61,0.8899,0.0007,0.0089,0.8899
ITU,14,0.8650,0.0003,0.0087,0.8650
ITU,86,0.8650,0.0007,0.0087,0.8650
ITU,47,0.8570,0.0009,0.0086,0.8570
ITU,59,0.8492,0.0006,0.0085,0.8492
ITU,62,0.8416,0.0022,0.0084,0.8416
ITU,94,0.8341,0.0003,0.0083,0.8341
ITU,91,0.7985,0.0006,0.0080,0.7985
ITU,35,0.7852,0.0001,0.0079,0.7852
ITU,57,0.7852,0.0003,0.0079,0.7852
ITU,73,0.7852,0.0003,0.0079,0.7852
ITU,82,0.7852,0.0005,0.0079,0.7852
ITU,58,0.7660,0.0006,0.0077,0.7660
ITU,98,0.7478,0.0003,0.0075,0.7478
ITU,102,0.7140,0.0001,0.0071,0.7140
Innolux,0,40.8957,0.0020,0.3725,40.8957
Innolux,1,39.9830,0.0027,0.3642,39.9830
Innolux,11,30.0242,0.0025,0.2735,30.0242
Innolux,3,29.4952,0.0030,0.2687,29.4952
Innolux,27,21.6453,0.0026,0.1972,21.6453
Innolux,67,21.1021,0.0028,0.1922,21.1021
Innolux,72,20.2971,0.0027,0.1849,20.2971
Innolux,13,19.5722,0.0029,0.1783,19.5722
Innolux,23,17.8495,0.0032,0.1626,17.8495
Innolux,30,17.3975,0.0037,0.1585,17.3975
Innolux,17,16.7164,0.0037,0.1523,16.7164
Innolux,38,15.8271,0.0018,0.1442,15.8271
Innolux,50,14.3217,0.0019,0.1305,14.3217
Innolux,102,14.2796,0.0026,0.1301,14.2796
Innolux,6,13.6685,0.0027,0.1245,13.6685
Innolux,95,13.2510,0.0044,0.1207,13.2510
Innolux,83,13.0221,0.0061,0.1186,13.0221
Innolux,33,12.8517,0.0031,0.1171,12.8517
Innolux,9,12.6613,0.0016,0.1153,12.6613
Innolux,101,12.5148,0.0027,0.1140,12.5148
Innolux,66,12.2297,0.0014,0.1114,12.2297
Innolux,36,11.5103,0.0014,0.1048,11.5103
Innolux,93,11.1291,0.0022,0.1014,11.1291
Innolux,76,10.5511,0.0013,0.0961,10.5511
Innolux,98,10.4693,0.0040,0.0954,10.4693
Innolux,43,10.3871,0.0020,0.0946,10.3871
Innolux,69,10.3063,0.0040,0.0939,10.3063
Innolux,29,10.1485,0.0034,0.0924,10.1485
Innolux,90,9.6452,0.0026,0.0879,9.6452
Innolux,18,9.5701,0.0017,0.0872,9.5701
Innolux,60,9.4963,0.0025,0.0865,9.4963
Innolux,4,8.9737,0.0022,0.0817,8.9737
Innolux,65,8.9032,0.0017,0.0811,8.9032
Innolux,35,8.6368,0.0015,0.0787,8.6368
Innolux,82,8.6368,0.0054,0.0787,8.6368
Innolux,8,8.4951,0.0030,0.0774,8.4951
Innolux,25,8.0978,0.0014,0.0738,8.0978
Innolux,41,7.4781,0.0013,0.0681,7.4781
Innolux,96,7.4781,0.0015,0.0681,7.4781
Innolux,45,7.4194,0.0015,0.0676,7.4194
Innolux,46,7.2490,0.0017,0.0660,7.2490
Innolux,58,6.8941,0.0054,0.0628,6.8941
Innolux,53,6.7303,0.0017,0.0613,6.7303
Innolux,57,6.2813,0.0026,0.0572,6.2813
Innolux,73,6.2813,0.0020,0.0572,6.2813
Innolux,7,5.9355,0.0016,0.0541,5.9355
Innolux,20,5.7552,0.0012,0.0524,5.7552
Innolux,21,5.6692,0.0011,0.0516,5.6692
Innolux,2,5.5896,0.0014,0.0509,5.5896
Innolux,26,5.5896,0.0014,0.0509,5.5896
Innolux,42,5.5896,0.0019,0.0509,5.5896
Innolux,89,5.3621,0.0011,0.0488,5.3621
Innolux,74,5.3189,0.0016,0.0485,5.3189
Innolux,32,4.9979,0.0010,0.0455,4.9979
Innolux,75,4.9606,0.0012,0.0452,4.9606
Innolux,85,4.9166,0.0013,0.0448,4.9166
Innolux,44,4.5961,0.0011,0.0419,4.5961
Innolux,56,4.5365,0.0063,0.0413,4.5365
Innolux,49,4.4868,0.0015,0.0409,4.4868
Innolux,92,4.4170,0.0011,0.0402,4.4170
Innolux,22,4.3829,0.0015,0.0399,4.3829
Innolux,37,4.3494,0.0011,0.0396,4.3494
Innolux,12,4.3164,0.0005,0.0393,4.3164
Innolux,54,3.9589,0.0016,0.0361,3.9589
Innolux,97,3.8933,0.0010,0.0355,3.8933
Innolux,70,3.7689,0.0012,0.0343,3.7689
Innolux,87,3.7390,0.0030,0.0341,3.7390
Innolux,81,3.7097,0.0010,0.0338,3.7097
Innolux,55,3.6245,0.0009,0.0330,3.6245
Innolux,31,3.4925,0.0015,0.0318,3.4925
Innolux,16,3.4600,0.0016,0.0315,3.4600
Innolux,59,3.3969,0.0023,0.0309,3.3969
Innolux,68,3.0640,0.0013,0.0279,3.0640
Innolux,39,3.0394,0.0016,0.0277,3.0394
Innolux,86,2.5950,0.0021,0.0236,2.5950
Innolux,10,2.5477,0.0011,0.0232,2.5477
Innolux,64,2.5247,0.0012,0.0230,2.5247
Innolux,77,2.4800,0.0032,0.0226,2.4800
Innolux,28,2.4161,0.0007,0.0220,2.4161
Innolux,91,2.3955,0.0017,0.0218,2.3955
Innolux,100,2.0136,0.0031,0.0183,2.0136
Innolux,61,1.7797,0.0015,0.0162,1.7797
Innolux,14,1.7300,0.0006,0.0158,1.7300
Innolux,63,1.6985,0.0017,0.0155,1.6985
Innolux,78,1.6985,0.0012,0.0155,1.6985
Innolux,40,1.6681,0.0009,0.0152,1.6681
Innolux,79,1.5320,0.0004,0.0140,1.5320
Innolux,71,1.1787,0.0036,0.0107,1.1787
Innolux,48,1.0415,0.0023,0.0095,1.0415
Innolux,19,0.9643,0.0008,0.0088,0.9643
Innolux,24,0.8731,0.0011,0.0080,0.8731
Innolux,47,0.8570,0.0009,0.0078,0.8570
Innolux,84,0.8492,0.0005,0.0077,0.8492
Innolux,94,0.8341,0.0003,0.0076,0.8341
Innolux,5,0.8123,0.0004,0.0074,0.8123
Innolux,52,0.7723,0.0003,0.0070,0.7723
IoT,0,258.5439,0.0127,0.3198,258.5439
IoT,11,222.0391,0.0184,0.2746,222.0391
IoT,76,206.0973,0.0251,0.2549,206.0973
IoT,27,197.6009,0.0234,0.2444,197.6009
IoT,9,186.4020,0.0240,0.2305,186.4020
IoT,3,182.7264,0.0184,0.2260,182.7264
IoT,21,180.7061,0.0350,0.2235,180.7061
IoT,38,166.5286,0.0189,0.2060,166.5286
IoT,20,140.2821,0.0281,0.1735,140.2821
IoT,67,137.1637,0.0182,0.1696,137.1637
IoT,6,128.7718,0.0257,0.1593,128.7718
IoT,96,127.8748,0.0253,0.1582,127.8748
IoT,1,122.8048,0.0084,0.1519,122.8048
IoT,101,117.7863,0.0254,0.1457,117.7863
IoT,37,114.5335,0.0287,0.1417,114.5335
IoT,2,104.6045,0.0255,0.1294,104.6045
IoT,46,101.4854,0.0242,0.1255,101.4854
IoT,102,95.6735,0.0175,0.1183,95.6735
IoT,89,92.6870,0.0195,0.1146,92.6870
IoT,4,90.4845,0.0225,0.1119,90.4845
IoT,55,89.8871,0.0216,0.1112,89.8871
IoT,23,84.2498,0.0153,0.1042,84.2498
IoT,33,83.5358,0.0199,0.1033,83.5358
IoT,12,82.7305,0.0100,0.1023,82.7305
IoT,75,81.4949,0.0189,0.1008,81.4949
IoT,90,80.1292,0.0217,0.0991,80.1292
IoT,32,77.8240,0.0154,0.0963,77.8240
IoT,13,77.5639,0.0117,0.0959,77.5639
IoT,92,77.2973,0.0191,0.0956,77.2973
IoT,30,73.9394,0.0156,0.0915,73.9394
IoT,42,70.2687,0.0233,0.0869,70.2687
IoT,74,66.1060,0.0204,0.0818,66.1060
IoT,43,66.0324,0.0130,0.0817,66.0324
IoT,60,62.8217,0.0167,0.0777,62.8217
IoT,53,62.0679,0.0153,0.0768,62.0679
IoT,65,57.8711,0.0109,0.0716,57.8711
IoT,72,56.5419,0.0076,0.0699,56.5419
IoT,69,53.0038,0.0205,0.0656,53.0038
IoT,49,51.5986,0.0170,0.0638,51.5986
IoT,83,51.3226,0.0239,0.0635,51.3226
IoT,18,50.0592,0.0086,0.0619,50.0592
IoT,45,48.9679,0.0098,0.0606,48.9679
IoT,39,47.8698,0.0254,0.0592,47.8698
IoT,36,47.4801,0.0058,0.0587,47.4801
IoT,68,45.9605,0.0191,0.0568,45.9605
IoT,94,45.8729,0.0189,0.0567,45.8729
IoT,15,45.8043,0.0483,0.0567,45.8043
IoT,41,44.8683,0.0079,0.0555,44.8683
IoT,10,44.1598,0.0188,0.0546,44.1598
IoT,14,43.2499,0.0157,0.0535,43.2499
IoT,66,42.4443,0.0050,0.0525,42.4443
IoT,22,41.6376,0.0145,0.0515,41.6376
IoT,81,40.8066,0.0105,0.0505,40.8066
IoT,57,40.0435,0.0166,0.0495,40.0435
IoT,58,39.8324,0.0312,0.0493,39.8324
IoT,91,39.1269,0.0278,0.0484,39.1269
IoT,25,39.0167,0.0066,0.0483,39.0167
IoT,8,38.6142,0.0138,0.0478,38.6142
IoT,16,38.0599,0.0180,0.0471,38.0599
IoT,28,37.0465,0.0105,0.0458,37.0465
IoT,29,36.9697,0.0123,0.0457,36.9697
IoT,47,35.9955,0.0365,0.0445,35.9955
IoT,77,35.5472,0.0459,0.0440,35.5472
IoT,73,34.5473,0.0112,0.0427,34.5473
IoT,82,34.5473,0.0217,0.0427,34.5473
IoT,97,34.2615,0.0092,0.0424,34.2615
IoT,79,32.9384,0.0093,0.0407,32.9384
IoT,80,32.6626,0.0146,0.0404,32.6626
IoT,50,32.4122,0.0043,0.0401,32.4122
IoT,87,32.1556,0.0259,0.0398,32.1556
IoT,98,32.1556,0.0123,0.0398,32.1556
IoT,95,31.6551,0.0105,0.0392,31.6551
IoT,35,31.4066,0.0056,0.0388,31.4066
IoT,64,31.1380,0.0143,0.0385,31.1380
IoT,59,30.5722,0.0209,0.0378,30.5722
IoT,26,29.5448,0.0076,0.0365,29.5448
IoT,54,28.5040,0.0112,0.0353,28.5040
IoT,24,27.0667,0.0336,0.0335,27.0667
IoT,31,27.0667,0.0115,0.0335,27.0667
IoT,85,26.2221,0.0070,0.0324,26.2221
IoT,86,25.9499,0.0209,0.0321,25.9499
IoT,93,24.4839,0.0047,0.0303,24.4839
IoT,88,23.7783,0.0119,0.0294,23.7783
IoT,70,23.3669,0.0073,0.0289,23.3669
IoT,17,22.0353,0.0048,0.0273,22.0353
IoT,62,21.8807,0.0576,0.0271,21.8807
IoT,7,21.5162,0.0058,0.0266,21.5162
IoT,51,18.6870,0.0120,0.0231,18.6870
IoT,61,18.6870,0.0153,0.0231,18.6870
IoT,63,18.6830,0.0189,0.0231,18.6830
IoT,78,18.6830,0.0135,0.0231,18.6830
IoT,52,18.5348,0.0078,0.0229,18.5348
IoT,84,16.1353,0.0095,0.0200,16.1353
IoT,99,16.0558,0.0259,0.0199,16.0558
IoT,19,15.4288,0.0122,0.0191,15.4288
IoT,44,15.3202,0.0036,0.0189,15.3202
IoT,40,14.1789,0.0080,0.0175,14.1789
IoT,34,14.0230,0.0135,0.0173,14.0230
IoT,5,13.8097,0.0071,0.0171,13.8097
IoT,48,8.3316,0.0181,0.0103,8.3316
IoT,71,8.2506,0.0249,0.0102,8.2506
IoT,56,3.6292,0.0050,0.0045,3.6292
IoT,100,3.0204,0.0046,0.0037,3.0204
JDI,66,56.8322,0.0066,0.3709,56.8322
JDI,36,52.5159,0.0064,0.3427,52.5159
JDI,1,50.6927,0.0035,0.3308,50.6927
JDI,0,47.8272,0.0024,0.3121,47.8272
JDI,50,39.9499,0.0053,0.2607,39.9499
JDI,72,27.5460,0.0037,0.1798,27.5460
JDI,35,27.4808,0.0049,0.1793,27.4808
JDI,93,27.4517,0.0053,0.1792,27.4517
JDI,41,26.9210,0.0047,0.1757,26.9210
JDI,44,25.2783,0.0060,0.1650,25.2783
JDI,11,23.7400,0.0020,0.1549,23.7400
JDI,13,22.4718,0.0034,0.1467,22.4718
JDI,12,22.3013,0.0027,0.1455,22.3013
JDI,26,19.9627,0.0052,0.1303,19.9627
JDI,17,18.9960,0.0042,0.1240,18.9960
JDI,18,16.9318,0.0029,0.1105,16.9318
JDI,67,16.8817,0.0022,0.1102,16.8817
JDI,85,16.3888,0.0044,0.1070,16.3888
JDI,65,15.5807,0.0029,0.1017,15.5807
JDI,97,15.5734,0.0042,0.1016,15.5734
JDI,79,15.3202,0.0043,0.1000,15.3202
JDI,3,15.1073,0.0015,0.0986,15.1073
JDI,81,14.8387,0.0038,0.0968,14.8387
JDI,45,14.0968,0.0028,0.0920,14.0968
JDI,27,13.9647,0.0017,0.0911,13.9647
JDI,7,13.3549,0.0036,0.0872,13.3549
JDI,25,12.5148,0.0021,0.0817,12.5148
JDI,54,11.8767,0.0047,0.0775,11.8767
JDI,9,11.2545,0.0014,0.0734,11.2545
JDI,76,11.2545,0.0014,0.0734,11.2545
JDI,70,10.5528,0.0033,0.0689,10.5528
JDI,31,10.4774,0.0045,0.0684,10.4774
JDI,23,9.9957,0.0018,0.0652,9.9957
JDI,38,9.6339,0.0011,0.0629,9.6339
JDI,95,9.5701,0.0032,0.0625,9.5701
JDI,101,9.5701,0.0021,0.0625,9.5701
JDI,29,9.4236,0.0031,0.0615,9.4236
JDI,53,8.9737,0.0022,0.0586,8.9737
JDI,30,8.6988,0.0018,0.0568,8.6988
JDI,46,8.6988,0.0021,0.0568,8.6988
JDI,52,8.4951,0.0036,0.0554,8.4951
JDI,74,8.3582,0.0026,0.0545,8.3582
JDI,90,7.4194,0.0020,0.0484,7.4194
JDI,2,7.1866,0.0018,0.0469,7.1866
JDI,102,7.1398,0.0013,0.0466,7.1398
JDI,64,6.7325,0.0031,0.0439,6.7325
JDI,43,6.6774,0.0013,0.0436,6.6774
JDI,6,6.4746,0.0013,0.0423,6.4746
JDI,28,6.4429,0.0018,0.0420,6.4429
JDI,33,6.4258,0.0015,0.0419,6.4258
JDI,75,6.3779,0.0015,0.0416,6.3779
JDI,40,5.8384,0.0033,0.0381,5.8384
JDI,37,5.7992,0.0015,0.0378,5.7992
JDI,20,5.7552,0.0012,0.0376,5.7552
JDI,68,5.3621,0.0022,0.0350,5.3621
JDI,89,5.3621,0.0011,0.0350,5.3621
JDI,16,5.1900,0.0025,0.0339,5.1900
JDI,92,5.1532,0.0013,0.0336,5.1532
JDI,10,5.0954,0.0022,0.0333,5.0954
JDI,21,4.9606,0.0010,0.0324,4.9606
JDI,19,4.8215,0.0038,0.0315,4.8215
JDI,4,4.4868,0.0011,0.0293,4.4868
JDI,96,4.4868,0.0009,0.0293,4.4868
JDI,60,4.3829,0.0012,0.0286,4.3829
JDI,5,4.0617,0.0021,0.0265,4.0617
JDI,82,3.9258,0.0025,0.0256,3.9258
JDI,55,3.6245,0.0009,0.0237,3.6245
JDI,32,3.5699,0.0007,0.0233,3.5699
JDI,49,2.9912,0.0010,0.0195,2.9912
JDI,22,2.9219,0.0010,0.0191,2.9219
JDI,80,2.7219,0.0012,0.0178,2.7219
JDI,14,2.5950,0.0009,0.0169,2.5950
JDI,39,2.2795,0.0012,0.0149,2.2795
JDI,87,2.2434,0.0018,0.0146,2.2434
JDI,98,2.2434,0.0009,0.0146,2.2434
JDI,24,1.7462,0.0022,0.0114,1.7462
JDI,88,1.6985,0.0009,0.0111,1.6985
JDI,94,1.6681,0.0007,0.0109,1.6681
JDI,91,1.5970,0.0011,0.0104,1.5970
JDI,73,1.5703,0.0005,0.0102,1.5703
JDI,83,1.5320,0.0007,0.0100,1.5320
JDI,69,1.4723,0.0006,0.0096,1.4723
JDI,100,1.0068,0.0015,0.0066,1.0068
JDI,61,0.8899,0.0007,0.0058,0.8899
JDI,86,0.8650,0.0007,0.0056,0.8650
JDI,47,0.8570,0.0009,0.0056,0.8570
JDI,59,0.8492,0.0006,0.0055,0.8492
JDI,63,0.8492,0.0009,0.0055,0.8492
JDI,78,0.8492,0.0006,0.0055,0.8492
JDI,84,0.8492,0.0005,0.0055,0.8492
JDI,62,0.8416,0.0022,0.0055,0.8416
JDI,77,0.8267,0.0011,0.0054,0.8267
JDI,42,0.7985,0.0003,0.0052,0.7985
JDI,57,0.7852,0.0003,0.0051,0.7852
JDI,8,0.7723,0.0003,0.0050,0.7723
KAIST,0,80.4051,0.0040,0.3519,80.4051
KAIST,11,79.5989,0.0066,0.3484,79.5989
KAIST,27,78.9007,0.0093,0.3453,78.9007
KAIST,9,57.6791,0.0074,0.2525,57.6791
KAIST,67,53.4587,0.0071,0.2340,53.4587
KAIST,20,51.7965,0.0104,0.2267,51.7965
KAIST,38,48.8576,0.0056,0.2138,48.8576
KAIST,46,36.2448,0.0086,0.1586,36.2448
KAIST,1,35.6991,0.0024,0.1563,35.6991
KAIST,96,35.1469,0.0069,0.1538,35.1469
KAIST,76,34.4668,0.0042,0.1509,34.4668
KAIST,102,29.2732,0.0054,0.1281,29.2732
KAIST,29,28.9958,0.0096,0.1269,28.9958
KAIST,33,27.8453,0.0066,0.1219,27.8453
KAIST,21,26.2201,0.0051,0.1148,26.2201
KAIST,23,25.7033,0.0047,0.1125,25.7033
KAIST,13,25.3714,0.0038,0.1110,25.3714
KAIST,32,24.9893,0.0049,0.1094,24.9893
KAIST,89,24.5123,0.0052,0.1073,24.5123
KAIST,92,23.5573,0.0058,0.1031,23.5573
KAIST,3,23.0207,0.0023,0.1008,23.0207
KAIST,75,22.6768,0.0053,0.0993,22.6768
KAIST,30,22.4718,0.0047,0.0984,22.4718
KAIST,6,22.3013,0.0044,0.0976,22.3013
KAIST,2,21.5597,0.0053,0.0944,21.5597
KAIST,18,21.3488,0.0037,0.0934,21.3488
KAIST,37,21.0220,0.0053,0.0920,21.0220
KAIST,55,21.0220,0.0050,0.0920,21.0220
KAIST,12,20.1431,0.0024,0.0882,20.1431
KAIST,43,20.0323,0.0039,0.0877,20.0323
KAIST,60,19.7231,0.0052,0.0863,19.7231
KAIST,41,17.9473,0.0032,0.0786,17.9473
KAIST,65,17.0646,0.0032,0.0747,17.0646
KAIST,66,16.5461,0.0019,0.0724,16.5461
KAIST,53,16.4517,0.0040,0.0720,16.4517
KAIST,90,16.3226,0.0044,0.0714,16.3226
KAIST,72,15.9477,0.0022,0.0698,15.9477
KAIST,94,15.8470,0.0065,0.0694,15.8470
KAIST,39,15.1968,0.0081,0.0665,15.1968
KAIST,69,14.7233,0.0057,0.0644,14.7233
KAIST,98,13.4605,0.0052,0.0589,13.4605
KAIST,73,13.3478,0.0043,0.0584,13.3478
KAIST,95,13.2510,0.0044,0.0580,13.2510
KAIST,58,13.0221,0.0102,0.0570,13.0221
KAIST,101,12.5148,0.0027,0.0548,12.5148
KAIST,36,12.2297,0.0015,0.0535,12.2297
KAIST,17,12.1574,0.0027,0.0532,12.1574
KAIST,56,10.8875,0.0150,0.0477,10.8875
KAIST,8,10.8120,0.0039,0.0473,10.8120
KAIST,82,10.2072,0.0064,0.0447,10.2072
KAIST,62,10.0988,0.0266,0.0442,10.0988
KAIST,15,9.7456,0.0103,0.0427,9.7456
KAIST,52,9.2674,0.0039,0.0406,9.2674
KAIST,4,8.9737,0.0022,0.0393,8.9737
KAIST,81,8.9032,0.0023,0.0390,8.9032
KAIST,25,8.8340,0.0015,0.0387,8.8340
KAIST,50,8.2915,0.0011,0.0363,8.2915
KAIST,7,8.1613,0.0022,0.0357,8.1613
KAIST,93,8.1613,0.0016,0.0357,8.1613
KAIST,22,8.0353,0.0028,0.0352,8.0353
KAIST,68,7.6601,0.0032,0.0335,7.6601
KAIST,49,7.4781,0.0025,0.0327,7.4781
KAIST,45,7.4194,0.0015,0.0325,7.4194
KAIST,54,7.1260,0.0028,0.0312,7.1260
KAIST,100,7.0476,0.0107,0.0308,7.0476
KAIST,79,6.8941,0.0019,0.0302,6.8941
KAIST,74,6.8385,0.0021,0.0299,6.8385
KAIST,34,6.5441,0.0063,0.0286,6.5441
KAIST,57,6.2813,0.0026,0.0275,6.2813
KAIST,87,5.9824,0.0048,0.0262,5.9824
KAIST,91,5.5896,0.0040,0.0245,5.5896
KAIST,35,5.4962,0.0010,0.0241,5.4962
KAIST,24,5.2387,0.0065,0.0229,5.2387
KAIST,88,5.0954,0.0026,0.0223,5.0954
KAIST,40,5.0043,0.0028,0.0219,5.0043
KAIST,5,4.8740,0.0025,0.0213,4.8740
KAIST,28,4.8322,0.0014,0.0211,4.8322
KAIST,42,4.7910,0.0016,0.0210,4.7910
KAIST,97,4.6720,0.0012,0.0204,4.6720
KAIST,83,4.5961,0.0021,0.0201,4.5961
KAIST,80,4.5365,0.0020,0.0199,4.5365
KAIST,31,4.3656,0.0019,0.0191,4.3656
KAIST,47,4.2852,0.0043,0.0188,4.2852
KAIST,78,4.2461,0.0031,0.0186,4.2461
KAIST,84,4.2461,0.0025,0.0186,4.2461
KAIST,85,4.0972,0.0011,0.0179,4.0972
KAIST,26,3.9925,0.0010,0.0175,3.9925
KAIST,99,3.7778,0.0061,0.0165,3.7778
KAIST,51,3.5594,0.0023,0.0156,3.5594
KAIST,61,3.5594,0.0029,0.0156,3.5594
KAIST,14,3.4600,0.0013,0.0151,3.4600
KAIST,44,3.0640,0.0007,0.0134,3.0640
KAIST,10,2.5477,0.0011,0.0112,2.5477
KAIST,77,2.4800,0.0032,0.0109,2.4800
KAIST,70,2.2613,0.0007,0.0099,2.2613
KAIST,16,1.7300,0.0008,0.0076,1.7300
KAIST,59,1.6985,0.0012,0.0074,1.6985
KAIST,63,1.6985,0.0017,0.0074,1.6985
KAIST,48,1.0415,0.0023,0.0046,1.0415
KAIST,19,0.9643,0.0008,0.0042,0.9643
KAIST,86,0.8650,0.0007,0.0038,0.8650
KAIST,64,0.8416,0.0004,0.0037,0.8416
LG디스플레이,66,1463.2503,0.1709,0.3726,1463.2503
LG디스플레이,1,1345.8547,0.0923,0.3427,1345.8547
LG디스플레이,0,1243.5060,0.0611,0.3167,1243.5060
LG디스플레이,36,1186.2830,0.1450,0.3021,1186.2830
LG디스플레이,41,944.4785,0.1659,0.2405,944.4785
LG디스플레이,50,840.4556,0.1113,0.2140,840.4556
LG디스플레이,11,760.3793,0.0631,0.1936,760.3793
LG디스플레이,72,729.9702,0.0988,0.1859,729.9702
LG디스플레이,13,669.0789,0.1005,0.1704,669.0789
LG디스플레이,67,623.9191,0.0828,0.1589,623.9191
LG디스플레이,3,614.3637,0.0619,0.1565,614.3637
LG디스플레이,93,609.8725,0.1182,0.1553,609.8725
LG디스플레이,79,474.1593,0.1333,0.1208,474.1593
LG디스플레이,44,473.3933,0.1124,0.1206,473.3933
LG디스플레이,18,473.3538,0.0817,0.1205,473.3538
LG디스플레이,54,458.4393,0.1809,0.1167,458.4393
LG디스플레이,17,437.6670,0.0961,0.1115,437.6670
LG디스플레이,12,437.3924,0.0530,0.1114,437.3924
LG디스플레이,33,398.4015,0.0948,0.1015,398.4015
LG디스플레이,27,397.2964,0.0470,0.1012,397.2964
LG디스플레이,35,388.6572,0.0692,0.0990,388.6572
LG디스플레이,76,363.6597,0.0443,0.0926,363.6597
LG디스플레이,38,348.1961,0.0396,0.0887,348.1961
LG디스플레이,30,341.4260,0.0718,0.0869,341.4260
LG디스플레이,81,332.3879,0.0857,0.0846,332.3879
LG디스플레이,45,330.1621,0.0660,0.0841,330.1621
LG디스플레이,7,325.7105,0.0871,0.0829,325.7105
LG디스플레이,95,320.9678,0.1068,0.0817,320.9678
LG디스플레이,25,298.8828,0.0505,0.0761,298.8828
LG디스플레이,23,290.5904,0.0526,0.0740,290.5904
LG디스플레이,9,283.4717,0.0365,0.0722,283.4717
LG디스플레이,89,283.4232,0.0596,0.0722,283.4232
LG디스플레이,53,274.4447,0.0674,0.0699,274.4447
LG디스플레이,102,269.1709,0.0492,0.0685,269.1709
LG디스플레이,65,266.3555,0.0500,0.0678,266.3555
LG디스플레이,29,259.5127,0.0862,0.0661,259.5127
LG디스플레이,52,259.4876,0.1095,0.0661,259.4876
LG디스플레이,85,246.6517,0.0656,0.0628,246.6517
LG디스플레이,26,245.9404,0.0636,0.0626,245.9404
LG디스플레이,70,245.7296,0.0765,0.0626,245.7296
LG디스플레이,97,240.6088,0.0644,0.0613,240.6088
LG디스플레이,92,238.5173,0.0589,0.0607,238.5173
LG디스플레이,46,216.0190,0.0515,0.0550,216.0190
LG디스플레이,74,211.9950,0.0653,0.0540,211.9950
LG디스플레이,96,199.6641,0.0394,0.0508,199.6641
LG디스플레이,2,198.0299,0.0483,0.0504,198.0299
LG디스플레이,90,194.3876,0.0527,0.0495,194.3876
LG디스플레이,94,177.6532,0.0733,0.0452,177.6532
LG디스플레이,101,175.9433,0.0380,0.0448,175.9433
LG디스플레이,28,175.5683,0.0499,0.0447,175.5683
LG디스플레이,98,160.7782,0.0616,0.0409,160.7782
LG디스플레이,43,156.5488,0.0308,0.0399,156.5488
LG디스플레이,6,155.3894,0.0310,0.0396,155.3894
LG디스플레이,5,147.0328,0.0751,0.0374,147.0328
LG디스플레이,84,146.9162,0.0869,0.0374,146.9162
LG디스플레이,75,145.9822,0.0339,0.0372,145.9822
LG디스플레이,73,144.4706,0.0467,0.0368,144.4706
LG디스플레이,60,133.6787,0.0356,0.0340,133.6787
LG디스플레이,21,125.4313,0.0243,0.0319,125.4313
LG디스플레이,20,125.1748,0.0251,0.0319,125.1748
LG디스플레이,68,121.0293,0.0504,0.0308,121.0293
LG디스플레이,64,113.6116,0.0523,0.0289,113.6116
LG디스플레이,8,112.7535,0.0402,0.0287,112.7535
LG디스플레이,49,111.4230,0.0368,0.0284,111.4230
LG디스플레이,22,108.8422,0.0379,0.0277,108.8422
LG디스플레이,31,103.9011,0.0443,0.0265,103.9011
LG디스플레이,37,102.2103,0.0256,0.0260,102.2103
LG디스플레이,32,100.6714,0.0199,0.0256,100.6714
LG디스플레이,78,99.3595,0.0716,0.0253,99.3595
LG디스플레이,83,89.6230,0.0418,0.0228,89.6230
LG디스플레이,42,88.6344,0.0294,0.0226,88.6344
LG디스플레이,55,86.2626,0.0207,0.0220,86.2626
LG디스플레이,4,74.0328,0.0184,0.0189,74.0328
LG디스플레이,69,71.4080,0.0277,0.0182,71.4080
LG디스플레이,19,71.3582,0.0562,0.0182,71.3582
LG디스플레이,10,67.9381,0.0289,0.0173,67.9381
LG디스플레이,39,67.6256,0.0359,0.0172,67.6256
LG디스플레이,16,64.8748,0.0307,0.0165,64.8748
LG디스플레이,88,64.5412,0.0323,0.0164,64.5412
LG디스플레이,40,61.7199,0.0348,0.0157,61.7199
LG디스플레이,82,58.1023,0.0364,0.0148,58.1023
LG디스플레이,100,50.3402,0.0767,0.0128,50.3402
LG디스플레이,58,49.7906,0.0390,0.0127,49.7906
LG디스플레이,87,48.6074,0.0392,0.0124,48.6074
LG디스플레이,47,42.8518,0.0435,0.0109,42.8518
LG디스플레이,80,41.7356,0.0186,0.0106,41.7356
LG디스플레이,61,36.4842,0.0299,0.0093,36.4842
LG디스플레이,24,34.0516,0.0423,0.0087,34.0516
LG디스플레이,14,32.8699,0.0119,0.0084,32.8699
LG디스플레이,34,32.7203,0.0314,0.0083,32.7203
LG디스플레이,57,30.6215,0.0127,0.0078,30.6215
LG디스플레이,59,23.7783,0.0163,0.0061,23.7783
LG디스플레이,63,22.9291,0.0231,0.0058,22.9291
LG디스플레이,86,22.4899,0.0181,0.0057,22.4899
LG디스플레이,91,21.5597,0.0153,0.0055,21.5597
LG디스플레이,77,19.8403,0.0256,0.0051,19.8403
LG디스플레이,51,19.5769,0.0126,0.0050,19.5769
LG디스플레이,71,16.5012,0.0498,0.0042,16.5012
LG디스플레이,99,15.1114,0.0244,0.0038,15.1114
LG디스플레이,15,12.6693,0.0133,0.0032,12.6693
LG디스플레이,62,12.6235,0.0333,0.0032,12.6235
LG디스플레이,56,10.8875,0.0150,0.0028,10.8875
LG디스플레이,48,5.2073,0.0113,0.0013,5.2073
LG전자,3,1535.1898,0.1547,0.3831,1535.1898
LG전자,2,1248.8660,0.3046,0.3117,1248.8660
LG전자,96,1142.6469,0.2257,0.2851,1142.6469
LG전자,0,1133.2956,0.0557,0.2828,1133.2956
LG전자,1,993.1479,0.0681,0.2478,993.1479
LG전자,89,986.6190,0.2075,0.2462,986.6190
LG전자,76,831.4232,0.1012,0.2075,831.4232
LG전자,94,748.9793,0.3089,0.1869,748.9793
LG전자,11,683.5733,0.0567,0.1706,683.5733
LG전자,38,622.7618,0.0708,0.1554,622.7618
LG전자,27,550.9084,0.0652,0.1375,550.9084
LG전자,9,518.4085,0.0667,0.1294,518.4085
LG전자,6,489.9083,0.0977,0.1223,489.9083
LG전자,21,484.7175,0.0938,0.1210,484.7175
LG전자,20,448.9027,0.0899,0.1120,448.9027
LG전자,67,424.1524,0.0563,0.1058,424.1524
LG전자,12,419.4075,0.0509,0.1047,419.4075
LG전자,101,412.2522,0.0890,0.1029,412.2522
LG전자,39,411.0727,0.2183,0.1026,411.0727
LG전자,42,407.2389,0.1352,0.1016,407.2389
LG전자,66,397.1063,0.0464,0.0991,397.1063
LG전자,36,395.6675,0.0484,0.0987,395.6675
LG전자,37,383.4699,0.0960,0.0957,383.4699
LG전자,53,372.4072,0.0915,0.0929,372.4072
LG전자,72,369.6969,0.0500,0.0923,369.6969
LG전자,32,361.2745,0.0715,0.0902,361.2745
LG전자,25,334.9549,0.0566,0.0836,334.9549
LG전자,41,325.2954,0.0571,0.0812,325.2954
LG전자,102,309.1539,0.0565,0.0771,309.1539
LG전자,13,305.1812,0.0459,0.0762,305.1812
LG전자,92,298.8828,0.0738,0.0746,298.8828
LG전자,55,297.9322,0.0715,0.0743,297.9322
LG전자,4,291.6442,0.0725,0.0728,291.6442
LG전자,23,285.5925,0.0517,0.0713,285.5925
LG전자,75,277.7913,0.0645,0.0693,277.7913
LG전자,45,272.2910,0.0544,0.0679,272.2910
LG전자,73,270.0971,0.0872,0.0674,270.0971
LG전자,43,267.8394,0.0527,0.0668,267.8394
LG전자,46,252.9887,0.0603,0.0631,252.9887
LG전자,51,252.7195,0.1621,0.0631,252.7195
LG전자,33,249.8934,0.0595,0.0624,249.8934
LG전자,18,247.3513,0.0427,0.0617,247.3513
LG전자,50,243.4683,0.0323,0.0608,243.4683
LG전자,30,240.6654,0.0506,0.0601,240.6654
LG전자,60,233.0247,0.0620,0.0582,233.0247
LG전자,79,228.2705,0.0642,0.0570,228.2705
LG전자,7,206.2586,0.0551,0.0515,206.2586
LG전자,69,204.6537,0.0793,0.0511,204.6537
LG전자,49,201.9075,0.0666,0.0504,201.9075
LG전자,93,199.5811,0.0387,0.0498,199.5811
LG전자,68,196.8642,0.0819,0.0491,196.8642
LG전자,90,195.1295,0.0529,0.0487,195.1295
LG전자,22,185.5432,0.0646,0.0463,185.5432
LG전자,81,185.4843,0.0478,0.0463,185.4843
LG전자,17,177.8022,0.0391,0.0444,177.8022
LG전자,83,177.7140,0.0829,0.0443,177.7140
LG전자,65,175.8392,0.0330,0.0439,175.8392
LG전자,8,173.7640,0.0619,0.0434,173.7640
LG전자,97,173.6433,0.0464,0.0433,173.6433
LG전자,84,173.2422,0.1025,0.0432,173.2422
LG전자,10,172.3930,0.0732,0.0430,172.3930
LG전자,35,168.0255,0.0299,0.0419,168.0255
LG전자,85,167.9854,0.0447,0.0419,167.9854
LG전자,70,165.0760,0.0514,0.0412,165.0760
LG전자,61,157.5048,0.1291,0.0393,157.5048
LG전자,74,156.5267,0.0482,0.0391,156.5267
LG전자,91,150.1194,0.1066,0.0375,150.1194
LG전자,98,147.3177,0.0565,0.0368,147.3177
LG전자,44,146.3076,0.0348,0.0365,146.3076
LG전자,29,144.9792,0.0481,0.0362,144.9792
LG전자,26,143.7314,0.0372,0.0359,143.7314
LG전자,52,134.3775,0.0567,0.0335,134.3775
LG전자,95,131.7735,0.0439,0.0329,131.7735
LG전자,54,131.4351,0.0519,0.0328,131.4351
LG전자,28,124.0253,0.0352,0.0310,124.0253
LG전자,80,117.0411,0.0522,0.0292,117.0411
LG전자,16,116.7747,0.0552,0.0291,116.7747
LG전자,82,108.3529,0.0679,0.0270,108.3529
LG전자,15,106.2270,0.1119,0.0265,106.2270
LG전자,77,97.5481,0.1259,0.0243,97.5481
LG전자,31,96.9162,0.0413,0.0242,96.9162
LG전자,99,92.5572,0.1494,0.0231,92.5572
LG전자,88,85.7719,0.0429,0.0214,85.7719
LG전자,40,83.4053,0.0471,0.0208,83.4053
LG전자,59,83.2242,0.0570,0.0208,83.2242
LG전자,14,74.3898,0.0270,0.0186,74.3898
LG전자,86,74.3898,0.0599,0.0186,74.3898
LG전자,47,71.9909,0.0730,0.0180,71.9909
LG전자,63,68.7873,0.0694,0.0172,68.7873
LG전자,57,68.3094,0.0283,0.0170,68.3094
LG전자,64,66.4838,0.0306,0.0166,66.4838
LG전자,58,62.0467,0.0486,0.0155,62.0467
LG전자,24,59.3721,0.0738,0.0148,59.3721
LG전자,19,54.0008,0.0426,0.0135,54.0008
LG전자,87,53.8420,0.0434,0.0134,53.8420
LG전자,78,51.8028,0.0373,0.0129,51.8028
LG전자,5,48.7401,0.0249,0.0122,48.7401
LG전자,34,47.6782,0.0457,0.0119,47.6782
LG전자,100,34.2314,0.0521,0.0085,34.2314
LG전자,48,26.0363,0.0564,0.0065,26.0363
LG전자,62,20.1976,0.0532,0.0050,20.1976
LG전자,71,16.5012,0.0498,0.0041,16.5012
LG전자,56,9.0730,0.0125,0.0023,9.0730
LG화학,53,233.3153,0.0573,0.3153,233.3153
LG화학,0,228.7386,0.0112,0.3091,228.7386
LG화학,11,221.3409,0.0184,0.2991,221.3409
LG화학,9,204.6905,0.0263,0.2766,204.6905
LG화학,1,161.3598,0.0111,0.2181,161.3598
LG화학,73,153.8926,0.0497,0.2080,153.8926
LG화학,27,145.9314,0.0173,0.1972,145.9314
LG화학,43,130.5810,0.0257,0.1765,130.5810
LG화학,102,127.0887,0.0232,0.1717,127.0887
LG화학,12,123.0166,0.0149,0.1662,123.0166
LG화학,84,121.4394,0.0718,0.1641,121.4394
LG화학,36,118.7002,0.0145,0.1604,118.7002
LG화학,38,118.3592,0.0134,0.1600,118.3592
LG화학,76,105.5106,0.0128,0.1426,105.5106
LG화학,3,105.0317,0.0106,0.1419,105.0317
LG화학,66,105.0317,0.0123,0.1419,105.0317
LG화학,25,104.5354,0.0177,0.1413,104.5354
LG화학,67,99.1799,0.0132,0.1340,99.1799
LG화학,89,91.1550,0.0192,0.1232,91.1550
LG화학,41,85.9976,0.0151,0.1162,85.9976
LG화학,23,82.1078,0.0149,0.1110,82.1078
LG화학,96,77.0240,0.0152,0.1041,77.0240
LG화학,13,74.6643,0.0112,0.1009,74.6643
LG화학,30,74.6643,0.0157,0.1009,74.6643
LG화학,45,70.4840,0.0141,0.0953,70.4840
LG화학,60,70.1265,0.0187,0.0948,70.1265
LG화학,92,69.1995,0.0171,0.0935,69.1995
LG화학,72,68.8651,0.0093,0.0931,68.8651
LG화학,18,66.9910,0.0116,0.0905,66.9910
LG화학,81,66.0324,0.0170,0.0892,66.0324
LG화학,98,61.3201,0.0235,0.0829,61.3201
LG화학,21,60.2354,0.0117,0.0814,60.2354
LG화학,20,59.7098,0.0120,0.0807,59.7098
LG화학,46,59.4415,0.0142,0.0803,59.4415
LG화학,94,52.5453,0.0217,0.0710,52.5453
LG화학,32,52.1206,0.0103,0.0704,52.1206
LG화학,79,52.0886,0.0146,0.0704,52.0886
LG화학,49,51.5986,0.0170,0.0697,51.5986
LG화학,101,51.5315,0.0111,0.0696,51.5315
LG화학,22,50.4035,0.0176,0.0681,50.4035
LG화학,2,48.7090,0.0119,0.0658,48.7090
LG화학,50,46.7339,0.0062,0.0632,46.7339
LG화학,88,43.3106,0.0217,0.0585,43.3106
LG화학,8,41.7034,0.0149,0.0564,41.7034
LG화학,93,40.0646,0.0078,0.0541,40.0646
LG화학,75,39.6845,0.0092,0.0536,39.6845
LG화학,39,39.5116,0.0210,0.0534,39.5116
LG화학,55,38.4195,0.0092,0.0519,38.4195
LG화학,90,36.3549,0.0098,0.0491,36.3549
LG화학,37,34.7950,0.0087,0.0470,34.7950
LG화학,74,34.1927,0.0105,0.0462,34.1927
LG화학,70,33.9197,0.0106,0.0458,33.9197
LG화학,6,33.8116,0.0067,0.0457,33.8116
LG화학,33,33.5571,0.0080,0.0453,33.5571
LG화학,29,33.3452,0.0111,0.0451,33.3452
LG화학,4,32.9034,0.0082,0.0445,32.9034
LG화학,69,31.6551,0.0123,0.0428,31.6551
LG화학,44,29.8743,0.0071,0.0404,29.8743
LG화학,95,29.4466,0.0098,0.0398,29.4466
LG화학,65,28.1936,0.0053,0.0381,28.1936
LG화학,78,27.1752,0.0196,0.0367,27.1752
LG화학,54,24.5451,0.0097,0.0332,24.5451
LG화학,7,23.7420,0.0063,0.0321,23.7420
LG화학,82,23.5550,0.0148,0.0318,23.5550
LG화학,17,22.7952,0.0050,0.0308,22.7952
LG화학,85,22.1249,0.0059,0.0299,22.1249
LG화학,68,21.4482,0.0089,0.0290,21.4482
LG화학,97,21.0241,0.0056,0.0284,21.0241
LG화학,87,20.9386,0.0169,0.0283,20.9386
LG화학,52,20.0794,0.0085,0.0271,20.0794
LG화학,42,18.3657,0.0061,0.0248,18.3657
LG화학,35,18.0588,0.0032,0.0244,18.0588
LG화학,28,16.1072,0.0046,0.0218,16.1072
LG화학,26,14.3731,0.0037,0.0194,14.3731
LG화학,71,12.9652,0.0391,0.0175,12.9652
LG화학,61,12.4580,0.0102,0.0168,12.4580
LG화학,58,12.2561,0.0096,0.0166,12.2561
LG화학,77,11.5735,0.0149,0.0156,11.5735
LG화학,51,11.5681,0.0074,0.0156,11.5681
LG화학,16,10.3800,0.0049,0.0140,10.3800
LG화학,10,10.1907,0.0043,0.0138,10.1907
LG화학,64,10.0988,0.0047,0.0136,10.0988
LG화학,40,9.1746,0.0052,0.0124,9.1746
LG화학,91,8.7836,0.0062,0.0119,8.7836
LG화학,5,8.1234,0.0041,0.0110,8.1234
LG화학,57,7.8517,0.0033,0.0106,7.8517
LG화학,83,7.6601,0.0036,0.0104,7.6601
LG화학,63,7.6430,0.0077,0.0103,7.6430
LG화학,62,7.5741,0.0200,0.0102,7.5741
LG화학,24,6.9849,0.0087,0.0094,6.9849
LG화학,15,6.8219,0.0072,0.0092,6.8219
LG화학,99,5.6668,0.0091,0.0077,5.6668
LG화학,34,5.6092,0.0054,0.0076,5.6092
LG화학,86,5.1900,0.0042,0.0070,5.1900
LG화학,59,5.0954,0.0035,0.0069,5.0954
LG화학,80,4.5365,0.0020,0.0061,4.5365
LG화학,31,4.3656,0.0019,0.0059,4.3656
LG화학,100,4.0272,0.0061,0.0054,4.0272
LG화학,56,3.6292,0.0050,0.0049,3.6292
LG화학,47,3.4281,0.0035,0.0046,3.4281
LG화학,19,2.8929,0.0023,0.0039,2.8929
LG화학,14,2.5950,0.0009,0.0035,2.5950
MOTIE,56,3.6292,0.0050,0.8188,3.6292
MOTIE,99,0.9445,0.0015,0.2131,0.9445
MOTIE,22,0.7305,0.0003,0.1648,0.7305
MOTIE,37,0.7249,0.0002,0.1635,0.7249
MOTIE,55,0.7249,0.0002,0.1635,0.7249
MOTIE,6,0.7194,0.0001,0.1623,0.7194
MOTIE,20,0.7194,0.0001,0.1623,0.7194
MOTIE,32,0.7140,0.0001,0.1611,0.7140
MOTIE,21,0.7087,0.0001,0.1599,0.7087
MOTIE,75,0.7087,0.0002,0.1599,0.7087
MOTIE,76,0.7034,0.0001,0.1587,0.7034
MOTIE,0,0.6931,0.0000,0.1564,0.6931
MOTIE,38,0.6881,0.0001,0.1553,0.6881
MWC,0,13.8629,0.0007,0.3876,13.8629
MWC,38,8.2576,0.0009,0.2309,8.2576
MWC,35,7.0665,0.0013,0.1976,7.0665
MWC,50,6.7839,0.0009,0.1897,6.7839
MWC,1,6.4258,0.0004,0.1796,6.4258
MWC,26,6.3881,0.0017,0.1786,6.3881
MWC,21,6.3779,0.0012,0.1783,6.3779
MWC,76,6.3306,0.0008,0.1770,6.3306
MWC,11,6.2841,0.0005,0.1757,6.2841
MWC,57,6.2813,0.0026,0.1756,6.2813
MWC,14,6.0550,0.0022,0.1693,6.0550
MWC,101,5.8893,0.0013,0.1646,5.8893
MWC,97,5.4507,0.0015,0.1524,5.4507
MWC,3,5.0358,0.0005,0.1408,5.0358
MWC,12,5.0358,0.0006,0.1408,5.0358
MWC,20,5.0358,0.0010,0.1408,5.0358
MWC,36,5.0358,0.0006,0.1408,5.0358
MWC,65,4.4516,0.0008,0.1245,4.4516
MWC,16,4.3250,0.0020,0.1209,4.3250
MWC,66,4.3164,0.0005,0.1207,4.3164
MWC,23,4.2839,0.0008,0.1198,4.2839
MWC,102,4.2839,0.0008,0.1198,4.2839
MWC,10,4.2461,0.0018,0.1187,4.2461
MWC,64,4.2078,0.0019,0.1176,4.2078
MWC,27,4.1894,0.0005,0.1171,4.1894
MWC,85,4.0972,0.0011,0.1145,4.0972
MWC,28,4.0268,0.0011,0.1126,4.0268
MWC,79,3.8300,0.0011,0.1071,3.8300
MWC,17,3.7992,0.0008,0.1062,3.7992
MWC,92,3.6808,0.0009,0.1029,3.6808
MWC,46,3.6245,0.0009,0.1013,3.6245
MWC,67,3.5170,0.0005,0.0983,3.5170
MWC,31,3.4925,0.0015,0.0976,3.4925
MWC,52,3.0891,0.0013,0.0864,3.0891
MWC,70,3.0151,0.0009,0.0843,3.0151
MWC,41,2.9912,0.0005,0.0836,2.9912
MWC,49,2.9912,0.0010,0.0836,2.9912
MWC,45,2.9677,0.0006,0.0830,2.9677
MWC,18,2.9447,0.0005,0.0823,2.9447
MWC,15,2.9237,0.0031,0.0817,2.9237
MWC,37,2.8996,0.0007,0.0811,2.8996
MWC,32,2.8559,0.0006,0.0798,2.8559
MWC,33,2.8559,0.0007,0.0798,2.8559
MWC,75,2.8346,0.0007,0.0792,2.8346
MWC,9,2.8136,0.0004,0.0787,2.8136
MWC,44,2.2980,0.0005,0.0642,2.2980
MWC,89,2.2980,0.0005,0.0642,2.2980
MWC,4,2.2434,0.0006,0.0627,2.2434
MWC,53,2.2434,0.0006,0.0627,2.2434
MWC,98,2.2434,0.0009,0.0627,2.2434
MWC,81,2.2258,0.0006,0.0622,2.2258
MWC,93,2.2258,0.0004,0.0622,2.2258
MWC,25,2.2085,0.0004,0.0617,2.2085
MWC,69,2.2085,0.0009,0.0617,2.2085
MWC,22,2.1915,0.0008,0.0613,2.1915
MWC,13,2.1747,0.0003,0.0608,2.1747
MWC,55,2.1747,0.0005,0.0608,2.1747
MWC,72,2.1747,0.0003,0.0608,2.1747
MWC,6,2.1582,0.0004,0.0603,2.1582
MWC,34,1.8697,0.0018,0.0523,1.8697
MWC,80,1.8146,0.0008,0.0507,1.8146
MWC,51,1.7797,0.0011,0.0498,1.7797
MWC,86,1.7300,0.0014,0.0484,1.7300
MWC,47,1.7141,0.0017,0.0479,1.7141
MWC,59,1.6985,0.0012,0.0475,1.6985
MWC,54,1.5836,0.0006,0.0443,1.5836
MWC,82,1.5703,0.0010,0.0439,1.5703
MWC,74,1.5197,0.0005,0.0425,1.5197
MWC,87,1.4956,0.0012,0.0418,1.4956
MWC,96,1.4956,0.0003,0.0418,1.4956
MWC,7,1.4839,0.0004,0.0415,1.4839
MWC,43,1.4839,0.0003,0.0415,1.4839
MWC,90,1.4839,0.0004,0.0415,1.4839
MWC,30,1.4498,0.0003,0.0405,1.4498
MWC,63,0.8492,0.0009,0.0237,0.8492
MWC,84,0.8492,0.0005,0.0237,0.8492
MWC,40,0.8341,0.0005,0.0233,0.8341
MWC,5,0.8123,0.0004,0.0227,0.8123
MWC,2,0.7985,0.0002,0.0223,0.7985
MWC,42,0.7985,0.0003,0.0223,0.7985
MWC,91,0.7985,0.0006,0.0223,0.7985
MWC,58,0.7660,0.0006,0.0214,0.7660
MWC,83,0.7660,0.0004,0.0214,0.7660
MWC,95,0.7362,0.0002,0.0206,0.7362
MWC,29,0.7249,0.0002,0.0203,0.7249
Merck,56,9.0730,0.0125,0.5673,9.0730
Merck,0,4.8520,0.0002,0.3034,4.8520
Merck,45,4.4516,0.0009,0.2783,4.4516
Merck,29,3.6245,0.0012,0.2266,3.6245
Merck,1,3.5699,0.0002,0.2232,3.5699
Merck,67,3.5170,0.0005,0.2199,3.5170
Merck,13,2.8996,0.0004,0.1813,2.8996
Merck,72,2.8996,0.0004,0.1813,2.8996
Merck,36,2.8776,0.0004,0.1799,2.8776
Merck,11,2.7929,0.0002,0.1746,2.7929
Merck,27,2.7929,0.0003,0.1746,2.7929
Merck,17,2.2795,0.0005,0.1425,2.2795
Merck,50,2.2613,0.0003,0.1414,2.2613
Merck,41,2.2434,0.0004,0.1403,2.2434
Merck,7,2.2258,0.0006,0.1392,2.2258
Merck,93,2.2258,0.0004,0.1392,2.2258
Merck,18,2.2085,0.0004,0.1381,2.2085
Merck,66,2.1582,0.0003,0.1349,2.1582
Merck,95,1.4723,0.0005,0.0921,1.4723
Merck,22,1.4610,0.0005,0.0913,1.4610
Merck,38,1.3763,0.0002,0.0860,1.3763
Merck,51,0.8899,0.0006,0.0556,0.8899
Merck,78,0.8492,0.0006,0.0531,0.8492
Merck,73,0.7852,0.0003,0.0491,0.7852
Merck,58,0.7660,0.0006,0.0479,0.7660
Merck,68,0.7660,0.0003,0.0479,0.7660
Merck,83,0.7660,0.0004,0.0479,0.7660
Merck,39,0.7598,0.0004,0.0475,0.7598
Merck,87,0.7478,0.0006,0.0468,0.7478
Merck,25,0.7362,0.0001,0.0460,0.7362
Merck,69,0.7362,0.0003,0.0460,0.7362
Merck,30,0.7249,0.0002,0.0453,0.7249
Merck,46,0.7249,0.0002,0.0453,0.7249
Merck,3,0.7194,0.0001,0.0450,0.7194
Merck,23,0.7140,0.0001,0.0446,0.7140
Merck,32,0.7140,0.0001,0.0446,0.7140
Merck,33,0.7140,0.0002,0.0446,0.7140
Merck,102,0.7140,0.0001,0.0446,0.7140
Merck,9,0.7034,0.0001,0.0440,0.7034
Metaverse,14,0.8650,0.0003,0.6380,0.8650
Metaverse,57,0.7852,0.0003,0.5791,0.7852
Metaverse,38,0.6881,0.0001,0.5075,0.6881
POSTECH,32,12.8517,0.0025,0.4611,12.8517
POSTECH,38,11.0102,0.0013,0.3951,11.0102
POSTECH,46,7.2490,0.0017,0.2601,7.2490
POSTECH,23,7.1398,0.0013,0.2562,7.1398
POSTECH,61,5.3391,0.0044,0.1916,5.3391
POSTECH,54,4.7507,0.0019,0.1705,4.7507
POSTECH,8,4.6337,0.0017,0.1663,4.6337
POSTECH,80,4.5365,0.0020,0.1628,4.5365
POSTECH,29,4.3494,0.0014,0.1561,4.3494
POSTECH,21,4.2519,0.0008,0.1526,4.2519
POSTECH,67,4.2204,0.0006,0.1514,4.2204
POSTECH,11,4.1894,0.0003,0.1503,4.1894
POSTECH,27,4.1894,0.0005,0.1503,4.1894
POSTECH,28,4.0268,0.0011,0.1445,4.0268
POSTECH,58,3.8300,0.0030,0.1374,3.8300
POSTECH,74,3.7992,0.0012,0.1363,3.7992
POSTECH,90,3.7097,0.0010,0.1331,3.7097
POSTECH,25,3.6808,0.0006,0.1321,3.6808
POSTECH,37,3.6245,0.0009,0.1300,3.6245
POSTECH,55,3.6245,0.0009,0.1300,3.6245
POSTECH,6,3.5970,0.0007,0.1291,3.5970
POSTECH,20,3.5970,0.0007,0.1291,3.5970
POSTECH,33,3.5699,0.0008,0.1281,3.5699
POSTECH,75,3.5433,0.0008,0.1271,3.5433
POSTECH,76,3.5170,0.0004,0.1262,3.5170
POSTECH,0,3.4657,0.0002,0.1244,3.4657
POSTECH,69,2.9447,0.0011,0.1057,2.9447
POSTECH,9,2.8136,0.0004,0.1010,2.8136
POSTECH,34,1.8697,0.0018,0.0671,1.8697
POSTECH,53,1.4956,0.0004,0.0537,1.4956
POSTECH,87,1.4956,0.0012,0.0537,1.4956
POSTECH,47,0.8570,0.0009,0.0308,0.8570
POSTECH,84,0.8492,0.0005,0.0305,0.8492
POSTECH,73,0.7852,0.0003,0.0282,0.7852
POSTECH,89,0.7660,0.0002,0.0275,0.7660
POSTECH,49,0.7478,0.0002,0.0268,0.7478
POSTECH,22,0.7305,0.0003,0.0262,0.7305
POSTECH,66,0.7194,0.0001,0.0258,0.7194
POSTECH,102,0.7140,0.0001,0.0256,0.7140
SEMI,1,5.7119,0.0004,0.4130,5.7119
SEMI,11,4.8877,0.0004,0.3534,4.8877
SEMI,0,4.8520,0.0002,0.3509,4.8520
SEMI,102,3.5699,0.0007,0.2581,3.5699
SEMI,43,2.9677,0.0006,0.2146,2.9677
SEMI,12,2.8776,0.0003,0.2081,2.8776
SEMI,23,2.8559,0.0005,0.2065,2.8559
SEMI,9,2.8136,0.0004,0.2035,2.8136
SEMI,27,2.7929,0.0003,0.2020,2.7929
SEMI,13,2.1747,0.0003,0.1573,2.1747
SEMI,30,2.1747,0.0005,0.1573,2.1747
SEMI,72,2.1747,0.0003,0.1573,2.1747
SEMI,3,2.1582,0.0002,0.1561,2.1582
SEMI,67,2.1102,0.0003,0.1526,2.1102
SEMI,76,2.1102,0.0003,0.1526,2.1102
SEMI,44,1.5320,0.0004,0.1108,1.5320
SEMI,68,1.5320,0.0006,0.1108,1.5320
SEMI,17,1.5197,0.0003,0.1099,1.5197
SEMI,70,1.5075,0.0005,0.1090,1.5075
SEMI,92,1.4723,0.0004,0.1065,1.4723
SEMI,60,1.4610,0.0004,0.1056,1.4610
SEMI,20,1.4388,0.0003,0.1040,1.4388
SEMI,38,1.3763,0.0002,0.0995,1.3763
SEMI,100,1.0068,0.0015,0.0728,1.0068
SEMI,78,0.8492,0.0006,0.0614,0.8492
SEMI,84,0.8492,0.0005,0.0614,0.8492
SEMI,82,0.7852,0.0005,0.0568,0.7852
SEMI,89,0.7660,0.0002,0.0554,0.7660
SEMI,50,0.7538,0.0001,0.0545,0.7538
SEMI,53,0.7478,0.0002,0.0541,0.7478
SEMI,87,0.7478,0.0006,0.0541,0.7478
SEMI,98,0.7478,0.0003,0.0541,0.7478
SEMI,81,0.7419,0.0002,0.0536,0.7419
SEMI,93,0.7419,0.0001,0.0536,0.7419
SEMI,95,0.7362,0.0002,0.0532,0.7362
SEMI,29,0.7249,0.0002,0.0524,0.7249
SEMI,37,0.7249,0.0002,0.0524,0.7249
SEMI,55,0.7249,0.0002,0.0524,0.7249
SEMI,6,0.7194,0.0001,0.0520,0.7194
SEMI,36,0.7194,0.0001,0.0520,0.7194
SEMI,66,0.7194,0.0001,0.0520,0.7194
SEMI,32,0.7140,0.0001,0.0516,0.7140
SEMI,21,0.7087,0.0001,0.0512,0.7087
SEMI,75,0.7087,0.0002,0.0512,0.7087
SFA,13,4.3494,0.0007,0.5120,4.3494
SFA,11,2.7929,0.0002,0.3288,2.7929
SFA,71,2.3573,0.0071,0.2775,2.3573
SFA,30,2.1747,0.0005,0.2560,2.1747
SFA,27,2.0947,0.0002,0.2466,2.0947
SFA,0,2.0794,0.0001,0.2448,2.0794
SFA,77,1.6534,0.0021,0.1946,1.6534
SFA,58,1.5320,0.0012,0.1804,1.5320
SFA,70,1.5075,0.0005,0.1775,1.5075
SFA,72,1.4498,0.0002,0.1707,1.4498
SFA,102,1.4280,0.0003,0.1681,1.4280
SFA,9,1.4068,0.0002,0.1656,1.4068
SFA,67,1.4068,0.0002,0.1656,1.4068
SFA,38,1.3763,0.0002,0.1620,1.3763
SFA,48,1.0415,0.0023,0.1226,1.0415
SFA,99,0.9445,0.0015,0.1112,0.9445
SFA,26,0.7985,0.0002,0.0940,0.7985
SFA,35,0.7852,0.0001,0.0924,0.7852
SFA,49,0.7478,0.0002,0.0880,0.7478
SFA,87,0.7478,0.0006,0.0880,0.7478
SFA,43,0.7419,0.0001,0.0873,0.7419
SFA,95,0.7362,0.0002,0.0867,0.7362
SFA,22,0.7305,0.0003,0.0860,0.7305
SFA,60,0.7305,0.0002,0.0860,0.7305
SFA,29,0.7249,0.0002,0.0853,0.7249
SFA,12,0.7194,0.0001,0.0847,0.7194
SFA,36,0.7194,0.0001,0.0847,0.7194
SFA,1,0.7140,0.0000,0.0841,0.7140
SFA,33,0.7140,0.0002,0.0841,0.7140
SID,33,212.0524,0.0505,0.4842,212.0524
SID,54,202.6951,0.0800,0.4628,202.6951
SID,66,154.6700,0.0181,0.3532,154.6700
SID,0,110.9035,0.0055,0.2532,110.9035
SID,11,99.1495,0.0082,0.2264,99.1495
SID,1,89.9616,0.0062,0.2054,89.9616
SID,36,89.2050,0.0109,0.2037,89.2050
SID,67,74.5608,0.0099,0.1702,74.5608
SID,41,71.7893,0.0126,0.1639,71.7893
SID,13,70.3149,0.0106,0.1605,70.3149
SID,72,68.8651,0.0093,0.1572,68.8651
SID,95,60.3655,0.0201,0.1378,60.3655
SID,50,45.2263,0.0060,0.1033,45.2263
SID,29,42.7689,0.0142,0.0977,42.7689
SID,93,39.3227,0.0076,0.0898,39.3227
SID,30,39.1444,0.0082,0.0894,39.1444
SID,27,39.1012,0.0046,0.0893,39.1012
SID,47,37.7095,0.0383,0.0861,37.7095
SID,17,37.2321,0.0082,0.0850,37.2321
SID,18,36.8082,0.0063,0.0840,36.8082
SID,38,35.0949,0.0040,0.0801,35.0949
SID,78,34.8183,0.0251,0.0795,34.8183
SID,7,31.1614,0.0083,0.0711,31.1614
SID,42,24.7537,0.0082,0.0565,24.7537
SID,89,21.4482,0.0045,0.0490,21.4482
SID,3,19.4237,0.0020,0.0443,19.4237
SID,44,13.7882,0.0033,0.0315,13.7882
SID,79,13.0221,0.0037,0.0297,13.0221
SID,23,12.8517,0.0023,0.0293,12.8517
SID,25,10.3063,0.0017,0.0235,10.3063
SID,76,9.1442,0.0011,0.0209,9.1442
SID,101,8.8340,0.0019,0.0202,8.8340
SID,35,8.6368,0.0015,0.0197,8.6368
SID,74,8.3582,0.0026,0.0191,8.3582
SID,49,8.2259,0.0027,0.0188,8.2259
SID,45,8.1613,0.0016,0.0186,8.1613
SID,22,8.0353,0.0028,0.0183,8.0353
SID,46,7.9739,0.0019,0.0182,7.9739
SID,12,7.9133,0.0010,0.0181,7.9133
SID,97,7.7867,0.0021,0.0178,7.7867
SID,65,7.4194,0.0014,0.0169,7.4194
SID,81,7.4194,0.0019,0.0169,7.4194
SID,90,7.4194,0.0020,0.0169,7.4194
SID,85,7.3750,0.0020,0.0168,7.3750
SID,52,6.9506,0.0029,0.0159,6.9506
SID,83,6.8941,0.0032,0.0157,6.8941
SID,70,6.7839,0.0021,0.0155,6.7839
SID,98,5.9824,0.0023,0.0137,5.9824
SID,92,5.8893,0.0015,0.0134,5.8893
SID,19,5.7858,0.0046,0.0132,5.7858
SID,102,5.7119,0.0010,0.0130,5.7119
SID,6,5.0358,0.0010,0.0115,5.0358
SID,28,4.8322,0.0014,0.0110,4.8322
SID,26,4.7910,0.0012,0.0109,4.7910
SID,80,4.5365,0.0020,0.0104,4.5365
SID,53,4.4868,0.0011,0.0102,4.4868
SID,87,4.4868,0.0036,0.0102,4.4868
SID,57,3.9258,0.0016,0.0090,3.9258
SID,9,3.5170,0.0005,0.0080,3.5170
SID,64,3.3663,0.0016,0.0077,3.3663
SID,5,3.2493,0.0017,0.0074,3.2493
SID,2,3.1940,0.0008,0.0073,3.1940
SID,31,2.6194,0.0011,0.0060,2.6194
SID,14,2.5950,0.0009,0.0059,2.5950
SID,71,2.3573,0.0071,0.0054,2.3573
SID,73,2.3555,0.0008,0.0054,2.3555
SID,82,2.3555,0.0015,0.0054,2.3555
SID,58,2.2980,0.0018,0.0052,2.2980
SID,68,2.2980,0.0010,0.0052,2.2980
SID,96,2.2434,0.0004,0.0051,2.2434
SID,60,2.1915,0.0006,0.0050,2.1915
SID,21,2.1260,0.0004,0.0049,2.1260
SID,34,1.8697,0.0018,0.0043,1.8697
SID,56,1.8146,0.0025,0.0041,1.8146
SID,63,1.6985,0.0017,0.0039,1.6985
SID,84,1.6985,0.0010,0.0039,1.6985
SID,88,1.6985,0.0009,0.0039,1.6985
SID,39,1.5197,0.0008,0.0035,1.5197
SID,43,1.4839,0.0003,0.0034,1.4839
SID,69,1.4723,0.0006,0.0034,1.4723
SID,20,1.4388,0.0003,0.0033,1.4388
SID,32,1.4280,0.0003,0.0033,1.4280
SID,75,1.4173,0.0003,0.0032,1.4173
SID,51,0.8899,0.0006,0.0020,0.8899
SID,61,0.8899,0.0007,0.0020,0.8899
SID,24,0.8731,0.0011,0.0020,0.8731
SID,16,0.8650,0.0004,0.0020,0.8650
SID,86,0.8650,0.0007,0.0020,0.8650
SID,10,0.8492,0.0004,0.0019,0.8492
SID,59,0.8492,0.0006,0.0019,0.8492
SID,62,0.8416,0.0022,0.0019,0.8416
SID,40,0.8341,0.0005,0.0019,0.8341
SID,94,0.8341,0.0003,0.0019,0.8341
SID,77,0.8267,0.0011,0.0019,0.8267
SID,4,0.7478,0.0002,0.0017,0.7478
SID,37,0.7249,0.0002,0.0017,0.7249
SID,55,0.7249,0.0002,0.0017,0.7249
SK하이닉스,0,605.8106,0.0298,0.3726,605.8106
SK하이닉스,12,550.3375,0.0667,0.3384,550.3375
SK하이닉스,11,511.1089,0.0424,0.3143,511.1089
SK하이닉스,9,422.7456,0.0544,0.2600,422.7456
SK하이닉스,27,368.6687,0.0436,0.2267,368.6687
SK하이닉스,43,308.6459,0.0607,0.1898,308.6459
SK하이닉스,102,304.8700,0.0557,0.1875,304.8700
SK하이닉스,1,302.0141,0.0207,0.1857,302.0141
SK하이닉스,25,301.0913,0.0509,0.1852,301.0913
SK하이닉스,38,282.1352,0.0321,0.1735,282.1352
SK하이닉스,36,230.2065,0.0281,0.1416,230.2065
SK하이닉스,60,210.3796,0.0560,0.1294,210.3796
SK하이닉스,76,210.3177,0.0256,0.1293,210.3177
SK하이닉스,67,206.8007,0.0274,0.1272,206.8007
SK하이닉스,81,204.7747,0.0528,0.1259,204.7747
SK하이닉스,53,201.1597,0.0494,0.1237,201.1597
SK하이닉스,23,194.9169,0.0353,0.1199,194.9169
SK하이닉스,73,184.5140,0.0596,0.1135,184.5140
SK하이닉스,13,176.1497,0.0265,0.1083,176.1497
SK하이닉스,32,174.9254,0.0346,0.1076,174.9254
SK하이닉스,72,172.5252,0.0233,0.1061,172.5252
SK하이닉스,88,163.9007,0.0821,0.1008,163.9007
SK하이닉스,30,162.3767,0.0342,0.0999,162.3767
SK하이닉스,66,161.1446,0.0188,0.0991,161.1446
SK하이닉스,21,147.3995,0.0285,0.0906,147.3995
SK하이닉스,3,130.9300,0.0132,0.0805,130.9300
SK하이닉스,45,129.8390,0.0259,0.0798,129.8390
SK하이닉스,18,129.5650,0.0223,0.0797,129.5650
SK하이닉스,55,128.3066,0.0308,0.0789,128.3066
SK하이닉스,75,128.2659,0.0298,0.0789,128.2659
SK하이닉스,79,127.1574,0.0358,0.0782,127.1574
SK하이닉스,89,126.3914,0.0266,0.0777,126.3914
SK하이닉스,98,126.3791,0.0484,0.0777,126.3791
SK하이닉스,20,123.7360,0.0248,0.0761,123.7360
SK하이닉스,101,121.4672,0.0262,0.0747,121.4672
SK하이닉스,92,117.7863,0.0291,0.0724,117.7863
SK하이닉스,6,114.3839,0.0228,0.0703,114.3839
SK하이닉스,46,112.3589,0.0268,0.0691,112.3589
SK하이닉스,37,110.9091,0.0278,0.0682,110.9091
SK하이닉스,96,107.6840,0.0213,0.0662,107.6840
SK하이닉스,41,106.1884,0.0187,0.0653,106.1884
SK하이닉스,4,103.9450,0.0259,0.0639,103.9450
SK하이닉스,50,99.4979,0.0132,0.0612,99.4979
SK하이닉스,93,99.4196,0.0193,0.0611,99.4196
SK하이닉스,70,93.4677,0.0291,0.0575,93.4677
SK하이닉스,78,93.4149,0.0673,0.0574,93.4149
SK하이닉스,33,92.1036,0.0219,0.0566,92.1036
SK하이닉스,44,90.3890,0.0215,0.0556,90.3890
SK하이닉스,65,83.8389,0.0157,0.0516,83.8389
SK하이닉스,82,79.3018,0.0497,0.0488,79.3018
SK하이닉스,94,77.5669,0.0320,0.0477,77.5669
SK하이닉스,28,75.7038,0.0215,0.0466,75.7038
SK하이닉스,49,73.2849,0.0242,0.0451,73.2849
SK하이닉스,22,70.1265,0.0244,0.0431,70.1265
SK하이닉스,29,67.4153,0.0224,0.0415,67.4153
SK하이닉스,97,63.8509,0.0171,0.0393,63.8509
SK하이닉스,35,63.5985,0.0113,0.0391,63.5985
SK하이닉스,90,62.3227,0.0169,0.0383,62.3227
SK하이닉스,95,61.8378,0.0206,0.0380,61.8378
SK하이닉스,100,59.4015,0.0905,0.0365,59.4015
SK하이닉스,87,59.0766,0.0476,0.0363,59.0766
SK하이닉스,84,57.7474,0.0342,0.0355,57.7474
SK하이닉스,2,57.4926,0.0140,0.0354,57.4926
SK하이닉스,8,57.1491,0.0204,0.0351,57.1491
SK하이닉스,74,54.7084,0.0168,0.0336,54.7084
SK하이닉스,52,54.0599,0.0228,0.0332,54.0599
SK하이닉스,17,53.9485,0.0118,0.0332,53.9485
SK하이닉스,85,53.2637,0.0142,0.0328,53.2637
SK하이닉스,69,52.2677,0.0203,0.0321,52.2677
SK하이닉스,26,51.1045,0.0132,0.0314,51.1045
SK하이닉스,68,48.2585,0.0201,0.0297,48.2585
SK하이닉스,39,45.5903,0.0242,0.0280,45.5903
SK하이닉스,42,43.1194,0.0143,0.0265,43.1194
SK하이닉스,5,38.9921,0.0199,0.0240,38.9921
SK하이닉스,54,38.0053,0.0150,0.0234,38.0053
SK하이닉스,10,37.3660,0.0159,0.0230,37.3660
SK하이닉스,59,37.3660,0.0256,0.0230,37.3660
SK하이닉스,34,36.4598,0.0350,0.0224,36.4598
SK하이닉스,7,36.3549,0.0097,0.0224,36.3549
SK하이닉스,64,36.1874,0.0167,0.0223,36.1874
SK하이닉스,86,35.4649,0.0286,0.0218,35.4649
SK하이닉스,16,32.8699,0.0155,0.0202,32.8699
SK하이닉스,61,32.0349,0.0263,0.0197,32.0349
SK하이닉스,14,31.1399,0.0113,0.0192,31.1399
SK하이닉스,57,28.2660,0.0117,0.0174,28.2660
SK하이닉스,24,27.9398,0.0347,0.0172,27.9398
SK하이닉스,58,26.8103,0.0210,0.0165,26.8103
SK하이닉스,71,25.9304,0.0783,0.0159,25.9304
SK하이닉스,83,23.7463,0.0111,0.0146,23.7463
SK하이닉스,40,22.5194,0.0127,0.0138,22.5194
SK하이닉스,31,21.8280,0.0093,0.0134,21.8280
SK하이닉스,80,19.0532,0.0085,0.0117,19.0532
SK하이닉스,91,18.3657,0.0130,0.0113,18.3657
SK하이닉스,77,16.5336,0.0213,0.0102,16.5336
SK하이닉스,51,14.2377,0.0091,0.0088,14.2377
SK하이닉스,99,14.1669,0.0229,0.0087,14.1669
SK하이닉스,47,13.7126,0.0139,0.0084,13.7126
SK하이닉스,62,11.7819,0.0310,0.0072,11.7819
SK하이닉스,15,7.7965,0.0082,0.0048,7.7965
SK하이닉스,63,6.7938,0.0069,0.0042,6.7938
SK하이닉스,48,6.2487,0.0135,0.0038,6.2487
SK하이닉스,56,2.7219,0.0038,0.0017,2.7219
SK하이닉스,19,1.9286,0.0015,0.0012,1.9286
Semiconductor,0,41.5888,0.0020,0.3720,41.5888
Semiconductor,11,37.0065,0.0031,0.3310,37.0065
Semiconductor,9,30.2464,0.0039,0.2706,30.2464
Semiconductor,27,29.3259,0.0035,0.2623,29.3259
Semiconductor,102,27.1313,0.0050,0.2427,27.1313
Semiconductor,12,25.1788,0.0031,0.2252,25.1788
Semiconductor,1,20.7055,0.0014,0.1852,20.7055
Semiconductor,38,19.2678,0.0022,0.1724,19.2678
Semiconductor,67,18.2885,0.0024,0.1636,18.2885
Semiconductor,60,18.2621,0.0049,0.1634,18.2621
Semiconductor,30,18.1224,0.0038,0.1621,18.1224
Semiconductor,23,15.7076,0.0028,0.1405,15.7076
Semiconductor,13,15.2228,0.0023,0.1362,15.2228
Semiconductor,72,15.2228,0.0021,0.1362,15.2228
Semiconductor,3,15.1073,0.0015,0.1351,15.1073
Semiconductor,96,14.2083,0.0028,0.1271,14.2083
Semiconductor,43,13.3549,0.0026,0.1195,13.3549
Semiconductor,58,13.0221,0.0102,0.1165,13.0221
Semiconductor,36,12.9491,0.0016,0.1158,12.9491
Semiconductor,76,12.6613,0.0015,0.1133,12.6613
Semiconductor,29,12.3232,0.0041,0.1102,12.3232
Semiconductor,20,11.5103,0.0023,0.1030,11.5103
Semiconductor,66,11.5103,0.0013,0.1030,11.5103
Semiconductor,4,11.2171,0.0028,0.1003,11.2171
Semiconductor,25,11.0425,0.0019,0.0988,11.0425
Semiconductor,101,11.0425,0.0024,0.0988,11.0425
Semiconductor,81,10.3871,0.0027,0.0929,10.3871
Semiconductor,45,9.6452,0.0019,0.0863,9.6452
Semiconductor,33,9.2818,0.0022,0.0830,9.2818
Semiconductor,98,8.9737,0.0034,0.0803,8.9737
Semiconductor,46,8.6988,0.0021,0.0778,8.6988
Semiconductor,84,8.4923,0.0050,0.0760,8.4923
Semiconductor,92,8.0978,0.0020,0.0724,8.0978
Semiconductor,95,8.0978,0.0027,0.0724,8.0978
Semiconductor,6,7.9133,0.0016,0.0708,7.9133
Semiconductor,75,7.7952,0.0018,0.0697,7.7952
Semiconductor,74,7.5984,0.0023,0.0680,7.5984
Semiconductor,41,7.4781,0.0013,0.0669,7.4781
Semiconductor,32,7.1398,0.0014,0.0639,7.1398
Semiconductor,79,6.8941,0.0019,0.0617,6.8941
Semiconductor,53,6.7303,0.0017,0.0602,6.7303
Semiconductor,90,6.6774,0.0018,0.0597,6.6774
Semiconductor,55,6.5241,0.0016,0.0584,6.5241
Semiconductor,73,6.2813,0.0020,0.0562,6.2813
Semiconductor,8,6.1783,0.0022,0.0553,6.1783
Semiconductor,83,6.1281,0.0029,0.0548,6.1281
Semiconductor,70,6.0302,0.0019,0.0539,6.0302
Semiconductor,65,5.9355,0.0011,0.0531,5.9355
Semiconductor,37,5.7992,0.0015,0.0519,5.7992
Semiconductor,21,5.6692,0.0011,0.0507,5.6692
Semiconductor,50,5.2764,0.0007,0.0472,5.2764
Semiconductor,49,5.2346,0.0017,0.0468,5.2346
Semiconductor,18,5.1532,0.0009,0.0461,5.1532
Semiconductor,26,4.7910,0.0012,0.0429,4.7910
Semiconductor,35,4.7110,0.0008,0.0421,4.7110
Semiconductor,82,4.7110,0.0030,0.0421,4.7110
Semiconductor,44,4.5961,0.0011,0.0411,4.5961
Semiconductor,17,4.5590,0.0010,0.0408,4.5590
Semiconductor,93,4.4516,0.0009,0.0398,4.4516
Semiconductor,22,4.3829,0.0015,0.0392,4.3829
Semiconductor,24,4.3656,0.0054,0.0391,4.3656
Semiconductor,88,4.2461,0.0021,0.0380,4.2461
Semiconductor,94,4.1703,0.0017,0.0373,4.1703
Semiconductor,28,4.0268,0.0011,0.0360,4.0268
Semiconductor,68,3.8300,0.0016,0.0343,3.8300
Semiconductor,89,3.8300,0.0008,0.0343,3.8300
Semiconductor,87,3.7390,0.0030,0.0334,3.7390
Semiconductor,69,3.6808,0.0014,0.0329,3.6808
Semiconductor,78,3.3969,0.0024,0.0304,3.3969
Semiconductor,62,3.3663,0.0089,0.0301,3.3663
Semiconductor,91,3.1940,0.0023,0.0286,3.1940
Semiconductor,39,3.0394,0.0016,0.0272,3.0394
Semiconductor,99,2.8334,0.0046,0.0253,2.8334
Semiconductor,56,2.7219,0.0038,0.0243,2.7219
Semiconductor,16,2.5950,0.0012,0.0232,2.5950
Semiconductor,86,2.5950,0.0021,0.0232,2.5950
Semiconductor,10,2.5477,0.0011,0.0228,2.5477
Semiconductor,59,2.5477,0.0017,0.0228,2.5477
Semiconductor,2,2.3955,0.0006,0.0214,2.3955
Semiconductor,54,2.3753,0.0009,0.0212,2.3753
Semiconductor,97,2.3360,0.0006,0.0209,2.3360
Semiconductor,100,2.0136,0.0031,0.0180,2.0136
Semiconductor,61,1.7797,0.0015,0.0159,1.7797
Semiconductor,64,1.6831,0.0008,0.0151,1.6831
Semiconductor,40,1.6681,0.0009,0.0149,1.6681
Semiconductor,77,1.6534,0.0021,0.0148,1.6534
Semiconductor,85,1.6389,0.0004,0.0147,1.6389
Semiconductor,7,1.4839,0.0004,0.0133,1.4839
Semiconductor,15,0.9746,0.0010,0.0087,0.9746
Semiconductor,19,0.9643,0.0008,0.0086,0.9643
Semiconductor,34,0.9349,0.0009,0.0084,0.9349
Semiconductor,51,0.8899,0.0006,0.0080,0.8899
Semiconductor,31,0.8731,0.0004,0.0078,0.8731
Semiconductor,14,0.8650,0.0003,0.0077,0.8650
Semiconductor,47,0.8570,0.0009,0.0077,0.8570
Semiconductor,63,0.8492,0.0009,0.0076,0.8492
Semiconductor,5,0.8123,0.0004,0.0073,0.8123
Semiconductor,57,0.7852,0.0003,0.0070,0.7852
Semiconductor,52,0.7723,0.0003,0.0069,0.7723
TCL,3,531.6332,0.0536,0.4005,531.6332
TCL,1,524.7762,0.0360,0.3953,524.7762
TCL,0,487.2825,0.0240,0.3671,487.2825
TCL,76,355.2189,0.0432,0.2676,355.2189
TCL,89,314.0635,0.0660,0.2366,314.0635
TCL,2,256.3210,0.0625,0.1931,256.3210
TCL,72,200.7962,0.0272,0.1513,200.7962
TCL,11,199.6956,0.0166,0.1504,199.6956
TCL,66,192.0786,0.0224,0.1447,192.0786
TCL,36,180.5682,0.0221,0.1360,180.5682
TCL,38,163.7760,0.0186,0.1234,163.7760
TCL,50,155.2770,0.0206,0.1170,155.2770
TCL,6,152.5118,0.0304,0.1149,152.5118
TCL,96,149.5611,0.0295,0.1127,149.5611
TCL,21,149.5254,0.0289,0.1126,149.5254
TCL,92,149.4414,0.0369,0.1126,149.4414
TCL,67,147.0114,0.0195,0.1107,147.0114
TCL,27,145.9314,0.0173,0.1099,145.9314
TCL,56,133.3724,0.1840,0.1005,133.3724
TCL,13,130.4813,0.0196,0.0983,130.4813
TCL,45,129.0971,0.0258,0.0972,129.0971
TCL,93,118.7100,0.0230,0.0894,118.7100
TCL,68,114.9013,0.0478,0.0866,114.9013
TCL,101,114.8417,0.0248,0.0865,114.8417
TCL,41,112.1708,0.0197,0.0845,112.1708
TCL,25,111.8970,0.0189,0.0843,111.8970
TCL,12,110.0675,0.0133,0.0829,110.0675
TCL,44,107.2412,0.0255,0.0808,107.2412
TCL,9,100.5867,0.0129,0.0758,100.5867
TCL,70,92.7139,0.0289,0.0698,92.7139
TCL,7,91.2583,0.0244,0.0687,91.2583
TCL,4,91.2323,0.0227,0.0687,91.2323
TCL,23,89.2477,0.0162,0.0672,89.2477
TCL,53,88.2411,0.0217,0.0665,88.2411
TCL,18,87.6036,0.0151,0.0660,87.6036
TCL,17,85.1019,0.0187,0.0641,85.1019
TCL,102,84.2498,0.0154,0.0635,84.2498
TCL,20,84.1693,0.0169,0.0634,84.1693
TCL,37,79.0137,0.0198,0.0595,79.0137
TCL,33,78.5379,0.0187,0.0592,78.5379
TCL,30,77.5639,0.0163,0.0584,77.5639
TCL,49,74.7806,0.0247,0.0563,74.7806
TCL,83,74.3028,0.0347,0.0560,74.3028
TCL,75,73.6997,0.0171,0.0555,73.6997
TCL,22,71.5875,0.0249,0.0539,71.5875
TCL,79,66.6427,0.0187,0.0502,66.6427
TCL,42,66.2761,0.0220,0.0499,66.2761
TCL,95,66.2548,0.0220,0.0499,66.2548
TCL,43,64.5485,0.0127,0.0486,64.5485
TCL,94,62.5539,0.0258,0.0471,62.5539
TCL,55,62.3410,0.0150,0.0470,62.3410
TCL,81,58.6131,0.0151,0.0442,58.6131
TCL,39,58.5076,0.0311,0.0441,58.5076
TCL,65,57.8711,0.0109,0.0436,57.8711
TCL,29,55.8170,0.0185,0.0420,55.8170
TCL,32,54.9766,0.0109,0.0414,54.9766
TCL,59,51.8028,0.0355,0.0390,51.8028
TCL,28,50.7376,0.0144,0.0382,50.7376
TCL,69,48.5869,0.0188,0.0366,48.5869
TCL,46,47.8431,0.0114,0.0360,47.8431
TCL,97,46.7202,0.0125,0.0352,46.7202
TCL,35,44.7545,0.0080,0.0337,44.7545
TCL,85,44.2498,0.0118,0.0333,44.2498
TCL,54,41.1724,0.0162,0.0310,41.1724
TCL,8,40.9311,0.0146,0.0308,40.9311
TCL,52,40.1588,0.0169,0.0303,40.1588
TCL,90,36.3549,0.0098,0.0274,36.3549
TCL,86,36.3299,0.0292,0.0274,36.3299
TCL,73,35.3325,0.0114,0.0266,35.3325
TCL,98,33.6513,0.0129,0.0253,33.6513
TCL,10,30.5722,0.0130,0.0230,30.5722
TCL,60,29.9499,0.0080,0.0226,29.9499
TCL,80,29.0334,0.0130,0.0219,29.0334
TCL,19,28.9290,0.0228,0.0218,28.9290
TCL,63,28.8737,0.0291,0.0217,28.8737
TCL,51,27.5856,0.0177,0.0208,27.5856
TCL,74,26.5943,0.0082,0.0200,26.5943
TCL,14,25.9499,0.0094,0.0195,25.9499
TCL,16,25.9499,0.0123,0.0195,25.9499
TCL,82,25.9105,0.0162,0.0195,25.9105
TCL,26,25.5522,0.0066,0.0192,25.5522
TCL,57,25.1253,0.0104,0.0189,25.1253
TCL,34,22.4368,0.0215,0.0169,22.4368
TCL,5,21.9331,0.0112,0.0165,21.9331
TCL,78,20.3814,0.0147,0.0154,20.3814
TCL,87,18.6951,0.0151,0.0141,18.6951
TCL,61,18.6870,0.0153,0.0141,18.6870
TCL,31,18.3355,0.0078,0.0138,18.3355
TCL,84,17.8338,0.0105,0.0134,17.8338
TCL,15,17.5421,0.0185,0.0132,17.5421
TCL,88,16.9845,0.0085,0.0128,16.9845
TCL,58,16.8522,0.0132,0.0127,16.8522
TCL,91,16.7687,0.0119,0.0126,16.7687
TCL,64,15.9898,0.0074,0.0120,15.9898
TCL,47,14.5696,0.0148,0.0110,14.5696
TCL,77,12.4002,0.0160,0.0093,12.4002
TCL,40,11.6767,0.0066,0.0088,11.6767
TCL,24,6.9849,0.0087,0.0053,6.9849
TCL,100,6.0408,0.0092,0.0046,6.0408
TCL,71,4.7146,0.0142,0.0036,4.7146
TCL,99,3.7778,0.0061,0.0028,3.7778
TCL,48,2.0829,0.0045,0.0016,2.0829
TCL,62,1.6831,0.0044,0.0013,1.6831
TSMC,0,170.5142,0.0084,0.4222,170.5142
TSMC,12,126.6136,0.0154,0.3135,126.6136
TSMC,11,110.3213,0.0092,0.2731,110.3213
TSMC,9,100.5867,0.0129,0.2490,100.5867
TSMC,27,90.7707,0.0107,0.2247,90.7707
TSMC,38,84.6406,0.0096,0.2096,84.6406
TSMC,102,78.5379,0.0144,0.1944,78.5379
TSMC,25,75.8250,0.0128,0.1877,75.8250
TSMC,43,75.6776,0.0149,0.1874,75.6776
TSMC,1,70.6841,0.0048,0.1750,70.6841
TSMC,23,58.5465,0.0106,0.1449,58.5465
TSMC,76,56.9757,0.0069,0.1411,56.9757
TSMC,60,56.2473,0.0150,0.1393,56.2473
TSMC,32,54.2626,0.0107,0.1343,54.2626
TSMC,67,47.1280,0.0063,0.1167,47.1280
TSMC,36,46.0413,0.0056,0.1140,46.0413
TSMC,20,43.8831,0.0088,0.1086,43.8831
TSMC,81,43.7743,0.0113,0.1084,43.7743
TSMC,55,42.0440,0.0101,0.1041,42.0440
TSMC,21,41.8104,0.0081,0.1035,41.8104
TSMC,45,41.5485,0.0083,0.1029,41.5485
TSMC,13,40.5942,0.0061,0.1005,40.5942
TSMC,72,40.5942,0.0055,0.1005,40.5942
TSMC,75,39.6845,0.0092,0.0983,39.6845
TSMC,65,37.0969,0.0070,0.0918,37.0969
TSMC,6,35.9698,0.0072,0.0891,35.9698
TSMC,66,35.9698,0.0042,0.0891,35.9698
TSMC,37,34.0701,0.0085,0.0844,34.0701
TSMC,35,32.9770,0.0059,0.0816,32.9770
TSMC,98,32.1556,0.0123,0.0796,32.1556
TSMC,30,29.7207,0.0063,0.0736,29.7207
TSMC,73,29.0511,0.0094,0.0719,29.0511
TSMC,88,28.8737,0.0145,0.0715,28.8737
TSMC,3,28.7758,0.0029,0.0712,28.7758
TSMC,44,27.5763,0.0066,0.0683,27.5763
TSMC,26,27.1493,0.0070,0.0672,27.1493
TSMC,18,26.5019,0.0046,0.0656,26.5019
TSMC,92,26.5019,0.0065,0.0656,26.5019
TSMC,79,26.0443,0.0073,0.0645,26.0443
TSMC,101,25.7658,0.0056,0.0638,25.7658
TSMC,50,25.6282,0.0034,0.0635,25.6282
TSMC,84,24.6276,0.0146,0.0610,24.6276
TSMC,97,22.5814,0.0060,0.0559,22.5814
TSMC,41,22.4342,0.0039,0.0555,22.4342
TSMC,17,22.0353,0.0048,0.0546,22.0353
TSMC,8,21.6240,0.0077,0.0535,21.6240
TSMC,70,21.1056,0.0066,0.0523,21.1056
TSMC,46,21.0220,0.0050,0.0520,21.0220
TSMC,87,20.9386,0.0169,0.0518,20.9386
TSMC,85,20.4860,0.0054,0.0507,20.4860
TSMC,49,20.1908,0.0067,0.0500,20.1908
TSMC,53,20.1908,0.0050,0.0500,20.1908
TSMC,93,20.0323,0.0039,0.0496,20.0323
TSMC,33,19.9915,0.0048,0.0495,19.9915
TSMC,22,19.7231,0.0069,0.0488,19.7231
TSMC,96,19.4429,0.0038,0.0481,19.4429
TSMC,82,18.8440,0.0118,0.0467,18.8440
TSMC,28,18.5233,0.0053,0.0459,18.5233
TSMC,4,17.9473,0.0045,0.0444,17.9473
TSMC,78,17.8338,0.0128,0.0442,17.8338
TSMC,31,16.5893,0.0071,0.0411,16.5893
TSMC,90,14.8387,0.0040,0.0367,14.8387
TSMC,40,13.3448,0.0075,0.0330,13.3448
TSMC,68,13.0221,0.0054,0.0322,13.0221
TSMC,94,12.5108,0.0052,0.0310,12.5108
TSMC,29,12.3232,0.0041,0.0305,12.3232
TSMC,74,12.1574,0.0037,0.0301,12.1574
TSMC,69,11.7786,0.0046,0.0292,11.7786
TSMC,95,11.7786,0.0039,0.0292,11.7786
TSMC,89,11.4901,0.0024,0.0284,11.4901
TSMC,86,11.2450,0.0091,0.0278,11.2450
TSMC,100,11.0749,0.0169,0.0274,11.0749
TSMC,59,11.0399,0.0076,0.0273,11.0399
TSMC,64,10.0988,0.0047,0.0250,10.0988
TSMC,57,9.4220,0.0039,0.0233,9.4220
TSMC,80,8.1657,0.0036,0.0202,8.1657
TSMC,61,8.0087,0.0066,0.0198,8.0087
TSMC,10,7.6430,0.0032,0.0189,7.6430
TSMC,42,7.1866,0.0024,0.0178,7.1866
TSMC,14,6.9200,0.0025,0.0171,6.9200
TSMC,16,6.9200,0.0033,0.0171,6.9200
TSMC,83,6.8941,0.0032,0.0171,6.8941
TSMC,7,6.6774,0.0018,0.0165,6.6774
TSMC,91,6.3881,0.0045,0.0158,6.3881
TSMC,52,6.1783,0.0026,0.0153,6.1783
TSMC,71,5.8933,0.0178,0.0146,5.8933
TSMC,5,5.6863,0.0029,0.0141,5.6863
TSMC,34,5.6092,0.0054,0.0139,5.6092
TSMC,58,5.3621,0.0042,0.0133,5.3621
TSMC,39,5.3189,0.0028,0.0132,5.3189
TSMC,24,5.2387,0.0065,0.0130,5.2387
TSMC,62,5.0494,0.0133,0.0125,5.0494
TSMC,77,4.9601,0.0064,0.0123,4.9601
TSMC,54,3.9589,0.0016,0.0098,3.9589
TSMC,15,2.9237,0.0031,0.0072,2.9237
TSMC,99,2.8334,0.0046,0.0070,2.8334
TSMC,51,1.7797,0.0011,0.0044,1.7797
TSMC,2,1.5970,0.0004,0.0040,1.5970
TSMC,48,1.0415,0.0023,0.0026,1.0415
TSMC,56,0.9073,0.0013,0.0022,0.9073
TSMC,47,0.8570,0.0009,0.0021,0.8570
Tianma,1,67.1142,0.0046,0.4412,67.1142
Tianma,0,58.9175,0.0029,0.3873,58.9175
Tianma,66,38.8474,0.0045,0.2554,38.8474
Tianma,72,34.0701,0.0046,0.2240,34.0701
Tianma,36,33.0922,0.0040,0.2175,33.0922
Tianma,3,32.3728,0.0033,0.2128,32.3728
Tianma,11,32.1189,0.0027,0.2111,32.1189
Tianma,50,30.9046,0.0041,0.2032,30.9046
Tianma,13,28.9958,0.0044,0.1906,28.9958
Tianma,93,27.4517,0.0053,0.1805,27.4517
Tianma,45,23.7420,0.0047,0.1561,23.7420
Tianma,18,22.8211,0.0039,0.1500,22.8211
Tianma,17,21.2755,0.0047,0.1399,21.2755
Tianma,41,20.1908,0.0035,0.1327,20.1908
Tianma,102,19.2775,0.0035,0.1267,19.2775
Tianma,76,17.5851,0.0021,0.1156,17.5851
Tianma,38,17.2034,0.0020,0.1131,17.2034
Tianma,44,16.8522,0.0040,0.1108,16.8522
Tianma,7,16.3226,0.0044,0.1073,16.3226
Tianma,67,16.1783,0.0021,0.1064,16.1783
Tianma,56,15.4240,0.0213,0.1014,15.4240
Tianma,30,15.2228,0.0032,0.1001,15.2228
Tianma,23,14.9936,0.0027,0.0986,14.9936
Tianma,27,13.9647,0.0017,0.0918,13.9647
Tianma,28,13.6911,0.0039,0.0900,13.6911
Tianma,92,13.2510,0.0033,0.0871,13.2510
Tianma,95,12.5148,0.0042,0.0823,12.5148
Tianma,70,11.3066,0.0035,0.0743,11.3066
Tianma,68,10.7241,0.0045,0.0705,10.7241
Tianma,12,10.0715,0.0012,0.0662,10.0715
Tianma,75,9.9211,0.0023,0.0652,9.9211
Tianma,29,9.4236,0.0031,0.0619,9.4236
Tianma,9,9.1442,0.0012,0.0601,9.1442
Tianma,39,9.1181,0.0048,0.0599,9.1181
Tianma,89,7.6601,0.0016,0.0504,7.6601
Tianma,43,7.4194,0.0015,0.0488,7.4194
Tianma,81,7.4194,0.0019,0.0488,7.4194
Tianma,5,7.3110,0.0037,0.0481,7.3110
Tianma,6,7.1940,0.0014,0.0473,7.1940
Tianma,2,7.1866,0.0018,0.0472,7.1866
Tianma,52,6.9506,0.0029,0.0457,6.9506
Tianma,25,6.6255,0.0011,0.0436,6.6255
Tianma,83,6.1281,0.0029,0.0403,6.1281
Tianma,98,5.9824,0.0023,0.0393,5.9824
Tianma,35,5.4962,0.0010,0.0361,5.4962
Tianma,8,5.4060,0.0019,0.0355,5.4060
Tianma,79,5.3621,0.0015,0.0352,5.3621
Tianma,74,5.3189,0.0016,0.0350,5.3189
Tianma,101,5.1532,0.0011,0.0339,5.1532
Tianma,42,4.7910,0.0016,0.0315,4.7910
Tianma,73,4.7110,0.0015,0.0310,4.7110
Tianma,82,4.7110,0.0030,0.0310,4.7110
Tianma,60,4.3829,0.0012,0.0288,4.3829
Tianma,54,3.9589,0.0016,0.0260,3.9589
Tianma,4,3.7390,0.0009,0.0246,3.7390
Tianma,65,3.7097,0.0007,0.0244,3.7097
Tianma,20,3.5970,0.0007,0.0236,3.5970
Tianma,33,3.5699,0.0008,0.0235,3.5699
Tianma,26,3.1940,0.0008,0.0210,3.1940
Tianma,57,3.1407,0.0013,0.0206,3.1407
Tianma,53,2.9912,0.0007,0.0197,2.9912
Tianma,90,2.9677,0.0008,0.0195,2.9677
Tianma,69,2.9447,0.0011,0.0194,2.9447
Tianma,46,2.8996,0.0007,0.0191,2.8996
Tianma,55,2.8996,0.0007,0.0191,2.8996
Tianma,32,2.8559,0.0006,0.0188,2.8559
Tianma,16,2.5950,0.0012,0.0171,2.5950
Tianma,10,2.5477,0.0011,0.0167,2.5477
Tianma,87,2.2434,0.0018,0.0147,2.2434
Tianma,37,2.1747,0.0005,0.0143,2.1747
Tianma,21,2.1260,0.0004,0.0140,2.1260
Tianma,100,2.0136,0.0031,0.0132,2.0136
Tianma,99,1.8889,0.0030,0.0124,1.8889
Tianma,61,1.7797,0.0015,0.0117,1.7797
Tianma,31,1.7462,0.0007,0.0115,1.7462
Tianma,14,1.7300,0.0006,0.0114,1.7300
Tianma,86,1.7300,0.0014,0.0114,1.7300
Tianma,59,1.6985,0.0012,0.0112,1.6985
Tianma,88,1.6985,0.0009,0.0112,1.6985
Tianma,85,1.6389,0.0004,0.0108,1.6389
Tianma,96,1.4956,0.0003,0.0098,1.4956
Tianma,22,1.4610,0.0005,0.0096,1.4610
Tianma,34,0.9349,0.0009,0.0061,0.9349
Tianma,51,0.8899,0.0006,0.0058,0.8899
Tianma,63,0.8492,0.0009,0.0056,0.8492
Tianma,84,0.8492,0.0005,0.0056,0.8492
Tianma,64,0.8416,0.0004,0.0055,0.8416
Tianma,40,0.8341,0.0005,0.0055,0.8341
Tianma,77,0.8267,0.0011,0.0054,0.8267
Tianma,91,0.7985,0.0006,0.0052,0.7985
Tianma,97,0.7787,0.0002,0.0051,0.7787
Tianma,58,0.7660,0.0006,0.0050,0.7660
Tianma,49,0.7478,0.0002,0.0049,0.7478
Toray,0,9.0109,0.0004,0.2826,9.0109
Toray,9,8.4408,0.0011,0.2647,8.4408
Toray,11,8.3788,0.0007,0.2627,8.3788
Toray,1,7.8538,0.0005,0.2463,7.8538
Toray,102,7.8538,0.0014,0.2463,7.8538
Toray,27,7.6806,0.0009,0.2408,7.6806
Toray,50,6.7839,0.0009,0.2127,6.7839
Toray,13,6.5241,0.0010,0.2046,6.5241
Toray,36,6.4746,0.0008,0.2030,6.4746
Toray,30,5.7992,0.0012,0.1818,5.7992
Toray,72,5.7992,0.0008,0.1818,5.7992
Toray,23,5.7119,0.0010,0.1791,5.7119
Toray,67,5.6272,0.0007,0.1765,5.6272
Toray,44,5.3621,0.0013,0.1681,5.3621
Toray,41,4.4868,0.0008,0.1407,4.4868
Toray,45,4.4516,0.0009,0.1396,4.4516
Toray,12,4.3164,0.0005,0.1354,4.3164
Toray,66,4.3164,0.0005,0.1354,4.3164
Toray,65,3.7097,0.0007,0.1163,3.7097
Toray,81,3.7097,0.0010,0.1163,3.7097
Toray,25,3.6808,0.0006,0.1154,3.6808
Toray,56,3.6292,0.0050,0.1138,3.6292
Toray,79,3.0640,0.0009,0.0961,3.0640
Toray,70,3.0151,0.0009,0.0945,3.0151
Toray,93,2.9677,0.0006,0.0931,2.9677
Toray,3,2.8776,0.0003,0.0902,2.8776
Toray,33,2.8559,0.0007,0.0896,2.8559
Toray,38,2.7525,0.0003,0.0863,2.7525
Toray,16,2.5950,0.0012,0.0814,2.5950
Toray,10,2.5477,0.0011,0.0799,2.5477
Toray,64,2.5247,0.0012,0.0792,2.5247
Toray,85,2.4583,0.0007,0.0771,2.4583
Toray,28,2.4161,0.0007,0.0758,2.4161
Toray,35,2.3555,0.0004,0.0739,2.3555
Toray,73,2.3555,0.0008,0.0739,2.3555
Toray,8,2.3169,0.0008,0.0727,2.3169
Toray,83,2.2980,0.0011,0.0721,2.2980
Toray,17,2.2795,0.0005,0.0715,2.2795
Toray,49,2.2434,0.0007,0.0703,2.2434
Toray,90,2.2258,0.0006,0.0698,2.2258
Toray,18,2.2085,0.0004,0.0693,2.2085
Toray,92,2.2085,0.0005,0.0693,2.2085
Toray,22,2.1915,0.0008,0.0687,2.1915
Toray,60,2.1915,0.0006,0.0687,2.1915
Toray,76,2.1102,0.0003,0.0662,2.1102
Toray,100,2.0136,0.0031,0.0631,2.0136
Toray,42,1.5970,0.0005,0.0501,1.5970
Toray,97,1.5573,0.0004,0.0488,1.5573
Toray,68,1.5320,0.0006,0.0480,1.5320
Toray,89,1.5320,0.0003,0.0480,1.5320
Toray,4,1.4956,0.0004,0.0469,1.4956
Toray,53,1.4956,0.0004,0.0469,1.4956
Toray,98,1.4956,0.0006,0.0469,1.4956
Toray,7,1.4839,0.0004,0.0465,1.4839
Toray,69,1.4723,0.0006,0.0462,1.4723
Toray,101,1.4723,0.0003,0.0462,1.4723
Toray,46,1.4498,0.0003,0.0455,1.4498
Toray,6,1.4388,0.0003,0.0451,1.4388
Toray,32,1.4280,0.0003,0.0448,1.4280
Toray,99,0.9445,0.0015,0.0296,0.9445
Toray,31,0.8731,0.0004,0.0274,0.8731
Toray,14,0.8650,0.0003,0.0271,0.8650
Toray,84,0.8492,0.0005,0.0266,0.8492
Toray,62,0.8416,0.0022,0.0264,0.8416
Toray,94,0.8341,0.0003,0.0262,0.8341
Toray,26,0.7985,0.0002,0.0250,0.7985
Toray,54,0.7918,0.0003,0.0248,0.7918
Toray,82,0.7852,0.0005,0.0246,0.7852
Toray,52,0.7723,0.0003,0.0242,0.7723
Toray,58,0.7660,0.0006,0.0240,0.7660
Toray,39,0.7598,0.0004,0.0238,0.7598
Toray,74,0.7598,0.0002,0.0238,0.7598
Toray,87,0.7478,0.0006,0.0234,0.7478
Toray,96,0.7478,0.0001,0.0234,0.7478
Toray,43,0.7419,0.0001,0.0233,0.7419
Toray,95,0.7362,0.0002,0.0231,0.7362
Toray,29,0.7249,0.0002,0.0227,0.7249
Toray,20,0.7194,0.0001,0.0226,0.7194
Toray,21,0.7087,0.0001,0.0222,0.7087
Toray,75,0.7087,0.0002,0.0222,0.7087
UDC,0,25.6464,0.0013,0.3774,25.6464
UDC,1,20.7055,0.0014,0.3047,20.7055
UDC,11,17.4559,0.0014,0.2569,17.4559
UDC,50,16.5830,0.0022,0.2440,16.5830
UDC,72,15.2228,0.0021,0.2240,15.2228
UDC,13,13.7730,0.0021,0.2027,13.7730
UDC,36,12.9491,0.0016,0.1906,12.9491
UDC,66,12.9491,0.0015,0.1906,12.9491
UDC,85,12.2916,0.0033,0.1809,12.2916
UDC,67,11.9579,0.0016,0.1760,11.9579
UDC,93,10.3871,0.0020,0.1529,10.3871
UDC,35,10.2072,0.0018,0.1502,10.2072
UDC,97,10.1227,0.0027,0.1490,10.1227
UDC,17,9.8779,0.0022,0.1454,9.8779
UDC,74,9.8779,0.0030,0.1454,9.8779
UDC,45,9.6452,0.0019,0.1419,9.6452
UDC,90,8.9032,0.0024,0.1310,8.9032
UDC,18,8.8340,0.0015,0.1300,8.8340
UDC,29,8.6988,0.0029,0.1280,8.6988
UDC,30,8.6988,0.0018,0.1280,8.6988
UDC,27,8.3788,0.0010,0.1233,8.3788
UDC,41,8.2259,0.0014,0.1211,8.2259
UDC,38,7.5695,0.0009,0.1114,7.5695
UDC,7,7.4194,0.0020,0.1092,7.4194
UDC,65,7.4194,0.0014,0.1092,7.4194
UDC,95,7.3616,0.0024,0.1083,7.3616
UDC,46,7.2490,0.0017,0.1067,7.2490
UDC,28,7.2482,0.0021,0.1067,7.2482
UDC,3,7.1940,0.0007,0.1059,7.1940
UDC,102,7.1398,0.0013,0.1051,7.1398
UDC,9,7.0340,0.0009,0.1035,7.0340
UDC,70,5.2764,0.0016,0.0777,5.2764
UDC,96,5.2346,0.0010,0.0770,5.2346
UDC,60,5.1134,0.0014,0.0753,5.1134
UDC,26,4.7910,0.0012,0.0705,4.7910
UDC,44,4.5961,0.0011,0.0676,4.5961
UDC,81,4.4516,0.0011,0.0655,4.4516
UDC,23,4.2839,0.0008,0.0630,4.2839
UDC,39,3.7992,0.0020,0.0559,3.7992
UDC,4,3.7390,0.0009,0.0550,3.7390
UDC,43,3.7097,0.0007,0.0546,3.7097
UDC,33,3.5699,0.0008,0.0525,3.5699
UDC,76,3.5170,0.0004,0.0518,3.5170
UDC,53,2.9912,0.0007,0.0440,2.9912
UDC,25,2.9447,0.0005,0.0433,2.9447
UDC,69,2.9447,0.0011,0.0433,2.9447
UDC,92,2.9447,0.0007,0.0433,2.9447
UDC,12,2.8776,0.0003,0.0423,2.8776
UDC,21,2.8346,0.0005,0.0417,2.8346
UDC,86,2.5950,0.0021,0.0382,2.5950
UDC,59,2.5477,0.0017,0.0375,2.5477
UDC,64,2.5247,0.0012,0.0372,2.5247
UDC,5,2.4370,0.0012,0.0359,2.4370
UDC,42,2.3955,0.0008,0.0353,2.3955
UDC,52,2.3169,0.0010,0.0341,2.3169
UDC,58,2.2980,0.0018,0.0338,2.2980
UDC,89,2.2980,0.0005,0.0338,2.2980
UDC,98,2.2434,0.0009,0.0330,2.2434
UDC,101,2.2085,0.0005,0.0325,2.2085
UDC,56,1.8146,0.0025,0.0267,1.8146
UDC,88,1.6985,0.0009,0.0250,1.6985
UDC,94,1.6681,0.0007,0.0245,1.6681
UDC,2,1.5970,0.0004,0.0235,1.5970
UDC,54,1.5836,0.0006,0.0233,1.5836
UDC,79,1.5320,0.0004,0.0225,1.5320
UDC,49,1.4956,0.0005,0.0220,1.4956
UDC,22,1.4610,0.0005,0.0215,1.4610
UDC,75,1.4173,0.0003,0.0209,1.4173
UDC,100,1.0068,0.0015,0.0148,1.0068
UDC,99,0.9445,0.0015,0.0139,0.9445
UDC,34,0.9349,0.0009,0.0138,0.9349
UDC,51,0.8899,0.0006,0.0131,0.8899
UDC,16,0.8650,0.0004,0.0127,0.8650
UDC,10,0.8492,0.0004,0.0125,0.8492
UDC,84,0.8492,0.0005,0.0125,0.8492
UDC,40,0.8341,0.0005,0.0123,0.8341
UDC,77,0.8267,0.0011,0.0122,0.8267
UDC,57,0.7852,0.0003,0.0116,0.7852
UDC,8,0.7723,0.0003,0.0114,0.7723
UDC,83,0.7660,0.0004,0.0113,0.7660
UDC,37,0.7249,0.0002,0.0107,0.7249
UDC,6,0.7194,0.0001,0.0106,0.7194
UL,0,60.9970,0.0030,0.3841,60.9970
UL,3,52.5159,0.0053,0.3307,52.5159
UL,1,48.5507,0.0033,0.3058,48.5507
UL,6,41.0055,0.0082,0.2582,41.0055
UL,11,35.6100,0.0030,0.2243,35.6100
UL,72,31.1705,0.0042,0.1963,31.1705
UL,76,29.5430,0.0036,0.1860,29.5430
UL,27,27.2312,0.0032,0.1715,27.2312
UL,67,26.0259,0.0035,0.1639,26.0259
UL,9,25.3225,0.0033,0.1595,25.3225
UL,38,22.7084,0.0026,0.1430,22.7084
UL,13,22.4718,0.0034,0.1415,22.4718
UL,30,20.2971,0.0043,0.1278,20.2971
UL,36,20.1431,0.0025,0.1269,20.1431
UL,12,18.7043,0.0023,0.1178,18.7043
UL,89,18.3842,0.0039,0.1158,18.3842
UL,2,18.3657,0.0045,0.1157,18.3657
UL,95,17.6679,0.0059,0.1113,17.6679
UL,83,17.6182,0.0082,0.1110,17.6182
UL,20,17.2655,0.0035,0.1087,17.2655
UL,66,16.5461,0.0019,0.1042,16.5461
UL,33,16.4216,0.0039,0.1034,16.4216
UL,101,16.1956,0.0035,0.1020,16.1956
UL,37,15.9477,0.0040,0.1004,15.9477
UL,46,15.9477,0.0038,0.1004,15.9477
UL,50,15.8292,0.0021,0.0997,15.8292
UL,21,14.8817,0.0029,0.0937,14.8817
UL,90,14.8387,0.0040,0.0934,14.8387
UL,56,14.5167,0.0200,0.0914,14.5167
UL,92,13.9871,0.0035,0.0881,13.9871
UL,29,13.7730,0.0046,0.0867,13.7730
UL,93,13.3549,0.0026,0.0841,13.3549
UL,75,12.7557,0.0030,0.0803,12.7557
UL,41,12.7127,0.0022,0.0801,12.7127
UL,45,12.6129,0.0025,0.0794,12.6129
UL,25,12.5148,0.0021,0.0788,12.5148
UL,17,12.1574,0.0027,0.0766,12.1574
UL,4,11.9649,0.0030,0.0753,11.9649
UL,55,11.5983,0.0028,0.0730,11.5983
UL,32,11.4237,0.0023,0.0719,11.4237
UL,18,11.0425,0.0019,0.0695,11.0425
UL,22,10.9573,0.0038,0.0690,10.9573
UL,49,10.4693,0.0035,0.0659,10.4693
UL,102,9.9957,0.0018,0.0629,9.9957
UL,96,8.9737,0.0018,0.0565,8.9737
UL,54,8.7096,0.0034,0.0548,8.7096
UL,23,8.5678,0.0016,0.0540,8.5678
UL,44,8.4261,0.0020,0.0531,8.4261
UL,43,8.1613,0.0016,0.0514,8.1613
UL,65,8.1613,0.0015,0.0514,8.1613
UL,79,7.6601,0.0022,0.0482,7.6601
UL,7,7.4194,0.0020,0.0467,7.4194
UL,35,6.2813,0.0011,0.0396,6.2813
UL,82,6.2813,0.0039,0.0396,6.2813
UL,24,6.1118,0.0076,0.0385,6.1118
UL,74,6.0787,0.0019,0.0383,6.0787
UL,60,5.8439,0.0016,0.0368,5.8439
UL,28,5.6375,0.0016,0.0355,5.6375
UL,26,5.5896,0.0014,0.0352,5.5896
UL,97,5.4507,0.0015,0.0343,5.4507
UL,8,5.4060,0.0019,0.0340,5.4060
UL,39,5.3189,0.0028,0.0335,5.3189
UL,70,5.2764,0.0016,0.0332,5.2764
UL,98,5.2346,0.0020,0.0330,5.2346
UL,69,5.1532,0.0020,0.0325,5.1532
UL,63,5.0954,0.0051,0.0321,5.0954
UL,85,4.9166,0.0013,0.0310,4.9166
UL,68,4.5961,0.0019,0.0289,4.5961
UL,81,4.4516,0.0011,0.0280,4.4516
UL,64,4.2078,0.0019,0.0265,4.2078
UL,40,4.1703,0.0024,0.0263,4.1703
UL,94,4.1703,0.0017,0.0263,4.1703
UL,52,3.8614,0.0016,0.0243,3.8614
UL,19,3.8572,0.0030,0.0243,3.8572
UL,99,3.7778,0.0061,0.0238,3.7778
UL,53,3.7390,0.0009,0.0235,3.7390
UL,87,3.7390,0.0030,0.0235,3.7390
UL,31,3.4925,0.0015,0.0220,3.4925
UL,16,3.4600,0.0016,0.0218,3.4600
UL,10,3.3969,0.0014,0.0214,3.3969
UL,62,3.3663,0.0089,0.0212,3.3663
UL,91,3.1940,0.0023,0.0201,3.1940
UL,100,3.0204,0.0046,0.0190,3.0204
UL,14,2.5950,0.0009,0.0163,2.5950
UL,86,2.5950,0.0021,0.0163,2.5950
UL,59,2.5477,0.0017,0.0160,2.5477
UL,42,2.3955,0.0008,0.0151,2.3955
UL,73,2.3555,0.0008,0.0148,2.3555
UL,58,2.2980,0.0018,0.0145,2.2980
UL,34,1.8697,0.0018,0.0118,1.8697
UL,80,1.8146,0.0008,0.0114,1.8146
UL,47,1.7141,0.0017,0.0108,1.7141
UL,84,1.6985,0.0010,0.0107,1.6985
UL,88,1.6985,0.0009,0.0107,1.6985
UL,77,1.6534,0.0021,0.0104,1.6534
UL,5,1.6247,0.0008,0.0102,1.6247
UL,57,1.5703,0.0007,0.0099,1.5703
UL,48,1.0415,0.0023,0.0066,1.0415
UL,15,0.9746,0.0010,0.0061,0.9746
UL,61,0.8899,0.0007,0.0056,0.8899
UL,78,0.8492,0.0006,0.0053,0.8492
V2X,0,79.7119,0.0039,0.3880,79.7119
V2X,1,60.6884,0.0042,0.2954,60.6884
V2X,11,53.7642,0.0045,0.2617,53.7642
V2X,9,46.4246,0.0060,0.2260,46.4246
V2X,12,45.3219,0.0055,0.2206,45.3219
V2X,98,42.6249,0.0163,0.2075,42.6249
V2X,27,39.7995,0.0047,0.1937,39.7995
V2X,66,39.5667,0.0046,0.1926,39.5667
V2X,13,36.2448,0.0054,0.1764,36.2448
V2X,30,36.2448,0.0076,0.1764,36.2448
V2X,102,35.6991,0.0065,0.1738,35.6991
V2X,36,35.2504,0.0043,0.1716,35.2504
V2X,38,33.7186,0.0038,0.1641,33.7186
V2X,43,31.9033,0.0063,0.1553,31.9033
V2X,45,31.9033,0.0064,0.1553,31.9033
V2X,50,27.8896,0.0037,0.1357,27.8896
V2X,67,26.0259,0.0035,0.1267,26.0259
V2X,41,25.4254,0.0045,0.1237,25.4254
V2X,76,25.3225,0.0031,0.1232,25.3225
V2X,72,23.9216,0.0032,0.1164,23.9216
V2X,89,23.7463,0.0050,0.1156,23.7463
V2X,3,23.7400,0.0024,0.1155,23.7400
V2X,25,21.3488,0.0036,0.1039,21.3488
V2X,60,21.1841,0.0056,0.1031,21.1841
V2X,53,20.9386,0.0051,0.1019,20.9386
V2X,92,19.8764,0.0049,0.0967,19.8764
V2X,96,19.4429,0.0038,0.0946,19.4429
V2X,81,19.2904,0.0050,0.0939,19.2904
V2X,23,17.8495,0.0032,0.0869,17.8495
V2X,93,17.8065,0.0035,0.0867,17.8065
V2X,65,17.0646,0.0032,0.0831,17.0646
V2X,79,16.0862,0.0045,0.0783,16.0862
V2X,18,13.9871,0.0024,0.0681,13.9871
V2X,101,13.9871,0.0030,0.0681,13.9871
V2X,44,13.7882,0.0033,0.0671,13.7882
V2X,21,12.7557,0.0025,0.0621,12.7557
V2X,4,12.7127,0.0032,0.0619,12.7127
V2X,46,12.3232,0.0029,0.0600,12.3232
V2X,55,12.3232,0.0030,0.0600,12.3232
V2X,6,11.5103,0.0023,0.0560,11.5103
V2X,29,10.8734,0.0036,0.0529,10.8734
V2X,37,10.8734,0.0027,0.0529,10.8734
V2X,32,10.7097,0.0021,0.0521,10.7097
V2X,17,10.6377,0.0023,0.0518,10.6377
V2X,75,10.6298,0.0025,0.0517,10.6298
V2X,70,10.5528,0.0033,0.0514,10.5528
V2X,95,10.3063,0.0034,0.0502,10.3063
V2X,35,10.2072,0.0018,0.0497,10.2072
V2X,20,10.0715,0.0020,0.0490,10.0715
V2X,94,10.0086,0.0041,0.0487,10.0086
V2X,33,9.9957,0.0024,0.0487,9.9957
V2X,58,9.1921,0.0072,0.0447,9.1921
V2X,86,8.6500,0.0070,0.0421,8.6500
V2X,59,8.4923,0.0058,0.0413,8.4923
V2X,74,8.3582,0.0026,0.0407,8.3582
V2X,7,8.1613,0.0022,0.0397,8.1613
V2X,90,8.1613,0.0022,0.0397,8.1613
V2X,2,7.9851,0.0019,0.0389,7.9851
V2X,52,7.7228,0.0033,0.0376,7.7228
V2X,68,6.8941,0.0029,0.0336,6.8941
V2X,85,6.5555,0.0017,0.0319,6.5555
V2X,26,6.3881,0.0017,0.0311,6.3881
V2X,97,6.2294,0.0017,0.0303,6.2294
V2X,24,5.2387,0.0065,0.0255,5.2387
V2X,49,5.2346,0.0017,0.0255,5.2346
V2X,87,5.2346,0.0042,0.0255,5.2346
V2X,69,5.1532,0.0020,0.0251,5.1532
V2X,22,5.1134,0.0018,0.0249,5.1134
V2X,54,4.7507,0.0019,0.0231,4.7507
V2X,57,4.7110,0.0020,0.0229,4.7110
V2X,8,4.6337,0.0017,0.0226,4.6337
V2X,88,4.2461,0.0021,0.0207,4.2461
V2X,28,4.0268,0.0011,0.0196,4.0268
V2X,73,3.9258,0.0013,0.0191,3.9258
V2X,39,3.7992,0.0020,0.0185,3.7992
V2X,16,3.4600,0.0016,0.0168,3.4600
V2X,47,3.4281,0.0035,0.0167,3.4281
V2X,10,3.3969,0.0014,0.0165,3.3969
V2X,64,3.3663,0.0016,0.0164,3.3663
V2X,5,3.2493,0.0017,0.0158,3.2493
V2X,91,3.1940,0.0023,0.0155,3.1940
V2X,34,2.8046,0.0027,0.0137,2.8046
V2X,56,2.7219,0.0038,0.0132,2.7219
V2X,31,2.6194,0.0011,0.0127,2.6194
V2X,14,2.5950,0.0009,0.0126,2.5950
V2X,63,2.5477,0.0026,0.0124,2.5477
V2X,62,2.5247,0.0067,0.0123,2.5247
V2X,77,2.4800,0.0032,0.0121,2.4800
V2X,82,2.3555,0.0015,0.0115,2.3555
V2X,83,2.2980,0.0011,0.0112,2.2980
V2X,80,1.8146,0.0008,0.0088,1.8146
V2X,78,1.6985,0.0012,0.0083,1.6985
V2X,40,1.6681,0.0009,0.0081,1.6681
V2X,42,1.5970,0.0005,0.0078,1.5970
V2X,100,1.0068,0.0015,0.0049,1.0068
V2X,15,0.9746,0.0010,0.0047,0.9746
V2X,99,0.9445,0.0015,0.0046,0.9445
V2X,51,0.8899,0.0006,0.0043,0.8899
Visionox,1,103.5273,0.0071,0.4167,103.5273
Visionox,0,88.7228,0.0044,0.3571,88.7228
Visionox,50,65.5781,0.0087,0.2640,65.5781
Visionox,66,64.7456,0.0076,0.2606,64.7456
Visionox,36,56.8322,0.0069,0.2288,56.8322
Visionox,11,56.5571,0.0047,0.2277,56.5571
Visionox,13,55.8170,0.0084,0.2247,55.8170
Visionox,93,52.6776,0.0102,0.2120,52.6776
Visionox,72,52.1925,0.0071,0.2101,52.1925
Visionox,44,45.9605,0.0109,0.1850,45.9605
Visionox,41,37.3903,0.0066,0.1505,37.3903
Visionox,3,33.8116,0.0034,0.1361,33.8116
Visionox,17,33.4329,0.0073,0.1346,33.4329
Visionox,30,33.3452,0.0070,0.1342,33.3452
Visionox,67,32.3566,0.0043,0.1302,32.3566
Visionox,18,30.1827,0.0052,0.1215,30.1827
Visionox,76,28.1361,0.0034,0.1133,28.1361
Visionox,102,27.8453,0.0051,0.1121,27.8453
Visionox,35,25.9105,0.0046,0.1043,25.9105
Visionox,7,23.7420,0.0063,0.0956,23.7420
Visionox,38,22.7084,0.0026,0.0914,22.7084
Visionox,45,21.5162,0.0043,0.0866,21.5162
Visionox,27,20.9471,0.0025,0.0843,20.9471
Visionox,12,20.8625,0.0025,0.0840,20.8625
Visionox,92,20.6126,0.0051,0.0830,20.6126
Visionox,9,20.3987,0.0026,0.0821,20.3987
Visionox,95,19.1403,0.0064,0.0770,19.1403
Visionox,23,17.8495,0.0032,0.0718,17.8495
Visionox,65,17.8065,0.0033,0.0717,17.8065
Visionox,74,17.4763,0.0054,0.0703,17.4763
Visionox,29,17.3975,0.0058,0.0700,17.3975
Visionox,81,16.3226,0.0042,0.0657,16.3226
Visionox,28,16.1072,0.0046,0.0648,16.1072
Visionox,97,15.5734,0.0042,0.0627,15.5734
Visionox,70,15.0754,0.0047,0.0607,15.0754
Visionox,85,14.7499,0.0039,0.0594,14.7499
Visionox,79,14.5542,0.0041,0.0586,14.5542
Visionox,26,13.5746,0.0035,0.0546,13.5746
Visionox,98,12.7127,0.0049,0.0512,12.7127
Visionox,90,12.6129,0.0034,0.0508,12.6129
Visionox,64,11.7819,0.0054,0.0474,11.7819
Visionox,46,10.8734,0.0026,0.0438,10.8734
Visionox,68,9.9581,0.0041,0.0401,9.9581
Visionox,6,9.3521,0.0019,0.0376,9.3521
Visionox,5,8.9357,0.0046,0.0360,8.9357
Visionox,33,8.5678,0.0020,0.0345,8.5678
Visionox,75,8.5038,0.0020,0.0342,8.5038
Visionox,53,8.2259,0.0020,0.0331,8.2259
Visionox,25,8.0978,0.0014,0.0326,8.0978
Visionox,60,8.0353,0.0021,0.0323,8.0353
Visionox,54,7.9178,0.0031,0.0319,7.9178
Visionox,31,7.8581,0.0033,0.0316,7.8581
Visionox,20,7.1940,0.0014,0.0290,7.1940
Visionox,52,6.9506,0.0029,0.0280,6.9506
Visionox,14,6.9200,0.0025,0.0279,6.9200
Visionox,49,6.7303,0.0022,0.0271,6.7303
Visionox,22,6.5744,0.0023,0.0265,6.5744
Visionox,16,6.0550,0.0029,0.0244,6.0550
Visionox,10,5.9446,0.0025,0.0239,5.9446
Visionox,56,5.4438,0.0075,0.0219,5.4438
Visionox,101,5.1532,0.0011,0.0207,5.1532
Visionox,21,4.9606,0.0010,0.0200,4.9606
Visionox,2,4.7910,0.0012,0.0193,4.7910
Visionox,99,4.7223,0.0076,0.0190,4.7223
Visionox,57,4.7110,0.0020,0.0190,4.7110
Visionox,89,4.5961,0.0010,0.0185,4.5961
Visionox,87,4.4868,0.0036,0.0181,4.4868
Visionox,96,4.4868,0.0009,0.0181,4.4868
Visionox,37,4.3494,0.0011,0.0175,4.3494
Visionox,55,4.3494,0.0010,0.0175,4.3494
Visionox,32,4.2839,0.0008,0.0172,4.2839
Visionox,40,4.1703,0.0024,0.0168,4.1703
Visionox,8,3.8614,0.0014,0.0155,3.8614
Visionox,43,3.7097,0.0007,0.0149,3.7097
Visionox,71,3.5360,0.0107,0.0142,3.5360
Visionox,88,3.3969,0.0017,0.0137,3.3969
Visionox,82,3.1407,0.0020,0.0126,3.1407
Visionox,83,3.0640,0.0014,0.0123,3.0640
Visionox,19,2.8929,0.0023,0.0116,2.8929
Visionox,61,2.6696,0.0022,0.0107,2.6696
Visionox,63,2.5477,0.0026,0.0103,2.5477
Visionox,78,2.5477,0.0018,0.0103,2.5477
Visionox,73,2.3555,0.0008,0.0095,2.3555
Visionox,39,2.2795,0.0012,0.0092,2.2795
Visionox,24,1.7462,0.0022,0.0070,1.7462
Visionox,47,1.7141,0.0017,0.0069,1.7141
Visionox,42,1.5970,0.0005,0.0064,1.5970
Visionox,91,1.5970,0.0011,0.0064,1.5970
Visionox,58,1.5320,0.0012,0.0062,1.5320
Visionox,4,1.4956,0.0004,0.0060,1.4956
Visionox,69,1.4723,0.0006,0.0059,1.4723
Visionox,80,0.9073,0.0004,0.0037,0.9073
Visionox,51,0.8899,0.0006,0.0036,0.8899
Visionox,84,0.8492,0.0005,0.0034,0.8492
Visionox,94,0.8341,0.0003,0.0034,0.8341
Visionox,77,0.8267,0.0011,0.0033,0.8267
구글,0,620.3667,0.0305,0.3832,679.0534
구글,14,514.6735,0.1870,0.3179,563.3616
구글,57,435.7672,0.1806,0.2692,476.9907
구글,38,405.9994,0.0461,0.2508,444.4070
구글,65,331.6460,0.0623,0.2049,363.0197
구글,32,302.7281,0.0599,0.1870,331.3661
구글,11,282.0874,0.0234,0.1742,308.7729
구글,35,281.8746,0.0502,0.1741,308.5400
구글,55,260.9625,0.0626,0.1612,285.6496
구글,76,252.5219,0.0307,0.1560,276.4105
구글,1,242.7536,0.0167,0.1500,265.7181
구글,20,233.8035,0.0468,0.1444,255.9213
구글,21,229.6030,0.0444,0.1418,251.3235
구글,75,223.2252,0.0518,0.1379,244.3423
구글,27,212.9621,0.0252,0.1315,233.1083
구글,6,208.6247,0.0416,0.1289,228.3606
구글,26,190.8433,0.0494,0.1179,208.8971
구글,23,187.7771,0.0340,0.1160,205.5408
구글,12,187.7622,0.0228,0.1160,205.5245
구글,37,182.6738,0.0457,0.1128,199.9547
구글,3,182.0070,0.0183,0.1124,199.2249
구글,9,172.3339,0.0222,0.1065,188.6367
구글,25,170.0540,0.0287,0.1050,186.1411
구글,28,163.4879,0.0465,0.1010,178.9539
구글,67,163.1897,0.0216,0.1008,178.6274
구글,85,154.0549,0.0410,0.0952,168.6285
구글,43,152.8391,0.0301,0.0944,167.2977
구글,97,151.0619,0.0404,0.0933,165.3523
구글,33,142.0823,0.0338,0.0878,155.5233
구글,101,138.3989,0.0299,0.0855,151.4915
구글,53,132.3616,0.0325,0.0818,144.8830
구글,31,130.0947,0.0554,0.0804,142.4016
구글,69,128.8288,0.0499,0.0796,141.0160
구글,102,125.6607,0.0230,0.0776,137.5482
구글,18,120.7310,0.0208,0.0746,132.1521
구글,50,119.8497,0.0159,0.0740,131.1875
구글,4,112.1708,0.0279,0.0693,122.7822
구글,73,111.4936,0.0360,0.0689,122.0409
구글,49,109.9274,0.0363,0.0679,120.3266
구글,45,109.8067,0.0219,0.0678,120.1944
구글,22,109.5727,0.0382,0.0677,119.9383
구글,72,108.0095,0.0146,0.0667,118.2272
구글,13,105.8348,0.0159,0.0654,115.8468
구글,42,104.6045,0.0347,0.0646,114.5001
구글,10,104.4549,0.0444,0.0645,114.3363
구글,36,102.8735,0.0126,0.0635,112.6054
구글,30,100.0356,0.0210,0.0618,109.4990
구글,16,97.7447,0.0462,0.0604,106.9914
구글,51,91.6553,0.0588,0.0566,100.3259
구글,66,91.3632,0.0107,0.0564,100.0062
구글,58,88.8570,0.0695,0.0549,97.2629
구글,64,85.8399,0.0396,0.0530,93.9603
구글,7,85.3228,0.0228,0.0527,93.3943
구글,89,85.0269,0.0179,0.0525,93.0705
구글,46,83.3630,0.0199,0.0515,91.2492
구글,96,81.5108,0.0161,0.0504,89.2217
구글,68,81.1969,0.0338,0.0502,88.8781
구글,60,81.0838,0.0216,0.0501,88.7543
구글,81,77.9034,0.0201,0.0481,85.2731
구글,48,77.0676,0.1670,0.0476,84.3582
구글,90,74.9357,0.0203,0.0463,82.0246
구글,41,73.2849,0.0129,0.0453,80.2177
구글,8,72.5947,0.0259,0.0448,79.4622
구글,92,71.4080,0.0176,0.0441,78.1632
구글,54,71.2600,0.0281,0.0440,78.0012
구글,17,69.9051,0.0154,0.0432,76.5182
구글,93,69.7421,0.0135,0.0431,76.3397
구글,83,68.9408,0.0322,0.0426,75.4626
구글,80,66.2325,0.0296,0.0409,72.4981
구글,2,64.6791,0.0158,0.0400,70.7978
구글,98,64.3113,0.0246,0.0397,70.3951
구글,40,63.3880,0.0358,0.0392,69.3845
구글,91,60.6866,0.0431,0.0375,66.4275
구글,59,60.2951,0.0413,0.0372,65.9990
구글,29,59.4415,0.0197,0.0367,65.0646
구글,74,59.2674,0.0182,0.0366,64.8741
구글,79,54.3866,0.0153,0.0336,59.5316
구글,39,52.4289,0.0278,0.0324,57.3886
구글,70,52.0103,0.0162,0.0321,56.9304
구글,61,50.7219,0.0416,0.0313,55.5202
구글,44,49.7906,0.0118,0.0308,54.5007
구글,87,44.8683,0.0362,0.0277,49.1129
구글,86,44.1149,0.0355,0.0273,48.2881
구글,95,42.6975,0.0142,0.0264,46.7367
구글,82,41.6138,0.0261,0.0257,45.5505
구글,34,38.3296,0.0368,0.0237,41.9555
구글,88,37.3660,0.0187,0.0231,40.9008
구글,77,37.2005,0.0480,0.0230,40.7197
구글,94,36.6983,0.0151,0.0227,40.1700
구글,63,35.6675,0.0360,0.0220,39.0417
구글,56,35.3845,0.0488,0.0219,38.7319
구글,78,31.4214,0.0226,0.0194,34.3938
구글,52,30.1191,0.0127,0.0186,32.9684
구글,47,26.5681,0.0270,0.0164,29.0814
구글,99,26.4449,0.0427,0.0163,28.9466
구글,84,26.3260,0.0156,0.0163,28.8165
구글,15,21.4403,0.0226,0.0132,23.4686
구글,100,21.1429,0.0322,0.0131,23.1430
구글,24,18.3355,0.0228,0.0113,20.0700
구글,62,15.1482,0.0399,0.0094,16.5812
구글,19,14.4645,0.0114,0.0089,15.8328
구글,5,12.9974,0.0066,0.0080,14.2269
구글,71,2.3573,0.0071,0.0015,2.5803
기아,0,238.4426,0.0117,0.3212,238.4426
기아,9,228.6062,0.0294,0.3080,228.6062
기아,11,212.9621,0.0177,0.2869,212.9621
기아,27,189.2220,0.0224,0.2549,189.2220
기아,1,152.7920,0.0105,0.2059,152.7920
기아,96,132.3616,0.0261,0.1783,132.3616
기아,8,125.1101,0.0446,0.1686,125.1101
기아,60,121.9910,0.0324,0.1644,121.9910
기아,67,114.6548,0.0152,0.1545,114.6548
기아,46,112.3589,0.0268,0.1514,112.3589
기아,38,109.4134,0.0124,0.1474,109.4134
기아,102,103.5273,0.0189,0.1395,103.5273
기아,25,103.0630,0.0174,0.1389,103.0630
기아,36,102.8735,0.0126,0.1386,102.8735
기아,3,99.9960,0.0101,0.1347,99.9960
기아,72,99.3107,0.0134,0.1338,99.3107
기아,90,96.4519,0.0261,0.1299,96.4519
기아,12,96.3990,0.0117,0.1299,96.3990
기아,76,94.2561,0.0115,0.1270,94.2561
기아,30,93.5116,0.0197,0.1260,93.5116
기아,13,92.0618,0.0138,0.1240,92.0618
기아,101,83.1866,0.0180,0.1121,83.1866
기아,66,82.0111,0.0096,0.1105,82.0111
기아,74,80.5429,0.0248,0.1085,80.5429
기아,4,80.0152,0.0199,0.1078,80.0152
기아,23,79.2519,0.0144,0.1068,79.2519
기아,81,75.6776,0.0195,0.1020,75.6776
기아,69,72.8803,0.0283,0.0982,72.8803
기아,88,69.6366,0.0349,0.0938,69.6366
기아,92,69.1995,0.0171,0.0932,69.1995
기아,33,66.4003,0.0158,0.0895,66.4003
기아,42,63.0821,0.0209,0.0850,63.0821
기아,21,61.6527,0.0119,0.0831,61.6527
기아,41,59.0766,0.0104,0.0796,59.0766
기아,89,58.9827,0.0124,0.0795,58.9827
기아,53,58.3288,0.0143,0.0786,58.3288
기아,45,57.1292,0.0114,0.0770,57.1292
기아,43,56.3872,0.0111,0.0760,56.3872
기아,50,54.2716,0.0072,0.0731,54.2716
기아,49,53.8420,0.0178,0.0725,53.8420
기아,22,52.5949,0.0183,0.0709,52.5949
기아,32,52.1206,0.0103,0.0702,52.1206
기아,20,51.7965,0.0104,0.0698,51.7965
기아,18,50.7954,0.0088,0.0684,50.7954
기아,70,47.4876,0.0148,0.0640,47.4876
기아,75,46.7710,0.0109,0.0630,46.7710
기아,37,46.3933,0.0116,0.0625,46.3933
기아,83,45.9605,0.0214,0.0619,45.9605
기아,29,45.6684,0.0152,0.0615,45.6684
기아,55,45.6684,0.0110,0.0615,45.6684
기아,65,45.2582,0.0085,0.0610,45.2582
기아,97,45.1628,0.0121,0.0608,45.1628
기아,93,44.5162,0.0086,0.0600,44.5162
기아,91,43.1194,0.0306,0.0581,43.1194
기아,28,41.0733,0.0117,0.0553,41.0733
기아,6,41.0055,0.0082,0.0552,41.0055
기아,98,40.3815,0.0155,0.0544,40.3815
기아,64,39.5537,0.0182,0.0533,39.5537
기아,95,37.5444,0.0125,0.0506,37.5444
기아,35,36.9028,0.0066,0.0497,36.9028
기아,44,36.7684,0.0087,0.0495,36.7684
기아,17,36.4723,0.0080,0.0491,36.4723
기아,73,36.1176,0.0117,0.0487,36.1176
기아,85,36.0554,0.0096,0.0486,36.0554
기아,87,35.8947,0.0289,0.0484,35.8947
기아,79,35.2364,0.0099,0.0475,35.2364
기아,2,35.1343,0.0086,0.0473,35.1343
기아,39,34.1927,0.0182,0.0461,34.1927
기아,82,33.7621,0.0212,0.0455,33.7621
기아,10,33.1198,0.0141,0.0446,33.1198
기아,7,31.1614,0.0083,0.0420,31.1614
기아,26,31.1418,0.0081,0.0420,31.1418
기아,54,30.8793,0.0122,0.0416,30.8793
기아,68,29.8743,0.0124,0.0402,29.8743
기아,61,29.3653,0.0241,0.0396,29.3653
기아,78,28.8737,0.0208,0.0389,28.8737
기아,16,28.5449,0.0135,0.0385,28.5449
기아,94,28.3578,0.0117,0.0382,28.3578
기아,84,24.6276,0.0146,0.0332,24.6276
기아,57,22.7698,0.0094,0.0307,22.7698
기아,58,21.4482,0.0168,0.0289,21.4482
기아,14,20.7599,0.0075,0.0280,20.7599
기아,63,20.3814,0.0206,0.0275,20.3814
기아,52,20.0794,0.0085,0.0271,20.0794
기아,80,19.9605,0.0089,0.0269,19.9605
기아,15,19.4912,0.0205,0.0263,19.4912
기아,24,18.3355,0.0228,0.0247,18.3355
기아,77,17.3603,0.0224,0.0234,17.3603
기아,62,16.8313,0.0443,0.0227,16.8313
기아,47,16.2837,0.0165,0.0219,16.2837
기아,59,16.1353,0.0110,0.0217,16.1353
기아,51,16.0174,0.0103,0.0216,16.0174
기아,100,14.0953,0.0215,0.0190,14.0953
기아,40,10.8427,0.0061,0.0146,10.8427
기아,19,10.6073,0.0084,0.0143,10.6073
기아,31,10.4774,0.0045,0.0141,10.4774
기아,99,10.3891,0.0168,0.0140,10.3891
기아,86,9.5150,0.0077,0.0128,9.5150
기아,48,8.3316,0.0181,0.0112,8.3316
기아,5,7.3110,0.0037,0.0098,7.3110
기아,34,6.5441,0.0063,0.0088,6.5441
기아,56,3.6292,0.0050,0.0049,3.6292
기아,71,2.3573,0.0071,0.0032,2.3573
기아자동차,9,19.6953,0.0025,0.3499,19.6953
기아자동차,0,17.3287,0.0009,0.3079,17.3287
기아자동차,1,16.4216,0.0011,0.2918,16.4216
기아자동차,8,12.3566,0.0044,0.2195,12.3566
기아자동차,11,11.8700,0.0010,0.2109,11.8700
기아자동차,27,11.1718,0.0013,0.1985,11.1718
기아자동차,23,10.7097,0.0019,0.1903,10.7097
기아자동차,3,10.0715,0.0010,0.1790,10.0715
기아자동차,102,9.2818,0.0017,0.1649,9.2818
기아자동차,96,8.9737,0.0018,0.1594,8.9737
기아자동차,76,8.4408,0.0010,0.1500,8.4408
기아자동차,38,8.2576,0.0009,0.1467,8.2576
기아자동차,101,8.0978,0.0017,0.1439,8.0978
기아자동차,67,7.7374,0.0010,0.1375,7.7374
기아자동차,65,7.4194,0.0014,0.1318,7.4194
기아자동차,46,7.2490,0.0017,0.1288,7.2490
기아자동차,33,7.1398,0.0017,0.1269,7.1398
기아자동차,92,6.6255,0.0016,0.1177,6.6255
기아자동차,60,6.5744,0.0017,0.1168,6.5744
기아자동차,72,6.5241,0.0009,0.1159,6.5241
기아자동차,35,6.2813,0.0011,0.1116,6.2813
기아자동차,73,6.2813,0.0020,0.1116,6.2813
기아자동차,43,5.9355,0.0012,0.1055,5.9355
기아자동차,81,5.9355,0.0015,0.1055,5.9355
기아자동차,13,5.7992,0.0009,0.1030,5.7992
기아자동차,85,5.7361,0.0015,0.1019,5.7361
기아자동차,4,5.2346,0.0013,0.0930,5.2346
기아자동차,53,5.2346,0.0013,0.0930,5.2346
기아자동차,98,5.2346,0.0020,0.0930,5.2346
기아자동차,45,5.1936,0.0010,0.0923,5.1936
기아자동차,25,5.1532,0.0009,0.0916,5.1532
기아자동차,66,5.0358,0.0006,0.0895,5.0358
기아자동차,32,4.9979,0.0010,0.0888,4.9979
기아자동차,74,4.5590,0.0014,0.0810,4.5590
기아자동차,50,4.5226,0.0006,0.0804,4.5226
기아자동차,41,4.4868,0.0008,0.0797,4.4868
기아자동차,90,4.4516,0.0012,0.0791,4.4516
기아자동차,18,4.4170,0.0008,0.0785,4.4170
기아자동차,69,4.4170,0.0017,0.0785,4.4170
기아자동차,12,4.3164,0.0005,0.0767,4.3164
기아자동차,21,4.2519,0.0008,0.0755,4.2519
기아자동차,42,3.9925,0.0013,0.0709,3.9925
기아자동차,97,3.8933,0.0010,0.0692,3.8933
기아자동차,49,3.7390,0.0012,0.0664,3.7390
기아자동차,93,3.7097,0.0007,0.0659,3.7097
기아자동차,22,3.6524,0.0013,0.0649,3.6524
기아자동차,6,3.5970,0.0007,0.0639,3.5970
기아자동차,36,3.5970,0.0004,0.0639,3.5970
기아자동차,75,3.5433,0.0008,0.0630,3.5433
기아자동차,2,3.1940,0.0008,0.0568,3.1940
기아자동차,26,3.1940,0.0008,0.0568,3.1940
기아자동차,82,3.1407,0.0020,0.0558,3.1407
기아자동차,58,3.0640,0.0024,0.0544,3.0640
기아자동차,68,3.0640,0.0013,0.0544,3.0640
기아자동차,89,3.0640,0.0006,0.0544,3.0640
기아자동차,70,3.0151,0.0009,0.0536,3.0151
기아자동차,20,2.8776,0.0006,0.0511,2.8776
기아자동차,88,2.5477,0.0013,0.0453,2.5477
기아자동차,62,2.5247,0.0067,0.0449,2.5247
기아자동차,94,2.5022,0.0010,0.0445,2.5022
기아자동차,54,2.3753,0.0009,0.0422,2.3753
기아자동차,83,2.2980,0.0011,0.0408,2.2980
기아자동차,17,2.2795,0.0005,0.0405,2.2795
기아자동차,87,2.2434,0.0018,0.0399,2.2434
기아자동차,95,2.2085,0.0007,0.0392,2.2085
기아자동차,29,2.1747,0.0007,0.0386,2.1747
기아자동차,30,2.1747,0.0005,0.0386,2.1747
기아자동차,37,2.1747,0.0005,0.0386,2.1747
기아자동차,55,2.1747,0.0005,0.0386,2.1747
기아자동차,99,1.8889,0.0030,0.0336,1.8889
기아자동차,80,1.8146,0.0008,0.0322,1.8146
기아자동차,16,1.7300,0.0008,0.0307,1.7300
기아자동차,47,1.7141,0.0017,0.0305,1.7141
기아자동차,10,1.6985,0.0007,0.0302,1.6985
기아자동차,59,1.6985,0.0012,0.0302,1.6985
기아자동차,63,1.6985,0.0017,0.0302,1.6985
기아자동차,78,1.6985,0.0012,0.0302,1.6985
기아자동차,77,1.6534,0.0021,0.0294,1.6534
기아자동차,5,1.6247,0.0008,0.0289,1.6247
기아자동차,28,1.6107,0.0005,0.0286,1.6107
기아자동차,91,1.5970,0.0011,0.0284,1.5970
기아자동차,52,1.5446,0.0007,0.0274,1.5446
기아자동차,79,1.5320,0.0004,0.0272,1.5320
기아자동차,7,1.4839,0.0004,0.0264,1.4839
기아자동차,34,0.9349,0.0009,0.0166,0.9349
기아자동차,86,0.8650,0.0007,0.0154,0.8650
기아자동차,64,0.8416,0.0004,0.0150,0.8416
기아자동차,40,0.8341,0.0005,0.0148,0.8341
기아자동차,57,0.7852,0.0003,0.0140,0.7852
기아자동차,44,0.7660,0.0002,0.0136,0.7660
기아차,1,4.9979,0.0003,0.3231,4.9979
기아차,27,4.1894,0.0005,0.2708,4.1894
기아차,8,3.8614,0.0014,0.2496,3.8614
기아차,49,3.7390,0.0012,0.2417,3.7390
기아차,22,3.6524,0.0013,0.2361,3.6524
기아차,41,2.9912,0.0005,0.1934,2.9912
기아차,98,2.9912,0.0011,0.1934,2.9912
기아차,90,2.9677,0.0008,0.1918,2.9677
기아차,69,2.9447,0.0011,0.1903,2.9447
기아차,46,2.8996,0.0007,0.1874,2.8996
기아차,23,2.8559,0.0005,0.1846,2.8559
기아차,33,2.8559,0.0007,0.1846,2.8559
기아차,11,2.7929,0.0002,0.1805,2.7929
기아차,91,2.3955,0.0017,0.1548,2.3955
기아차,74,2.2795,0.0007,0.1473,2.2795
기아차,53,2.2434,0.0006,0.1450,2.2434
기아차,81,2.2258,0.0006,0.1439,2.2258
기아차,3,2.1582,0.0002,0.1395,2.1582
기아차,66,2.1582,0.0003,0.1395,2.1582
기아차,67,2.1102,0.0003,0.1364,2.1102
기아차,76,2.1102,0.0003,0.1364,2.1102
기아차,0,2.0794,0.0001,0.1344,2.0794
기아차,38,2.0644,0.0002,0.1334,2.0644
기아차,54,1.5836,0.0006,0.1024,1.5836
기아차,82,1.5703,0.0010,0.1015,1.5703
기아차,52,1.5446,0.0007,0.0998,1.5446
기아차,68,1.5320,0.0006,0.0990,1.5320
기아차,4,1.4956,0.0004,0.0967,1.4956
기아차,96,1.4956,0.0003,0.0967,1.4956
기아차,25,1.4723,0.0002,0.0952,1.4723
기아차,101,1.4723,0.0003,0.0952,1.4723
기아차,60,1.4610,0.0004,0.0944,1.4610
기아차,102,1.4280,0.0003,0.0923,1.4280
기아차,21,1.4173,0.0003,0.0916,1.4173
기아차,9,1.4068,0.0002,0.0909,1.4068
기아차,15,0.9746,0.0010,0.0630,0.9746
기아차,51,0.8899,0.0006,0.0575,0.8899
기아차,62,0.8416,0.0022,0.0544,0.8416
기아차,85,0.8194,0.0002,0.0530,0.8194
기아차,5,0.8123,0.0004,0.0525,0.8123
기아차,42,0.7985,0.0003,0.0516,0.7985
기아차,73,0.7852,0.0003,0.0508,0.7852
기아차,97,0.7787,0.0002,0.0503,0.7787
기아차,58,0.7660,0.0006,0.0495,0.7660
기아차,79,0.7660,0.0002,0.0495,0.7660
기아차,83,0.7660,0.0004,0.0495,0.7660
기아차,70,0.7538,0.0002,0.0487,0.7538
기아차,7,0.7419,0.0002,0.0480,0.7419
기아차,43,0.7419,0.0001,0.0480,0.7419
기아차,45,0.7419,0.0001,0.0480,0.7419
기아차,18,0.7362,0.0001,0.0476,0.7362
기아차,92,0.7362,0.0002,0.0476,0.7362
기아차,30,0.7249,0.0002,0.0469,0.7249
기아차,55,0.7249,0.0002,0.0469,0.7249
기아차,36,0.7194,0.0001,0.0465,0.7194
네이버,0,325.7792,0.0160,0.3599,325.7792
네이버,38,200.9353,0.0228,0.2220,200.9353
네이버,1,180.6373,0.0124,0.1995,180.6373
네이버,11,169.6714,0.0141,0.1874,169.6714
네이버,3,145.3179,0.0146,0.1605,145.3179
네이버,35,145.2557,0.0258,0.1604,145.2557
네이버,32,142.7963,0.0283,0.1577,142.7963
네이버,12,135.9657,0.0165,0.1502,135.9657
네이버,76,132.9433,0.0162,0.1468,132.9433
네이버,55,129.7564,0.0311,0.1433,129.7564
네이버,27,127.0790,0.0150,0.1404,127.0790
네이버,9,123.7990,0.0159,0.1367,123.7990
네이버,14,121.9646,0.0443,0.1347,121.9646
네이버,65,117.9680,0.0222,0.1303,117.9680
네이버,20,115.1033,0.0230,0.1271,115.1033
네이버,42,112.5896,0.0374,0.1244,112.5896
네이버,72,111.6340,0.0151,0.1233,111.6340
네이버,26,110.9926,0.0287,0.1226,110.9926
네이버,6,110.0675,0.0220,0.1216,110.0675
네이버,23,109.9531,0.0199,0.1215,109.9531
네이버,67,109.0276,0.0145,0.1204,109.0276
네이버,21,108.4237,0.0210,0.1198,108.4237
네이버,33,105.6692,0.0251,0.1167,105.6692
네이버,57,103.6419,0.0430,0.1145,103.6419
네이버,50,101.7592,0.0135,0.1124,101.7592
네이버,4,101.7016,0.0253,0.1123,101.7016
네이버,36,101.4348,0.0124,0.1120,101.4348
네이버,101,97.9099,0.0211,0.1081,97.9099
네이버,75,97.0852,0.0225,0.1072,97.0852
네이버,47,96.8450,0.0983,0.1070,96.8450
네이버,66,93.5214,0.0109,0.1033,93.5214
네이버,25,92.7567,0.0157,0.1025,92.7567
네이버,18,90.5482,0.0156,0.1000,90.5482
네이버,91,90.2314,0.0641,0.0997,90.2314
네이버,13,89.8871,0.0135,0.0993,89.8871
네이버,96,89.7367,0.0177,0.0991,89.7367
네이버,73,88.7238,0.0287,0.0980,88.7238
네이버,37,88.4373,0.0221,0.0977,88.4373
네이버,85,86.8607,0.0231,0.0959,86.8607
네이버,8,85.7236,0.0306,0.0947,85.7236
네이버,97,85.6536,0.0229,0.0946,85.6536
네이버,69,83.9228,0.0325,0.0927,83.9228
네이버,102,78.5379,0.0144,0.0868,78.5379
네이버,68,78.1329,0.0325,0.0863,78.1329
네이버,41,77.7718,0.0137,0.0859,77.7718
네이버,90,75.6776,0.0205,0.0836,75.6776
네이버,46,75.3892,0.0180,0.0833,75.3892
네이버,28,74.0930,0.0211,0.0818,74.0930
네이버,49,73.2849,0.0242,0.0809,73.2849
네이버,43,71.9679,0.0142,0.0795,71.9679
네이버,31,71.5957,0.0305,0.0791,71.5957
네이버,30,71.0398,0.0149,0.0785,71.0398
네이버,45,70.4840,0.0141,0.0779,70.4840
네이버,22,70.1265,0.0244,0.0775,70.1265
네이버,54,69.6764,0.0275,0.0770,69.6764
네이버,10,69.6366,0.0296,0.0769,69.6366
네이버,17,67.6256,0.0149,0.0747,67.6256
네이버,93,66.0324,0.0128,0.0729,66.0324
네이버,61,65.8495,0.0540,0.0727,65.8495
네이버,7,65.2905,0.0175,0.0721,65.2905
네이버,53,64.3113,0.0158,0.0710,64.3113
네이버,60,64.2827,0.0171,0.0710,64.2827
네이버,84,61.9935,0.0367,0.0685,61.9935
네이버,16,60.5498,0.0286,0.0669,60.5498
네이버,83,58.2166,0.0272,0.0643,58.2166
네이버,2,56.6940,0.0138,0.0626,56.6940
네이버,74,54.7084,0.0168,0.0604,54.7084
네이버,64,53.0187,0.0244,0.0586,53.0187
네이버,70,52.7640,0.0164,0.0583,52.7640
네이버,89,52.0886,0.0110,0.0575,52.0886
네이버,79,51.3226,0.0144,0.0567,51.3226
네이버,39,50.1493,0.0266,0.0554,50.1493
네이버,58,49.0245,0.0384,0.0542,49.0245
네이버,81,48.9679,0.0126,0.0541,48.9679
네이버,92,44.9060,0.0111,0.0496,44.9060
네이버,51,40.9334,0.0263,0.0452,40.9334
네이버,44,40.5985,0.0096,0.0448,40.5985
네이버,98,40.3815,0.0155,0.0446,40.3815
네이버,80,39.9210,0.0178,0.0441,39.9210
네이버,29,39.1444,0.0130,0.0432,39.1444
네이버,59,38.2152,0.0262,0.0422,38.2152
네이버,52,37.8419,0.0160,0.0418,37.8419
네이버,5,37.3674,0.0191,0.0413,37.3674
네이버,40,36.6983,0.0207,0.0405,36.6983
네이버,82,34.5473,0.0217,0.0382,34.5473
네이버,94,31.6940,0.0131,0.0350,31.6940
네이버,95,31.6551,0.0105,0.0350,31.6551
네이버,87,26.9210,0.0217,0.0297,26.9210
네이버,15,26.3131,0.0277,0.0291,26.3131
네이버,88,25.4768,0.0128,0.0281,25.4768
네이버,86,24.2199,0.0195,0.0268,24.2199
네이버,24,22.7011,0.0282,0.0251,22.7011
네이버,77,20.6670,0.0267,0.0228,20.6670
네이버,78,19.5322,0.0141,0.0216,19.5322
네이버,63,18.6830,0.0189,0.0206,18.6830
네이버,19,18.3217,0.0144,0.0202,18.3217
네이버,34,17.7625,0.0170,0.0196,17.7625
네이버,99,16.0558,0.0259,0.0177,16.0558
네이버,48,12.4974,0.0271,0.0138,12.4974
네이버,100,10.0680,0.0153,0.0111,10.0680
네이버,62,5.8910,0.0155,0.0065,5.8910
네이버,71,3.5360,0.0107,0.0039,3.5360
네이버,56,1.8146,0.0025,0.0020,1.8146
니오,1,7.1398,0.0005,0.3713,7.1398
니오,0,6.9315,0.0003,0.3604,6.9315
니오,8,4.6337,0.0017,0.2409,4.6337
니오,3,4.3164,0.0004,0.2244,4.3164
니오,23,4.2839,0.0008,0.2228,4.2839
니오,102,4.2839,0.0008,0.2228,4.2839
니오,4,3.7390,0.0009,0.1944,3.7390
니오,65,3.7097,0.0007,0.1929,3.7097
니오,67,3.5170,0.0005,0.1829,3.5170
니오,96,2.9912,0.0006,0.1555,2.9912
니오,92,2.9447,0.0007,0.1531,2.9447
니오,72,2.8996,0.0004,0.1508,2.8996
니오,9,2.8136,0.0004,0.1463,2.8136
니오,76,2.8136,0.0003,0.1463,2.8136
니오,11,2.7929,0.0002,0.1452,2.7929
니오,27,2.7929,0.0003,0.1452,2.7929
니오,85,2.4583,0.0007,0.1278,2.4583
니오,35,2.3555,0.0004,0.1225,2.3555
니오,90,2.2258,0.0006,0.1157,2.2258
니오,69,2.2085,0.0009,0.1148,2.2085
니오,101,2.2085,0.0005,0.1148,2.2085
니오,60,2.1915,0.0006,0.1140,2.1915
니오,13,2.1747,0.0003,0.1131,2.1747
니오,33,2.1419,0.0005,0.1114,2.1419
니오,59,1.6985,0.0012,0.0883,1.6985
니오,62,1.6831,0.0044,0.0875,1.6831
니오,42,1.5970,0.0005,0.0830,1.5970
니오,97,1.5573,0.0004,0.0810,1.5573
니오,41,1.4956,0.0003,0.0778,1.4956
니오,49,1.4956,0.0005,0.0778,1.4956
니오,87,1.4956,0.0012,0.0778,1.4956
니오,45,1.4839,0.0003,0.0772,1.4839
니오,18,1.4723,0.0003,0.0766,1.4723
니오,25,1.4723,0.0002,0.0766,1.4723
니오,95,1.4723,0.0005,0.0766,1.4723
니오,22,1.4610,0.0005,0.0760,1.4610
니오,29,1.4498,0.0005,0.0754,1.4498
니오,30,1.4498,0.0003,0.0754,1.4498
니오,46,1.4498,0.0003,0.0754,1.4498
니오,12,1.4388,0.0002,0.0748,1.4388
니오,20,1.4388,0.0003,0.0748,1.4388
니오,66,1.4388,0.0002,0.0748,1.4388
니오,38,1.3763,0.0002,0.0716,1.3763
니오,94,0.8341,0.0003,0.0434,0.8341
니오,28,0.8054,0.0002,0.0419,0.8054
니오,26,0.7985,0.0002,0.0415,0.7985
니오,91,0.7985,0.0006,0.0415,0.7985
니오,57,0.7852,0.0003,0.0408,0.7852
니오,73,0.7852,0.0003,0.0408,0.7852
니오,82,0.7852,0.0005,0.0408,0.7852
니오,52,0.7723,0.0003,0.0402,0.7723
니오,44,0.7660,0.0002,0.0398,0.7660
니오,68,0.7660,0.0003,0.0398,0.7660
니오,79,0.7660,0.0002,0.0398,0.7660
니오,83,0.7660,0.0004,0.0398,0.7660
니오,74,0.7598,0.0002,0.0395,0.7598
니오,50,0.7538,0.0001,0.0392,0.7538
니오,70,0.7538,0.0002,0.0392,0.7538
니오,98,0.7478,0.0003,0.0389,0.7478
니오,43,0.7419,0.0001,0.0386,0.7419
니오,81,0.7419,0.0002,0.0386,0.7419
니오,93,0.7419,0.0001,0.0386,0.7419
니오,36,0.7194,0.0001,0.0374,0.7194
니오,32,0.7140,0.0001,0.0371,0.7140
니오,21,0.7087,0.0001,0.0368,0.7087
니오,75,0.7087,0.0002,0.0368,0.7087
도우인시스,11,6.9824,0.0006,0.4304,6.9824
도우인시스,1,5.7119,0.0004,0.3521,5.7119
도우인시스,0,4.8520,0.0002,0.2991,4.8520
도우인시스,50,4.5226,0.0006,0.2788,4.5226
도우인시스,81,3.7097,0.0010,0.2287,3.7097
도우인시스,72,3.6245,0.0005,0.2234,3.6245
도우인시스,67,3.5170,0.0005,0.2168,3.5170
도우인시스,27,2.7929,0.0003,0.1722,2.7929
도우인시스,28,2.4161,0.0007,0.1489,2.4161
도우인시스,70,2.2613,0.0007,0.1394,2.2613
도우인시스,98,2.2434,0.0009,0.1383,2.2434
도우인시스,13,2.1747,0.0003,0.1341,2.1747
도우인시스,30,2.1747,0.0005,0.1341,2.1747
도우인시스,3,2.1582,0.0002,0.1330,2.1582
도우인시스,12,2.1582,0.0003,0.1330,2.1582
도우인시스,36,2.1582,0.0003,0.1330,2.1582
도우인시스,9,2.1102,0.0003,0.1301,2.1102
도우인시스,5,1.6247,0.0008,0.1002,1.6247
도우인시스,17,1.5197,0.0003,0.0937,1.5197
도우인시스,74,1.5197,0.0005,0.0937,1.5197
도우인시스,87,1.4956,0.0012,0.0922,1.4956
도우인시스,93,1.4839,0.0003,0.0915,1.4839
도우인시스,18,1.4723,0.0003,0.0908,1.4723
도우인시스,25,1.4723,0.0002,0.0908,1.4723
도우인시스,95,1.4723,0.0005,0.0908,1.4723
도우인시스,29,1.4498,0.0005,0.0894,1.4498
도우인시스,46,1.4498,0.0003,0.0894,1.4498
도우인시스,66,1.4388,0.0002,0.0887,1.4388
도우인시스,23,1.4280,0.0003,0.0880,1.4280
도우인시스,102,1.4280,0.0003,0.0880,1.4280
도우인시스,38,1.3763,0.0002,0.0848,1.3763
도우인시스,84,0.8492,0.0005,0.0524,0.8492
도우인시스,88,0.8492,0.0004,0.0524,0.8492
도우인시스,94,0.8341,0.0003,0.0514,0.8341
도우인시스,85,0.8194,0.0002,0.0505,0.8194
도우인시스,26,0.7985,0.0002,0.0492,0.7985
도우인시스,42,0.7985,0.0003,0.0492,0.7985
도우인시스,35,0.7852,0.0001,0.0484,0.7852
도우인시스,97,0.7787,0.0002,0.0480,0.7787
도우인시스,52,0.7723,0.0003,0.0476,0.7723
도우인시스,44,0.7660,0.0002,0.0472,0.7660
도우인시스,58,0.7660,0.0006,0.0472,0.7660
도우인시스,68,0.7660,0.0003,0.0472,0.7660
도우인시스,79,0.7660,0.0002,0.0472,0.7660
도우인시스,83,0.7660,0.0004,0.0472,0.7660
도우인시스,41,0.7478,0.0001,0.0461,0.7478
도우인시스,53,0.7478,0.0002,0.0461,0.7478
도우인시스,96,0.7478,0.0001,0.0461,0.7478
도우인시스,7,0.7419,0.0002,0.0457,0.7419
도우인시스,45,0.7419,0.0001,0.0457,0.7419
도우인시스,65,0.7419,0.0001,0.0457,0.7419
도우인시스,90,0.7419,0.0002,0.0457,0.7419
도우인시스,69,0.7362,0.0003,0.0454,0.7362
도우인시스,92,0.7362,0.0002,0.0454,0.7362
도우인시스,101,0.7362,0.0002,0.0454,0.7362
도우인시스,60,0.7305,0.0002,0.0450,0.7305
도우인시스,33,0.7140,0.0002,0.0440,0.7140
도우인시스,75,0.7087,0.0002,0.0437,0.7087
도우인시스,76,0.7034,0.0001,0.0434,0.7034
두산로보틱스,84,106.1533,0.0628,0.6083,106.1533
두산로보틱스,9,53.4587,0.0069,0.3063,53.4587
두산로보틱스,11,50.9712,0.0042,0.2921,50.9712
두산로보틱스,27,37.0065,0.0044,0.2121,37.0065
두산로보틱스,0,36.7368,0.0018,0.2105,36.7368
두산로보틱스,102,31.4152,0.0057,0.1800,31.4152
두산로보틱스,96,29.1644,0.0058,0.1671,29.1644
두산로보틱스,1,27.8453,0.0019,0.1596,27.8453
두산로보틱스,12,23.0207,0.0028,0.1319,23.0207
두산로보틱스,23,22.8474,0.0041,0.1309,22.8474
두산로보틱스,20,20.8625,0.0042,0.1196,20.8625
두산로보틱스,60,20.4536,0.0054,0.1172,20.4536
두산로보틱스,98,20.1908,0.0077,0.1157,20.1908
두산로보틱스,92,18.4041,0.0045,0.1055,18.4041
두산로보틱스,13,18.1224,0.0027,0.1039,18.1224
두산로보틱스,30,18.1224,0.0038,0.1039,18.1224
두산로보틱스,3,17.9849,0.0018,0.1031,17.9849
두산로보틱스,67,17.5851,0.0023,0.1008,17.5851
두산로보틱스,38,17.2034,0.0020,0.0986,17.2034
두산로보틱스,76,16.8817,0.0021,0.0967,16.8817
두산로보틱스,36,16.5461,0.0020,0.0948,16.5461
두산로보틱스,53,16.4517,0.0040,0.0943,16.4517
두산로보틱스,46,15.2228,0.0036,0.0872,15.2228
두산로보틱스,101,14.7233,0.0032,0.0844,14.7233
두산로보틱스,94,14.1789,0.0058,0.0813,14.1789
두산로보틱스,49,12.7127,0.0042,0.0729,12.7127
두산로보틱스,22,12.4182,0.0043,0.0712,12.4182
두산로보틱스,90,11.8710,0.0032,0.0680,11.8710
두산로보틱스,21,11.3384,0.0022,0.0650,11.3384
두산로보틱스,89,10.7241,0.0023,0.0615,10.7241
두산로보틱스,74,10.6377,0.0033,0.0610,10.6377
두산로보틱스,4,9.7215,0.0024,0.0557,9.7215
두산로보틱스,43,9.6452,0.0019,0.0553,9.6452
두산로보틱스,72,9.4236,0.0013,0.0540,9.4236
두산로보틱스,82,9.4220,0.0059,0.0540,9.4220
두산로보틱스,66,9.3521,0.0011,0.0536,9.3521
두산로보틱스,8,8.4951,0.0030,0.0487,8.4951
두산로보틱스,88,8.4923,0.0043,0.0487,8.4923
두산로보틱스,41,8.2259,0.0014,0.0471,8.2259
두산로보틱스,45,8.1613,0.0016,0.0468,8.1613
두산로보틱스,81,8.1613,0.0021,0.0468,8.1613
두산로보틱스,25,8.0978,0.0014,0.0464,8.0978
두산로보틱스,29,7.9739,0.0026,0.0457,7.9739
두산로보틱스,33,7.8538,0.0019,0.0450,7.8538
두산로보틱스,75,7.7952,0.0018,0.0447,7.7952
두산로보틱스,65,7.4194,0.0014,0.0425,7.4194
두산로보틱스,35,7.0665,0.0013,0.0405,7.0665
두산로보틱스,73,7.0665,0.0023,0.0405,7.0665
두산로보틱스,95,6.6255,0.0022,0.0380,6.6255
두산로보틱스,37,6.5241,0.0016,0.0374,6.5241
두산로보틱스,55,6.5241,0.0016,0.0374,6.5241
두산로보틱스,6,6.4746,0.0013,0.0371,6.4746
두산로보틱스,32,6.4258,0.0013,0.0368,6.4258
두산로보틱스,26,6.3881,0.0017,0.0366,6.3881
두산로보틱스,91,6.3881,0.0045,0.0366,6.3881
두산로보틱스,39,6.0787,0.0032,0.0348,6.0787
두산로보틱스,18,5.8893,0.0010,0.0337,5.8893
두산로보틱스,50,5.2764,0.0007,0.0302,5.2764
두산로보틱스,87,5.2346,0.0042,0.0300,5.2346
두산로보틱스,69,5.1532,0.0020,0.0295,5.1532
두산로보틱스,71,4.7146,0.0142,0.0270,4.7146
두산로보틱스,93,4.4516,0.0009,0.0255,4.4516
두산로보틱스,24,4.3656,0.0054,0.0250,4.3656
두산로보틱스,100,4.0272,0.0061,0.0231,4.0272
두산로보틱스,97,3.8933,0.0010,0.0223,3.8933
두산로보틱스,44,3.8300,0.0009,0.0219,3.8300
두산로보틱스,99,3.7778,0.0061,0.0216,3.7778
두산로보틱스,70,3.7689,0.0012,0.0216,3.7689
두산로보틱스,85,3.2778,0.0009,0.0188,3.2778
두산로보틱스,2,3.1940,0.0008,0.0183,3.1940
두산로보틱스,58,3.0640,0.0024,0.0176,3.0640
두산로보틱스,78,2.5477,0.0018,0.0146,2.5477
두산로보틱스,62,2.5247,0.0067,0.0145,2.5247
두산로보틱스,28,2.4161,0.0007,0.0138,2.4161
두산로보틱스,79,2.2980,0.0006,0.0132,2.2980
두산로보틱스,77,1.6534,0.0021,0.0095,1.6534
두산로보틱스,54,1.5836,0.0006,0.0091,1.5836
두산로보틱스,52,1.5446,0.0007,0.0089,1.5446
두산로보틱스,68,1.5320,0.0006,0.0088,1.5320
두산로보틱스,83,1.5320,0.0007,0.0088,1.5320
두산로보틱스,17,1.5197,0.0003,0.0087,1.5197
두산로보틱스,15,0.9746,0.0010,0.0056,0.9746
두산로보틱스,34,0.9349,0.0009,0.0054,0.9349
두산로보틱스,51,0.8899,0.0006,0.0051,0.8899
두산로보틱스,61,0.8899,0.0007,0.0051,0.8899
두산로보틱스,31,0.8731,0.0004,0.0050,0.8731
두산로보틱스,86,0.8650,0.0007,0.0050,0.8650
두산로보틱스,59,0.8492,0.0006,0.0049,0.8492
두산로보틱스,63,0.8492,0.0009,0.0049,0.8492
두산로보틱스,64,0.8416,0.0004,0.0048,0.8416
두산로보틱스,40,0.8341,0.0005,0.0048,0.8341
두산로보틱스,57,0.7852,0.0003,0.0045,0.7852
두산로보틱스,7,0.7419,0.0002,0.0043,0.7419
디지타임스,0,17.3287,0.0009,0.4395,17.3287
디지타임스,1,12.1377,0.0008,0.3078,12.1377
디지타임스,50,12.0603,0.0016,0.3059,12.0603
디지타임스,11,9.0771,0.0008,0.2302,9.0771
디지타임스,45,8.1613,0.0016,0.2070,8.1613
디지타임스,35,7.8517,0.0014,0.1991,7.8517
디지타임스,13,7.2490,0.0011,0.1838,7.2490
디지타임스,97,6.2294,0.0017,0.1580,6.2294
디지타임스,38,6.1932,0.0007,0.1571,6.1932
디지타임스,65,5.9355,0.0011,0.1505,5.9355
디지타임스,12,5.7552,0.0007,0.1460,5.7552
디지타임스,85,5.7361,0.0015,0.1455,5.7361
디지타임스,23,5.7119,0.0010,0.1449,5.7119
디지타임스,9,5.6272,0.0007,0.1427,5.6272
디지타임스,67,5.6272,0.0007,0.1427,5.6272
디지타임스,27,5.5859,0.0007,0.1417,5.5859
디지타임스,93,5.1936,0.0010,0.1317,5.1936
디지타임스,36,5.0358,0.0006,0.1277,5.0358
디지타임스,66,5.0358,0.0006,0.1277,5.0358
디지타임스,76,4.9238,0.0006,0.1249,4.9238
디지타임스,28,4.8322,0.0014,0.1226,4.8322
디지타임스,25,4.4170,0.0007,0.1120,4.4170
디지타임스,30,4.3494,0.0009,0.1103,4.3494
디지타임스,72,4.3494,0.0006,0.1103,4.3494
디지타임스,102,4.2839,0.0008,0.1086,4.2839
디지타임스,26,3.9925,0.0010,0.1013,3.9925
디지타임스,44,3.8300,0.0009,0.0971,3.8300
디지타임스,92,3.6808,0.0009,0.0934,3.6808
디지타임스,75,3.5433,0.0008,0.0899,3.5433
디지타임스,17,3.0394,0.0007,0.0771,3.0394
디지타임스,43,2.9677,0.0006,0.0753,2.9677
디지타임스,81,2.9677,0.0008,0.0753,2.9677
디지타임스,18,2.9447,0.0005,0.0747,2.9447
디지타임스,95,2.9447,0.0010,0.0747,2.9447
디지타임스,3,2.8776,0.0003,0.0730,2.8776
디지타임스,20,2.8776,0.0006,0.0730,2.8776
디지타임스,87,2.2434,0.0018,0.0569,2.2434
디지타임스,98,2.2434,0.0009,0.0569,2.2434
디지타임스,29,2.1747,0.0007,0.0552,2.1747
디지타임스,37,2.1747,0.0005,0.0552,2.1747
디지타임스,55,2.1747,0.0005,0.0552,2.1747
디지타임스,6,2.1582,0.0004,0.0547,2.1582
디지타임스,32,2.1419,0.0004,0.0543,2.1419
디지타임스,21,2.1260,0.0004,0.0539,2.1260
디지타임스,31,1.7462,0.0007,0.0443,1.7462
디지타임스,64,1.6831,0.0008,0.0427,1.6831
디지타임스,82,1.5703,0.0010,0.0398,1.5703
디지타임스,70,1.5075,0.0005,0.0382,1.5075
디지타임스,41,1.4956,0.0003,0.0379,1.4956
디지타임스,53,1.4956,0.0004,0.0379,1.4956
디지타임스,7,1.4839,0.0004,0.0376,1.4839
디지타임스,69,1.4723,0.0006,0.0373,1.4723
디지타임스,60,1.4610,0.0004,0.0371,1.4610
디지타임스,46,1.4498,0.0003,0.0368,1.4498
디지타임스,33,1.4280,0.0003,0.0362,1.4280
디지타임스,61,0.8899,0.0007,0.0226,0.8899
디지타임스,16,0.8650,0.0004,0.0219,0.8650
디지타임스,10,0.8492,0.0004,0.0215,0.8492
디지타임스,84,0.8492,0.0005,0.0215,0.8492
디지타임스,40,0.8341,0.0005,0.0212,0.8341
디지타임스,5,0.8123,0.0004,0.0206,0.8123
디지타임스,73,0.7852,0.0003,0.0199,0.7852
디지타임스,8,0.7723,0.0003,0.0196,0.7723
디지타임스,52,0.7723,0.0003,0.0196,0.7723
디지타임스,68,0.7660,0.0003,0.0194,0.7660
디지타임스,79,0.7660,0.0002,0.0194,0.7660
디지타임스,74,0.7598,0.0002,0.0193,0.7598
디지타임스,49,0.7478,0.0002,0.0190,0.7478
디지타임스,96,0.7478,0.0001,0.0190,0.7478
디지타임스,90,0.7419,0.0002,0.0188,0.7419
디지타임스,101,0.7362,0.0002,0.0187,0.7362
디지타임스,22,0.7305,0.0003,0.0185,0.7305
딥엑스,0,2.0794,0.0001,0.4161,2.0794
딥엑스,43,1.4839,0.0003,0.2969,1.4839
딥엑스,21,1.4173,0.0003,0.2836,1.4173
딥엑스,11,1.3965,0.0001,0.2795,1.3965
딥엑스,38,1.3763,0.0002,0.2754,1.3763
딥엑스,80,0.9073,0.0004,0.1816,0.9073
딥엑스,86,0.8650,0.0007,0.1731,0.8650
딥엑스,59,0.8492,0.0006,0.1699,0.8492
딥엑스,64,0.8416,0.0004,0.1684,0.8416
딥엑스,40,0.8341,0.0005,0.1669,0.8341
딥엑스,97,0.7787,0.0002,0.1558,0.7787
딥엑스,4,0.7478,0.0002,0.1496,0.7478
딥엑스,87,0.7478,0.0006,0.1496,0.7478
딥엑스,60,0.7305,0.0002,0.1462,0.7305
딥엑스,37,0.7249,0.0002,0.1451,0.7249
딥엑스,46,0.7249,0.0002,0.1451,0.7249
딥엑스,55,0.7249,0.0002,0.1451,0.7249
딥엑스,6,0.7194,0.0001,0.1440,0.7194
딥엑스,12,0.7194,0.0001,0.1440,0.7194
딥엑스,20,0.7194,0.0001,0.1440,0.7194
딥엑스,23,0.7140,0.0001,0.1429,0.7140
딥엑스,32,0.7140,0.0001,0.1429,0.7140
딥엑스,102,0.7140,0.0001,0.1429,0.7140
딥엑스,75,0.7087,0.0002,0.1418,0.7087
딥엑스,9,0.7034,0.0001,0.1408,0.7034
딥엑스,76,0.7034,0.0001,0.1408,0.7034
딥엑스,27,0.6982,0.0001,0.1397,0.6982
레노버,80,158.7767,0.0709,0.7449,158.7767
레노버,0,52.6792,0.0026,0.2471,52.6792
레노버,7,45.2582,0.0121,0.2123,45.2582
레노버,1,35.6991,0.0024,0.1675,35.6991
레노버,19,30.8576,0.0243,0.1448,30.8576
레노버,40,26.6897,0.0151,0.1252,26.6897
레노버,18,25.7658,0.0044,0.1209,25.7658
레노버,50,24.8745,0.0033,0.1167,24.8745
레노버,17,23.5550,0.0052,0.1105,23.5550
레노버,72,23.1967,0.0031,0.1088,23.1967
레노버,51,23.1363,0.0148,0.1085,23.1363
레노버,66,23.0207,0.0027,0.1080,23.0207
레노버,38,22.0203,0.0025,0.1033,22.0203
레노버,36,21.5819,0.0026,0.1013,21.5819
레노버,11,20.9471,0.0017,0.0983,20.9471
레노버,33,20.7055,0.0049,0.0971,20.7055
레노버,54,19.0027,0.0075,0.0892,19.0027
레노버,93,18.5484,0.0036,0.0870,18.5484
레노버,35,18.0588,0.0032,0.0847,18.0588
레노버,3,17.9849,0.0018,0.0844,17.9849
레노버,65,17.0646,0.0032,0.0801,17.0646
레노버,76,16.8817,0.0021,0.0792,16.8817
레노버,10,16.1353,0.0069,0.0757,16.1353
레노버,31,15.7161,0.0067,0.0737,15.7161
레노버,16,15.5700,0.0074,0.0730,15.5700
레노버,26,15.1716,0.0039,0.0712,15.1716
레노버,32,14.9936,0.0030,0.0703,14.9936
레노버,13,14.4979,0.0022,0.0680,14.4979
레노버,44,13.7882,0.0033,0.0647,13.7882
레노버,20,13.6685,0.0027,0.0641,13.6685
레노버,67,13.3647,0.0018,0.0627,13.3647
레노버,27,13.2665,0.0016,0.0622,13.2665
레노버,23,12.8517,0.0023,0.0603,12.8517
레노버,49,12.7127,0.0042,0.0596,12.7127
레노버,101,11.7786,0.0025,0.0553,11.7786
레노버,22,11.6878,0.0041,0.0548,11.6878
레노버,75,11.3384,0.0026,0.0532,11.3384
레노버,45,11.1291,0.0022,0.0522,11.1291
레노버,37,10.8734,0.0027,0.0510,10.8734
레노버,85,10.6527,0.0028,0.0500,10.6527
레노버,21,10.6298,0.0021,0.0499,10.6298
레노버,69,10.3063,0.0040,0.0484,10.3063
레노버,12,10.0715,0.0012,0.0473,10.0715
레노버,89,9.9581,0.0021,0.0467,9.9581
레노버,41,9.7215,0.0017,0.0456,9.7215
레노버,96,9.7215,0.0019,0.0456,9.7215
레노버,92,9.5701,0.0024,0.0449,9.5701
레노버,55,9.4236,0.0023,0.0442,9.4236
레노버,102,9.2818,0.0017,0.0435,9.2818
레노버,30,8.6988,0.0018,0.0408,8.6988
레노버,46,8.6988,0.0021,0.0408,8.6988
레노버,6,8.6327,0.0017,0.0405,8.6327
레노버,97,8.5654,0.0023,0.0402,8.5654
레노버,9,8.4408,0.0011,0.0396,8.4408
레노버,70,8.2915,0.0026,0.0389,8.2915
레노버,8,7.7228,0.0028,0.0362,7.7228
레노버,74,7.5984,0.0023,0.0356,7.5984
레노버,68,6.8941,0.0029,0.0323,6.8941
레노버,64,6.7325,0.0031,0.0316,6.7325
레노버,90,6.6774,0.0018,0.0313,6.6774
레노버,60,5.8439,0.0016,0.0274,5.8439
레노버,28,5.6375,0.0016,0.0264,5.6375
레노버,43,5.1936,0.0010,0.0244,5.1936
레노버,25,5.1532,0.0009,0.0242,5.1532
레노버,95,5.1532,0.0017,0.0242,5.1532
레노버,29,5.0743,0.0017,0.0238,5.0743
레노버,62,5.0494,0.0133,0.0237,5.0494
레노버,91,4.7910,0.0034,0.0225,4.7910
레노버,83,4.5961,0.0021,0.0216,4.5961
레노버,53,4.4868,0.0011,0.0211,4.4868
레노버,63,4.2461,0.0043,0.0199,4.2461
레노버,78,4.2461,0.0031,0.0199,4.2461
레노버,5,4.0617,0.0021,0.0191,4.0617
레노버,2,3.9925,0.0010,0.0187,3.9925
레노버,73,3.9258,0.0013,0.0184,3.9258
레노버,4,3.7390,0.0009,0.0175,3.7390
레노버,47,3.4281,0.0035,0.0161,3.4281
레노버,84,3.3969,0.0020,0.0159,3.3969
레노버,42,3.1940,0.0011,0.0150,3.1940
레노버,57,3.1407,0.0013,0.0147,3.1407
레노버,48,3.1244,0.0068,0.0147,3.1244
레노버,58,3.0640,0.0024,0.0144,3.0640
레노버,81,2.9677,0.0008,0.0139,2.9677
레노버,14,2.5950,0.0009,0.0122,2.5950
레노버,52,2.3169,0.0010,0.0109,2.3169
레노버,79,2.2980,0.0006,0.0108,2.2980
레노버,87,2.2434,0.0018,0.0105,2.2434
레노버,98,2.2434,0.0009,0.0105,2.2434
레노버,77,1.6534,0.0021,0.0078,1.6534
레노버,39,1.5197,0.0008,0.0071,1.5197
레노버,100,1.0068,0.0015,0.0047,1.0068
레노버,15,0.9746,0.0010,0.0046,0.9746
레노버,99,0.9445,0.0015,0.0044,0.9445
레노버,61,0.8899,0.0007,0.0042,0.8899
레노버,86,0.8650,0.0007,0.0041,0.8650
레노버,59,0.8492,0.0006,0.0040,0.8492
레노버,88,0.8492,0.0004,0.0040,0.8492
리벨리온,0,16.6355,0.0008,0.3822,16.6355
리벨리온,11,11.1718,0.0009,0.2567,11.1718
리벨리온,38,9.6339,0.0011,0.2214,9.6339
리벨리온,46,9.4236,0.0022,0.2165,9.4236
리벨리온,27,9.0771,0.0011,0.2086,9.0771
리벨리온,4,8.9737,0.0022,0.2062,8.9737
리벨리온,90,8.9032,0.0024,0.2046,8.9032
리벨리온,12,8.6327,0.0010,0.1984,8.6327
리벨리온,1,7.1398,0.0005,0.1641,7.1398
리벨리온,21,7.0865,0.0014,0.1628,7.0865
리벨리온,76,7.0340,0.0009,0.1616,7.0340
리벨리온,25,6.6255,0.0011,0.1522,6.6255
리벨리온,9,6.3306,0.0008,0.1455,6.3306
리벨리온,67,6.3306,0.0008,0.1455,6.3306
리벨리온,43,5.9355,0.0012,0.1364,5.9355
리벨리온,60,5.8439,0.0016,0.1343,5.8439
리벨리온,6,5.7552,0.0011,0.1322,5.7552
리벨리온,20,5.7552,0.0012,0.1322,5.7552
리벨리온,74,5.3189,0.0016,0.1222,5.3189
리벨리온,18,5.1532,0.0009,0.1184,5.1532
리벨리온,13,5.0743,0.0008,0.1166,5.0743
리벨리온,3,5.0358,0.0005,0.1157,5.0358
리벨리온,17,4.5590,0.0010,0.1048,4.5590
리벨리온,81,4.4516,0.0011,0.1023,4.4516
리벨리온,72,4.3494,0.0006,0.0999,4.3494
리벨리온,36,4.3164,0.0005,0.0992,4.3164
리벨리온,75,4.2519,0.0010,0.0977,4.2519
리벨리온,73,3.9258,0.0013,0.0902,3.9258
리벨리온,39,3.7992,0.0020,0.0873,3.7992
리벨리온,41,3.7390,0.0007,0.0859,3.7390
리벨리온,96,3.7390,0.0007,0.0859,3.7390
리벨리온,93,3.7097,0.0007,0.0852,3.7097
리벨리온,69,3.6808,0.0014,0.0846,3.6808
리벨리온,30,3.6245,0.0008,0.0833,3.6245
리벨리온,37,3.6245,0.0009,0.0833,3.6245
리벨리온,55,3.6245,0.0009,0.0833,3.6245
리벨리온,66,3.5970,0.0004,0.0826,3.5970
리벨리온,32,3.5699,0.0007,0.0820,3.5699
리벨리온,33,3.5699,0.0008,0.0820,3.5699
리벨리온,102,3.5699,0.0007,0.0820,3.5699
리벨리온,16,3.4600,0.0016,0.0795,3.4600
리벨리온,10,3.3969,0.0014,0.0781,3.3969
리벨리온,8,3.0891,0.0011,0.0710,3.0891
리벨리온,52,3.0891,0.0013,0.0710,3.0891
리벨리온,50,3.0151,0.0004,0.0693,3.0151
리벨리온,49,2.9912,0.0010,0.0687,2.9912
리벨리온,45,2.9677,0.0006,0.0682,2.9677
리벨리온,101,2.9447,0.0006,0.0677,2.9447
리벨리온,23,2.8559,0.0005,0.0656,2.8559
리벨리온,59,2.5477,0.0017,0.0585,2.5477
리벨리온,78,2.5477,0.0018,0.0585,2.5477
리벨리온,5,2.4370,0.0012,0.0560,2.4370
리벨리온,42,2.3955,0.0008,0.0550,2.3955
리벨리온,57,2.3555,0.0010,0.0541,2.3555
리벨리온,82,2.3555,0.0015,0.0541,2.3555
리벨리온,79,2.2980,0.0006,0.0528,2.2980
리벨리온,89,2.2980,0.0005,0.0528,2.2980
리벨리온,53,2.2434,0.0006,0.0515,2.2434
리벨리온,98,2.2434,0.0009,0.0515,2.2434
리벨리온,7,2.2258,0.0006,0.0511,2.2258
리벨리온,22,2.1915,0.0008,0.0504,2.1915
리벨리온,29,2.1747,0.0007,0.0500,2.1747
리벨리온,15,1.9491,0.0021,0.0448,1.9491
리벨리온,61,1.7797,0.0015,0.0409,1.7797
리벨리온,86,1.7300,0.0014,0.0398,1.7300
리벨리온,47,1.7141,0.0017,0.0394,1.7141
리벨리온,40,1.6681,0.0009,0.0383,1.6681
리벨리온,94,1.6681,0.0007,0.0383,1.6681
리벨리온,2,1.5970,0.0004,0.0367,1.5970
리벨리온,26,1.5970,0.0004,0.0367,1.5970
리벨리온,91,1.5970,0.0011,0.0367,1.5970
리벨리온,35,1.5703,0.0003,0.0361,1.5703
리벨리온,58,1.5320,0.0012,0.0352,1.5320
리벨리온,68,1.5320,0.0006,0.0352,1.5320
리벨리온,65,1.4839,0.0003,0.0341,1.4839
리벨리온,92,1.4723,0.0004,0.0338,1.4723
리벨리온,95,1.4723,0.0005,0.0338,1.4723
리벨리온,48,1.0415,0.0023,0.0239,1.0415
리벨리온,14,0.8650,0.0003,0.0199,0.8650
리벨리온,63,0.8492,0.0009,0.0195,0.8492
리벨리온,84,0.8492,0.0005,0.0195,0.8492
리벨리온,88,0.8492,0.0004,0.0195,0.8492
리벨리온,64,0.8416,0.0004,0.0193,0.8416
리벨리온,77,0.8267,0.0011,0.0190,0.8267
리벨리온,28,0.8054,0.0002,0.0185,0.8054
리벨리온,54,0.7918,0.0003,0.0182,0.7918
리벨리온,97,0.7787,0.0002,0.0179,0.7787
리벨리온,44,0.7660,0.0002,0.0176,0.7660
리벨리온,83,0.7660,0.0004,0.0176,0.7660
리벨리온,70,0.7538,0.0002,0.0173,0.7538
리오토,1,7.1398,0.0005,0.3548,7.1398
리오토,46,6.5241,0.0016,0.3242,6.5241
리오토,0,6.2383,0.0003,0.3100,6.2383
리오토,90,5.9355,0.0016,0.2950,5.9355
리오토,74,4.5590,0.0014,0.2266,4.5590
리오토,76,4.2204,0.0005,0.2097,4.2204
리오토,8,3.8614,0.0014,0.1919,3.8614
리오토,50,3.7689,0.0005,0.1873,3.7689
리오토,4,3.7390,0.0009,0.1858,3.7390
리오토,96,3.7390,0.0007,0.1858,3.7390
리오토,60,3.6524,0.0010,0.1815,3.6524
리오토,3,3.5970,0.0004,0.1787,3.5970
리오토,66,3.5970,0.0004,0.1787,3.5970
리오토,42,3.1940,0.0011,0.1587,3.1940
리오토,10,2.5477,0.0011,0.1266,2.5477
리오토,44,2.2980,0.0005,0.1142,2.2980
리오토,93,2.2258,0.0004,0.1106,2.2258
리오토,18,2.2085,0.0004,0.1097,2.2085
리오토,92,2.2085,0.0005,0.1097,2.2085
리오토,36,2.1582,0.0003,0.1072,2.1582
리오토,23,2.1419,0.0004,0.1064,2.1419
리오토,67,2.1102,0.0003,0.1049,2.1102
리오토,16,1.7300,0.0008,0.0860,1.7300
리오토,5,1.6247,0.0008,0.0807,1.6247
리오토,52,1.5446,0.0007,0.0768,1.5446
리오토,68,1.5320,0.0006,0.0761,1.5320
리오토,89,1.5320,0.0003,0.0761,1.5320
리오토,17,1.5197,0.0003,0.0755,1.5197
리오토,41,1.4956,0.0003,0.0743,1.4956
리오토,45,1.4839,0.0003,0.0737,1.4839
리오토,69,1.4723,0.0006,0.0732,1.4723
리오토,13,1.4498,0.0002,0.0720,1.4498
리오토,30,1.4498,0.0003,0.0720,1.4498
리오토,72,1.4498,0.0002,0.0720,1.4498
리오토,20,1.4388,0.0003,0.0715,1.4388
리오토,75,1.4173,0.0003,0.0704,1.4173
리오토,9,1.4068,0.0002,0.0699,1.4068
리오토,11,1.3965,0.0001,0.0694,1.3965
리오토,27,1.3965,0.0002,0.0694,1.3965
리오토,38,1.3763,0.0002,0.0684,1.3763
리오토,56,0.9073,0.0013,0.0451,0.9073
리오토,84,0.8492,0.0005,0.0422,0.8492
리오토,64,0.8416,0.0004,0.0418,0.8416
리오토,28,0.8054,0.0002,0.0400,0.8054
리오토,2,0.7985,0.0002,0.0397,0.7985
리오토,91,0.7985,0.0006,0.0397,0.7985
리오토,83,0.7660,0.0004,0.0381,0.7660
리오토,39,0.7598,0.0004,0.0378,0.7598
리오토,87,0.7478,0.0006,0.0372,0.7478
리오토,7,0.7419,0.0002,0.0369,0.7419
리오토,81,0.7419,0.0002,0.0369,0.7419
리오토,25,0.7362,0.0001,0.0366,0.7362
리오토,95,0.7362,0.0002,0.0366,0.7362
리오토,29,0.7249,0.0002,0.0360,0.7249
리오토,37,0.7249,0.0002,0.0360,0.7249
리오토,55,0.7249,0.0002,0.0360,0.7249
리오토,6,0.7194,0.0001,0.0357,0.7194
리오토,12,0.7194,0.0001,0.0357,0.7194
리오토,32,0.7140,0.0001,0.0355,0.7140
리오토,33,0.7140,0.0002,0.0355,0.7140
리오토,21,0.7087,0.0001,0.0352,0.7087
마이크로소프트,0,327.1655,0.0161,0.4101,384.2231
마이크로소프트,25,228.2110,0.0385,0.2861,268.0110
마이크로소프트,38,211.9455,0.0241,0.2657,248.9088
마이크로소프트,32,172.7835,0.0342,0.2166,202.9169
마이크로소프트,11,170.3696,0.0141,0.2136,200.0821
마이크로소프트,1,156.3619,0.0107,0.1960,183.6314
마이크로소프트,23,151.3640,0.0274,0.1897,177.7619
마이크로소프트,76,142.7909,0.0174,0.1790,167.6937
마이크로소프트,21,133.2265,0.0258,0.1670,156.4612
마이크로소프트,27,131.9667,0.0156,0.1654,154.9816
마이크로소프트,12,130.9300,0.0159,0.1641,153.7641
마이크로소프트,55,129.7564,0.0311,0.1626,152.3859
마이크로소프트,20,129.4912,0.0259,0.1623,152.0744
마이크로소프트,37,119.6078,0.0299,0.1499,140.4674
마이크로소프트,6,115.8227,0.0231,0.1452,136.0221
마이크로소프트,9,113.9514,0.0147,0.1428,133.8245
마이크로소프트,75,99.9198,0.0232,0.1252,117.3459
마이크로소프트,45,92.0002,0.0184,0.1153,108.0451
마이크로소프트,67,88.6289,0.0118,0.1111,104.0857
마이크로소프트,102,86.3917,0.0158,0.1083,101.4585
마이크로소프트,65,86.0647,0.0162,0.1079,101.0744
마이크로소프트,3,84.1693,0.0085,0.1055,98.8484
마이크로소프트,43,83.8389,0.0165,0.1051,98.4604
마이크로소프트,96,83.0064,0.0164,0.1040,97.4827
마이크로소프트,40,80.0691,0.0452,0.1004,94.0331
마이크로소프트,35,75.3759,0.0134,0.0945,88.5215
마이크로소프트,88,73.8827,0.0370,0.0926,86.7678
마이크로소프트,98,64.3113,0.0246,0.0806,75.5272
마이크로소프트,60,63.5522,0.0169,0.0797,74.6357
마이크로소프트,81,62.3227,0.0161,0.0781,73.1918
마이크로소프트,36,58.9904,0.0072,0.0739,69.2784
마이크로소프트,53,57.5810,0.0141,0.0722,67.6232
마이크로소프트,26,55.8955,0.0145,0.0701,65.6437
마이크로소프트,66,55.3934,0.0065,0.0694,65.0541
마이크로소프트,89,54.3866,0.0114,0.0682,63.8716
마이크로소프트,72,54.3672,0.0074,0.0681,63.8488
마이크로소프트,50,53.5178,0.0071,0.0671,62.8513
마이크로소프트,69,53.0038,0.0205,0.0664,62.2477
마이크로소프트,46,52.9174,0.0126,0.0663,62.1462
마이크로소프트,90,50.4517,0.0137,0.0632,59.2505
마이크로소프트,33,49.2647,0.0117,0.0618,57.8565
마이크로소프트,73,47.8951,0.0155,0.0600,56.2480
마이크로소프트,31,47.1484,0.0201,0.0591,55.3711
마이크로소프트,4,46.3639,0.0115,0.0581,54.4498
마이크로소프트,80,46.2721,0.0206,0.0580,54.3419
마이크로소프트,18,45.6422,0.0079,0.0572,53.6022
마이크로소프트,92,45.6422,0.0113,0.0572,53.6022
마이크로소프트,101,45.6422,0.0098,0.0572,53.6022
마이크로소프트,49,44.8683,0.0148,0.0562,52.6934
마이크로소프트,22,43.8291,0.0153,0.0549,51.4729
마이크로소프트,85,42.6109,0.0113,0.0534,50.0423
마이크로소프트,8,42.4756,0.0151,0.0532,49.8834
마이크로소프트,78,42.4613,0.0306,0.0532,49.8666
마이크로소프트,57,41.6138,0.0172,0.0522,48.8712
마이크로소프트,93,40.0646,0.0078,0.0502,47.0519
마이크로소프트,13,39.1444,0.0059,0.0491,45.9712
마이크로소프트,79,39.0664,0.0110,0.0490,45.8796
마이크로소프트,97,38.9335,0.0104,0.0488,45.7235
마이크로소프트,14,36.3299,0.0132,0.0455,42.6658
마이크로소프트,82,35.3325,0.0221,0.0443,41.4945
마이크로소프트,28,34.6304,0.0098,0.0434,40.6700
마이크로소프트,68,34.4704,0.0143,0.0432,40.4820
마이크로소프트,17,34.1927,0.0075,0.0429,40.1559
마이크로소프트,2,33.5373,0.0082,0.0420,39.3862
마이크로소프트,74,33.4329,0.0103,0.0419,39.2636
마이크로소프트,30,33.3452,0.0070,0.0418,39.1606
마이크로소프트,91,31.9403,0.0227,0.0400,37.5107
마이크로소프트,70,31.6584,0.0099,0.0397,37.1796
마이크로소프트,44,31.4063,0.0075,0.0394,36.8836
마이크로소프트,94,28.3578,0.0117,0.0355,33.3034
마이크로소프트,84,28.0245,0.0166,0.0351,32.9119
마이크로소프트,7,26.7097,0.0071,0.0335,31.3679
마이크로소프트,41,26.1732,0.0046,0.0328,30.7378
마이크로소프트,19,25.0718,0.0198,0.0314,29.4443
마이크로소프트,42,24.7537,0.0082,0.0310,29.0708
마이크로소프트,51,23.1363,0.0148,0.0290,27.1713
마이크로소프트,83,22.2142,0.0104,0.0278,26.0884
마이크로소프트,24,20.9548,0.0260,0.0263,24.6094
마이크로소프트,61,20.4667,0.0168,0.0257,24.0361
마이크로소프트,29,20.2971,0.0067,0.0254,23.8369
마이크로소프트,48,18.7462,0.0406,0.0235,22.0155
마이크로소프트,59,18.6830,0.0128,0.0234,21.9413
마이크로소프트,87,17.9473,0.0145,0.0225,21.0773
마이크로소프트,54,16.6273,0.0066,0.0208,19.5271
마이크로소프트,39,15.9566,0.0085,0.0200,18.7394
마이크로소프트,10,15.2861,0.0065,0.0192,17.9520
마이크로소프트,64,15.1482,0.0070,0.0190,17.7901
마이크로소프트,95,14.7233,0.0049,0.0185,17.2910
마이크로소프트,16,14.7050,0.0070,0.0184,17.2695
마이크로소프트,47,12.8555,0.0130,0.0161,15.0975
마이크로소프트,58,12.2561,0.0096,0.0154,14.3936
마이크로소프트,34,12.1533,0.0117,0.0152,14.2728
마이크로소프트,86,12.1100,0.0097,0.0152,14.2219
마이크로소프트,63,11.8892,0.0120,0.0149,13.9626
마이크로소프트,52,11.5843,0.0049,0.0145,13.6046
마이크로소프트,77,11.5735,0.0149,0.0145,13.5919
마이크로소프트,15,8.7710,0.0092,0.0110,10.3007
마이크로소프트,100,8.0544,0.0123,0.0101,9.4591
마이크로소프트,62,6.7325,0.0177,0.0084,7.9067
마이크로소프트,5,3.2493,0.0017,0.0041,3.8160
마이크로소프트,99,1.8889,0.0030,0.0024,2.2184
마이크로소프트,56,1.8146,0.0025,0.0023,2.1311
메타,0,417.9677,0.0205,0.4238,459.2630
메타,65,276.0007,0.0518,0.2799,303.2696
메타,38,266.9962,0.0303,0.2707,293.3755
메타,11,226.9268,0.0188,0.2301,249.3471
메타,14,184.2445,0.0670,0.1868,202.4478
메타,25,182.5688,0.0308,0.1851,200.6066
메타,32,172.0695,0.0340,0.1745,189.0700
메타,57,171.1662,0.0709,0.1736,188.0774
메타,1,164.9297,0.0113,0.1672,181.2247
메타,35,163.3145,0.0291,0.1656,179.4500
메타,27,152.2155,0.0180,0.1543,167.2544
메타,75,143.1476,0.0332,0.1452,157.2906
메타,12,141.7209,0.0172,0.1437,155.7229
메타,76,141.3841,0.0172,0.1434,155.3529
메타,20,135.2463,0.0271,0.1371,148.6087
메타,21,134.6438,0.0261,0.1365,147.9466
메타,23,132.8005,0.0241,0.1347,145.9212
메타,67,131.5365,0.0175,0.1334,144.5323
메타,6,130.9300,0.0261,0.1328,143.8658
메타,9,129.4263,0.0167,0.1312,142.2136
메타,55,125.4070,0.0301,0.1272,137.7972
메타,30,109.4593,0.0230,0.1110,120.2739
메타,37,105.8348,0.0265,0.1073,116.2913
메타,102,104.2413,0.0191,0.1057,114.5403
메타,26,91.8284,0.0238,0.0931,100.9010
메타,85,89.3191,0.0238,0.0906,98.1438
메타,43,88.2905,0.0174,0.0895,97.0136
메타,3,87.0468,0.0088,0.0883,95.6471
메타,45,86.8067,0.0173,0.0880,95.3832
메타,72,86.2626,0.0117,0.0875,94.7854
메타,13,81.9132,0.0123,0.0831,90.0063
메타,97,77.0883,0.0206,0.0782,84.7046
메타,28,74.8984,0.0213,0.0759,82.2984
메타,66,74.0977,0.0087,0.0751,81.4186
메타,31,71.5957,0.0305,0.0726,78.6694
메타,36,71.2201,0.0087,0.0722,78.2567
메타,50,70.8545,0.0094,0.0718,77.8550
메타,101,68.4633,0.0148,0.0694,75.2275
메타,81,68.2582,0.0176,0.0692,75.0021
메타,58,68.1748,0.0534,0.0691,74.9104
메타,33,65.6863,0.0156,0.0666,72.1761
메타,60,64.2827,0.0171,0.0652,70.6338
메타,18,61.1017,0.0105,0.0620,67.1385
메타,98,59.8244,0.0229,0.0607,65.7351
메타,88,59.4459,0.0298,0.0603,65.3191
메타,49,59.0766,0.0195,0.0599,64.9134
메타,22,57.7083,0.0201,0.0585,63.4099
메타,69,56.6847,0.0220,0.0575,62.2851
메타,41,55.3376,0.0097,0.0561,60.8050
메타,53,54.5898,0.0134,0.0554,59.9833
메타,4,53.0942,0.0132,0.0538,58.3399
메타,93,48.9679,0.0095,0.0497,53.8059
메타,70,48.2414,0.0150,0.0489,53.0076
메타,92,47.1145,0.0116,0.0478,51.7694
메타,79,43.6625,0.0123,0.0443,47.9763
메타,83,42.8965,0.0200,0.0435,47.1346
메타,29,42.7689,0.0142,0.0434,46.9944
메타,90,41.5485,0.0113,0.0421,45.6535
메타,80,40.8283,0.0182,0.0414,44.8621
메타,96,40.3815,0.0080,0.0409,44.3712
메타,46,39.1444,0.0093,0.0397,43.0118
메타,95,39.0167,0.0130,0.0396,42.8716
메타,17,38.7518,0.0085,0.0393,42.5804
메타,73,38.4731,0.0124,0.0390,42.2743
메타,44,38.3004,0.0091,0.0388,42.0845
메타,16,35.4649,0.0168,0.0360,38.9688
메타,10,34.8183,0.0148,0.0353,38.2583
메타,89,34.4704,0.0072,0.0350,37.8761
메타,64,33.6627,0.0155,0.0341,36.9886
메타,42,32.7388,0.0109,0.0332,35.9734
메타,68,31.4063,0.0131,0.0318,34.5093
메타,7,31.1614,0.0083,0.0316,34.2401
메타,40,26.6897,0.0151,0.0271,29.3266
메타,78,26.3260,0.0190,0.0267,28.9270
메타,94,25.8556,0.0107,0.0262,28.4102
메타,54,25.3369,0.0100,0.0257,27.8402
메타,8,24.7131,0.0088,0.0251,27.1548
메타,84,24.6276,0.0146,0.0250,27.0608
메타,74,23.5550,0.0073,0.0239,25.8822
메타,87,23.1820,0.0187,0.0235,25.4724
메타,59,22.9291,0.0157,0.0232,25.1945
메타,91,22.3582,0.0159,0.0227,24.5672
메타,51,22.2464,0.0143,0.0226,24.4444
메타,82,21.1995,0.0133,0.0215,23.2940
메타,52,17.7625,0.0075,0.0180,19.5175
메타,86,17.2999,0.0139,0.0175,19.0092
메타,2,15.9702,0.0039,0.0162,17.5480
메타,34,15.8927,0.0152,0.0161,17.4629
메타,77,14.8802,0.0192,0.0151,16.3504
메타,39,14.4369,0.0077,0.0146,15.8633
메타,63,13.5876,0.0137,0.0138,14.9301
메타,5,11.3727,0.0058,0.0115,12.4963
메타,24,10.4774,0.0130,0.0106,11.5126
메타,100,10.0680,0.0153,0.0102,11.0628
메타,47,9.4274,0.0096,0.0096,10.3588
메타,61,7.1189,0.0058,0.0072,7.8222
메타,99,6.6112,0.0107,0.0067,7.2644
메타,48,5.2073,0.0113,0.0053,5.7217
메타,62,5.0494,0.0133,0.0051,5.5483
메타,19,3.8572,0.0030,0.0039,4.2383
메타,56,2.7219,0.0038,0.0028,2.9908
메타,15,1.9491,0.0021,0.0020,2.1417
메타,71,1.1787,0.0036,0.0012,1.2951
미디어텍,0,39.5094,0.0019,0.4332,39.5094
미디어텍,12,23.0207,0.0028,0.2524,23.0207
미디어텍,1,19.9915,0.0014,0.2192,19.9915
미디어텍,11,19.5506,0.0016,0.2143,19.5506
미디어텍,38,18.5796,0.0021,0.2037,18.5796
미디어텍,9,16.8817,0.0022,0.1851,16.8817
미디어텍,3,15.8267,0.0016,0.1735,15.8267
미디어텍,35,15.7033,0.0028,0.1722,15.7033
미디어텍,27,15.3612,0.0018,0.1684,15.3612
미디어텍,43,14.8387,0.0029,0.1627,14.8387
미디어텍,76,14.7715,0.0018,0.1619,14.7715
미디어텍,68,12.2561,0.0051,0.1344,12.2561
미디어텍,6,12.2297,0.0024,0.1341,12.2297
미디어텍,102,12.1377,0.0022,0.1331,12.1377
미디어텍,28,11.2750,0.0032,0.1236,11.2750
미디어텍,13,10.8734,0.0016,0.1192,10.8734
미디어텍,36,10.7909,0.0013,0.1183,10.7909
미디어텍,67,9.8477,0.0013,0.1080,9.8477
미디어텍,65,9.6452,0.0018,0.1057,9.6452
미디어텍,25,9.5701,0.0016,0.1049,9.5701
미디어텍,21,9.2125,0.0018,0.1010,9.2125
미디어텍,75,9.2125,0.0021,0.1010,9.2125
미디어텍,101,8.8340,0.0019,0.0968,8.8340
미디어텍,26,8.7836,0.0023,0.0963,8.7836
미디어텍,60,8.7658,0.0023,0.0961,8.7658
미디어텍,31,8.7312,0.0037,0.0957,8.7312
미디어텍,55,8.6988,0.0021,0.0954,8.6988
미디어텍,16,8.6500,0.0041,0.0948,8.6500
미디어텍,66,8.6327,0.0010,0.0946,8.6327
미디어텍,10,8.4923,0.0036,0.0931,8.4923
미디어텍,17,8.3582,0.0018,0.0916,8.3582
미디어텍,41,8.2259,0.0014,0.0902,8.2259
미디어텍,85,8.1944,0.0022,0.0898,8.1944
미디어텍,93,8.1613,0.0016,0.0895,8.1613
미디어텍,37,7.9739,0.0020,0.0874,7.9739
미디어텍,97,7.7867,0.0021,0.0854,7.7867
미디어텍,4,7.4781,0.0019,0.0820,7.4781
미디어텍,49,7.4781,0.0025,0.0820,7.4781
미디어텍,45,7.4194,0.0015,0.0813,7.4194
미디어텍,81,7.4194,0.0019,0.0813,7.4194
미디어텍,18,7.3616,0.0013,0.0807,7.3616
미디어텍,92,7.3616,0.0018,0.0807,7.3616
미디어텍,22,7.3048,0.0025,0.0801,7.3048
미디어텍,72,7.2490,0.0010,0.0795,7.2490
미디어텍,23,7.1398,0.0013,0.0783,7.1398
미디어텍,32,7.1398,0.0014,0.0783,7.1398
미디어텍,14,6.9200,0.0025,0.0759,6.9200
미디어텍,58,6.8941,0.0054,0.0756,6.8941
미디어텍,50,6.7839,0.0009,0.0744,6.7839
미디어텍,64,6.7325,0.0031,0.0738,6.7325
미디어텍,53,6.7303,0.0017,0.0738,6.7303
미디어텍,96,6.7303,0.0013,0.0738,6.7303
미디어텍,20,6.4746,0.0013,0.0710,6.4746
미디어텍,44,6.1281,0.0015,0.0672,6.1281
미디어텍,90,5.9355,0.0016,0.0651,5.9355
미디어텍,30,5.7992,0.0012,0.0636,5.7992
미디어텍,33,5.7119,0.0014,0.0626,5.7119
미디어텍,79,5.3621,0.0015,0.0588,5.3621
미디어텍,83,5.3621,0.0025,0.0588,5.3621
미디어텍,70,4.5226,0.0014,0.0496,4.5226
미디어텍,86,4.3250,0.0035,0.0474,4.3250
미디어텍,59,4.2461,0.0029,0.0466,4.2461
미디어텍,63,4.2461,0.0043,0.0466,4.2461
미디어텍,88,4.2461,0.0021,0.0466,4.2461
미디어텍,57,3.9258,0.0016,0.0430,3.9258
미디어텍,82,3.9258,0.0025,0.0430,3.9258
미디어텍,8,3.8614,0.0014,0.0423,3.8614
미디어텍,89,3.8300,0.0008,0.0420,3.8300
미디어텍,87,3.7390,0.0030,0.0410,3.7390
미디어텍,7,3.7097,0.0010,0.0407,3.7097
미디어텍,24,3.4925,0.0043,0.0383,3.4925
미디어텍,40,3.3362,0.0019,0.0366,3.3362
미디어텍,77,3.3067,0.0043,0.0363,3.3067
미디어텍,2,3.1940,0.0008,0.0350,3.1940
미디어텍,42,3.1940,0.0011,0.0350,3.1940
미디어텍,91,3.1940,0.0023,0.0350,3.1940
미디어텍,52,3.0891,0.0013,0.0339,3.0891
미디어텍,74,3.0394,0.0009,0.0333,3.0394
미디어텍,98,2.9912,0.0011,0.0328,2.9912
미디어텍,95,2.9447,0.0010,0.0323,2.9447
미디어텍,15,2.9237,0.0031,0.0321,2.9237
미디어텍,56,2.7219,0.0038,0.0298,2.7219
미디어텍,69,2.2085,0.0009,0.0242,2.2085
미디어텍,46,2.1747,0.0005,0.0238,2.1747
미디어텍,48,2.0829,0.0045,0.0228,2.0829
미디어텍,84,1.6985,0.0010,0.0186,1.6985
미디어텍,73,1.5703,0.0005,0.0172,1.5703
미디어텍,39,1.5197,0.0008,0.0167,1.5197
미디어텍,29,1.4498,0.0005,0.0159,1.4498
미디어텍,100,1.0068,0.0015,0.0110,1.0068
미디어텍,19,0.9643,0.0008,0.0106,0.9643
미디어텍,99,0.9445,0.0015,0.0104,0.9445
미디어텍,34,0.9349,0.0009,0.0102,0.9349
미디어텍,61,0.8899,0.0007,0.0098,0.8899
미디어텍,47,0.8570,0.0009,0.0094,0.8570
미디어텍,62,0.8416,0.0022,0.0092,0.8416
미디어텍,94,0.8341,0.0003,0.0091,0.8341
미디어텍,5,0.8123,0.0004,0.0089,0.8123
미디어텍,54,0.7918,0.0003,0.0087,0.7918
바이두,0,9.0109,0.0004,0.3942,9.0109
바이두,70,6.0302,0.0019,0.2638,6.0302
바이두,11,5.5859,0.0005,0.2444,5.5859
바이두,38,5.5051,0.0006,0.2408,5.5051
바이두,12,5.0358,0.0006,0.2203,5.0358
바이두,76,4.9238,0.0006,0.2154,4.9238
바이두,20,4.3164,0.0009,0.1888,4.3164
바이두,1,4.2839,0.0003,0.1874,4.2839
바이두,23,4.2839,0.0008,0.1874,4.2839
바이두,27,4.1894,0.0005,0.1833,4.1894
바이두,25,3.6808,0.0006,0.1610,3.6808
바이두,3,3.5970,0.0004,0.1574,3.5970
바이두,36,3.5970,0.0004,0.1574,3.5970
바이두,102,3.5699,0.0007,0.1562,3.5699
바이두,75,3.5433,0.0008,0.1550,3.5433
바이두,9,3.5170,0.0005,0.1539,3.5170
바이두,49,2.9912,0.0010,0.1309,2.9912
바이두,81,2.9677,0.0008,0.1298,2.9677
바이두,92,2.9447,0.0007,0.1288,2.9447
바이두,22,2.9219,0.0010,0.1278,2.9219
바이두,72,2.8996,0.0004,0.1269,2.8996
바이두,67,2.8136,0.0004,0.1231,2.8136
바이두,94,2.5022,0.0010,0.1095,2.5022
바이두,42,2.3955,0.0008,0.1048,2.3955
바이두,53,2.2434,0.0006,0.0981,2.2434
바이두,65,2.2258,0.0004,0.0974,2.2258
바이두,18,2.2085,0.0004,0.0966,2.2085
바이두,37,2.1747,0.0005,0.0951,2.1747
바이두,55,2.1747,0.0005,0.0951,2.1747
바이두,6,2.1582,0.0004,0.0944,2.1582
바이두,32,2.1419,0.0004,0.0937,2.1419
바이두,21,2.1260,0.0004,0.0930,2.1260
바이두,51,1.7797,0.0011,0.0779,1.7797
바이두,61,1.7797,0.0015,0.0779,1.7797
바이두,63,1.6985,0.0017,0.0743,1.6985
바이두,73,1.5703,0.0005,0.0687,1.5703
바이두,82,1.5703,0.0010,0.0687,1.5703
바이두,8,1.5446,0.0006,0.0676,1.5446
바이두,58,1.5320,0.0012,0.0670,1.5320
바이두,4,1.4956,0.0004,0.0654,1.4956
바이두,43,1.4839,0.0003,0.0649,1.4839
바이두,45,1.4839,0.0003,0.0649,1.4839
바이두,101,1.4723,0.0003,0.0644,1.4723
바이두,13,1.4498,0.0002,0.0634,1.4498
바이두,24,0.8731,0.0011,0.0382,0.8731
바이두,47,0.8570,0.0009,0.0375,0.8570
바이두,10,0.8492,0.0004,0.0372,0.8492
바이두,88,0.8492,0.0004,0.0372,0.8492
바이두,40,0.8341,0.0005,0.0365,0.8341
바이두,91,0.7985,0.0006,0.0349,0.7985
바이두,57,0.7852,0.0003,0.0344,0.7852
바이두,44,0.7660,0.0002,0.0335,0.7660
바이두,68,0.7660,0.0003,0.0335,0.7660
바이두,79,0.7660,0.0002,0.0335,0.7660
바이두,83,0.7660,0.0004,0.0335,0.7660
바이두,39,0.7598,0.0004,0.0332,0.7598
바이두,98,0.7478,0.0003,0.0327,0.7478
바이두,7,0.7419,0.0002,0.0325,0.7419
바이두,93,0.7419,0.0001,0.0325,0.7419
바이두,95,0.7362,0.0002,0.0322,0.7362
바이두,60,0.7305,0.0002,0.0320,0.7305
바이두,29,0.7249,0.0002,0.0317,0.7249
바이두,30,0.7249,0.0002,0.0317,0.7249
바이두,66,0.7194,0.0001,0.0315,0.7194
바이두,33,0.7140,0.0002,0.0312,0.7140
벤츠,0,43.6683,0.0021,0.3082,49.9128
벤츠,8,35.5251,0.0127,0.2507,40.6052
벤츠,96,32.1556,0.0064,0.2270,36.7539
벤츠,1,32.1292,0.0022,0.2268,36.7236
벤츠,11,27.2312,0.0023,0.1922,31.1253
벤츠,27,25.8347,0.0031,0.1823,29.5291
벤츠,42,25.5522,0.0085,0.1803,29.2062
벤츠,90,24.4839,0.0066,0.1728,27.9851
벤츠,3,24.4594,0.0025,0.1726,27.9571
벤츠,60,24.1060,0.0064,0.1701,27.5532
벤츠,66,23.7400,0.0028,0.1676,27.1349
벤츠,74,22.7952,0.0070,0.1609,26.0549
벤츠,46,22.4718,0.0054,0.1586,25.6852
벤츠,38,21.3322,0.0024,0.1506,24.3827
벤츠,67,21.1021,0.0028,0.1489,24.1197
벤츠,69,20.6126,0.0080,0.1455,23.5602
벤츠,72,19.5722,0.0026,0.1381,22.3710
벤츠,36,18.7043,0.0023,0.1320,21.3790
벤츠,33,18.5635,0.0044,0.1310,21.2181
벤츠,91,18.3657,0.0130,0.1296,20.9920
벤츠,9,18.2885,0.0024,0.1291,20.9038
벤츠,4,17.9473,0.0045,0.1267,20.5138
벤츠,41,17.1995,0.0030,0.1214,19.6591
벤츠,102,17.1356,0.0031,0.1209,19.5859
벤츠,101,16.9318,0.0037,0.1195,19.3530
벤츠,18,16.1956,0.0028,0.1143,18.5116
벤츠,45,14.8387,0.0030,0.1047,16.9607
벤츠,10,14.4369,0.0061,0.1019,16.5013
벤츠,43,14.0968,0.0028,0.0995,16.1127
벤츠,13,13.7730,0.0021,0.0972,15.7426
벤츠,50,13.5679,0.0018,0.0958,15.5081
벤츠,76,12.6613,0.0015,0.0894,14.4718
벤츠,65,11.8710,0.0022,0.0838,13.5686
벤츠,25,11.7786,0.0020,0.0831,13.4630
벤츠,17,11.3976,0.0025,0.0804,13.0274
벤츠,16,11.2450,0.0053,0.0794,12.8530
벤츠,49,11.2171,0.0037,0.0792,12.8211
벤츠,57,10.9923,0.0046,0.0776,12.5642
벤츠,73,10.9923,0.0035,0.0776,12.5642
벤츠,22,10.9573,0.0038,0.0773,12.5242
벤츠,97,10.9014,0.0029,0.0769,12.4603
벤츠,12,10.7909,0.0013,0.0762,12.3340
벤츠,61,10.6783,0.0088,0.0754,12.2053
벤츠,70,10.5528,0.0033,0.0745,12.0619
벤츠,53,10.4693,0.0026,0.0739,11.9664
벤츠,26,10.3806,0.0027,0.0733,11.8650
벤츠,64,10.0988,0.0047,0.0713,11.5429
벤츠,68,9.9581,0.0041,0.0703,11.3821
벤츠,89,9.9581,0.0021,0.0703,11.3821
벤츠,93,9.6452,0.0019,0.0681,11.0244
벤츠,54,9.5013,0.0037,0.0671,10.8600
벤츠,85,9.0138,0.0024,0.0636,10.3028
벤츠,5,8.9357,0.0046,0.0631,10.2135
벤츠,7,8.9032,0.0024,0.0628,10.1764
벤츠,30,8.6988,0.0018,0.0614,9.9427
벤츠,14,8.6500,0.0031,0.0611,9.8869
벤츠,35,8.6368,0.0015,0.0610,9.8719
벤츠,23,8.5678,0.0016,0.0605,9.7930
벤츠,44,7.6601,0.0018,0.0541,8.7555
벤츠,87,7.4781,0.0060,0.0528,8.5474
벤츠,29,7.2490,0.0024,0.0512,8.2856
벤츠,28,7.2482,0.0021,0.0512,8.2847
벤츠,83,6.8941,0.0032,0.0487,7.8799
벤츠,92,6.6255,0.0016,0.0468,7.5729
벤츠,21,6.3779,0.0012,0.0450,7.2899
벤츠,80,6.3511,0.0028,0.0448,7.2593
벤츠,52,6.1783,0.0026,0.0436,7.0618
벤츠,79,6.1281,0.0017,0.0433,7.0044
벤츠,31,6.1118,0.0026,0.0431,6.9858
벤츠,47,5.9992,0.0061,0.0423,6.8571
벤츠,81,5.9355,0.0015,0.0419,6.7843
벤츠,95,5.8893,0.0020,0.0416,6.7315
벤츠,20,5.7552,0.0012,0.0406,6.5782
벤츠,32,5.7119,0.0011,0.0403,6.5286
벤츠,99,5.6668,0.0091,0.0400,6.4771
벤츠,34,5.6092,0.0054,0.0396,6.4113
벤츠,2,5.5896,0.0014,0.0395,6.3889
벤츠,63,5.0954,0.0051,0.0360,5.8240
벤츠,39,4.5590,0.0024,0.0322,5.2110
벤츠,59,4.2461,0.0029,0.0300,4.8533
벤츠,84,4.2461,0.0025,0.0300,4.8533
벤츠,55,3.6245,0.0009,0.0256,4.1428
벤츠,51,3.5594,0.0023,0.0251,4.0684
벤츠,75,3.5433,0.0008,0.0250,4.0499
벤츠,86,3.4600,0.0028,0.0244,3.9548
벤츠,78,3.3969,0.0024,0.0240,3.8827
벤츠,82,3.1407,0.0020,0.0222,3.5898
벤츠,37,2.8996,0.0007,0.0205,3.3142
벤츠,88,2.5477,0.0013,0.0180,2.9120
벤츠,40,2.5022,0.0014,0.0177,2.8600
벤츠,94,2.5022,0.0010,0.0177,2.8600
벤츠,58,2.2980,0.0018,0.0162,2.6266
벤츠,98,2.2434,0.0009,0.0158,2.5642
벤츠,6,2.1582,0.0004,0.0152,2.4668
벤츠,100,2.0136,0.0031,0.0142,2.3016
벤츠,15,1.9491,0.0021,0.0138,2.2278
벤츠,19,1.9286,0.0015,0.0136,2.2044
벤츠,24,1.7462,0.0022,0.0123,1.9959
벤츠,62,1.6831,0.0044,0.0119,1.9238
벤츠,77,1.6534,0.0021,0.0117,1.8898
벤츠,48,1.0415,0.0023,0.0074,1.1904
비보,44,77.3669,0.0184,0.3674,77.3669
비보,0,70.0079,0.0034,0.3324,70.0079
비보,35,59.6726,0.0106,0.2833,59.6726
비보,1,59.2604,0.0041,0.2814,59.2604
비보,50,57.2867,0.0076,0.2720,57.2867
비보,66,50.3577,0.0059,0.2391,50.3577
비보,26,43.1194,0.0112,0.2047,43.1194
비보,36,41.0055,0.0050,0.1947,41.0055
비보,28,37.0465,0.0105,0.1759,37.0465
비보,97,34.2615,0.0092,0.1627,34.2615
비보,3,32.3728,0.0033,0.1537,32.3728
비보,93,31.9033,0.0062,0.1515,31.9033
비보,65,31.1614,0.0059,0.1480,31.1614
비보,11,30.0242,0.0025,0.1426,30.0242
비보,85,28.6804,0.0076,0.1362,28.6804
비보,64,28.6133,0.0132,0.1359,28.6133
비보,72,25.3714,0.0034,0.1205,25.3714
비보,13,22.4718,0.0034,0.1067,22.4718
비보,38,22.0203,0.0025,0.1046,22.0203
비보,12,20.8625,0.0025,0.0991,20.8625
비보,16,19.8949,0.0094,0.0945,19.8949
비보,17,19.7558,0.0043,0.0938,19.7558
비보,10,19.5322,0.0083,0.0927,19.5322
비보,31,18.3355,0.0078,0.0871,18.3355
비보,76,18.2885,0.0022,0.0868,18.2885
비보,49,16.4517,0.0054,0.0781,16.4517
비보,7,16.3226,0.0044,0.0775,16.3226
비보,75,16.2990,0.0038,0.0774,16.2990
비보,18,16.1956,0.0028,0.0769,16.1956
비보,67,16.1783,0.0021,0.0768,16.1783
비보,22,16.0707,0.0056,0.0763,16.0707
비보,70,15.8292,0.0049,0.0752,15.8292
비보,92,15.4595,0.0038,0.0734,15.4595
비보,41,14.9561,0.0026,0.0710,14.9561
비보,90,14.8387,0.0040,0.0705,14.8387
비보,14,13.8400,0.0050,0.0657,13.8400
비보,68,13.7882,0.0057,0.0655,13.7882
비보,46,13.0481,0.0031,0.0620,13.0481
비보,54,12.6684,0.0050,0.0602,12.6684
비보,40,12.5108,0.0071,0.0594,12.5108
비보,74,11.3976,0.0035,0.0541,11.3976
비보,9,11.2545,0.0014,0.0534,11.2545
비보,30,10.8734,0.0023,0.0516,10.8734
비보,27,10.4735,0.0012,0.0497,10.4735
비보,95,10.3063,0.0034,0.0489,10.3063
비보,29,10.1485,0.0034,0.0482,10.1485
비보,45,8.9032,0.0018,0.0423,8.9032
비보,102,8.5678,0.0016,0.0407,8.5678
비보,33,7.8538,0.0019,0.0373,7.8538
비보,23,7.1398,0.0013,0.0339,7.1398
비보,57,7.0665,0.0029,0.0336,7.0665
비보,53,6.7303,0.0017,0.0320,6.7303
비보,101,6.6255,0.0014,0.0315,6.6255
비보,80,6.3511,0.0028,0.0302,6.3511
비보,4,5.9824,0.0015,0.0284,5.9824
비보,43,5.9355,0.0012,0.0282,5.9355
비보,83,5.3621,0.0025,0.0255,5.3621
비보,96,5.2346,0.0010,0.0249,5.2346
비보,81,5.1936,0.0013,0.0247,5.1936
비보,19,4.8215,0.0038,0.0229,4.8215
비보,42,4.7910,0.0016,0.0227,4.7910
비보,58,4.5961,0.0036,0.0218,4.5961
비보,51,4.4493,0.0029,0.0211,4.4493
비보,69,4.4170,0.0017,0.0210,4.4170
비보,32,4.2839,0.0008,0.0203,4.2839
비보,8,3.8614,0.0014,0.0183,3.8614
비보,60,3.6524,0.0010,0.0173,3.6524
비보,20,3.5970,0.0007,0.0171,3.5970
비보,59,3.3969,0.0023,0.0161,3.3969
비보,63,3.3969,0.0034,0.0161,3.3969
비보,73,3.1407,0.0010,0.0149,3.1407
비보,52,3.0891,0.0013,0.0147,3.0891
비보,89,3.0640,0.0006,0.0145,3.0640
비보,98,2.9912,0.0011,0.0142,2.9912
비보,6,2.8776,0.0006,0.0137,2.8776
비보,86,2.5950,0.0021,0.0123,2.5950
비보,47,2.5711,0.0026,0.0122,2.5711
비보,77,2.4800,0.0032,0.0118,2.4800
비보,5,2.4370,0.0012,0.0116,2.4370
비보,2,2.3955,0.0006,0.0114,2.3955
비보,91,2.3955,0.0017,0.0114,2.3955
비보,79,2.2980,0.0006,0.0109,2.2980
비보,25,2.2085,0.0004,0.0105,2.2085
비보,37,2.1747,0.0005,0.0103,2.1747
비보,55,2.1747,0.0005,0.0103,2.1747
비보,21,2.1260,0.0004,0.0101,2.1260
비보,15,1.9491,0.0021,0.0093,1.9491
비보,34,1.8697,0.0018,0.0089,1.8697
비보,24,1.7462,0.0022,0.0083,1.7462
비보,88,1.6985,0.0009,0.0081,1.6985
비보,94,1.6681,0.0007,0.0079,1.6681
비보,82,1.5703,0.0010,0.0075,1.5703
비보,39,1.5197,0.0008,0.0072,1.5197
비보,87,1.4956,0.0012,0.0071,1.4956
비보,48,1.0415,0.0023,0.0049,1.0415
비보,99,0.9445,0.0015,0.0045,0.9445
비보,56,0.9073,0.0013,0.0043,0.9073
비보,61,0.8899,0.0007,0.0042,0.8899
비보,78,0.8492,0.0006,0.0040,0.8492
비보,84,0.8492,0.0005,0.0040,0.8492
삼성디스플레이,0,1445.2119,0.0711,0.3483,1445.2119
삼성디스플레이,1,1368.7021,0.0939,0.3298,1368.7021
삼성디스플레이,18,1015.1709,0.1751,0.2446,1015.1709
삼성디스플레이,50,1001.0090,0.1326,0.2412,1001.0090
삼성디스플레이,66,902.8412,0.1055,0.2176,902.8412
삼성디스플레이,11,896.5353,0.0744,0.2160,896.5353
삼성디스플레이,36,811.4780,0.0992,0.1955,811.4780
삼성디스플레이,5,777.4053,0.3969,0.1873,777.4053
삼성디스플레이,72,770.5643,0.1042,0.1857,770.5643
삼성디스플레이,13,769.1145,0.1156,0.1853,769.1145
삼성디스플레이,67,754.0487,0.1000,0.1817,754.0487
삼성디스플레이,41,712.6587,0.1252,0.1717,712.6587
삼성디스플레이,17,654.9808,0.1439,0.1578,654.9808
삼성디스플레이,93,617.2919,0.1196,0.1487,617.2919
삼성디스플레이,52,600.0651,0.2533,0.1446,600.0651
삼성디스플레이,74,550.1231,0.1694,0.1326,550.1231
삼성디스플레이,7,530.4852,0.1418,0.1278,530.4852
삼성디스플레이,3,523.0005,0.0527,0.1260,523.0005
삼성디스플레이,46,506.7022,0.1208,0.1221,506.7022
삼성디스플레이,27,504.1266,0.0596,0.1215,504.1266
삼성디스플레이,90,495.6141,0.1343,0.1194,495.6141
삼성디스플레이,30,472.6321,0.0994,0.1139,472.6321
삼성디스플레이,79,439.6889,0.1237,0.1060,439.6889
삼성디스플레이,12,432.3566,0.0524,0.1042,432.3566
삼성디스플레이,45,406.5817,0.0812,0.0980,406.5817
삼성디스플레이,44,395.2604,0.0939,0.0952,395.2604
삼성디스플레이,23,379.8380,0.0688,0.0915,379.8380
삼성디스플레이,76,375.6176,0.0457,0.0905,375.6176
삼성디스플레이,95,359.2483,0.1195,0.0866,359.2483
삼성디스플레이,9,358.7359,0.0462,0.0864,358.7359
삼성디스플레이,38,339.2504,0.0385,0.0817,339.2504
삼성디스플레이,35,331.3401,0.0590,0.0798,331.3401
삼성디스플레이,29,324.0285,0.1076,0.0781,324.0285
삼성디스플레이,43,316.8072,0.0623,0.0763,316.8072
삼성디스플레이,102,314.1518,0.0574,0.0757,314.1518
삼성디스플레이,81,280.4523,0.0723,0.0676,280.4523
삼성디스플레이,85,272.8738,0.0726,0.0658,272.8738
삼성디스플레이,97,268.6409,0.0719,0.0647,268.6409
삼성디스플레이,28,267.3792,0.0760,0.0644,267.3792
삼성디스플레이,65,267.0974,0.0502,0.0644,267.0974
삼성디스플레이,92,261.3384,0.0645,0.0630,261.3384
삼성디스플레이,33,249.8934,0.0595,0.0602,249.8934
삼성디스플레이,101,246.6151,0.0532,0.0594,246.6151
삼성디스플레이,60,227.9113,0.0606,0.0549,227.9113
삼성디스플레이,70,218.5938,0.0680,0.0527,218.5938
삼성디스플레이,53,216.8636,0.0533,0.0523,216.8636
삼성디스플레이,26,200.4254,0.0518,0.0483,200.4254
삼성디스플레이,96,198.1685,0.0391,0.0478,198.1685
삼성디스플레이,34,182.2991,0.1749,0.0439,182.2991
삼성디스플레이,4,173.4909,0.0432,0.0418,173.4909
삼성디스플레이,25,171.5263,0.0290,0.0413,171.5263
삼성디스플레이,19,153.3237,0.1208,0.0369,153.3237
삼성디스플레이,69,149.4414,0.0579,0.0360,149.4414
삼성디스플레이,73,147.6112,0.0477,0.0356,147.6112
삼성디스플레이,89,146.3076,0.0308,0.0353,146.3076
삼성디스플레이,75,145.2735,0.0337,0.0350,145.2735
삼성디스플레이,6,144.5985,0.0289,0.0348,144.5985
삼성디스플레이,20,144.5985,0.0290,0.0348,144.5985
삼성디스플레이,98,144.3265,0.0553,0.0348,144.3265
삼성디스플레이,8,134.3775,0.0479,0.0324,134.3775
삼성디스플레이,49,132.3616,0.0437,0.0319,132.3616
삼성디스플레이,21,128.2659,0.0248,0.0309,128.2659
삼성디스플레이,22,127.1044,0.0443,0.0306,127.1044
삼성디스플레이,32,119.9489,0.0237,0.0289,119.9489
삼성디스플레이,54,119.5584,0.0472,0.0288,119.5584
삼성디스플레이,64,113.6116,0.0523,0.0274,113.6116
삼성디스플레이,2,107.7985,0.0263,0.0260,107.7985
삼성디스플레이,37,104.3850,0.0261,0.0252,104.3850
삼성디스플레이,55,100.0356,0.0240,0.0241,100.0356
삼성디스플레이,42,97.4179,0.0324,0.0235,97.4179
삼성디스플레이,31,89.9312,0.0383,0.0217,89.9312
삼성디스플레이,68,86.5590,0.0360,0.0209,86.5590
삼성디스플레이,10,84.0734,0.0357,0.0203,84.0734
삼성디스플레이,80,83.4712,0.0372,0.0201,83.4712
삼성디스플레이,16,80.4448,0.0380,0.0194,80.4448
삼성디스플레이,83,79.6649,0.0372,0.0192,79.6649
삼성디스플레이,40,79.2350,0.0447,0.0191,79.2350
삼성디스플레이,87,73.2849,0.0591,0.0177,73.2849
삼성디스플레이,51,70.2987,0.0451,0.0169,70.2987
삼성디스플레이,59,68.7873,0.0471,0.0166,68.7873
삼성디스플레이,86,65.7398,0.0529,0.0158,65.7398
삼성디스플레이,39,64.5863,0.0343,0.0156,64.5863
삼성디스플레이,100,55.3743,0.0844,0.0133,55.3743
삼성디스플레이,61,52.5016,0.0430,0.0127,52.5016
삼성디스플레이,14,51.0348,0.0185,0.0123,51.0348
삼성디스플레이,82,50.2506,0.0315,0.0121,50.2506
삼성디스플레이,78,46.7075,0.0336,0.0113,46.7075
삼성디스플레이,94,44.2048,0.0182,0.0107,44.2048
삼성디스플레이,84,43.3106,0.0256,0.0104,43.3106
삼성디스플레이,58,42.8965,0.0336,0.0103,42.8965
삼성디스플레이,88,40.7629,0.0204,0.0098,40.7629
삼성디스플레이,99,38.7229,0.0625,0.0093,38.7229
삼성디스플레이,57,32.9770,0.0137,0.0079,32.9770
삼성디스플레이,47,31.7103,0.0322,0.0076,31.7103
삼성디스플레이,63,25.4768,0.0257,0.0061,25.4768
삼성디스플레이,91,19.1642,0.0136,0.0046,19.1642
삼성디스플레이,71,17.6798,0.0534,0.0043,17.6798
삼성디스플레이,24,17.4624,0.0217,0.0042,17.4624
삼성디스플레이,77,17.3603,0.0224,0.0042,17.3603
삼성디스플레이,56,12.7021,0.0175,0.0031,12.7021
삼성디스플레이,62,11.7819,0.0310,0.0028,11.7819
삼성디스플레이,48,10.4145,0.0226,0.0025,10.4145
삼성디스플레이,15,9.7456,0.0103,0.0023,9.7456
삼성전자,0,3026.2806,0.1488,0.4042,3026.2806
삼성전자,12,1910.7142,0.2317,0.2552,1910.7142
삼성전자,1,1720.6949,0.1180,0.2298,1720.6949
삼성전자,11,1652.7252,0.1372,0.2207,1652.7252
삼성전자,3,1569.7208,0.1582,0.2096,1569.7208
삼성전자,38,1301.9507,0.1479,0.1739,1301.9507
삼성전자,4,1298.9383,0.3231,0.1735,1298.9383
삼성전자,76,1278.7879,0.1557,0.1708,1278.7879
삼성전자,27,1202.3628,0.1423,0.1606,1202.3628
삼성전자,43,1148.5190,0.2260,0.1534,1148.5190
삼성전자,6,1071.8992,0.2139,0.1431,1071.8992
삼성전자,67,1045.2579,0.1387,0.1396,1045.2579
삼성전자,9,1019.2319,0.1311,0.1361,1019.2319
삼성전자,21,971.5610,0.1880,0.1297,971.5610
삼성전자,36,953.1989,0.1165,0.1273,953.1989
삼성전자,72,930.0414,0.1258,0.1242,930.0414
삼성전자,18,912.1079,0.1573,0.1218,912.1079
삼성전자,101,898.1208,0.1938,0.1199,898.1208
삼성전자,25,868.6742,0.1467,0.1160,868.6742
삼성전자,50,840.4556,0.1113,0.1122,840.4556
삼성전자,32,831.0742,0.1645,0.1110,831.0742
삼성전자,13,813.3332,0.1222,0.1086,813.3332
삼성전자,66,812.1974,0.0949,0.1085,812.1974
삼성전자,20,811.4780,0.1625,0.1084,811.4780
삼성전자,37,766.9398,0.1920,0.1024,766.9398
삼성전자,102,752.5363,0.1376,0.1005,752.5363
삼성전자,75,734.8715,0.1706,0.0981,734.8715
삼성전자,23,709.6974,0.1285,0.0948,709.6974
삼성전자,55,708.9482,0.1701,0.0947,708.9482
삼성전자,28,701.4678,0.1993,0.0937,701.4678
삼성전자,10,695.5165,0.2955,0.0929,695.5165
삼성전자,89,690.1737,0.1451,0.0922,690.1737
삼성전자,42,649.1868,0.2156,0.0867,649.1868
삼성전자,45,631.3887,0.1261,0.0843,631.3887
삼성전자,16,622.7982,0.2945,0.0832,622.7982
삼성전자,93,609.1306,0.1180,0.0813,609.1306
삼성전자,2,608.4629,0.1484,0.0813,608.4629
삼성전자,30,597.3142,0.1256,0.0798,597.3142
삼성전자,65,593.5499,0.1115,0.0793,593.5499
삼성전자,46,575.5673,0.1372,0.0769,575.5673
삼성전자,49,572.8191,0.1890,0.0765,572.8191
삼성전자,41,572.0713,0.1005,0.0764,572.0713
삼성전자,53,566.8366,0.1393,0.0757,566.8366
삼성전자,81,563.1304,0.1452,0.0752,563.1304
삼성전자,60,558.0904,0.1484,0.0745,558.0904
삼성전자,90,543.0981,0.1471,0.0725,543.0981
삼성전자,17,532.6468,0.1170,0.0711,532.6468
삼성전자,96,528.6986,0.1044,0.0706,528.6986
삼성전자,33,526.9182,0.1254,0.0704,526.9182
삼성전자,35,523.7058,0.0932,0.0699,523.7058
삼성전자,22,501.1126,0.1746,0.0669,501.1126
삼성전자,7,495.6141,0.1325,0.0662,495.6141
삼성전자,73,482.8771,0.1559,0.0645,482.8771
삼성전자,14,477.4786,0.1735,0.0638,477.4786
삼성전자,44,474.9253,0.1128,0.0634,474.9253
삼성전자,97,471.8736,0.1262,0.0630,471.8736
삼성전자,92,471.1453,0.1164,0.0629,471.1453
삼성전자,83,466.4992,0.2176,0.0623,466.4992
삼성전자,70,463.5697,0.1443,0.0619,463.5697
삼성전자,85,460.5258,0.1225,0.0615,460.5258
삼성전자,79,455.0091,0.1280,0.0608,455.0091
삼성전자,59,442.4470,0.3029,0.0591,442.4470
삼성전자,64,425.8330,0.1962,0.0569,425.8330
삼성전자,95,421.0861,0.1401,0.0562,421.0861
삼성전자,86,398.7638,0.3210,0.0533,398.7638
삼성전자,15,388.8493,0.4097,0.0519,388.8493
삼성전자,29,377.6708,0.1254,0.0504,377.6708
삼성전자,80,365.6400,0.1632,0.0488,365.6400
삼성전자,8,359.8846,0.1283,0.0481,359.8846
삼성전자,74,357.1241,0.1100,0.0477,357.1241
삼성전자,26,355.3359,0.0919,0.0475,355.3359
삼성전자,88,342.2383,0.1713,0.0457,342.2383
삼성전자,57,328.1994,0.1360,0.0438,328.1994
삼성전자,98,294.6354,0.1129,0.0393,294.6354
삼성전자,5,286.7545,0.1464,0.0383,286.7545
삼성전자,52,282.6561,0.1193,0.0377,282.6561
삼성전자,39,265.1837,0.1408,0.0354,265.1837
삼성전자,82,263.8158,0.1654,0.0352,263.8158
삼성전자,34,263.6325,0.2529,0.0352,263.6325
삼성전자,94,261.0585,0.1077,0.0349,261.0585
삼성전자,84,260.7125,0.1542,0.0348,260.7125
삼성전자,69,254.7129,0.0987,0.0340,254.7129
삼성전자,54,241.4922,0.0953,0.0323,241.4922
삼성전자,68,239.7607,0.0997,0.0320,239.7607
삼성전자,63,208.9097,0.2108,0.0279,208.9097
삼성전자,31,207.8022,0.0885,0.0278,207.8022
삼성전자,47,201.4032,0.2043,0.0269,201.4032
삼성전자,19,186.1099,0.1467,0.0249,186.1099
삼성전자,78,179.1868,0.1291,0.0239,179.1868
삼성전자,40,165.9765,0.0936,0.0222,165.9765
삼성전자,24,165.0194,0.2050,0.0220,165.0194
삼성전자,87,157.0392,0.1266,0.0210,157.0392
삼성전자,51,153.0555,0.0982,0.0204,153.0555
삼성전자,61,143.2671,0.1174,0.0191,143.2671
삼성전자,100,140.9527,0.2147,0.0188,140.9527
삼성전자,91,130.9553,0.0930,0.0175,130.9553
삼성전자,58,119.4973,0.0935,0.0160,119.4973
삼성전자,56,87.1003,0.1202,0.0116,87.1003
삼성전자,77,81.0145,0.1046,0.0108,81.0145
삼성전자,99,75.5569,0.1220,0.0101,75.5569
삼성전자,48,38.5338,0.0835,0.0051,38.5338
삼성전자,62,29.4549,0.0776,0.0039,29.4549
삼성전자,71,27.1091,0.0819,0.0036,27.1091
샤오미,0,270.3274,0.0133,0.3844,270.3274
샤오미,1,233.4719,0.0160,0.3320,233.4719
샤오미,3,198.5531,0.0200,0.2824,198.5531
샤오미,68,166.2239,0.0692,0.2364,166.2239
샤오미,76,138.5705,0.0169,0.1971,138.5705
샤오미,35,135.0486,0.0240,0.1921,135.0486
샤오미,44,129.4554,0.0307,0.1841,129.4554
샤오미,50,123.6186,0.0164,0.1758,123.6186
샤오미,11,110.3213,0.0092,0.1569,110.3213
샤오미,66,110.0675,0.0129,0.1565,110.0675
샤오미,36,106.4705,0.0130,0.1514,106.4705
샤오미,38,101.1558,0.0115,0.1439,101.1558
샤오미,65,94.2260,0.0177,0.1340,94.2260
샤오미,72,93.5116,0.0127,0.1330,93.5116
샤오미,28,90.2002,0.0256,0.1283,90.2002
샤오미,89,88.8570,0.0187,0.1264,88.8570
샤오미,26,85.4403,0.0221,0.1215,85.4403
샤오미,75,82.2036,0.0191,0.1169,82.2036
샤오미,85,81.1246,0.0216,0.1154,81.1246
샤오미,97,80.2029,0.0215,0.1141,80.2029
샤오미,93,80.1292,0.0155,0.1140,80.1292
샤오미,12,74.8171,0.0091,0.1064,74.8171
샤오미,2,72.6642,0.0177,0.1033,72.6642
샤오미,92,70.6718,0.0175,0.1005,70.6718
샤오미,67,70.3404,0.0093,0.1000,70.3404
샤오미,27,68.4272,0.0081,0.0973,68.4272
샤오미,13,68.1402,0.0102,0.0969,68.1402
샤오미,101,63.3102,0.0137,0.0900,63.3102
샤오미,96,59.0766,0.0117,0.0840,59.0766
샤오미,70,58.7942,0.0183,0.0836,58.7942
샤오미,18,58.1570,0.0100,0.0827,58.1570
샤오미,21,57.4008,0.0111,0.0816,57.4008
샤오미,20,55.3934,0.0111,0.0788,55.3934
샤오미,41,55.3376,0.0097,0.0787,55.3376
샤오미,23,54.2626,0.0098,0.0772,54.2626
샤오미,9,53.4587,0.0069,0.0760,53.4587
샤오미,49,53.0942,0.0175,0.0755,53.0942
샤오미,64,53.0187,0.0244,0.0754,53.0187
샤오미,22,51.1339,0.0178,0.0727,51.1339
샤오미,6,50.3577,0.0100,0.0716,50.3577
샤오미,102,49.9787,0.0091,0.0711,49.9787
샤오미,17,45.5903,0.0100,0.0648,45.5903
샤오미,10,44.1598,0.0188,0.0628,44.1598
샤오미,8,42.4756,0.0151,0.0604,42.4756
샤오미,81,42.2904,0.0109,0.0601,42.2904
샤오미,83,42.1305,0.0196,0.0599,42.1305
샤오미,4,41.8771,0.0104,0.0596,41.8771
샤오미,14,41.5199,0.0151,0.0590,41.5199
샤오미,16,41.5199,0.0196,0.0590,41.5199
샤오미,30,40.5942,0.0085,0.0577,40.5942
샤오미,37,40.5942,0.0102,0.0577,40.5942
샤오미,25,39.7529,0.0067,0.0565,39.7529
샤오미,53,38.1381,0.0094,0.0542,38.1381
샤오미,45,37.8388,0.0076,0.0538,37.8388
샤오미,55,37.6946,0.0090,0.0536,37.6946
샤오미,42,37.5299,0.0125,0.0534,37.5299
샤오미,31,36.6710,0.0156,0.0522,36.6710
샤오미,32,35.6991,0.0071,0.0508,35.6991
샤오미,7,35.6130,0.0095,0.0506,35.6130
샤오미,43,34.8711,0.0069,0.0496,34.8711
샤오미,90,32.6452,0.0088,0.0464,32.6452
샤오미,79,32.1724,0.0090,0.0458,32.1724
샤오미,57,30.6215,0.0127,0.0435,30.6215
샤오미,46,30.4456,0.0073,0.0433,30.4456
샤오미,95,30.1827,0.0100,0.0429,30.1827
샤오미,29,29.7207,0.0099,0.0423,29.7207
샤오미,33,27.1313,0.0065,0.0386,27.1313
샤오미,74,26.5943,0.0082,0.0378,26.5943
샤오미,40,25.8556,0.0146,0.0368,25.8556
샤오미,52,24.7131,0.0104,0.0351,24.7131
샤오미,58,24.5123,0.0192,0.0349,24.5123
샤오미,63,22.9291,0.0231,0.0326,22.9291
샤오미,69,22.8211,0.0088,0.0325,22.8211
샤오미,94,20.8513,0.0086,0.0297,20.8513
샤오미,60,20.4536,0.0054,0.0291,20.4536
샤오미,54,19.7944,0.0078,0.0282,19.7944
샤오미,91,19.1642,0.0136,0.0273,19.1642
샤오미,73,18.8440,0.0061,0.0268,18.8440
샤오미,98,17.1995,0.0066,0.0245,17.1995
샤오미,15,15.5930,0.0164,0.0222,15.5930
샤오미,39,13.6771,0.0073,0.0195,13.6771
샤오미,84,11.8892,0.0070,0.0169,11.8892
샤오미,77,11.5735,0.0149,0.0165,11.5735
샤오미,87,11.2171,0.0090,0.0160,11.2171
샤오미,24,10.4774,0.0130,0.0149,10.4774
샤오미,82,10.2072,0.0064,0.0145,10.2072
샤오미,5,9.7480,0.0050,0.0139,9.7480
샤오미,51,8.8986,0.0057,0.0127,8.8986
샤오미,86,8.6500,0.0070,0.0123,8.6500
샤오미,59,8.4923,0.0058,0.0121,8.4923
샤오미,34,8.4138,0.0081,0.0120,8.4138
샤오미,88,6.7938,0.0034,0.0097,6.7938
샤오미,78,5.9446,0.0043,0.0085,5.9446
샤오미,80,5.4438,0.0024,0.0077,5.4438
샤오미,48,5.2073,0.0113,0.0074,5.2073
샤오미,47,5.1422,0.0052,0.0073,5.1422
샤오미,62,3.3663,0.0089,0.0048,3.3663
샤오미,19,2.8929,0.0023,0.0041,2.8929
샤오미,99,2.8334,0.0046,0.0040,2.8334
샤오미,56,1.8146,0.0025,0.0026,1.8146
샤오미,61,1.7797,0.0015,0.0025,1.7797
샤오펑,0,23.5670,0.0012,0.3123,23.5670
샤오펑,3,21.5819,0.0022,0.2859,21.5819
샤오펑,1,20.7055,0.0014,0.2743,20.7055
샤오펑,8,20.0794,0.0072,0.2660,20.0794
샤오펑,68,19.1502,0.0080,0.2537,19.1502
샤오펑,76,18.9919,0.0023,0.2516,18.9919
샤오펑,20,17.2655,0.0035,0.2288,17.2655
샤오펑,23,15.7076,0.0028,0.2081,15.7076
샤오펑,96,15.7039,0.0031,0.2081,15.7039
샤오펑,92,13.9871,0.0035,0.1853,13.9871
샤오펑,27,13.9647,0.0017,0.1850,13.9647
샤오펑,46,10.8734,0.0026,0.1441,10.8734
샤오펑,9,10.5511,0.0014,0.1398,10.5511
샤오펑,4,10.4693,0.0026,0.1387,10.4693
샤오펑,33,9.2818,0.0022,0.1230,9.2818
샤오펑,67,9.1442,0.0012,0.1212,9.1442
샤오펑,90,8.9032,0.0024,0.1180,8.9032
샤오펑,21,8.5038,0.0016,0.1127,8.5038
샤오펑,75,8.5038,0.0020,0.1127,8.5038
샤오펑,18,8.0978,0.0014,0.1073,8.0978
샤오펑,37,7.9739,0.0020,0.1056,7.9739
샤오펑,55,7.9739,0.0019,0.1056,7.9739
샤오펑,38,7.5695,0.0009,0.1003,7.5695
샤오펑,69,7.3616,0.0029,0.0975,7.3616
샤오펑,80,7.2584,0.0032,0.0962,7.2584
샤오펑,6,7.1940,0.0014,0.0953,7.1940
샤오펑,32,7.1398,0.0014,0.0946,7.1398
샤오펑,102,7.1398,0.0013,0.0946,7.1398
샤오펑,11,6.9824,0.0006,0.0925,6.9824
샤오펑,74,6.8385,0.0021,0.0906,6.8385
샤오펑,60,6.5744,0.0017,0.0871,6.5744
샤오펑,91,6.3881,0.0045,0.0846,6.3881
샤오펑,94,5.8384,0.0024,0.0774,5.8384
샤오펑,72,5.7992,0.0008,0.0768,5.7992
샤오펑,42,5.5896,0.0019,0.0741,5.5896
샤오펑,41,5.2346,0.0009,0.0694,5.2346
샤오펑,66,5.0358,0.0006,0.0667,5.0358
샤오펑,85,4.9166,0.0013,0.0651,4.9166
샤오펑,87,4.4868,0.0036,0.0594,4.4868
샤오펑,65,4.4516,0.0008,0.0590,4.4516
샤오펑,101,4.4170,0.0010,0.0585,4.4170
샤오펑,13,4.3494,0.0007,0.0576,4.3494
샤오펑,35,3.9258,0.0007,0.0520,3.9258
샤오펑,97,3.8933,0.0010,0.0516,3.8933
샤오펑,93,3.7097,0.0007,0.0492,3.7097
샤오펑,29,3.6245,0.0012,0.0480,3.6245
샤오펑,12,3.5970,0.0004,0.0477,3.5970
샤오펑,47,3.4281,0.0035,0.0454,3.4281
샤오펑,2,3.1940,0.0008,0.0423,3.1940
샤오펑,73,3.1407,0.0010,0.0416,3.1407
샤오펑,52,3.0891,0.0013,0.0409,3.0891
샤오펑,83,3.0640,0.0014,0.0406,3.0640
샤오펑,89,3.0640,0.0006,0.0406,3.0640
샤오펑,50,3.0151,0.0004,0.0399,3.0151
샤오펑,53,2.9912,0.0007,0.0396,2.9912
샤오펑,43,2.9677,0.0006,0.0393,2.9677
샤오펑,36,2.8776,0.0004,0.0381,2.8776
샤오펑,10,2.5477,0.0011,0.0338,2.5477
샤오펑,28,2.4161,0.0007,0.0320,2.4161
샤오펑,26,2.3955,0.0006,0.0317,2.3955
샤오펑,44,2.2980,0.0005,0.0304,2.2980
샤오펑,17,2.2795,0.0005,0.0302,2.2795
샤오펑,39,2.2795,0.0012,0.0302,2.2795
샤오펑,49,2.2434,0.0007,0.0297,2.2434
샤오펑,98,2.2434,0.0009,0.0297,2.2434
샤오펑,7,2.2258,0.0006,0.0295,2.2258
샤오펑,95,2.2085,0.0007,0.0293,2.2085
샤오펑,22,2.1915,0.0008,0.0290,2.1915
샤오펑,30,2.1747,0.0005,0.0288,2.1747
샤오펑,51,1.7797,0.0011,0.0236,1.7797
샤오펑,16,1.7300,0.0008,0.0229,1.7300
샤오펑,63,1.6985,0.0017,0.0225,1.6985
샤오펑,62,1.6831,0.0044,0.0223,1.6831
샤오펑,64,1.6831,0.0008,0.0223,1.6831
샤오펑,5,1.6247,0.0008,0.0215,1.6247
샤오펑,79,1.5320,0.0004,0.0203,1.5320
샤오펑,70,1.5075,0.0005,0.0200,1.5075
샤오펑,24,0.8731,0.0011,0.0116,0.8731
샤오펑,78,0.8492,0.0006,0.0113,0.8492
샤오펑,84,0.8492,0.0005,0.0113,0.8492
샤오펑,77,0.8267,0.0011,0.0110,0.8267
샤오펑,57,0.7852,0.0003,0.0104,0.7852
샤오펑,82,0.7852,0.0005,0.0104,0.7852
샤오펑,45,0.7419,0.0001,0.0098,0.7419
샤오펑,81,0.7419,0.0002,0.0098,0.7419
샤오펑,25,0.7362,0.0001,0.0098,0.7362
샤프,1,55.6905,0.0038,0.4596,55.6905
샤프,3,41.0055,0.0041,0.3384,41.0055
샤프,0,40.8957,0.0020,0.3375,40.8957
샤프,72,26.8211,0.0036,0.2214,26.8211
샤프,66,25.8982,0.0030,0.2137,25.8982
샤프,36,20.8625,0.0026,0.1722,20.8625
샤프,50,20.3518,0.0027,0.1680,20.3518
샤프,45,20.0323,0.0040,0.1653,20.0323
샤프,11,18.8524,0.0016,0.1556,18.8524
샤프,76,18.2885,0.0022,0.1509,18.2885
샤프,44,16.8522,0.0040,0.1391,16.8522
샤프,89,15.3202,0.0032,0.1264,15.3202
샤프,13,15.2228,0.0023,0.1256,15.2228
샤프,17,15.1968,0.0033,0.1254,15.1968
샤프,93,14.0968,0.0027,0.1163,14.0968
샤프,102,13.5656,0.0025,0.1120,13.5656
샤프,41,12.7127,0.0022,0.1049,12.7127
샤프,27,12.5683,0.0015,0.1037,12.5683
샤프,92,12.5148,0.0031,0.1033,12.5148
샤프,2,11.9776,0.0029,0.0989,11.9776
샤프,67,11.9579,0.0016,0.0987,11.9579
샤프,30,11.5983,0.0024,0.0957,11.5983
샤프,74,11.3976,0.0035,0.0941,11.3976
샤프,96,11.2171,0.0022,0.0926,11.2171
샤프,90,11.1291,0.0030,0.0919,11.1291
샤프,101,11.0425,0.0024,0.0911,11.0425
샤프,4,10.4693,0.0026,0.0864,10.4693
샤프,81,10.3871,0.0027,0.0857,10.3871
샤프,46,10.1485,0.0024,0.0838,10.1485
샤프,9,9.8477,0.0013,0.0813,9.8477
샤프,70,9.7990,0.0031,0.0809,9.7990
샤프,12,9.3521,0.0011,0.0772,9.3521
샤프,38,8.9458,0.0010,0.0738,8.9458
샤프,25,8.8340,0.0015,0.0729,8.8340
샤프,29,8.6988,0.0029,0.0718,8.6988
샤프,8,8.4951,0.0030,0.0701,8.4951
샤프,68,8.4261,0.0035,0.0695,8.4261
샤프,18,8.0978,0.0014,0.0668,8.0978
샤프,23,7.8538,0.0014,0.0648,7.8538
샤프,53,7.4781,0.0018,0.0617,7.4781
샤프,98,7.4781,0.0029,0.0617,7.4781
샤프,65,7.4194,0.0014,0.0612,7.4194
샤프,95,7.3616,0.0024,0.0608,7.3616
샤프,60,7.3048,0.0019,0.0603,7.3048
샤프,49,6.7303,0.0022,0.0555,6.7303
샤프,22,6.5744,0.0023,0.0543,6.5744
샤프,37,6.5241,0.0016,0.0538,6.5241
샤프,6,6.4746,0.0013,0.0534,6.4746
샤프,33,6.4258,0.0015,0.0530,6.4258
샤프,35,6.2813,0.0011,0.0518,6.2813
샤프,79,6.1281,0.0017,0.0506,6.1281
샤프,83,6.1281,0.0029,0.0506,6.1281
샤프,7,5.9355,0.0016,0.0490,5.9355
샤프,28,5.6375,0.0016,0.0465,5.6375
샤프,84,5.0954,0.0030,0.0421,5.0954
샤프,42,4.7910,0.0016,0.0395,4.7910
샤프,39,4.5590,0.0024,0.0376,4.5590
샤프,43,4.4516,0.0009,0.0367,4.4516
샤프,21,4.2519,0.0008,0.0351,4.2519
샤프,75,4.2519,0.0010,0.0351,4.2519
샤프,26,3.9925,0.0010,0.0330,3.9925
샤프,82,3.9258,0.0025,0.0324,3.9258
샤프,97,3.8933,0.0010,0.0321,3.8933
샤프,20,3.5970,0.0007,0.0297,3.5970
샤프,86,3.4600,0.0028,0.0286,3.4600
샤프,59,3.3969,0.0023,0.0280,3.3969
샤프,94,3.3362,0.0014,0.0275,3.3362
샤프,77,3.3067,0.0043,0.0273,3.3067
샤프,85,3.2778,0.0009,0.0271,3.2778
샤프,54,3.1671,0.0012,0.0261,3.1671
샤프,69,2.9447,0.0011,0.0243,2.9447
샤프,19,2.8929,0.0023,0.0239,2.8929
샤프,34,2.8046,0.0027,0.0231,2.8046
샤프,56,2.7219,0.0038,0.0225,2.7219
샤프,24,2.6194,0.0033,0.0216,2.6194
샤프,78,2.5477,0.0018,0.0210,2.5477
샤프,88,2.5477,0.0013,0.0210,2.5477
샤프,64,2.5247,0.0012,0.0208,2.5247
샤프,73,2.3555,0.0008,0.0194,2.3555
샤프,58,2.2980,0.0018,0.0190,2.2980
샤프,87,2.2434,0.0018,0.0185,2.2434
샤프,55,2.1747,0.0005,0.0179,2.1747
샤프,32,2.1419,0.0004,0.0177,2.1419
샤프,31,1.7462,0.0007,0.0144,1.7462
샤프,14,1.7300,0.0006,0.0143,1.7300
샤프,16,1.7300,0.0008,0.0143,1.7300
샤프,10,1.6985,0.0007,0.0140,1.6985
샤프,40,1.6681,0.0009,0.0138,1.6681
샤프,51,0.8899,0.0006,0.0073,0.8899
샤프,61,0.8899,0.0007,0.0073,0.8899
샤프,47,0.8570,0.0009,0.0071,0.8570
샤프,63,0.8492,0.0009,0.0070,0.8492
샤프,62,0.8416,0.0022,0.0069,0.8416
샤프,5,0.8123,0.0004,0.0067,0.8123
샤프,91,0.7985,0.0006,0.0066,0.7985
샤프,57,0.7852,0.0003,0.0065,0.7852
샤프,52,0.7723,0.0003,0.0064,0.7723
선익시스템,11,55.8589,0.0046,0.3822,55.8589
선익시스템,1,54.2626,0.0037,0.3713,54.2626
선익시스템,0,48.5203,0.0024,0.3320,48.5203
선익시스템,13,36.2448,0.0054,0.2480,36.2448
선익시스템,36,35.9698,0.0044,0.2461,35.9698
선익시스템,72,30.4456,0.0041,0.2083,30.4456
선익시스템,66,28.7758,0.0034,0.1969,28.7758
선익시스템,30,27.5460,0.0058,0.1885,27.5460
선익시스템,50,26.3820,0.0035,0.1805,26.3820
선익시스템,67,26.0259,0.0035,0.1781,26.0259
선익시스템,93,25.9678,0.0050,0.1777,25.9678
선익시스템,9,25.3225,0.0033,0.1733,25.3225
선익시스템,27,23.7400,0.0028,0.1624,23.7400
선익시스템,41,17.9473,0.0032,0.1228,17.9473
선익시스템,81,17.8065,0.0046,0.1218,17.8065
선익시스템,3,17.2655,0.0017,0.1181,17.2655
선익시스템,102,16.4216,0.0030,0.1124,16.4216
선익시스템,12,15.8267,0.0019,0.1083,15.8267
선익시스템,18,15.4595,0.0027,0.1058,15.4595
선익시스템,17,14.4369,0.0032,0.0988,14.4369
선익시스템,76,13.3647,0.0016,0.0914,13.3647
선익시스템,7,13.3549,0.0036,0.0914,13.3549
선익시스템,38,13.0746,0.0015,0.0895,13.0746
선익시스템,44,13.0221,0.0031,0.0891,13.0221
선익시스템,98,12.7127,0.0049,0.0870,12.7127
선익시스템,23,12.1377,0.0022,0.0830,12.1377
선익시스템,71,11.7865,0.0356,0.0806,11.7865
선익시스템,53,11.2171,0.0028,0.0767,11.2171
선익시스템,95,11.0425,0.0037,0.0756,11.0425
선익시스템,29,10.8734,0.0036,0.0744,10.8734
선익시스템,45,10.3871,0.0021,0.0711,10.3871
선익시스템,94,10.0086,0.0041,0.0685,10.0086
선익시스템,79,9.9581,0.0028,0.0681,9.9581
선익시스템,25,9.5701,0.0016,0.0655,9.5701
선익시스템,92,8.8340,0.0022,0.0604,8.8340
선익시스템,6,8.6327,0.0017,0.0591,8.6327
선익시스템,33,7.1398,0.0017,0.0488,7.1398
선익시스템,70,6.7839,0.0021,0.0464,6.7839
선익시스템,65,6.6774,0.0013,0.0457,6.6774
선익시스템,60,6.5744,0.0017,0.0450,6.5744
선익시스템,96,5.9824,0.0012,0.0409,5.9824
선익시스템,78,5.9446,0.0043,0.0407,5.9446
선익시스템,75,5.6692,0.0013,0.0388,5.6692
선익시스템,46,5.0743,0.0012,0.0347,5.0743
선익시스템,21,4.9606,0.0010,0.0339,4.9606
선익시스템,74,4.5590,0.0014,0.0312,4.5590
선익시스템,90,4.4516,0.0012,0.0305,4.4516
선익시스템,37,4.3494,0.0011,0.0298,4.3494
선익시스템,55,4.3494,0.0010,0.0298,4.3494
선익시스템,35,3.9258,0.0007,0.0269,3.9258
선익시스템,97,3.8933,0.0010,0.0266,3.8933
선익시스템,52,3.8614,0.0016,0.0264,3.8614
선익시스템,43,3.7097,0.0007,0.0254,3.7097
선익시스템,20,3.5970,0.0007,0.0246,3.5970
선익시스템,32,3.5699,0.0007,0.0244,3.5699
선익시스템,85,3.2778,0.0009,0.0224,3.2778
선익시스템,87,2.9912,0.0024,0.0205,2.9912
선익시스템,24,2.6194,0.0033,0.0179,2.6194
선익시스템,77,2.4800,0.0032,0.0170,2.4800
선익시스템,54,2.3753,0.0009,0.0163,2.3753
선익시스템,8,2.3169,0.0008,0.0159,2.3169
선익시스템,83,2.2980,0.0011,0.0157,2.2980
선익시스템,49,2.2434,0.0007,0.0153,2.2434
선익시스템,101,2.2085,0.0005,0.0151,2.2085
선익시스템,22,2.1915,0.0008,0.0150,2.1915
선익시스템,31,1.7462,0.0007,0.0119,1.7462
선익시스템,40,1.6681,0.0009,0.0114,1.6681
선익시스템,5,1.6247,0.0008,0.0111,1.6247
선익시스템,28,1.6107,0.0005,0.0110,1.6107
선익시스템,2,1.5970,0.0004,0.0109,1.5970
선익시스템,26,1.5970,0.0004,0.0109,1.5970
선익시스템,57,1.5703,0.0007,0.0107,1.5703
선익시스템,73,1.5703,0.0005,0.0107,1.5703
선익시스템,82,1.5703,0.0010,0.0107,1.5703
선익시스템,39,1.5197,0.0008,0.0104,1.5197
선익시스템,4,1.4956,0.0004,0.0102,1.4956
선익시스템,69,1.4723,0.0006,0.0101,1.4723
선익시스템,19,0.9643,0.0008,0.0066,0.9643
선익시스템,99,0.9445,0.0015,0.0065,0.9445
선익시스템,51,0.8899,0.0006,0.0061,0.8899
선익시스템,47,0.8570,0.0009,0.0059,0.8570
선익시스템,88,0.8492,0.0004,0.0058,0.8492
선익시스템,91,0.7985,0.0006,0.0055,0.7985
선익시스템,58,0.7660,0.0006,0.0052,0.7660
선익시스템,68,0.7660,0.0003,0.0052,0.7660
선익시스템,89,0.7660,0.0002,0.0052,0.7660
세미파이브,0,10.3972,0.0005,0.3676,10.3972
세미파이브,12,9.3521,0.0011,0.3307,9.3521
세미파이브,66,7.1940,0.0008,0.2543,7.1940
세미파이브,41,5.9824,0.0011,0.2115,5.9824
세미파이브,38,5.5051,0.0006,0.1946,5.5051
세미파이브,79,5.3621,0.0015,0.1896,5.3621
세미파이브,27,4.8877,0.0006,0.1728,4.8877
세미파이브,43,4.4516,0.0009,0.1574,4.4516
세미파이브,45,4.4516,0.0009,0.1574,4.4516
세미파이브,65,4.4516,0.0008,0.1574,4.4516
세미파이브,36,4.3164,0.0005,0.1526,4.3164
세미파이브,9,4.2204,0.0005,0.1492,4.2204
세미파이브,67,4.2204,0.0006,0.1492,4.2204
세미파이브,76,4.2204,0.0005,0.1492,4.2204
세미파이브,52,3.8614,0.0016,0.1365,3.8614
세미파이브,98,3.7390,0.0014,0.1322,3.7390
세미파이브,60,3.6524,0.0010,0.1291,3.6524
세미파이브,13,3.6245,0.0005,0.1281,3.6245
세미파이브,30,3.6245,0.0008,0.1281,3.6245
세미파이브,1,3.5699,0.0002,0.1262,3.5699
세미파이브,21,3.5433,0.0007,0.1253,3.5433
세미파이브,75,3.5433,0.0008,0.1253,3.5433
세미파이브,11,3.4912,0.0003,0.1234,3.4912
세미파이브,96,2.9912,0.0006,0.1058,2.9912
세미파이브,81,2.9677,0.0008,0.1049,2.9677
세미파이브,90,2.9677,0.0008,0.1049,2.9677
세미파이브,25,2.9447,0.0005,0.1041,2.9447
세미파이브,37,2.8996,0.0007,0.1025,2.8996
세미파이브,46,2.8996,0.0007,0.1025,2.8996
세미파이브,55,2.8996,0.0007,0.1025,2.8996
세미파이브,6,2.8776,0.0006,0.1017,2.8776
세미파이브,20,2.8776,0.0006,0.1017,2.8776
세미파이브,23,2.8559,0.0005,0.1010,2.8559
세미파이브,32,2.8559,0.0006,0.1010,2.8559
세미파이브,102,2.8559,0.0005,0.1010,2.8559
세미파이브,17,2.2795,0.0005,0.0806,2.2795
세미파이브,74,2.2795,0.0007,0.0806,2.2795
세미파이브,50,2.2613,0.0003,0.0800,2.2613
세미파이브,4,2.2434,0.0006,0.0793,2.2434
세미파이브,18,2.2085,0.0004,0.0781,2.2085
세미파이브,92,2.2085,0.0005,0.0781,2.2085
세미파이브,72,2.1747,0.0003,0.0769,2.1747
세미파이브,33,2.1419,0.0005,0.0757,2.1419
세미파이브,61,1.7797,0.0015,0.0629,1.7797
세미파이브,86,1.7300,0.0014,0.0612,1.7300
세미파이브,59,1.6985,0.0012,0.0600,1.6985
세미파이브,94,1.6681,0.0007,0.0590,1.6681
세미파이브,85,1.6389,0.0004,0.0579,1.6389
세미파이브,57,1.5703,0.0007,0.0555,1.5703
세미파이브,73,1.5703,0.0005,0.0555,1.5703
세미파이브,97,1.5573,0.0004,0.0551,1.5573
세미파이브,58,1.5320,0.0012,0.0542,1.5320
세미파이브,93,1.4839,0.0003,0.0525,1.4839
세미파이브,101,1.4723,0.0003,0.0521,1.4723
세미파이브,3,1.4388,0.0001,0.0509,1.4388
세미파이브,47,0.8570,0.0009,0.0303,0.8570
세미파이브,88,0.8492,0.0004,0.0300,0.8492
세미파이브,62,0.8416,0.0022,0.0298,0.8416
세미파이브,64,0.8416,0.0004,0.0298,0.8416
세미파이브,5,0.8123,0.0004,0.0287,0.8123
세미파이브,28,0.8054,0.0002,0.0285,0.8054
세미파이브,54,0.7918,0.0003,0.0280,0.7918
세미파이브,35,0.7852,0.0001,0.0278,0.7852
세미파이브,44,0.7660,0.0002,0.0271,0.7660
세미파이브,68,0.7660,0.0003,0.0271,0.7660
세미파이브,39,0.7598,0.0004,0.0269,0.7598
세미파이브,70,0.7538,0.0002,0.0267,0.7538
세미파이브,49,0.7478,0.0002,0.0264,0.7478
세미파이브,53,0.7478,0.0002,0.0264,0.7478
세미파이브,87,0.7478,0.0006,0.0264,0.7478
세미파이브,7,0.7419,0.0002,0.0262,0.7419
세미파이브,69,0.7362,0.0003,0.0260,0.7362
세미파이브,95,0.7362,0.0002,0.0260,0.7362
세미파이브,22,0.7305,0.0003,0.0258,0.7305
세미파이브,29,0.7249,0.0002,0.0256,0.7249
소니,0,85.9503,0.0042,0.3611,85.9503
소니,1,82.1078,0.0056,0.3450,82.1078
소니,3,66.9038,0.0067,0.2811,66.9038
소니,76,43.6110,0.0053,0.1832,43.6110
소니,35,40.8286,0.0073,0.1716,40.8286
소니,11,40.4977,0.0034,0.1702,40.4977
소니,50,38.4424,0.0051,0.1615,38.4424
소니,66,37.4086,0.0044,0.1572,37.4086
소니,72,34.0701,0.0046,0.1432,34.0701
소니,67,33.7634,0.0045,0.1419,33.7634
소니,65,33.3872,0.0063,0.1403,33.3872
소니,27,32.8171,0.0039,0.1379,32.8171
소니,38,31.6542,0.0036,0.1330,31.6542
소니,36,31.6534,0.0039,0.1330,31.6534
소니,14,30.2749,0.0110,0.1272,30.2749
소니,96,26.9210,0.0053,0.1131,26.9210
소니,13,26.8211,0.0040,0.1127,26.8211
소니,89,26.8103,0.0056,0.1126,26.8103
소니,9,26.7293,0.0034,0.1123,26.7293
소니,18,26.5019,0.0046,0.1114,26.5019
소니,2,26.3508,0.0064,0.1107,26.3508
소니,26,26.3508,0.0068,0.1107,26.3508
소니,85,26.2221,0.0070,0.1102,26.2221
소니,6,25.8982,0.0052,0.1088,25.8982
소니,64,25.2470,0.0116,0.1061,25.2470
소니,97,24.1387,0.0065,0.1014,24.1387
소니,101,23.5573,0.0051,0.0990,23.5573
소니,90,23.0001,0.0062,0.0966,23.0001
소니,33,22.8474,0.0054,0.0960,22.8474
소니,41,22.4342,0.0039,0.0943,22.4342
소니,43,22.2581,0.0044,0.0935,22.2581
소니,102,22.1334,0.0040,0.0930,22.1334
소니,57,21.9847,0.0091,0.0924,21.9847
소니,46,21.7469,0.0052,0.0914,21.7469
소니,21,21.2595,0.0041,0.0893,21.2595
소니,28,20.9393,0.0059,0.0880,20.9393
소니,12,20.8625,0.0025,0.0877,20.8625
소니,23,20.7055,0.0038,0.0870,20.7055
소니,93,20.0323,0.0039,0.0842,20.0323
소니,30,19.5722,0.0041,0.0822,19.5722
소니,4,19.4429,0.0048,0.0817,19.4429
소니,10,18.6830,0.0079,0.0785,18.6830
소니,92,18.4041,0.0045,0.0773,18.4041
소니,7,17.8065,0.0048,0.0748,17.8065
소니,83,17.6182,0.0082,0.0740,17.6182
소니,17,17.4763,0.0038,0.0734,17.4763
소니,16,17.2999,0.0082,0.0727,17.2999
소니,49,17.1995,0.0057,0.0723,17.1995
소니,75,17.0076,0.0039,0.0715,17.0076
소니,68,16.8522,0.0070,0.0708,16.8522
소니,22,16.8012,0.0059,0.0706,16.8012
소니,73,16.4885,0.0053,0.0693,16.4885
소니,45,16.3226,0.0033,0.0686,16.3226
소니,44,16.0862,0.0038,0.0676,16.0862
소니,53,15.7039,0.0039,0.0660,15.7039
소니,60,15.3402,0.0041,0.0645,15.3402
소니,51,15.1276,0.0097,0.0636,15.1276
소니,74,14.4369,0.0044,0.0607,14.4369
소니,25,13.9871,0.0024,0.0588,13.9871
소니,37,13.7730,0.0034,0.0579,13.7730
소니,20,13.6685,0.0027,0.0574,13.6685
소니,32,13.5656,0.0027,0.0570,13.5656
소니,69,13.2510,0.0051,0.0557,13.2510
소니,95,13.2510,0.0044,0.0557,13.2510
소니,29,13.0481,0.0043,0.0548,13.0481
소니,42,12.7761,0.0042,0.0537,12.7761
소니,54,12.6684,0.0050,0.0532,12.6684
소니,81,12.6129,0.0033,0.0530,12.6129
소니,55,11.5983,0.0028,0.0487,11.5983
소니,8,10.8120,0.0039,0.0454,10.8120
소니,40,10.0086,0.0056,0.0421,10.0086
소니,31,9.6043,0.0041,0.0404,9.6043
소니,70,9.0453,0.0028,0.0380,9.0453
소니,86,8.6500,0.0070,0.0363,8.6500
소니,59,8.4923,0.0058,0.0357,8.4923
소니,58,8.4261,0.0066,0.0354,8.4261
소니,79,8.4261,0.0024,0.0354,8.4261
소니,34,8.4138,0.0081,0.0354,8.4138
소니,77,8.2668,0.0107,0.0347,8.2668
소니,98,8.2259,0.0032,0.0346,8.2259
소니,52,7.7228,0.0033,0.0324,7.7228
소니,39,7.5984,0.0040,0.0319,7.5984
소니,82,7.0665,0.0044,0.0297,7.0665
소니,84,5.9446,0.0035,0.0250,5.9446
소니,15,5.8474,0.0062,0.0246,5.8474
소니,94,5.8384,0.0024,0.0245,5.8384
소니,91,4.7910,0.0034,0.0201,4.7910
소니,87,4.4868,0.0036,0.0189,4.4868
소니,78,4.2461,0.0031,0.0178,4.2461
소니,5,4.0617,0.0021,0.0171,4.0617
소니,99,3.7778,0.0061,0.0159,3.7778
소니,80,3.6292,0.0016,0.0152,3.6292
소니,61,3.5594,0.0029,0.0150,3.5594
소니,24,3.4925,0.0043,0.0147,3.4925
소니,47,3.4281,0.0035,0.0144,3.4281
소니,63,3.3969,0.0034,0.0143,3.3969
소니,48,3.1244,0.0068,0.0131,3.1244
소니,19,2.8929,0.0023,0.0122,2.8929
소니,100,2.0136,0.0031,0.0085,2.0136
소니,88,1.6985,0.0009,0.0071,1.6985
소니,62,1.6831,0.0044,0.0071,1.6831
소니,71,1.1787,0.0036,0.0050,1.1787
소니,56,0.9073,0.0013,0.0038,0.9073
아마존,0,172.5936,0.0085,0.4173,209.3216
아마존,25,154.5946,0.0261,0.3738,187.4923
아마존,38,107.3490,0.0122,0.2596,130.1929
아마존,11,94.9601,0.0079,0.2296,115.1676
아마존,23,88.5337,0.0160,0.2141,107.3736
아마존,12,84.8887,0.0103,0.2053,102.9530
아마존,1,79.2519,0.0054,0.1916,96.1167
아마존,20,64.7456,0.0130,0.1566,78.5234
아마존,27,64.2377,0.0076,0.1553,77.9075
아마존,76,63.3063,0.0077,0.1531,76.7779
아마존,9,62.6029,0.0081,0.1514,75.9248
아마존,45,57.8711,0.0116,0.1399,70.1861
아마존,32,56.4045,0.0112,0.1364,68.4074
아마존,102,54.9766,0.0101,0.1329,66.6756
아마존,65,54.1614,0.0102,0.1310,65.6870
아마존,88,52.6520,0.0264,0.1273,63.8564
아마존,55,51.4676,0.0124,0.1244,62.4199
아마존,21,50.3142,0.0097,0.1217,61.0211
아마존,75,46.7710,0.0109,0.1131,56.7239
아마존,6,45.3219,0.0090,0.1096,54.9664
아마존,67,43.6110,0.0058,0.1055,52.8915
아마존,66,43.1637,0.0050,0.1044,52.3490
아마존,81,42.2904,0.0109,0.1023,51.2898
아마존,36,41.0055,0.0050,0.0992,49.7315
아마존,35,40.8286,0.0073,0.0987,49.5170
아마존,37,40.5942,0.0102,0.0982,49.2326
아마존,98,38.8859,0.0149,0.0940,47.1608
아마존,3,37.4086,0.0038,0.0905,45.3691
아마존,49,34.3991,0.0113,0.0832,41.7192
아마존,43,34.1291,0.0067,0.0825,41.3918
아마존,22,33.6023,0.0117,0.0812,40.7529
아마존,85,29.4999,0.0078,0.0713,35.7774
아마존,72,28.9958,0.0039,0.0701,35.1661
아마존,93,27.4517,0.0053,0.0664,33.2934
아마존,60,27.0279,0.0072,0.0654,32.7795
아마존,92,25.7658,0.0064,0.0623,31.2487
아마존,44,25.2783,0.0060,0.0611,30.6575
아마존,79,25.2783,0.0071,0.0611,30.6575
아마존,101,25.0296,0.0054,0.0605,30.3559
아마존,89,24.5123,0.0052,0.0593,29.7285
아마존,82,24.3401,0.0153,0.0589,29.5197
아마존,68,23.7463,0.0099,0.0574,28.7995
아마존,70,23.3669,0.0073,0.0565,28.3394
아마존,13,23.1967,0.0035,0.0561,28.1329
아마존,84,22.9291,0.0136,0.0554,27.8084
아마존,57,22.7698,0.0094,0.0551,27.6152
아마존,30,22.4718,0.0047,0.0543,27.2538
아마존,96,22.4342,0.0044,0.0542,27.2082
아마존,97,21.8027,0.0058,0.0527,26.4424
아마존,53,20.9386,0.0051,0.0506,25.3943
아마존,41,20.1908,0.0035,0.0488,24.4873
아마존,69,19.8764,0.0077,0.0481,24.1062
아마존,50,18.8443,0.0025,0.0456,22.8544
아마존,33,18.5635,0.0044,0.0449,22.5138
아마존,26,18.3657,0.0048,0.0444,22.2739
아마존,31,18.3355,0.0078,0.0443,22.2373
아마존,42,17.5672,0.0058,0.0425,21.3055
아마존,14,17.2999,0.0063,0.0418,20.9814
아마존,73,16.4885,0.0053,0.0399,19.9972
아마존,8,16.2180,0.0058,0.0392,19.6692
아마존,78,15.2861,0.0110,0.0370,18.5390
아마존,28,13.6911,0.0039,0.0331,16.6046
아마존,91,13.5746,0.0096,0.0328,16.4633
아마존,94,13.3448,0.0055,0.0323,16.1846
아마존,80,12.7021,0.0057,0.0307,15.4051
아마존,4,11.9649,0.0030,0.0289,14.5110
아마존,18,11.7786,0.0020,0.0285,14.2851
아마존,61,10.6783,0.0088,0.0258,12.9506
아마존,87,10.4693,0.0084,0.0253,12.6971
아마존,40,10.0086,0.0056,0.0242,12.1385
아마존,83,9.9581,0.0046,0.0241,12.0772
아마존,51,9.7884,0.0063,0.0237,11.8714
아마존,17,9.1181,0.0020,0.0220,11.0584
아마존,29,8.6988,0.0029,0.0210,10.5498
아마존,46,7.9739,0.0019,0.0193,9.6707
아마존,16,7.7850,0.0037,0.0188,9.4416
아마존,10,7.6430,0.0032,0.0185,9.2695
아마존,63,7.6430,0.0077,0.0185,9.2695
아마존,59,6.7938,0.0047,0.0164,8.2395
아마존,64,6.7325,0.0031,0.0163,8.1652
아마존,77,6.6134,0.0085,0.0160,8.0208
아마존,2,6.3881,0.0016,0.0154,7.7474
아마존,24,6.1118,0.0076,0.0148,7.4124
아마존,86,6.0550,0.0049,0.0146,7.3435
아마존,100,6.0408,0.0092,0.0146,7.3263
아마존,7,5.9355,0.0016,0.0144,7.1986
아마존,95,5.8893,0.0020,0.0142,7.1426
아마존,90,5.1936,0.0014,0.0126,6.2988
아마존,54,4.7507,0.0019,0.0115,5.7616
아마존,34,4.6743,0.0045,0.0113,5.6690
아마존,58,4.5961,0.0036,0.0111,5.5741
아마존,39,4.5590,0.0024,0.0110,5.5292
아마존,74,4.5590,0.0014,0.0110,5.5292
아마존,56,4.5365,0.0063,0.0110,5.5018
아마존,52,3.8614,0.0016,0.0093,4.6831
아마존,19,3.8572,0.0030,0.0093,4.6780
아마존,62,3.3663,0.0089,0.0081,4.0826
아마존,5,3.2493,0.0017,0.0079,3.9408
아마존,15,2.9237,0.0031,0.0071,3.5458
아마존,99,2.8334,0.0046,0.0069,3.4363
아마존,48,2.0829,0.0045,0.0050,2.5262
아마존,71,1.1787,0.0036,0.0028,1.4295
아마존,47,0.8570,0.0009,0.0021,1.0394
아이씨디,11,46.7818,0.0039,0.5399,46.7818
아이씨디,9,29.5430,0.0038,0.3410,29.5430
아이씨디,0,26.3396,0.0013,0.3040,26.3396
아이씨디,1,22.1334,0.0015,0.2554,22.1334
아이씨디,13,20.2971,0.0031,0.2342,20.2971
아이씨디,30,19.5722,0.0041,0.2259,19.5722
아이씨디,67,18.2885,0.0024,0.2111,18.2885
아이씨디,27,18.1541,0.0021,0.2095,18.1541
아이씨디,71,14.1439,0.0427,0.1632,14.1439
아이씨디,36,12.9491,0.0016,0.1494,12.9491
아이씨디,72,10.8734,0.0015,0.1255,10.8734
아이씨디,102,9.9957,0.0018,0.1154,9.9957
아이씨디,50,9.7990,0.0013,0.1131,9.7990
아이씨디,93,9.6452,0.0019,0.1113,9.6452
아이씨디,3,9.3521,0.0009,0.1079,9.3521
아이씨디,66,9.3521,0.0011,0.1079,9.3521
아이씨디,94,9.1746,0.0038,0.1059,9.1746
아이씨디,38,7.5695,0.0009,0.0874,7.5695
아이씨디,53,7.4781,0.0018,0.0863,7.4781
아이씨디,95,7.3616,0.0024,0.0850,7.3616
아이씨디,29,7.2490,0.0024,0.0837,7.2490
아이씨디,12,6.4746,0.0008,0.0747,6.4746
아이씨디,44,6.1281,0.0015,0.0707,6.1281
아이씨디,65,5.9355,0.0011,0.0685,5.9355
아이씨디,81,5.9355,0.0015,0.0685,5.9355
아이씨디,60,5.8439,0.0016,0.0674,5.8439
아이씨디,17,5.3189,0.0012,0.0614,5.3189
아이씨디,43,5.1936,0.0010,0.0599,5.1936
아이씨디,92,5.1532,0.0013,0.0595,5.1532
아이씨디,33,4.9979,0.0012,0.0577,4.9979
아이씨디,41,4.4868,0.0008,0.0518,4.4868
아이씨디,87,4.4868,0.0036,0.0518,4.4868
아이씨디,96,4.4868,0.0009,0.0518,4.4868
아이씨디,18,4.4170,0.0008,0.0510,4.4170
아이씨디,23,4.2839,0.0008,0.0494,4.2839
아이씨디,35,3.9258,0.0007,0.0453,3.9258
아이씨디,8,3.8614,0.0014,0.0446,3.8614
아이씨디,7,3.7097,0.0010,0.0428,3.7097
아이씨디,101,3.6808,0.0008,0.0425,3.6808
아이씨디,98,2.9912,0.0011,0.0345,2.9912
아이씨디,37,2.8996,0.0007,0.0335,2.8996
아이씨디,75,2.8346,0.0007,0.0327,2.8346
아이씨디,76,2.8136,0.0003,0.0325,2.8136
아이씨디,78,2.5477,0.0018,0.0294,2.5477
아이씨디,39,2.2795,0.0012,0.0263,2.2795
아이씨디,45,2.2258,0.0004,0.0257,2.2258
아이씨디,25,2.2085,0.0004,0.0255,2.2085
아이씨디,46,2.1747,0.0005,0.0251,2.1747
아이씨디,21,2.1260,0.0004,0.0245,2.1260
아이씨디,99,1.8889,0.0030,0.0218,1.8889
아이씨디,56,1.8146,0.0025,0.0209,1.8146
아이씨디,88,1.6985,0.0009,0.0196,1.6985
아이씨디,77,1.6534,0.0021,0.0191,1.6534
아이씨디,85,1.6389,0.0004,0.0189,1.6389
아이씨디,28,1.6107,0.0005,0.0186,1.6107
아이씨디,83,1.5320,0.0007,0.0177,1.5320
아이씨디,4,1.4956,0.0004,0.0173,1.4956
아이씨디,90,1.4839,0.0004,0.0171,1.4839
아이씨디,55,1.4498,0.0003,0.0167,1.4498
아이씨디,6,1.4388,0.0003,0.0166,1.4388
아이씨디,20,1.4388,0.0003,0.0166,1.4388
아이씨디,32,1.4280,0.0003,0.0165,1.4280
아이씨디,19,0.9643,0.0008,0.0111,0.9643
아이씨디,24,0.8731,0.0011,0.0101,0.8731
아이씨디,31,0.8731,0.0004,0.0101,0.8731
아이씨디,5,0.8123,0.0004,0.0094,0.8123
아이씨디,26,0.7985,0.0002,0.0092,0.7985
아이씨디,97,0.7787,0.0002,0.0090,0.7787
아이씨디,52,0.7723,0.0003,0.0089,0.7723
아이씨디,79,0.7660,0.0002,0.0088,0.7660
아이씨디,74,0.7598,0.0002,0.0088,0.7598
알파벳,25,138.3989,0.0234,0.4676,138.3989
알파벳,0,120.6076,0.0059,0.4075,120.6076
알파벳,38,75.6948,0.0086,0.2558,75.6948
알파벳,11,67.0307,0.0056,0.2265,67.0307
알파벳,12,58.9904,0.0072,0.1993,58.9904
알파벳,23,57.1185,0.0103,0.1930,57.1185
알파벳,1,53.5486,0.0037,0.1809,53.5486
알파벳,88,46.7075,0.0234,0.1578,46.7075
알파벳,65,44.5162,0.0084,0.1504,44.5162
알파벳,102,42.1249,0.0077,0.1423,42.1249
알파벳,55,42.0440,0.0101,0.1421,42.0440
알파벳,20,41.7249,0.0084,0.1410,41.7249
알파벳,76,37.9838,0.0046,0.1283,37.9838
알파벳,32,37.8410,0.0075,0.1279,37.8410
알파벳,81,37.8388,0.0098,0.1279,37.8388
알파벳,27,37.7048,0.0045,0.1274,37.7048
알파벳,45,37.0969,0.0074,0.1253,37.0969
알파벳,9,36.5770,0.0047,0.1236,36.5770
알파벳,35,33.7621,0.0060,0.1141,33.7621
알파벳,98,32.9034,0.0126,0.1112,32.9034
알파벳,6,31.6534,0.0063,0.1070,31.6534
알파벳,21,31.1807,0.0060,0.1054,31.1807
알파벳,37,31.1705,0.0078,0.1053,31.1705
알파벳,66,30.2146,0.0035,0.1021,30.2146
알파벳,75,29.7634,0.0069,0.1006,29.7634
알파벳,78,26.3260,0.0190,0.0890,26.3260
알파벳,60,26.2975,0.0070,0.0889,26.2975
알파벳,26,25.5522,0.0066,0.0863,25.5522
알파벳,43,25.2259,0.0050,0.0852,25.2259
알파벳,31,23.5742,0.0100,0.0797,23.5742
알파벳,79,22.9803,0.0065,0.0776,22.9803
알파벳,36,20.1431,0.0025,0.0681,20.1431
알파벳,80,18.1459,0.0081,0.0613,18.1459
알파벳,72,18.1224,0.0025,0.0612,18.1224
알파벳,49,16.4517,0.0054,0.0556,16.4517
알파벳,22,16.0707,0.0056,0.0543,16.0707
알파벳,94,15.8470,0.0065,0.0535,15.8470
알파벳,3,15.8267,0.0016,0.0535,15.8267
알파벳,96,15.7039,0.0031,0.0531,15.7039
알파벳,89,15.3202,0.0032,0.0518,15.3202
알파벳,84,15.2861,0.0090,0.0517,15.2861
알파벳,93,14.8387,0.0029,0.0501,14.8387
알파벳,67,14.7715,0.0020,0.0499,14.7715
알파벳,85,14.7499,0.0039,0.0498,14.7499
알파벳,44,14.5542,0.0035,0.0492,14.5542
알파벳,50,14.3217,0.0019,0.0484,14.3217
알파벳,82,14.1330,0.0089,0.0478,14.1330
알파벳,41,11.9649,0.0021,0.0404,11.9649
알파벳,69,11.7786,0.0046,0.0398,11.7786
알파벳,8,11.5843,0.0041,0.0391,11.5843
알파벳,70,10.5528,0.0033,0.0357,10.5528
알파벳,92,9.5701,0.0024,0.0323,9.5701
알파벳,91,8.7836,0.0062,0.0297,8.7836
알파벳,48,8.3316,0.0181,0.0282,8.3316
알파벳,13,7.9739,0.0012,0.0269,7.9739
알파벳,68,7.6601,0.0032,0.0259,7.6601
알파벳,101,6.6255,0.0014,0.0224,6.6255
알파벳,30,6.5241,0.0014,0.0220,6.5241
알파벳,53,5.9824,0.0015,0.0202,5.9824
알파벳,42,5.5896,0.0019,0.0189,5.5896
알파벳,14,5.1900,0.0019,0.0175,5.1900
알파벳,63,5.0954,0.0051,0.0172,5.0954
알파벳,28,4.8322,0.0014,0.0163,4.8322
알파벳,57,4.7110,0.0020,0.0159,4.7110
알파벳,73,4.7110,0.0015,0.0159,4.7110
알파벳,97,4.6720,0.0012,0.0158,4.6720
알파벳,51,4.4493,0.0029,0.0150,4.4493
알파벳,18,4.4170,0.0008,0.0149,4.4170
알파벳,33,4.2839,0.0010,0.0145,4.2839
알파벳,17,3.7992,0.0008,0.0128,3.7992
알파벳,61,3.5594,0.0029,0.0120,3.5594
알파벳,2,3.1940,0.0008,0.0108,3.1940
알파벳,39,3.0394,0.0016,0.0103,3.0394
알파벳,100,3.0204,0.0046,0.0102,3.0204
알파벳,7,2.9677,0.0008,0.0100,2.9677
알파벳,62,2.5247,0.0067,0.0085,2.5247
알파벳,64,2.5247,0.0012,0.0085,2.5247
알파벳,54,2.3753,0.0009,0.0080,2.3753
알파벳,58,2.2980,0.0018,0.0078,2.2980
알파벳,4,2.2434,0.0006,0.0076,2.2434
알파벳,90,2.2258,0.0006,0.0075,2.2258
알파벳,16,1.7300,0.0008,0.0058,1.7300
알파벳,10,1.6985,0.0007,0.0057,1.6985
알파벳,83,1.5320,0.0007,0.0052,1.5320
알파벳,87,1.4956,0.0012,0.0051,1.4956
알파벳,95,1.4723,0.0005,0.0050,1.4723
알파벳,29,1.4498,0.0005,0.0049,1.4498
알파벳,46,1.4498,0.0003,0.0049,1.4498
알파벳,56,0.9073,0.0013,0.0031,0.9073
알파벳,24,0.8731,0.0011,0.0030,0.8731
알파벳,86,0.8650,0.0007,0.0029,0.8650
알파벳,47,0.8570,0.0009,0.0029,0.8570
알파벳,59,0.8492,0.0006,0.0029,0.8492
알파벳,52,0.7723,0.0003,0.0026,0.7723
애플,0,1885.3603,0.0927,0.4076,1979.6283
애플,35,1513.8002,0.2694,0.3273,1589.4902
애플,65,1158.9061,0.2176,0.2506,1216.8514
애플,1,1103.1011,0.0757,0.2385,1158.2561
애플,26,1078.7839,0.2790,0.2332,1132.7231
애플,50,961.0590,0.1273,0.2078,1009.1120
애플,66,792.0543,0.0925,0.1713,831.6571
애플,85,778.4689,0.2071,0.1683,817.3923
애플,31,742.1508,0.3162,0.1605,779.2583
애플,11,726.8639,0.0603,0.1572,763.2071
애플,36,706.4463,0.0864,0.1527,741.7686
애플,97,703.9171,0.1883,0.1522,739.1130
애플,38,696.3923,0.0791,0.1506,731.2119
애플,72,624.1354,0.0844,0.1349,655.3421
애플,12,570.4806,0.0692,0.1233,599.0046
애플,44,562.2503,0.1336,0.1216,590.3628
애플,25,526.3577,0.0889,0.1138,552.6755
애플,93,508.2271,0.0985,0.1099,533.6384
애플,3,507.1738,0.0511,0.1097,532.5324
애플,76,495.8996,0.0604,0.1072,520.6946
애플,45,459.2592,0.0918,0.0993,482.2222
애플,18,456.4220,0.0787,0.0987,479.2431
애플,41,453.9180,0.0797,0.0981,476.6139
애플,13,451.6101,0.0679,0.0976,474.1906
애플,67,447.3647,0.0594,0.0967,469.7330
애플,27,428.0188,0.0506,0.0925,449.4198
애플,64,418.2589,0.1927,0.0904,439.1718
애플,28,406.7064,0.1156,0.0879,427.0417
애플,70,397.2377,0.1237,0.0859,417.0996
애플,9,393.9061,0.0507,0.0852,413.6014
애플,75,391.8842,0.0910,0.0847,411.4784
애플,14,391.8438,0.1424,0.0847,411.4360
애플,23,373.4122,0.0676,0.0807,392.0828
애플,55,360.2733,0.0865,0.0779,378.2869
애플,17,353.3249,0.0776,0.0764,370.9912
애플,20,346.0292,0.0693,0.0748,363.3307
애플,57,334.4807,0.1386,0.0723,351.2048
애플,32,334.1432,0.0661,0.0722,350.8504
애플,81,330.9041,0.0853,0.0715,347.4493
애플,43,330.1621,0.0650,0.0714,346.6702
애플,21,329.5229,0.0638,0.0712,345.9990
애플,102,322.0056,0.0589,0.0696,338.1058
애플,79,314.8295,0.0885,0.0681,330.5710
애플,6,293.5133,0.0586,0.0635,308.1890
애플,30,291.4081,0.0613,0.0630,305.9786
애플,7,289.3556,0.0774,0.0626,303.8233
애플,92,276.0617,0.0682,0.0597,289.8648
애플,101,265.0192,0.0572,0.0573,278.2702
애플,10,255.6172,0.1086,0.0553,268.3980
애플,37,250.8140,0.0628,0.0542,263.3547
애플,16,246.5243,0.1166,0.0533,258.8505
애플,49,231.8197,0.0765,0.0501,243.4107
애플,22,224.9893,0.0784,0.0486,236.2388
애플,53,215.3680,0.0529,0.0466,226.1364
애플,80,211.3998,0.0943,0.0457,221.9698
애플,95,202.4453,0.0674,0.0438,212.5675
애플,33,202.0567,0.0481,0.0437,212.1595
애플,73,198.6470,0.0641,0.0429,208.5794
애플,29,193.5472,0.0643,0.0418,203.2246
애플,8,190.7543,0.0680,0.0412,200.2920
애플,90,188.4521,0.0511,0.0407,197.8747
애플,4,184.7080,0.0459,0.0399,193.9434
애플,89,183.8420,0.0387,0.0397,193.0341
애플,69,179.6242,0.0696,0.0388,188.6054
애플,98,176.4821,0.0676,0.0382,185.3062
애플,46,173.9750,0.0415,0.0376,182.6738
애플,40,171.8148,0.0969,0.0371,180.4056
애플,74,171.7235,0.0529,0.0371,180.3097
애플,68,171.5859,0.0714,0.0371,180.1652
애플,54,170.2322,0.0672,0.0368,178.7438
애플,42,168.4851,0.0560,0.0364,176.9094
애플,60,168.0115,0.0447,0.0363,176.4121
애플,96,148.8133,0.0294,0.0322,156.2540
애플,88,142.6701,0.0714,0.0308,149.8036
애플,52,142.1003,0.0600,0.0307,149.2054
애플,82,127.9821,0.0802,0.0277,134.3812
애플,83,124.8594,0.0582,0.0270,131.1024
애플,51,121.9105,0.0782,0.0264,128.0060
애플,58,116.4333,0.0911,0.0252,122.2550
애플,5,109.6653,0.0560,0.0237,115.1486
애플,2,109.3956,0.0267,0.0237,114.8653
애플,91,104.6045,0.0743,0.0226,109.8347
애플,94,102.5885,0.0423,0.0222,107.7179
애플,61,96.1046,0.0788,0.0208,100.9098
애플,59,84.0734,0.0576,0.0182,88.2771
애플,78,81.5257,0.0587,0.0176,85.6020
애플,39,79.0232,0.0420,0.0171,82.9744
애플,84,78.9781,0.0467,0.0171,82.9270
애플,86,76.1198,0.0613,0.0165,79.9258
애플,99,72.7235,0.1174,0.0157,76.3597
애플,34,71.0499,0.0682,0.0154,74.6024
애플,63,60.2951,0.0608,0.0130,63.3098
애플,24,58.4989,0.0727,0.0126,61.4239
애플,19,54.9651,0.0433,0.0119,57.7134
애플,77,53.7341,0.0694,0.0116,56.4208
애플,56,51.7158,0.0713,0.0112,54.3016
애플,15,50.6771,0.0534,0.0110,53.2110
애플,87,47.1118,0.0380,0.0102,49.4673
애플,100,43.2926,0.0660,0.0094,45.4572
애플,48,27.0778,0.0587,0.0059,28.4317
애플,47,21.4259,0.0217,0.0046,22.4972
애플,62,20.1976,0.0532,0.0044,21.2075
애플,71,16.5012,0.0498,0.0036,17.3262
엔비디아,0,625.9119,0.0308,0.4217,991.1941
엔비디아,32,402.6854,0.0797,0.2713,637.6927
엔비디아,12,389.1929,0.0472,0.2622,616.3259
엔비디아,38,372.9690,0.0424,0.2513,590.6337
엔비디아,11,364.4793,0.0303,0.2455,577.1895
엔비디아,25,322.4401,0.0545,0.2172,510.6161
엔비디아,27,285.5786,0.0338,0.1924,452.2423
엔비디아,43,271.5491,0.0534,0.1829,430.0251
엔비디아,1,261.3171,0.0179,0.1760,413.8218
엔비디아,76,244.7845,0.0298,0.1649,387.6407
엔비디아,20,237.4005,0.0475,0.1599,375.9474
엔비디아,9,226.4960,0.0291,0.1526,358.6790
엔비디아,23,226.3321,0.0410,0.1525,358.4195
엔비디아,55,225.4426,0.0541,0.1519,357.0109
엔비디아,21,204.0916,0.0395,0.1375,323.1994
엔비디아,75,187.7926,0.0436,0.1265,297.3884
엔비디아,6,187.7622,0.0375,0.1265,297.3402
엔비디아,102,185.6351,0.0339,0.1251,293.9718
엔비디아,37,177.5995,0.0445,0.1196,281.2466
엔비디아,60,154.8628,0.0412,0.1043,245.2407
엔비디아,73,154.6777,0.0499,0.1042,244.9476
엔비디아,67,152.6386,0.0203,0.1028,241.7185
엔비디아,36,143.1597,0.0175,0.0964,226.7077
엔비디아,45,142.4520,0.0285,0.0960,225.5869
엔비디아,18,138.3989,0.0239,0.0932,219.1686
엔비디아,65,129.8390,0.0244,0.0875,205.6131
엔비디아,53,123.3879,0.0303,0.0831,195.3971
엔비디아,81,121.6777,0.0314,0.0820,192.6888
엔비디아,88,121.4394,0.0608,0.0818,192.3114
엔비디아,98,114.4143,0.0439,0.0771,181.1864
엔비디아,72,113.8087,0.0154,0.0767,180.2274
엔비디아,3,111.5063,0.0112,0.0751,176.5814
엔비디아,66,110.7869,0.0129,0.0746,175.4421
엔비디아,101,97.1737,0.0210,0.0655,153.8843
엔비디아,13,92.0618,0.0138,0.0620,145.7890
엔비디아,28,91.0056,0.0259,0.0613,144.1164
엔비디아,96,89.7367,0.0177,0.0605,142.1070
엔비디아,17,89.6609,0.0197,0.0604,141.9871
엔비디아,35,88.7238,0.0158,0.0598,140.5030
엔비디아,80,82.5639,0.0368,0.0556,130.7481
엔비디아,93,82.3550,0.0160,0.0555,130.4174
엔비디아,50,81.4074,0.0108,0.0548,128.9167
엔비디아,33,77.8240,0.0185,0.0524,123.2420
엔비디아,79,77.3669,0.0218,0.0521,122.5182
엔비디아,69,76.5611,0.0297,0.0516,121.2422
엔비디아,30,75.3892,0.0159,0.0508,119.3863
엔비디아,92,72.8803,0.0180,0.0491,115.4132
엔비디아,89,72.0048,0.0151,0.0485,114.0268
엔비디아,82,71.4501,0.0448,0.0481,113.1484
엔비디아,46,71.0398,0.0169,0.0479,112.4986
엔비디아,49,68.0503,0.0225,0.0458,107.7645
엔비디아,7,67.5163,0.0181,0.0455,106.9188
엔비디아,41,66.5547,0.0117,0.0448,105.3960
엔비디아,78,66.2397,0.0477,0.0446,104.8971
엔비디아,44,65.8767,0.0156,0.0444,104.3224
엔비디아,4,65.8069,0.0164,0.0443,104.2118
엔비디아,22,65.7436,0.0229,0.0443,104.1116
엔비디아,8,64.8719,0.0231,0.0437,102.7311
엔비디아,26,62.2836,0.0161,0.0420,98.6323
엔비디아,85,61.4581,0.0163,0.0414,97.3250
엔비디아,97,57.6215,0.0154,0.0388,91.2495
엔비디아,31,56.7527,0.0242,0.0382,89.8736
엔비디아,70,56.5329,0.0176,0.0381,89.5255
엔비디아,68,51.3226,0.0214,0.0346,81.2744
엔비디아,57,51.0358,0.0212,0.0344,80.8203
엔비디아,84,46.7075,0.0276,0.0315,73.9659
엔비디아,61,46.2726,0.0379,0.0312,73.2773
엔비디아,90,46.0001,0.0125,0.0310,72.8458
엔비디아,14,43.2499,0.0157,0.0291,68.4905
엔비디아,42,43.1194,0.0143,0.0290,68.2839
엔비디아,40,40.8686,0.0231,0.0275,64.7195
엔비디아,74,38.7518,0.0119,0.0261,61.3673
엔비디아,86,38.0599,0.0306,0.0256,60.2716
엔비디아,19,37.6077,0.0296,0.0253,59.5556
엔비디아,29,36.9697,0.0123,0.0249,58.5452
엔비디아,95,36.8082,0.0122,0.0248,58.2895
엔비디아,2,36.7314,0.0090,0.0247,58.1678
엔비디아,94,36.6983,0.0151,0.0247,58.1155
엔비디아,10,36.5167,0.0155,0.0246,57.8279
엔비디아,87,35.8947,0.0289,0.0242,56.8428
엔비디아,59,35.6675,0.0244,0.0240,56.4831
엔비디아,16,34.5999,0.0164,0.0233,54.7924
엔비디아,91,34.3358,0.0244,0.0231,54.3742
엔비디아,58,29.8743,0.0234,0.0201,47.3090
엔비디아,51,28.4754,0.0183,0.0192,45.0937
엔비디아,39,28.1140,0.0149,0.0189,44.5214
엔비디아,64,26.9301,0.0124,0.0181,42.6466
엔비디아,52,22.3963,0.0095,0.0151,35.4667
엔비디아,54,22.1698,0.0087,0.0149,35.1081
엔비디아,34,20.5671,0.0197,0.0139,32.5700
엔비디아,48,16.6633,0.0361,0.0112,26.3879
엔비디아,77,16.5336,0.0213,0.0111,26.1826
엔비디아,83,16.0862,0.0075,0.0108,25.4741
엔비디아,24,15.7161,0.0195,0.0106,24.8881
엔비디아,100,15.1021,0.0230,0.0102,23.9156
엔비디아,47,13.7126,0.0139,0.0092,21.7152
엔비디아,63,11.8892,0.0120,0.0080,18.8277
엔비디아,62,11.7819,0.0310,0.0079,18.6579
엔비디아,5,10.5604,0.0054,0.0071,16.7234
엔비디아,99,9.4446,0.0152,0.0064,14.9565
엔비디아,15,8.7710,0.0092,0.0059,13.8898
엔비디아,56,4.5365,0.0063,0.0031,7.1840
엔비디아,71,3.5360,0.0107,0.0024,5.5996
오포,0,91.4954,0.0045,0.3631,91.4954
오포,1,76.3960,0.0052,0.3032,76.3960
오포,35,67.5243,0.0120,0.2680,67.5243
오포,50,64.0706,0.0085,0.2543,64.0706
오포,44,62.0467,0.0147,0.2462,62.0467
오포,66,49.6383,0.0058,0.1970,49.6383
오포,28,46.7108,0.0133,0.1854,46.7108
오포,65,46.0001,0.0086,0.1826,46.0001
오포,97,45.9415,0.0123,0.1823,45.9415
오포,36,44.6025,0.0055,0.1770,44.6025
오포,85,44.2498,0.0118,0.1756,44.2498
오포,26,43.9179,0.0114,0.1743,43.9179
오포,11,41.8942,0.0035,0.1663,41.8942
오포,72,38.4195,0.0052,0.1525,38.4195
오포,3,35.2504,0.0036,0.1399,35.2504
오포,93,32.6452,0.0063,0.1296,32.6452
오포,13,32.6203,0.0049,0.1295,32.6203
오포,64,31.1380,0.0143,0.1236,31.1380
오포,12,30.2146,0.0037,0.1199,30.2146
오포,76,26.0259,0.0032,0.1033,26.0259
오포,38,25.4610,0.0029,0.1010,25.4610
오포,67,25.3225,0.0034,0.1005,25.3225
오포,14,24.2199,0.0088,0.0961,24.2199
오포,75,24.0941,0.0056,0.0956,24.0941
오포,9,23.2123,0.0030,0.0921,23.2123
오포,17,22.7952,0.0050,0.0905,22.7952
오포,70,22.6132,0.0070,0.0897,22.6132
오포,41,22.4342,0.0039,0.0890,22.4342
오포,27,20.9471,0.0025,0.0831,20.9471
오포,102,19.9915,0.0037,0.0793,19.9915
오포,81,19.2904,0.0050,0.0766,19.2904
오포,92,19.1403,0.0047,0.0760,19.1403
오포,30,18.8473,0.0040,0.0748,18.8473
오포,18,18.4041,0.0032,0.0730,18.4041
오포,49,17.9473,0.0059,0.0712,17.9473
오포,22,17.5316,0.0061,0.0696,17.5316
오포,16,17.2999,0.0082,0.0687,17.2999
오포,90,17.0646,0.0046,0.0677,17.0646
오포,10,16.9845,0.0072,0.0674,16.9845
오포,95,16.9318,0.0056,0.0672,16.9318
오포,29,16.6726,0.0055,0.0662,16.6726
오포,68,16.0862,0.0067,0.0638,16.0862
오포,4,15.7039,0.0039,0.0623,15.7039
오포,7,15.5807,0.0042,0.0618,15.5807
오포,57,14.9182,0.0062,0.0592,14.9182
오포,31,14.8430,0.0063,0.0589,14.8430
오포,45,14.8387,0.0030,0.0589,14.8387
오포,74,13.6771,0.0042,0.0543,13.6771
오포,23,13.5656,0.0025,0.0538,13.5656
오포,46,13.0481,0.0031,0.0518,13.0481
오포,101,11.0425,0.0024,0.0438,11.0425
오포,33,10.7097,0.0025,0.0425,10.7097
오포,54,10.2931,0.0041,0.0408,10.2931
오포,6,10.0715,0.0020,0.0400,10.0715
오포,37,9.4236,0.0024,0.0374,9.4236
오포,20,9.3521,0.0019,0.0371,9.3521
오포,63,9.3415,0.0094,0.0371,9.3415
오포,32,9.2818,0.0018,0.0368,9.2818
오포,79,9.1921,0.0026,0.0365,9.1921
오포,25,8.8340,0.0015,0.0351,8.8340
오포,40,8.3405,0.0047,0.0331,8.3405
오포,53,8.2259,0.0020,0.0326,8.2259
오포,96,8.2259,0.0016,0.0326,8.2259
오포,60,8.0353,0.0021,0.0319,8.0353
오포,98,7.4781,0.0029,0.0297,7.4781
오포,77,7.4401,0.0096,0.0295,7.4401
오포,43,7.4194,0.0015,0.0294,7.4194
오포,55,7.2490,0.0017,0.0288,7.2490
오포,21,7.0865,0.0014,0.0281,7.0865
오포,8,6.9506,0.0025,0.0276,6.9506
오포,52,6.9506,0.0029,0.0276,6.9506
오포,58,6.8941,0.0054,0.0274,6.8941
오포,69,6.6255,0.0026,0.0263,6.6255
오포,83,6.1281,0.0029,0.0243,6.1281
오포,34,5.6092,0.0054,0.0223,5.6092
오포,42,5.5896,0.0019,0.0222,5.5896
오포,89,5.3621,0.0011,0.0213,5.3621
오포,24,5.2387,0.0065,0.0208,5.2387
오포,84,5.0954,0.0030,0.0202,5.0954
오포,73,3.9258,0.0013,0.0156,3.9258
오포,82,3.9258,0.0025,0.0156,3.9258
오포,99,3.7778,0.0061,0.0150,3.7778
오포,87,3.7390,0.0030,0.0148,3.7390
오포,51,3.5594,0.0023,0.0141,3.5594
오포,86,3.4600,0.0028,0.0137,3.4600
오포,59,3.3969,0.0023,0.0135,3.3969
오포,2,3.1940,0.0008,0.0127,3.1940
오포,39,3.0394,0.0016,0.0121,3.0394
오포,15,2.9237,0.0031,0.0116,2.9237
오포,19,2.8929,0.0023,0.0115,2.8929
오포,88,2.5477,0.0013,0.0101,2.5477
오포,94,2.5022,0.0010,0.0099,2.5022
오포,5,2.4370,0.0012,0.0097,2.4370
오포,91,2.3955,0.0017,0.0095,2.3955
오포,80,1.8146,0.0008,0.0072,1.8146
오포,61,1.7797,0.0015,0.0071,1.7797
오포,78,1.6985,0.0012,0.0067,1.6985
오포,48,1.0415,0.0023,0.0041,1.0415
오포,47,0.8570,0.0009,0.0034,0.8570
오포,62,0.8416,0.0022,0.0033,0.8416
원익IPS,11,90.7707,0.0075,0.4456,90.7707
원익IPS,9,85.1118,0.0110,0.4178,85.1118
원익IPS,0,62.3832,0.0031,0.3063,62.3832
원익IPS,12,51.0771,0.0062,0.2508,51.0771
원익IPS,27,49.5748,0.0059,0.2434,49.5748
원익IPS,102,45.6948,0.0084,0.2243,45.6948
원익IPS,13,44.9435,0.0068,0.2206,44.9435
원익IPS,1,39.9830,0.0027,0.1963,39.9830
원익IPS,30,39.8693,0.0084,0.1957,39.8693
원익IPS,67,32.3566,0.0043,0.1589,32.3566
원익IPS,81,25.9678,0.0067,0.1275,25.9678
원익IPS,25,25.7658,0.0044,0.1265,25.7658
원익IPS,38,23.3966,0.0027,0.1149,23.3966
원익IPS,43,22.2581,0.0044,0.1093,22.2581
원익IPS,92,22.0849,0.0055,0.1084,22.0849
원익IPS,3,21.5819,0.0022,0.1060,21.5819
원익IPS,72,20.2971,0.0027,0.0996,20.2971
원익IPS,36,20.1431,0.0025,0.0989,20.1431
원익IPS,71,17.6798,0.0534,0.0868,17.6798
원익IPS,76,16.1783,0.0020,0.0794,16.1783
원익IPS,60,15.3402,0.0041,0.0753,15.3402
원익IPS,23,14.9936,0.0027,0.0736,14.9936
원익IPS,88,14.4369,0.0072,0.0709,14.4369
원익IPS,98,14.2083,0.0054,0.0698,14.2083
원익IPS,21,14.1730,0.0027,0.0696,14.1730
원익IPS,29,13.7730,0.0046,0.0676,13.7730
원익IPS,53,13.4605,0.0033,0.0661,13.4605
원익IPS,66,12.9491,0.0015,0.0636,12.9491
원익IPS,18,12.5148,0.0022,0.0614,12.5148
원익IPS,50,12.0603,0.0016,0.0592,12.0603
원익IPS,95,11.7786,0.0039,0.0578,11.7786
원익IPS,101,11.0425,0.0024,0.0542,11.0425
원익IPS,6,10.7909,0.0022,0.0530,10.7909
원익IPS,93,10.3871,0.0020,0.0510,10.3871
원익IPS,87,9.7215,0.0078,0.0477,9.7215
원익IPS,45,9.6452,0.0019,0.0474,9.6452
원익IPS,46,9.4236,0.0022,0.0463,9.4236
원익IPS,55,9.4236,0.0023,0.0463,9.4236
원익IPS,20,9.3521,0.0019,0.0459,9.3521
원익IPS,32,9.2818,0.0018,0.0456,9.2818
원익IPS,33,9.2818,0.0022,0.0456,9.2818
원익IPS,79,9.1921,0.0026,0.0451,9.1921
원익IPS,75,8.5038,0.0020,0.0417,8.5038
원익IPS,41,8.2259,0.0014,0.0404,8.2259
원익IPS,37,7.9739,0.0020,0.0391,7.9739
원익IPS,44,7.6601,0.0018,0.0376,7.6601
원익IPS,83,7.6601,0.0036,0.0376,7.6601
원익IPS,78,7.6430,0.0055,0.0375,7.6430
원익IPS,94,7.5065,0.0031,0.0369,7.5065
원익IPS,65,7.4194,0.0014,0.0364,7.4194
원익IPS,8,6.9506,0.0025,0.0341,6.9506
원익IPS,82,6.2813,0.0039,0.0308,6.2813
원익IPS,17,6.0787,0.0013,0.0298,6.0787
원익IPS,96,5.9824,0.0012,0.0294,5.9824
원익IPS,73,5.4962,0.0018,0.0270,5.4962
원익IPS,70,5.2764,0.0016,0.0259,5.2764
원익IPS,7,5.1936,0.0014,0.0255,5.1936
원익IPS,84,5.0954,0.0030,0.0250,5.0954
원익IPS,77,4.9601,0.0064,0.0244,4.9601
원익IPS,4,3.7390,0.0009,0.0184,3.7390
원익IPS,57,3.1407,0.0013,0.0154,3.1407
원익IPS,90,2.9677,0.0008,0.0146,2.9677
원익IPS,26,2.3955,0.0006,0.0118,2.3955
원익IPS,35,2.3555,0.0004,0.0116,2.3555
원익IPS,89,2.2980,0.0005,0.0113,2.2980
원익IPS,39,2.2795,0.0012,0.0112,2.2795
원익IPS,69,2.2085,0.0009,0.0108,2.2085
원익IPS,24,1.7462,0.0022,0.0086,1.7462
원익IPS,2,1.5970,0.0004,0.0078,1.5970
원익IPS,52,1.5446,0.0007,0.0076,1.5446
원익IPS,58,1.5320,0.0012,0.0075,1.5320
원익IPS,68,1.5320,0.0006,0.0075,1.5320
원익IPS,74,1.5197,0.0005,0.0075,1.5197
원익IPS,15,0.9746,0.0010,0.0048,0.9746
원익IPS,99,0.9445,0.0015,0.0046,0.9445
원익IPS,34,0.9349,0.0009,0.0046,0.9349
원익IPS,80,0.9073,0.0004,0.0045,0.9073
원익IPS,51,0.8899,0.0006,0.0044,0.8899
원익IPS,16,0.8650,0.0004,0.0042,0.8650
원익IPS,86,0.8650,0.0007,0.0042,0.8650
원익IPS,10,0.8492,0.0004,0.0042,0.8492
원익IPS,59,0.8492,0.0006,0.0042,0.8492
원익IPS,63,0.8492,0.0009,0.0042,0.8492
원익IPS,5,0.8123,0.0004,0.0040,0.8123
원익IPS,91,0.7985,0.0006,0.0039,0.7985
원익IPS,54,0.7918,0.0003,0.0039,0.7918
원익IPS,97,0.7787,0.0002,0.0038,0.7787
원익IPS,49,0.7478,0.0002,0.0037,0.7478
원익IPS,22,0.7305,0.0003,0.0036,0.7305
인텔,0,294.5876,0.0145,0.3940,323.6928
인텔,1,196.3448,0.0135,0.2626,215.7437
인텔,11,185.7308,0.0154,0.2484,204.0810
인텔,40,169.3127,0.0955,0.2265,186.0408
인텔,9,152.6386,0.0196,0.2042,167.7193
인텔,17,143.6095,0.0315,0.1921,157.7981
인텔,27,140.3455,0.0166,0.1877,154.2116
인텔,38,136.9388,0.0156,0.1832,150.4683
인텔,50,119.0959,0.0158,0.1593,130.8626
인텔,36,113.6645,0.0139,0.1520,124.8945
인텔,67,112.5446,0.0149,0.1505,123.6640
인텔,12,107.9093,0.0131,0.1443,118.5708
인텔,72,107.2846,0.0145,0.1435,117.8843
인텔,13,100.0356,0.0150,0.1338,109.9192
인텔,66,99.2766,0.0116,0.1328,109.0851
인텔,76,99.1799,0.0121,0.1327,108.9789
인텔,102,93.5315,0.0171,0.1251,102.7725
인텔,101,93.4929,0.0202,0.1251,102.7300
인텔,32,88.5337,0.0175,0.1184,97.2808
인텔,93,88.2905,0.0171,0.1181,97.0136
인텔,3,85.6081,0.0086,0.1145,94.0661
인텔,21,80.7863,0.0156,0.1081,88.7679
인텔,46,79.7385,0.0190,0.1067,87.6167
인텔,25,79.5058,0.0134,0.1063,87.3609
인텔,7,79.3873,0.0212,0.1062,87.2308
인텔,23,77.8240,0.0141,0.1041,85.5130
인텔,20,77.6947,0.0156,0.1039,85.3709
인텔,45,72.7099,0.0145,0.0973,79.8936
인텔,19,72.3225,0.0570,0.0967,79.4680
인텔,18,69.9356,0.0121,0.0935,76.8453
인텔,74,68.3855,0.0211,0.0915,75.1420
인텔,43,68.2582,0.0134,0.0913,75.0021
인텔,30,68.1402,0.0143,0.0911,74.8725
인텔,75,67.3219,0.0156,0.0901,73.9733
인텔,44,65.1107,0.0155,0.0871,71.5437
인텔,90,64.5485,0.0175,0.0863,70.9259
인텔,55,63.0659,0.0151,0.0844,69.2969
인텔,6,61.1486,0.0122,0.0818,67.1901
인텔,37,60.1664,0.0151,0.0805,66.1108
인텔,96,58.3288,0.0115,0.0780,64.0917
인텔,70,58.0404,0.0181,0.0776,63.7748
인텔,80,55.3450,0.0247,0.0740,60.8131
인텔,35,54.9616,0.0098,0.0735,60.3918
인텔,60,54.7864,0.0146,0.0733,60.1993
인텔,92,53.7400,0.0133,0.0719,59.0495
인텔,41,52.3464,0.0092,0.0700,57.5182
인텔,53,50.1030,0.0123,0.0670,55.0531
인텔,98,49.3552,0.0189,0.0660,54.2315
인텔,33,47.8367,0.0114,0.0640,52.5630
인텔,69,47.1145,0.0183,0.0630,51.7694
인텔,97,43.6055,0.0117,0.0583,47.9137
인텔,65,43.0324,0.0081,0.0576,47.2840
인텔,26,42.3209,0.0109,0.0566,46.5022
인텔,29,41.3191,0.0137,0.0553,45.4014
인텔,8,40.9311,0.0146,0.0547,44.9751
인텔,89,40.5985,0.0085,0.0543,44.6096
인텔,95,39.0167,0.0130,0.0522,42.8716
인텔,81,37.8388,0.0098,0.0506,41.5773
인텔,51,34.7044,0.0223,0.0464,38.1332
인텔,49,34.3991,0.0113,0.0460,37.7977
인텔,48,33.3265,0.0722,0.0446,36.6192
인텔,31,32.3054,0.0138,0.0432,35.4972
인텔,22,32.1413,0.0112,0.0430,35.3169
인텔,78,30.5722,0.0220,0.0409,33.5927
인텔,91,28.7463,0.0204,0.0385,31.5864
인텔,88,28.0245,0.0140,0.0375,30.7933
인텔,85,27.0415,0.0072,0.0362,29.7133
인텔,68,26.0443,0.0108,0.0348,28.6175
인텔,4,24.6776,0.0061,0.0330,27.1157
인텔,73,24.3401,0.0079,0.0326,26.7450
인텔,10,23.7783,0.0101,0.0318,26.1276
인텔,79,23.7463,0.0067,0.0318,26.0924
인텔,87,21.6864,0.0175,0.0290,23.8290
인텔,16,21.6249,0.0102,0.0289,23.7615
인텔,42,21.5597,0.0072,0.0288,23.6898
인텔,61,21.3566,0.0175,0.0286,23.4666
인텔,28,20.9393,0.0059,0.0280,23.0081
인텔,77,20.6670,0.0267,0.0276,22.7089
인텔,57,18.8440,0.0078,0.0252,20.7058
인텔,86,18.1649,0.0146,0.0243,19.9596
인텔,5,17.8714,0.0091,0.0239,19.6371
인텔,59,17.8338,0.0122,0.0239,19.5957
인텔,94,17.5151,0.0072,0.0234,19.2456
인텔,24,16.5893,0.0206,0.0222,18.2283
인텔,52,16.2180,0.0068,0.0217,17.8203
인텔,84,16.1353,0.0095,0.0216,17.7295
인텔,82,15.7033,0.0098,0.0210,17.2548
인텔,64,15.1482,0.0070,0.0203,16.6449
인텔,2,14.3731,0.0035,0.0192,15.7932
인텔,58,13.7882,0.0108,0.0184,15.1504
인텔,39,13.6771,0.0073,0.0183,15.0284
인텔,62,13.4651,0.0355,0.0180,14.7954
인텔,83,13.0221,0.0061,0.0174,14.3087
인텔,47,11.1415,0.0113,0.0149,12.2422
인텔,15,10.7202,0.0113,0.0143,11.7793
인텔,71,10.6079,0.0320,0.0142,11.6560
인텔,14,10.3800,0.0038,0.0139,11.4055
인텔,54,10.2931,0.0041,0.0138,11.3101
인텔,63,9.3415,0.0094,0.0125,10.2644
인텔,99,8.5002,0.0137,0.0114,9.3400
인텔,56,7.2584,0.0100,0.0097,7.9755
인텔,34,5.6092,0.0054,0.0075,6.1634
인텔,100,2.0136,0.0031,0.0027,2.2126
카카오,0,126.1528,0.0062,0.3303,141.1650
카카오,11,99.8478,0.0083,0.2614,111.7297
카카오,38,83.2643,0.0095,0.2180,93.1727
카카오,9,83.0016,0.0107,0.2173,92.8788
카카오,27,82.3919,0.0097,0.2157,92.1965
카카오,55,70.3149,0.0169,0.1841,78.6824
카카오,1,69.9702,0.0048,0.1832,78.2966
카카오,12,69.7814,0.0085,0.1827,78.0853
카카오,42,68.6717,0.0228,0.1798,76.8436
카카오,76,59.0859,0.0072,0.1547,66.1171
카카오,32,57.1185,0.0113,0.1496,63.9156
카카오,25,52.2677,0.0088,0.1369,58.4875
카카오,20,51.0771,0.0102,0.1337,57.1552
카카오,102,49.2647,0.0090,0.1290,55.1272
카카오,67,49.2383,0.0065,0.1289,55.0976
카카오,96,48.6074,0.0096,0.1273,54.3916
카카오,21,47.4796,0.0092,0.1243,53.1297
카카오,23,47.1228,0.0085,0.1234,52.7304
카카오,3,46.0413,0.0046,0.1206,51.5202
카카오,2,44.7164,0.0109,0.1171,50.0377
카카오,37,44.2186,0.0111,0.1158,49.4807
카카오,36,43.8831,0.0054,0.1149,49.1052
카카오,30,41.3191,0.0087,0.1082,46.2360
카카오,72,41.3191,0.0056,0.1082,46.2360
카카오,75,40.3931,0.0094,0.1058,45.1999
카카오,101,39.7529,0.0086,0.1041,44.4835
카카오,6,39.5667,0.0079,0.1036,44.2752
카카오,66,39.5667,0.0046,0.1036,44.2752
카카오,81,38.5807,0.0099,0.1010,43.1719
카카오,53,35.8947,0.0088,0.0940,40.1661
카카오,60,35.7938,0.0095,0.0937,40.0532
카카오,33,35.6991,0.0085,0.0935,39.9473
카카오,65,34.8711,0.0065,0.0913,39.0207
카카오,43,33.3872,0.0066,0.0874,37.3603
카카오,46,33.3452,0.0079,0.0873,37.3133
카카오,4,32.9034,0.0082,0.0862,36.8190
카카오,13,31.8954,0.0048,0.0835,35.6910
카카오,73,31.4066,0.0101,0.0822,35.1440
카카오,80,30.8480,0.0138,0.0808,34.5190
카카오,89,30.6403,0.0064,0.0802,34.2865
카카오,10,29.7229,0.0126,0.0778,33.2600
카카오,35,29.0511,0.0052,0.0761,32.5082
카카오,70,28.6433,0.0089,0.0750,32.0519
카카오,61,28.4754,0.0233,0.0746,31.8640
카카오,49,28.4166,0.0094,0.0744,31.7982
카카오,78,28.0245,0.0202,0.0734,31.3594
카카오,91,27.9478,0.0199,0.0732,31.2736
카카오,85,27.8610,0.0074,0.0730,31.1764
카카오,8,27.8022,0.0099,0.0728,31.1107
카카오,22,27.7584,0.0097,0.0727,31.0617
카카오,41,27.6688,0.0049,0.0724,30.9614
카카오,79,27.5763,0.0078,0.0722,30.8579
카카오,94,27.5237,0.0114,0.0721,30.7991
카카오,97,27.2534,0.0073,0.0714,30.4966
카카오,69,26.5019,0.0103,0.0694,29.6557
카카오,50,26.3820,0.0035,0.0691,29.5215
카카오,26,25.5522,0.0066,0.0669,28.5930
카카오,18,25.0296,0.0043,0.0655,28.0081
카카오,90,24.4839,0.0066,0.0641,27.3975
카카오,88,23.7783,0.0119,0.0623,26.6080
카카오,54,23.7533,0.0094,0.0622,26.5800
카카오,68,23.7463,0.0099,0.0622,26.5721
카카오,74,23.5550,0.0073,0.0617,26.3580
카카오,92,22.8211,0.0056,0.0598,25.5368
카카오,57,22.7698,0.0094,0.0596,25.4794
카카오,93,22.2581,0.0043,0.0583,24.9068
카카오,16,21.6249,0.0102,0.0566,24.1983
카카오,98,20.9386,0.0080,0.0548,23.4302
카카오,51,20.4667,0.0131,0.0536,22.9023
카카오,31,20.0817,0.0086,0.0526,22.4715
카카오,44,19.9162,0.0047,0.0521,22.2863
카카오,58,19.9162,0.0156,0.0521,22.2863
카카오,29,19.5722,0.0065,0.0512,21.9013
카카오,45,19.2904,0.0039,0.0505,21.5859
카카오,14,18.1649,0.0066,0.0476,20.3266
카카오,7,17.8065,0.0048,0.0466,19.9255
카카오,39,15.9566,0.0085,0.0418,17.8554
카카오,28,15.3018,0.0043,0.0401,17.1227
카카오,82,14.9182,0.0094,0.0391,16.6934
카카오,24,14.8430,0.0184,0.0389,16.6093
카카오,47,13.7126,0.0139,0.0359,15.3444
카카오,17,12.9173,0.0028,0.0338,14.4544
카카오,77,12.4002,0.0160,0.0325,13.8758
카카오,64,11.7819,0.0054,0.0308,13.1840
카카오,95,11.0425,0.0037,0.0289,12.3565
카카오,100,10.0680,0.0153,0.0264,11.2661
카카오,52,10.0397,0.0042,0.0263,11.2344
카카오,40,9.1746,0.0052,0.0240,10.2664
카카오,99,8.5002,0.0137,0.0223,9.5117
카카오,63,8.4923,0.0086,0.0222,9.5028
카카오,83,8.4261,0.0039,0.0221,9.4288
카카오,87,8.2259,0.0066,0.0215,9.2047
카카오,5,8.1234,0.0041,0.0213,9.0900
카카오,84,7.6430,0.0045,0.0200,8.5526
카카오,86,6.9200,0.0056,0.0181,7.7435
카카오,59,6.7938,0.0047,0.0178,7.6023
카카오,48,6.2487,0.0135,0.0164,6.9923
카카오,19,4.8215,0.0038,0.0126,5.3953
카카오,34,3.7395,0.0036,0.0098,4.1845
카카오,15,2.9237,0.0031,0.0077,3.2716
카카오,62,2.5247,0.0067,0.0066,2.8251
카카오,71,2.3573,0.0071,0.0062,2.6378
퀄컴,0,313.9957,0.0154,0.3745,344.3905
퀄컴,14,253.4442,0.0921,0.3023,277.9777
퀄컴,57,212.7800,0.0882,0.2538,233.3771
퀄컴,38,189.2370,0.0215,0.2257,207.5552
퀄컴,11,161.9908,0.0134,0.1932,177.6715
퀄컴,65,155.8068,0.0293,0.1858,170.8889
퀄컴,35,153.8926,0.0274,0.1836,168.7894
퀄컴,12,148.1955,0.0180,0.1768,162.5408
퀄컴,9,132.9433,0.0171,0.1586,145.8122
퀄컴,28,124.0253,0.0352,0.1479,136.0310
퀄컴,1,120.6628,0.0083,0.1439,132.3430
퀄컴,27,118.7002,0.0140,0.1416,130.1903
퀄컴,101,109.6885,0.0237,0.1308,120.3064
퀄컴,76,109.0276,0.0133,0.1300,119.5814
퀄컴,20,105.7511,0.0212,0.1261,115.9878
퀄컴,6,105.0317,0.0210,0.1253,115.1988
퀄컴,75,104.8804,0.0243,0.1251,115.0328
퀄컴,97,103.5630,0.0277,0.1235,113.5879
퀄컴,21,100.6285,0.0195,0.1200,110.3693
퀄컴,3,99.9960,0.0101,0.1193,109.6756
퀄컴,26,96.6194,0.0250,0.1152,105.9722
퀄컴,55,94.2365,0.0226,0.1124,103.3586
퀄컴,85,92.5968,0.0246,0.1104,101.5602
퀄컴,13,92.0618,0.0138,0.1098,100.9734
퀄컴,67,90.7391,0.0120,0.1082,99.5226
퀄컴,32,89.9616,0.0178,0.1073,98.6699
퀄컴,102,88.5337,0.0162,0.1056,97.1037
퀄컴,64,86.6814,0.0399,0.1034,95.0722
퀄컴,50,83.6687,0.0111,0.0998,91.7678
퀄컴,4,82.2586,0.0205,0.0981,90.2212
퀄컴,33,79.2519,0.0189,0.0945,86.9235
퀄컴,37,77.5639,0.0194,0.0925,85.0720
퀄컴,72,74.6643,0.0101,0.0891,81.8918
퀄컴,43,74.1937,0.0146,0.0885,81.3757
퀄컴,16,73.5248,0.0348,0.0877,80.6420
퀄컴,10,73.0335,0.0310,0.0871,80.1031
퀄컴,36,70.5007,0.0086,0.0841,77.3252
퀄컴,90,68.2582,0.0185,0.0814,74.8656
퀄컴,46,62.3410,0.0149,0.0744,68.3757
퀄컴,60,62.0912,0.0165,0.0741,68.1016
퀄컴,25,61.8378,0.0104,0.0738,67.8237
퀄컴,30,61.6161,0.0130,0.0735,67.5806
퀄컴,66,61.1486,0.0071,0.0729,67.0678
퀄컴,23,59.2604,0.0107,0.0707,64.9969
퀄컴,69,58.1570,0.0225,0.0694,63.7866
퀄컴,41,56.8332,0.0100,0.0678,62.3347
퀄컴,45,55.6453,0.0111,0.0664,61.0318
퀄컴,96,51.5986,0.0102,0.0615,56.5933
퀄컴,81,50.4517,0.0130,0.0602,55.3355
퀄컴,18,50.0592,0.0086,0.0597,54.9049
퀄컴,93,48.9679,0.0095,0.0584,53.7080
퀄컴,49,48.6074,0.0160,0.0580,53.3126
퀄컴,58,47.4925,0.0372,0.0566,52.0898
퀄컴,42,46.3134,0.0154,0.0552,50.7966
퀄컴,92,45.6422,0.0113,0.0544,50.0604
퀄컴,8,45.5648,0.0162,0.0543,49.9755
퀄컴,22,45.2901,0.0158,0.0540,49.6741
퀄컴,40,45.0388,0.0254,0.0537,49.3986
퀄컴,17,44.8305,0.0098,0.0535,49.1701
퀄컴,79,42.1305,0.0118,0.0503,46.2087
퀄컴,83,42.1305,0.0196,0.0503,46.2087
퀄컴,31,41.9097,0.0179,0.0500,45.9665
퀄컴,44,39.8324,0.0095,0.0475,43.6882
퀄컴,54,38.7971,0.0153,0.0463,42.5527
퀄컴,74,37.9919,0.0117,0.0453,41.6695
퀄컴,91,37.5299,0.0267,0.0448,41.1628
퀄컴,53,34.3991,0.0085,0.0410,37.7289
퀄컴,98,34.3991,0.0132,0.0410,37.7289
퀄컴,29,34.0701,0.0113,0.0406,37.3681
퀄컴,95,33.1274,0.0110,0.0395,36.3341
퀄컴,7,32.6452,0.0087,0.0389,35.8053
퀄컴,70,32.4122,0.0101,0.0387,35.5497
퀄컴,88,29.7229,0.0149,0.0355,32.6001
퀄컴,59,28.8737,0.0198,0.0344,31.6687
퀄컴,86,27.6799,0.0223,0.0330,30.3593
퀄컴,87,26.9210,0.0217,0.0321,29.5270
퀄컴,89,25.2783,0.0053,0.0302,27.7252
퀄컴,34,25.2414,0.0242,0.0301,27.6848
퀄컴,80,24.4970,0.0109,0.0292,26.8683
퀄컴,63,23.7783,0.0240,0.0284,26.0801
퀄컴,73,22.7698,0.0074,0.0272,24.9739
퀄컴,2,22.3582,0.0055,0.0267,24.5225
퀄컴,52,21.6240,0.0091,0.0258,23.7172
퀄컴,68,21.4482,0.0089,0.0256,23.5244
퀄컴,51,20.4667,0.0131,0.0244,22.4479
퀄컴,77,19.8403,0.0256,0.0237,21.7608
퀄컴,39,19.7558,0.0105,0.0236,21.6682
퀄컴,15,19.4912,0.0205,0.0232,21.3779
퀄컴,61,18.6870,0.0153,0.0223,20.4959
퀄컴,82,17.2737,0.0108,0.0206,18.9457
퀄컴,94,16.6811,0.0069,0.0199,18.2958
퀄컴,24,15.7161,0.0195,0.0187,17.2375
퀄컴,78,14.4369,0.0104,0.0172,15.8343
퀄컴,84,14.4369,0.0085,0.0172,15.8343
퀄컴,5,9.7480,0.0050,0.0116,10.6916
퀄컴,71,9.4292,0.0285,0.0112,10.3420
퀄컴,19,8.6787,0.0068,0.0104,9.5188
퀄컴,99,8.5002,0.0137,0.0101,9.3230
퀄컴,47,7.7133,0.0078,0.0092,8.4600
퀄컴,100,6.0408,0.0092,0.0072,6.6256
퀄컴,48,4.1658,0.0090,0.0050,4.5691
퀄컴,56,2.7219,0.0038,0.0032,2.9854
퀄컴,62,2.5247,0.0067,0.0030,2.7691
텐센트,0,20.1013,0.0010,0.4400,20.1013
텐센트,38,12.3864,0.0014,0.2711,12.3864
텐센트,1,12.1377,0.0008,0.2657,12.1377
텐센트,23,11.4237,0.0021,0.2500,11.4237
텐센트,76,11.2545,0.0014,0.2463,11.2545
텐센트,27,11.1718,0.0013,0.2445,11.1718
텐센트,11,9.0771,0.0008,0.1987,9.0771
텐센트,92,8.8340,0.0022,0.1934,8.8340
텐센트,25,8.0978,0.0014,0.1772,8.0978
텐센트,3,7.9133,0.0008,0.1732,7.9133
텐센트,20,7.9133,0.0016,0.1732,7.9133
텐센트,70,7.5377,0.0023,0.1650,7.5377
텐센트,67,7.0340,0.0009,0.1540,7.0340
텐센트,49,5.9824,0.0020,0.1309,5.9824
텐센트,22,5.8439,0.0020,0.1279,5.8439
텐센트,75,5.6692,0.0013,0.1241,5.6692
텐센트,12,5.0358,0.0006,0.1102,5.0358
텐센트,9,4.9238,0.0006,0.1078,4.9238
텐센트,82,4.7110,0.0030,0.1031,4.7110
텐센트,68,4.5961,0.0019,0.1006,4.5961
텐센트,45,4.4516,0.0009,0.0974,4.4516
텐센트,81,4.4516,0.0011,0.0974,4.4516
텐센트,37,4.3494,0.0011,0.0952,4.3494
텐센트,55,4.3494,0.0010,0.0952,4.3494
텐센트,72,4.3494,0.0006,0.0952,4.3494
텐센트,6,4.3164,0.0009,0.0945,4.3164
텐센트,36,4.3164,0.0005,0.0945,4.3164
텐센트,32,4.2839,0.0008,0.0938,4.2839
텐센트,21,4.2519,0.0008,0.0931,4.2519
텐센트,42,3.9925,0.0013,0.0874,3.9925
텐센트,18,3.6808,0.0006,0.0806,3.6808
텐센트,102,3.5699,0.0007,0.0781,3.5699
텐센트,8,3.0891,0.0011,0.0676,3.0891
텐센트,53,2.9912,0.0007,0.0655,2.9912
텐센트,65,2.9677,0.0006,0.0650,2.9677
텐센트,80,2.7219,0.0012,0.0596,2.7219
텐센트,51,2.6696,0.0017,0.0584,2.6696
텐센트,63,2.5477,0.0026,0.0558,2.5477
텐센트,94,2.5022,0.0010,0.0548,2.5022
텐센트,73,2.3555,0.0008,0.0516,2.3555
텐센트,58,2.2980,0.0018,0.0503,2.2980
텐센트,87,2.2434,0.0018,0.0491,2.2434
텐센트,98,2.2434,0.0009,0.0491,2.2434
텐센트,7,2.2258,0.0006,0.0487,2.2258
텐센트,43,2.2258,0.0004,0.0487,2.2258
텐센트,69,2.2085,0.0009,0.0483,2.2085
텐센트,60,2.1915,0.0006,0.0480,2.1915
텐센트,29,2.1747,0.0007,0.0476,2.1747
텐센트,33,2.1419,0.0005,0.0469,2.1419
텐센트,61,1.7797,0.0015,0.0390,1.7797
텐센트,40,1.6681,0.0009,0.0365,1.6681
텐센트,91,1.5970,0.0011,0.0350,1.5970
텐센트,57,1.5703,0.0007,0.0344,1.5703
텐센트,4,1.4956,0.0004,0.0327,1.4956
텐센트,101,1.4723,0.0003,0.0322,1.4723
텐센트,13,1.4498,0.0002,0.0317,1.4498
텐센트,46,1.4498,0.0003,0.0317,1.4498
텐센트,19,0.9643,0.0008,0.0211,0.9643
텐센트,24,0.8731,0.0011,0.0191,0.8731
텐센트,31,0.8731,0.0004,0.0191,0.8731
텐센트,14,0.8650,0.0003,0.0189,0.8650
텐센트,47,0.8570,0.0009,0.0188,0.8570
텐센트,10,0.8492,0.0004,0.0186,0.8492
텐센트,88,0.8492,0.0004,0.0186,0.8492
텐센트,54,0.7918,0.0003,0.0173,0.7918
텐센트,44,0.7660,0.0002,0.0168,0.7660
텐센트,79,0.7660,0.0002,0.0168,0.7660
텐센트,83,0.7660,0.0004,0.0168,0.7660
텐센트,89,0.7660,0.0002,0.0168,0.7660
텐센트,39,0.7598,0.0004,0.0166,0.7598
텐센트,96,0.7478,0.0001,0.0164,0.7478
텐센트,93,0.7419,0.0001,0.0162,0.7419
텐센트,95,0.7362,0.0002,0.0161,0.7362
텐센트,30,0.7249,0.0002,0.0159,0.7249
텐센트,66,0.7194,0.0001,0.0157,0.7194
폭스바겐,9,104.8071,0.0135,0.3484,104.8071
폭스바겐,96,88.9889,0.0176,0.2959,88.9889
폭스바겐,0,84.5640,0.0042,0.2811,84.5640
폭스바겐,27,79.5989,0.0094,0.2646,79.5989
폭스바겐,11,74.7113,0.0062,0.2484,74.7113
폭스바겐,46,65.9655,0.0157,0.2193,65.9655
폭스바겐,60,59.1693,0.0157,0.1967,59.1693
폭스바겐,90,57.1292,0.0155,0.1899,57.1292
폭스바겐,1,53.5486,0.0037,0.1780,53.5486
폭스바겐,74,53.1887,0.0164,0.1768,53.1887
폭스바겐,8,46.3371,0.0165,0.1541,46.3371
폭스바겐,3,46.0413,0.0046,0.1531,46.0413
폭스바겐,102,44.9808,0.0082,0.1495,44.9808
폭스바겐,76,44.3144,0.0054,0.1473,44.3144
폭스바겐,67,41.5008,0.0055,0.1380,41.5008
폭스바겐,4,41.1293,0.0102,0.1367,41.1293
폭스바겐,92,38.2806,0.0095,0.1273,38.2806
폭스바겐,38,37.8474,0.0043,0.1258,37.8474
폭스바겐,13,36.2448,0.0054,0.1205,36.2448
폭스바겐,12,34.5310,0.0042,0.1148,34.5310
폭스바겐,72,33.3452,0.0045,0.1109,33.3452
폭스바겐,33,32.1292,0.0076,0.1068,32.1292
폭스바겐,30,29.7207,0.0063,0.0988,29.7207
폭스바겐,66,28.7758,0.0034,0.0957,28.7758
폭스바겐,23,28.5593,0.0052,0.0949,28.5593
폭스바겐,36,28.0564,0.0034,0.0933,28.0564
폭스바겐,89,27.5763,0.0058,0.0917,27.5763
폭스바겐,41,26.1732,0.0046,0.0870,26.1732
폭스바겐,101,25.7658,0.0056,0.0857,25.7658
폭스바겐,21,25.5114,0.0049,0.0848,25.5114
폭스바겐,69,24.2934,0.0094,0.0808,24.2934
폭스바겐,65,23.0001,0.0043,0.0765,23.0001
폭스바겐,42,22.3582,0.0074,0.0743,22.3582
폭스바겐,45,21.5162,0.0043,0.0715,21.5162
폭스바겐,2,20.7612,0.0051,0.0690,20.7612
폭스바겐,53,19.4429,0.0048,0.0646,19.4429
폭스바겐,20,18.7043,0.0037,0.0622,18.7043
폭스바겐,49,17.9473,0.0059,0.0597,17.9473
폭스바겐,81,17.8065,0.0046,0.0592,17.8065
폭스바겐,22,17.5316,0.0061,0.0583,17.5316
폭스바겐,87,17.1995,0.0139,0.0572,17.1995
폭스바겐,75,17.0076,0.0039,0.0565,17.0076
폭스바겐,70,16.5830,0.0052,0.0551,16.5830
폭스바겐,93,16.3226,0.0032,0.0543,16.3226
폭스바겐,18,16.1956,0.0028,0.0538,16.1956
폭스바겐,25,16.1956,0.0027,0.0538,16.1956
폭스바겐,43,15.5807,0.0031,0.0518,15.5807
폭스바겐,7,14.8387,0.0040,0.0493,14.8387
폭스바겐,83,14.5542,0.0068,0.0484,14.5542
폭스바겐,37,14.4979,0.0036,0.0482,14.4979
폭스바겐,39,14.4369,0.0077,0.0480,14.4369
폭스바겐,6,14.3879,0.0029,0.0478,14.3879
폭스바겐,55,13.7730,0.0033,0.0458,13.7730
폭스바겐,50,13.5679,0.0018,0.0451,13.5679
폭스바겐,91,12.7761,0.0091,0.0425,12.7761
폭스바겐,88,12.7384,0.0064,0.0424,12.7384
폭스바겐,35,12.5627,0.0022,0.0418,12.5627
폭스바겐,32,12.1377,0.0024,0.0404,12.1377
폭스바겐,63,11.8892,0.0120,0.0395,11.8892
폭스바겐,68,11.4901,0.0048,0.0382,11.4901
폭스바겐,17,11.3976,0.0025,0.0379,11.3976
폭스바겐,54,11.0849,0.0044,0.0369,11.0849
폭스바겐,44,10.7241,0.0025,0.0357,10.7241
폭스바겐,58,10.7241,0.0084,0.0357,10.7241
폭스바겐,51,10.6783,0.0068,0.0355,10.6783
폭스바겐,98,10.4693,0.0040,0.0348,10.4693
폭스바겐,26,10.3806,0.0027,0.0345,10.3806
폭스바겐,82,9.4220,0.0059,0.0313,9.4220
폭스바겐,80,9.0730,0.0040,0.0302,9.0730
폭스바겐,29,8.6988,0.0029,0.0289,8.6988
폭스바겐,73,8.6368,0.0028,0.0287,8.6368
폭스바겐,97,8.5654,0.0023,0.0285,8.5654
폭스바겐,79,8.4261,0.0024,0.0280,8.4261
폭스바겐,62,8.4157,0.0222,0.0280,8.4157
폭스바겐,94,8.3405,0.0034,0.0277,8.3405
폭스바겐,77,7.4401,0.0096,0.0247,7.4401
폭스바겐,85,7.3750,0.0020,0.0245,7.3750
폭스바겐,28,7.2482,0.0021,0.0241,7.2482
폭스바겐,52,6.9506,0.0029,0.0231,6.9506
폭스바겐,95,6.6255,0.0022,0.0220,6.6255
폭스바겐,24,6.1118,0.0076,0.0203,6.1118
폭스바겐,64,5.8910,0.0027,0.0196,5.8910
폭스바겐,61,5.3391,0.0044,0.0178,5.3391
폭스바겐,47,5.1422,0.0052,0.0171,5.1422
폭스바겐,10,5.0954,0.0022,0.0169,5.0954
폭스바겐,15,4.8728,0.0051,0.0162,4.8728
폭스바겐,99,4.7223,0.0076,0.0157,4.7223
폭스바겐,57,4.7110,0.0020,0.0157,4.7110
폭스바겐,31,3.4925,0.0015,0.0116,3.4925
폭스바겐,16,3.4600,0.0016,0.0115,3.4600
폭스바겐,59,3.3969,0.0023,0.0113,3.3969
폭스바겐,78,3.3969,0.0024,0.0113,3.3969
폭스바겐,84,3.3969,0.0020,0.0113,3.3969
폭스바겐,56,2.7219,0.0038,0.0090,2.7219
폭스바겐,48,2.0829,0.0045,0.0069,2.0829
폭스바겐,34,1.8697,0.0018,0.0062,1.8697
폭스바겐,40,1.6681,0.0009,0.0055,1.6681
폭스바겐,5,1.6247,0.0008,0.0054,1.6247
폭스바겐,71,1.1787,0.0036,0.0039,1.1787
폭스바겐,14,0.8650,0.0003,0.0029,0.8650
폭스바겐,86,0.8650,0.0007,0.0029,0.8650
퓨리오사AI,27,6.9824,0.0008,0.3561,6.9824
퓨리오사AI,0,6.9315,0.0003,0.3535,6.9315
퓨리오사AI,11,6.2841,0.0005,0.3205,6.2841
퓨리오사AI,9,5.6272,0.0007,0.2870,5.6272
퓨리오사AI,38,4.8169,0.0005,0.2457,4.8169
퓨리오사AI,12,3.5970,0.0004,0.1834,3.5970
퓨리오사AI,1,3.5699,0.0002,0.1821,3.5699
퓨리오사AI,23,3.5699,0.0006,0.1821,3.5699
퓨리오사AI,67,3.5170,0.0005,0.1794,3.5170
퓨리오사AI,43,2.9677,0.0006,0.1514,2.9677
퓨리오사AI,60,2.9219,0.0008,0.1490,2.9219
퓨리오사AI,33,2.8559,0.0007,0.1456,2.8559
퓨리오사AI,102,2.8559,0.0005,0.1456,2.8559
퓨리오사AI,21,2.8346,0.0005,0.1446,2.8346
퓨리오사AI,76,2.8136,0.0003,0.1435,2.8136
퓨리오사AI,57,2.3555,0.0010,0.1201,2.3555
퓨리오사AI,4,2.2434,0.0006,0.1144,2.2434
퓨리오사AI,98,2.2434,0.0009,0.1144,2.2434
퓨리오사AI,45,2.2258,0.0004,0.1135,2.2258
퓨리오사AI,65,2.2258,0.0004,0.1135,2.2258
퓨리오사AI,92,2.2085,0.0005,0.1126,2.2085
퓨리오사AI,13,2.1747,0.0003,0.1109,2.1747
퓨리오사AI,30,2.1747,0.0005,0.1109,2.1747
퓨리오사AI,36,2.1582,0.0003,0.1101,2.1582
퓨리오사AI,2,1.5970,0.0004,0.0814,1.5970
퓨리오사AI,68,1.5320,0.0006,0.0781,1.5320
퓨리오사AI,39,1.5197,0.0008,0.0775,1.5197
퓨리오사AI,96,1.4956,0.0003,0.0763,1.4956
퓨리오사AI,81,1.4839,0.0004,0.0757,1.4839
퓨리오사AI,25,1.4723,0.0002,0.0751,1.4723
퓨리오사AI,69,1.4723,0.0006,0.0751,1.4723
퓨리오사AI,101,1.4723,0.0003,0.0751,1.4723
퓨리오사AI,37,1.4498,0.0004,0.0739,1.4498
퓨리오사AI,55,1.4498,0.0003,0.0739,1.4498
퓨리오사AI,72,1.4498,0.0002,0.0739,1.4498
퓨리오사AI,6,1.4388,0.0003,0.0734,1.4388
퓨리오사AI,20,1.4388,0.0003,0.0734,1.4388
퓨리오사AI,32,1.4280,0.0003,0.0728,1.4280
퓨리오사AI,75,1.4173,0.0003,0.0723,1.4173
퓨리오사AI,24,0.8731,0.0011,0.0445,0.8731
퓨리오사AI,14,0.8650,0.0003,0.0441,0.8650
퓨리오사AI,86,0.8650,0.0007,0.0441,0.8650
퓨리오사AI,47,0.8570,0.0009,0.0437,0.8570
퓨리오사AI,59,0.8492,0.0006,0.0433,0.8492
퓨리오사AI,88,0.8492,0.0004,0.0433,0.8492
퓨리오사AI,91,0.7985,0.0006,0.0407,0.7985
퓨리오사AI,54,0.7918,0.0003,0.0404,0.7918
퓨리오사AI,73,0.7852,0.0003,0.0400,0.7852
퓨리오사AI,52,0.7723,0.0003,0.0394,0.7723
퓨리오사AI,58,0.7660,0.0006,0.0391,0.7660
퓨리오사AI,89,0.7660,0.0002,0.0391,0.7660
퓨리오사AI,17,0.7598,0.0002,0.0388,0.7598
퓨리오사AI,74,0.7598,0.0002,0.0388,0.7598
퓨리오사AI,70,0.7538,0.0002,0.0384,0.7538
퓨리오사AI,41,0.7478,0.0001,0.0381,0.7478
퓨리오사AI,49,0.7478,0.0002,0.0381,0.7478
퓨리오사AI,53,0.7478,0.0002,0.0381,0.7478
퓨리오사AI,87,0.7478,0.0006,0.0381,0.7478
퓨리오사AI,90,0.7419,0.0002,0.0378,0.7419
퓨리오사AI,95,0.7362,0.0002,0.0375,0.7362
퓨리오사AI,22,0.7305,0.0003,0.0373,0.7305
퓨리오사AI,29,0.7249,0.0002,0.0370,0.7249
퓨리오사AI,46,0.7249,0.0002,0.0370,0.7249
퓨리오사AI,3,0.7194,0.0001,0.0367,0.7194
퓨리오사AI,66,0.7194,0.0001,0.0367,0.7194
하이센스,3,394.9481,0.0398,0.4555,463.8270
하이센스,1,312.7238,0.0214,0.3607,367.2628
하이센스,0,287.6561,0.0141,0.3318,337.8233
하이센스,76,260.9628,0.0318,0.3010,306.4747
하이센스,89,247.4208,0.0520,0.2854,290.5709
하이센스,2,208.4105,0.0508,0.2404,244.7573
하이센스,96,127.8748,0.0253,0.1475,150.1761
하이센스,6,124.4554,0.0248,0.1435,146.1604
하이센스,11,114.5107,0.0095,0.1321,134.4814
하이센스,21,111.2583,0.0215,0.1283,130.6617
하이센스,72,110.9091,0.0150,0.1279,130.2516
하이센스,92,99.3822,0.0245,0.1146,116.7145
하이센스,27,97.7531,0.0116,0.1127,114.8012
하이센스,66,92.8020,0.0108,0.1070,108.9867
하이센스,36,89.2050,0.0109,0.1029,104.7624
하이센스,38,88.0812,0.0100,0.1016,103.4426
하이센스,101,87.6036,0.0189,0.1010,102.8816
하이센스,67,87.2221,0.0116,0.1006,102.4336
하이센스,12,75.5365,0.0092,0.0871,88.7101
하이센스,50,70.8545,0.0094,0.0817,83.2116
하이센스,68,70.4728,0.0293,0.0813,82.7632
하이센스,4,68.7981,0.0171,0.0794,80.7965
하이센스,44,63.5787,0.0151,0.0733,74.6668
하이센스,37,61.6161,0.0154,0.0711,72.3620
하이센스,20,61.1486,0.0122,0.0705,71.8129
하이센스,9,60.4927,0.0078,0.0698,71.0426
하이센스,41,59.0766,0.0104,0.0681,69.3796
하이센스,53,59.0766,0.0145,0.0681,69.3796
하이센스,93,57.8711,0.0112,0.0667,67.9638
하이센스,13,57.2668,0.0086,0.0661,67.2541
하이센스,45,56.3872,0.0113,0.0650,66.2212
하이센스,70,55.7791,0.0174,0.0643,65.5070
하이센스,25,55.2123,0.0093,0.0637,64.8414
하이센스,83,55.1526,0.0257,0.0636,64.7712
하이센스,42,54.2985,0.0180,0.0626,63.7682
하이센스,49,53.8420,0.0178,0.0621,63.2320
하이센스,23,52.8346,0.0096,0.0609,62.0490
하이센스,33,52.8346,0.0126,0.0609,62.0490
하이센스,94,50.8772,0.0210,0.0587,59.7502
하이센스,22,50.4035,0.0176,0.0581,59.1938
하이센스,102,49.9787,0.0091,0.0576,58.6950
하이센스,43,49.7098,0.0098,0.0573,58.3792
하이센스,75,46.7710,0.0109,0.0539,54.9279
하이센스,79,46.7265,0.0131,0.0539,54.8756
하이센스,55,43.4938,0.0104,0.0502,51.0791
하이센스,32,37.8410,0.0075,0.0436,44.4405
하이센스,18,37.5444,0.0065,0.0433,44.0921
하이센스,17,36.4723,0.0080,0.0421,42.8330
하이센스,95,34.5997,0.0115,0.0399,40.6339
하이센스,39,33.4329,0.0178,0.0386,39.2636
하이센스,30,33.3452,0.0070,0.0385,39.1606
하이센스,8,33.2082,0.0118,0.0383,38.9997
하이센스,7,32.6452,0.0087,0.0377,38.3386
하이센스,81,31.9033,0.0082,0.0368,37.4672
하이센스,69,30.9189,0.0120,0.0357,36.3112
하이센스,29,30.4456,0.0101,0.0351,35.7553
하이센스,59,29.7229,0.0203,0.0343,34.9066
하이센스,86,26.8149,0.0216,0.0309,31.4914
하이센스,65,26.7097,0.0050,0.0308,31.3679
하이센스,73,25.1253,0.0081,0.0290,29.5072
하이센스,28,24.9661,0.0071,0.0288,29.3202
하이센스,46,24.6465,0.0059,0.0284,28.9448
하이센스,97,23.3601,0.0062,0.0269,27.4341
하이센스,54,22.9616,0.0091,0.0265,26.9661
하이센스,63,22.9291,0.0231,0.0264,26.9280
하이센스,74,22.0353,0.0068,0.0254,25.8783
하이센스,15,21.4403,0.0226,0.0247,25.1795
하이센스,35,21.1995,0.0038,0.0245,24.8967
하이센스,52,20.8517,0.0088,0.0240,24.4882
하이센스,85,20.4860,0.0054,0.0236,24.0588
하이센스,90,20.0323,0.0054,0.0231,23.5259
하이센스,60,19.7231,0.0052,0.0227,23.1628
하이센스,82,15.7033,0.0098,0.0181,18.4420
하이센스,34,14.9579,0.0143,0.0173,17.5665
하이센스,98,14.9561,0.0057,0.0173,17.5645
하이센스,10,14.4369,0.0061,0.0167,16.9546
하이센스,61,12.4580,0.0102,0.0144,14.6307
하이센스,14,12.1100,0.0044,0.0140,14.2219
하이센스,26,11.9776,0.0031,0.0138,14.0665
하이센스,16,11.2450,0.0053,0.0130,13.2061
하이센스,91,11.1791,0.0079,0.0129,13.1287
하이센스,78,11.0399,0.0080,0.0127,12.9653
하이센스,51,10.6783,0.0068,0.0123,12.5406
하이센스,47,10.2844,0.0104,0.0119,12.0780
하이센스,84,10.1907,0.0060,0.0118,11.9680
하이센스,64,10.0988,0.0047,0.0116,11.8600
하이센스,80,9.9802,0.0045,0.0115,11.7208
하이센스,77,9.0935,0.0117,0.0105,10.6794
하이센스,56,8.1657,0.0113,0.0094,9.5897
하이센스,5,8.1234,0.0041,0.0094,9.5401
하이센스,31,7.8581,0.0033,0.0091,9.2285
하이센스,57,7.8517,0.0033,0.0091,9.2210
하이센스,88,7.6430,0.0038,0.0088,8.9760
하이센스,58,6.8941,0.0054,0.0080,8.0964
하이센스,87,6.7303,0.0054,0.0078,7.9040
하이센스,40,5.8384,0.0033,0.0067,6.8566
하이센스,24,5.2387,0.0065,0.0060,6.1523
하이센스,19,4.8215,0.0038,0.0056,5.6624
하이센스,48,2.0829,0.0045,0.0024,2.4462
하이센스,100,2.0136,0.0031,0.0023,2.3648
하이센스,99,1.8889,0.0030,0.0022,2.2184
하이센스,62,0.8416,0.0022,0.0010,0.9883
하이얼,3,85.6081,0.0086,0.4464,85.6081
하이얼,76,74.5608,0.0091,0.3888,74.5608
하이얼,0,66.5421,0.0033,0.3470,66.5421
하이얼,1,53.5486,0.0037,0.2792,53.5486
하이얼,89,50.5566,0.0106,0.2636,50.5566
하이얼,21,36.1412,0.0070,0.1885,36.1412
하이얼,101,32.3912,0.0070,0.1689,32.3912
하이얼,2,31.9403,0.0078,0.1666,31.9403
하이얼,96,29.1644,0.0058,0.1521,29.1644
하이얼,11,27.2312,0.0023,0.1420,27.2312
하이얼,27,25.8347,0.0031,0.1347,25.8347
하이얼,92,25.7658,0.0064,0.1344,25.7658
하이얼,38,25.4610,0.0029,0.1328,25.4610
하이얼,6,23.0207,0.0046,0.1200,23.0207
하이얼,67,22.5089,0.0030,0.1174,22.5089
하이얼,53,21.6864,0.0053,0.1131,21.6864
하이얼,20,20.8625,0.0042,0.1088,20.8625
하이얼,49,17.1995,0.0057,0.0897,17.1995
하이얼,68,16.8522,0.0070,0.0879,16.8522
하이얼,42,15.9702,0.0053,0.0833,15.9702
하이얼,22,15.3402,0.0053,0.0800,15.3402
하이얼,4,14.9561,0.0037,0.0780,14.9561
하이얼,9,14.7715,0.0019,0.0770,14.7715
하이얼,72,14.4979,0.0020,0.0756,14.4979
하이얼,45,14.0968,0.0028,0.0735,14.0968
하이얼,66,13.6685,0.0016,0.0713,13.6685
하이얼,43,13.3549,0.0026,0.0696,13.3549
하이얼,94,13.3448,0.0055,0.0696,13.3448
하이얼,37,13.0481,0.0033,0.0680,13.0481
하이얼,23,12.1377,0.0022,0.0633,12.1377
하이얼,70,12.0603,0.0038,0.0629,12.0603
하이얼,75,12.0471,0.0028,0.0628,12.0471
하이얼,36,11.5103,0.0014,0.0600,11.5103
하이얼,25,11.0425,0.0019,0.0576,11.0425
하이얼,55,10.8734,0.0026,0.0567,10.8734
하이얼,32,10.7097,0.0021,0.0558,10.7097
하이얼,12,10.0715,0.0012,0.0525,10.0715
하이얼,33,9.9957,0.0024,0.0521,9.9957
하이얼,41,9.7215,0.0017,0.0507,9.7215
하이얼,102,9.2818,0.0017,0.0484,9.2818
하이얼,83,9.1921,0.0043,0.0479,9.1921
하이얼,39,9.1181,0.0048,0.0475,9.1181
하이얼,63,8.4923,0.0086,0.0443,8.4923
하이얼,44,8.4261,0.0020,0.0439,8.4261
하이얼,50,8.2915,0.0011,0.0432,8.2915
하이얼,13,7.2490,0.0011,0.0378,7.2490
하이얼,79,6.8941,0.0019,0.0359,6.8941
하이얼,15,6.8219,0.0072,0.0356,6.8219
하이얼,18,6.6255,0.0011,0.0345,6.6255
하이얼,30,6.5241,0.0014,0.0340,6.5241
하이얼,46,6.5241,0.0016,0.0340,6.5241
하이얼,73,6.2813,0.0020,0.0328,6.2813
하이얼,8,6.1783,0.0022,0.0322,6.1783
하이얼,17,6.0787,0.0013,0.0317,6.0787
하이얼,59,5.9446,0.0041,0.0310,5.9446
하이얼,52,5.4060,0.0023,0.0282,5.4060
하이얼,81,5.1936,0.0013,0.0271,5.1936
하이얼,93,5.1936,0.0010,0.0271,5.1936
하이얼,86,5.1900,0.0042,0.0271,5.1900
하이얼,69,5.1532,0.0020,0.0269,5.1532
하이얼,29,5.0743,0.0017,0.0265,5.0743
하이얼,7,4.4516,0.0012,0.0232,4.4516
하이얼,95,4.4170,0.0015,0.0230,4.4170
하이얼,28,4.0268,0.0011,0.0210,4.0268
하이얼,98,3.7390,0.0014,0.0195,3.7390
하이얼,65,3.7097,0.0007,0.0193,3.7097
하이얼,47,3.4281,0.0035,0.0179,3.4281
하이얼,84,3.3969,0.0020,0.0177,3.3969
하이얼,77,3.3067,0.0043,0.0172,3.3067
하이얼,91,3.1940,0.0023,0.0167,3.1940
하이얼,35,3.1407,0.0006,0.0164,3.1407
하이얼,60,2.9219,0.0008,0.0152,2.9219
하이얼,14,2.5950,0.0009,0.0135,2.5950
하이얼,10,2.5477,0.0011,0.0133,2.5477
하이얼,64,2.5247,0.0012,0.0132,2.5247
하이얼,85,2.4583,0.0007,0.0128,2.4583
하이얼,26,2.3955,0.0006,0.0125,2.3955
하이얼,54,2.3753,0.0009,0.0124,2.3753
하이얼,82,2.3555,0.0015,0.0123,2.3555
하이얼,97,2.3360,0.0006,0.0122,2.3360
하이얼,58,2.2980,0.0018,0.0120,2.2980
하이얼,87,2.2434,0.0018,0.0117,2.2434
하이얼,90,2.2258,0.0006,0.0116,2.2258
하이얼,56,1.8146,0.0025,0.0095,1.8146
하이얼,51,1.7797,0.0011,0.0093,1.7797
하이얼,24,1.7462,0.0022,0.0091,1.7462
하이얼,31,1.7462,0.0007,0.0091,1.7462
하이얼,16,1.7300,0.0008,0.0090,1.7300
하이얼,78,1.6985,0.0012,0.0089,1.6985
하이얼,40,1.6681,0.0009,0.0087,1.6681
하이얼,57,1.5703,0.0007,0.0082,1.5703
하이얼,74,1.5197,0.0005,0.0079,1.5197
하이얼,19,0.9643,0.0008,0.0050,0.9643
하이얼,34,0.9349,0.0009,0.0049,0.9349
하이얼,80,0.9073,0.0004,0.0047,0.9073
하이얼,62,0.8416,0.0022,0.0044,0.8416
하이얼,5,0.8123,0.0004,0.0042,0.8123
한미반도체,11,95.6584,0.0079,0.4189,95.6584
한미반도체,9,76.6710,0.0099,0.3358,76.6710
한미반도체,12,75.5365,0.0092,0.3308,75.5365
한미반도체,0,72.7805,0.0036,0.3187,72.7805
한미반도체,27,51.6695,0.0061,0.2263,51.6695
한미반도체,102,45.6948,0.0084,0.2001,45.6948
한미반도체,1,39.2690,0.0027,0.1720,39.2690
한미반도체,13,39.1444,0.0059,0.1714,39.1444
한미반도체,30,37.6946,0.0079,0.1651,37.6946
한미반도체,38,37.1593,0.0042,0.1627,37.1593
한미반도체,43,33.3872,0.0066,0.1462,33.3872
한미반도체,81,32.6452,0.0084,0.1430,32.6452
한미반도체,67,32.3566,0.0043,0.1417,32.3566
한미반도체,37,26.0963,0.0065,0.1143,26.0963
한미반도체,36,25.8982,0.0032,0.1134,25.8982
한미반도체,60,25.5670,0.0068,0.1120,25.5670
한미반도체,76,23.9157,0.0029,0.1047,23.9157
한미반도체,25,23.5573,0.0040,0.1032,23.5573
한미반도체,3,20.8625,0.0021,0.0914,20.8625
한미반도체,6,20.8625,0.0042,0.0914,20.8625
한미반도체,21,20.5509,0.0040,0.0900,20.5509
한미반도체,66,20.1431,0.0024,0.0882,20.1431
한미반도체,32,19.9915,0.0040,0.0876,19.9915
한미반도체,23,19.2775,0.0035,0.0844,19.2775
한미반도체,94,19.1832,0.0079,0.0840,19.1832
한미반도체,79,19.1502,0.0054,0.0839,19.1502
한미반도체,101,19.1403,0.0041,0.0838,19.1403
한미반도체,55,18.8473,0.0045,0.0825,18.8473
한미반도체,72,18.1224,0.0025,0.0794,18.1224
한미반도체,75,17.0076,0.0039,0.0745,17.0076
한미반도체,20,16.5461,0.0033,0.0725,16.5461
한미반도체,96,15.7039,0.0031,0.0688,15.7039
한미반도체,92,15.4595,0.0038,0.0677,15.4595
한미반도체,41,14.9561,0.0026,0.0655,14.9561
한미반도체,45,14.8387,0.0030,0.0650,14.8387
한미반도체,29,14.4979,0.0048,0.0635,14.4979
한미반도체,53,14.2083,0.0035,0.0622,14.2083
한미반도체,71,14.1439,0.0427,0.0619,14.1439
한미반도체,18,13.9871,0.0024,0.0613,13.9871
한미반도체,46,13.7730,0.0033,0.0603,13.7730
한미반도체,78,13.5876,0.0098,0.0595,13.5876
한미반도체,93,13.3549,0.0026,0.0585,13.3549
한미반도체,98,12.7127,0.0049,0.0557,12.7127
한미반도체,88,11.8892,0.0060,0.0521,11.8892
한미반도체,33,11.4237,0.0027,0.0500,11.4237
한미반도체,50,11.3066,0.0015,0.0495,11.3066
한미반도체,65,11.1291,0.0021,0.0487,11.1291
한미반도체,95,11.0425,0.0037,0.0484,11.0425
한미반도체,44,9.9581,0.0024,0.0436,9.9581
한미반도체,4,8.9737,0.0022,0.0393,8.9737
한미반도체,89,8.4261,0.0018,0.0369,8.4261
한미반도체,87,8.2259,0.0066,0.0360,8.2259
한미반도체,2,7.9851,0.0019,0.0350,7.9851
한미반도체,52,7.7228,0.0033,0.0338,7.7228
한미반도체,90,7.4194,0.0020,0.0325,7.4194
한미반도체,85,7.3750,0.0020,0.0323,7.3750
한미반도체,73,7.0665,0.0023,0.0309,7.0665
한미반도체,58,6.8941,0.0054,0.0302,6.8941
한미반도체,83,6.8941,0.0032,0.0302,6.8941
한미반도체,17,6.8385,0.0015,0.0300,6.8385
한미반도체,74,6.8385,0.0021,0.0300,6.8385
한미반도체,49,6.7303,0.0022,0.0295,6.7303
한미반도체,22,6.5744,0.0023,0.0288,6.5744
한미반도체,97,6.2294,0.0017,0.0273,6.2294
한미반도체,91,5.5896,0.0040,0.0245,5.5896
한미반도체,8,5.4060,0.0019,0.0237,5.4060
한미반도체,70,4.5226,0.0014,0.0198,4.5226
한미반도체,69,4.4170,0.0017,0.0193,4.4170
한미반도체,42,3.9925,0.0013,0.0175,3.9925
한미반도체,35,3.9258,0.0007,0.0172,3.9258
한미반도체,82,3.9258,0.0025,0.0172,3.9258
한미반도체,39,3.7992,0.0020,0.0166,3.7992
한미반도체,77,3.3067,0.0043,0.0145,3.3067
한미반도체,28,3.2214,0.0009,0.0141,3.2214
한미반도체,26,3.1940,0.0008,0.0140,3.1940
한미반도체,57,3.1407,0.0013,0.0138,3.1407
한미반도체,68,3.0640,0.0013,0.0134,3.0640
한미반도체,7,2.9677,0.0008,0.0130,2.9677
한미반도체,19,2.8929,0.0023,0.0127,2.8929
한미반도체,59,2.5477,0.0017,0.0112,2.5477
한미반도체,40,2.5022,0.0014,0.0110,2.5022
한미반도체,54,2.3753,0.0009,0.0104,2.3753
한미반도체,80,1.8146,0.0008,0.0079,1.8146
한미반도체,24,1.7462,0.0022,0.0076,1.7462
한미반도체,31,1.7462,0.0007,0.0076,1.7462
한미반도체,14,1.7300,0.0006,0.0076,1.7300
한미반도체,86,1.7300,0.0014,0.0076,1.7300
한미반도체,47,1.7141,0.0017,0.0075,1.7141
한미반도체,10,1.6985,0.0007,0.0074,1.6985
한미반도체,63,1.6985,0.0017,0.0074,1.6985
한미반도체,62,1.6831,0.0044,0.0074,1.6831
한미반도체,34,0.9349,0.0009,0.0041,0.9349
한미반도체,56,0.9073,0.0013,0.0040,0.9073
한미반도체,16,0.8650,0.0004,0.0038,0.8650
한미반도체,84,0.8492,0.0005,0.0037,0.8492
한미반도체,5,0.8123,0.0004,0.0036,0.8123
한화,0,260.6233,0.0128,0.3717,260.6233
한화,51,213.5658,0.1370,0.3046,213.5658
한화,38,163.7760,0.0186,0.2336,163.7760
한화,1,163.5017,0.0112,0.2332,163.5017
한화,73,153.8926,0.0497,0.2195,153.8926
한화,11,127.7772,0.0106,0.1822,127.7772
한화,3,115.1033,0.0116,0.1642,115.1033
한화,25,112.6332,0.0190,0.1606,112.6332
한화,42,110.9926,0.0369,0.1583,110.9926
한화,45,105.3551,0.0210,0.1503,105.3551
한화,32,104.9552,0.0208,0.1497,104.9552
한화,46,99.3107,0.0237,0.1416,99.3107
한화,43,98.6777,0.0194,0.1407,98.6777
한화,96,96.4669,0.0191,0.1376,96.4669
한화,76,92.8493,0.0113,0.1324,92.8493
한화,27,91.4689,0.0108,0.1305,91.4689
한화,97,87.2110,0.0233,0.1244,87.2110
한화,61,85.4263,0.0700,0.1218,85.4263
한화,53,85.2498,0.0209,0.1216,85.2498
한화,85,84.4024,0.0224,0.1204,84.4024
한화,90,83.8389,0.0227,0.1196,83.8389
한화,80,83.4712,0.0372,0.1190,83.4712
한화,7,80.8712,0.0216,0.1153,80.8712
한화,102,79.2519,0.0145,0.1130,79.2519
한화,68,78.1329,0.0325,0.1114,78.1329
한화,9,71.7472,0.0092,0.1023,71.7472
한화,40,69.2264,0.0391,0.0987,69.2264
한화,67,68.9336,0.0091,0.0983,68.9336
한화,55,68.1402,0.0164,0.0972,68.1402
한화,23,67.1142,0.0122,0.0957,67.1142
한화,94,65.8902,0.0272,0.0940,65.8902
한화,91,65.4776,0.0465,0.0934,65.4776
한화,66,64.0262,0.0075,0.0913,64.0262
한화,18,63.3102,0.0109,0.0903,63.3102
한화,21,61.6527,0.0119,0.0879,61.6527
한화,12,56.1128,0.0068,0.0800,56.1128
한화,20,56.1128,0.0112,0.0800,56.1128
한화,74,53.9485,0.0166,0.0769,53.9485
한화,72,52.9174,0.0072,0.0755,52.9174
한화,33,52.8346,0.0126,0.0754,52.8346
한화,69,52.2677,0.0203,0.0745,52.2677
한화,50,51.2565,0.0068,0.0731,51.2565
한화,101,50.7954,0.0110,0.0724,50.7954
한화,2,50.3060,0.0123,0.0717,50.3060
한화,13,47.8431,0.0072,0.0682,47.8431
한화,6,47.4801,0.0095,0.0677,47.4801
한화,17,46.3502,0.0102,0.0661,46.3502
한화,75,46.0623,0.0107,0.0657,46.0623
한화,60,45.2901,0.0120,0.0646,45.2901
한화,65,45.2582,0.0085,0.0645,45.2582
한화,49,44.1205,0.0146,0.0629,44.1205
한화,22,43.0986,0.0150,0.0615,43.0986
한화,59,42.4613,0.0291,0.0606,42.4613
한화,89,42.1305,0.0089,0.0601,42.1305
한화,30,42.0440,0.0088,0.0600,42.0440
한화,36,41.7249,0.0051,0.0595,41.7249
한화,37,40.5942,0.0102,0.0579,40.5942
한화,41,39.6337,0.0070,0.0565,39.6337
한화,39,38.7518,0.0206,0.0553,38.7518
한화,35,34.5473,0.0061,0.0493,34.5473
한화,92,33.8636,0.0084,0.0483,33.8636
한화,86,32.0049,0.0258,0.0456,32.0049
한화,93,31.9033,0.0062,0.0455,31.9033
한화,28,31.4090,0.0089,0.0448,31.4090
한화,98,31.4078,0.0120,0.0448,31.4078
한화,82,31.4066,0.0197,0.0448,31.4066
한화,4,29.9122,0.0074,0.0427,29.9122
한화,54,26.9204,0.0106,0.0384,26.9204
한화,81,26.7097,0.0069,0.0381,26.7097
한화,78,26.3260,0.0190,0.0375,26.3260
한화,8,25.4854,0.0091,0.0363,25.4854
한화,88,23.7783,0.0119,0.0339,23.7783
한화,29,23.1967,0.0077,0.0331,23.1967
한화,95,22.0849,0.0073,0.0315,22.0849
한화,52,21.6240,0.0091,0.0308,21.6240
한화,34,20.5671,0.0197,0.0293,20.5671
한화,83,19.9162,0.0093,0.0284,19.9162
한화,31,19.2086,0.0082,0.0274,19.2086
한화,26,19.1642,0.0050,0.0273,19.1642
한화,79,19.1502,0.0054,0.0273,19.1502
한화,70,18.8443,0.0059,0.0269,18.8443
한화,10,17.8338,0.0076,0.0254,17.8338
한화,57,16.4885,0.0068,0.0235,16.4885
한화,14,16.4350,0.0060,0.0234,16.4350
한화,44,16.0862,0.0038,0.0229,16.0862
한화,16,13.8400,0.0065,0.0197,13.8400
한화,5,13.8097,0.0071,0.0197,13.8097
한화,47,13.7126,0.0139,0.0196,13.7126
한화,100,12.0817,0.0184,0.0172,12.0817
한화,87,11.2171,0.0090,0.0160,11.2171
한화,84,11.0399,0.0065,0.0157,11.0399
한화,24,9.6043,0.0119,0.0137,9.6043
한화,58,9.1921,0.0072,0.0131,9.1921
한화,19,8.6787,0.0068,0.0124,8.6787
한화,64,6.7325,0.0031,0.0096,6.7325
한화,48,6.2487,0.0135,0.0089,6.2487
한화,63,5.9446,0.0060,0.0085,5.9446
한화,77,4.9601,0.0064,0.0071,4.9601
한화,99,3.7778,0.0061,0.0054,3.7778
한화,56,3.6292,0.0050,0.0052,3.6292
한화,71,3.5360,0.0107,0.0050,3.5360
한화,62,2.5247,0.0067,0.0036,2.5247
한화,15,0.9746,0.0010,0.0014,0.9746
한화솔루션,9,39.3906,0.0051,0.3971,40.6117
한화솔루션,11,33.5153,0.0028,0.3379,34.5543
한화솔루션,0,33.2711,0.0016,0.3354,34.3025
한화솔루션,1,24.9893,0.0017,0.2519,25.7640
한화솔루션,27,24.4383,0.0029,0.2464,25.1959
한화솔루션,102,20.7055,0.0038,0.2087,21.3473
한화솔루션,13,18.8473,0.0028,0.1900,19.4316
한화솔루션,12,17.2655,0.0021,0.1741,17.8007
한화솔루션,23,16.4216,0.0030,0.1656,16.9306
한화솔루션,25,16.1956,0.0027,0.1633,16.6977
한화솔루션,30,15.9477,0.0034,0.1608,16.4421
한화솔루션,72,15.9477,0.0022,0.1608,16.4421
한화솔루션,67,14.0681,0.0019,0.1418,14.5042
한화솔루션,81,13.3549,0.0034,0.1346,13.7689
한화솔루션,3,12.9491,0.0013,0.1305,13.3505
한화솔루션,38,12.3864,0.0014,0.1249,12.7704
한화솔루션,36,12.2297,0.0015,0.1233,12.6088
한화솔루션,92,11.0425,0.0027,0.1113,11.3848
한화솔루션,76,10.5511,0.0013,0.1064,10.8781
한화솔루션,82,9.4220,0.0059,0.0950,9.7141
한화솔루션,21,9.2125,0.0018,0.0929,9.4981
한화솔루션,70,9.0453,0.0028,0.0912,9.3257
한화솔루션,53,8.9737,0.0022,0.0905,9.2519
한화솔루션,98,8.9737,0.0034,0.0905,9.2519
한화솔루션,101,8.8340,0.0019,0.0891,9.1078
한화솔루션,46,8.6988,0.0021,0.0877,8.9684
한화솔루션,60,8.0353,0.0021,0.0810,8.2844
한화솔루션,29,7.9739,0.0026,0.0804,8.2210
한화솔루션,88,7.6430,0.0038,0.0771,7.8800
한화솔루션,50,7.5377,0.0010,0.0760,7.7714
한화솔루션,66,7.1940,0.0008,0.0725,7.4170
한화솔루션,33,7.1398,0.0017,0.0720,7.3611
한화솔루션,83,6.8941,0.0032,0.0695,7.1078
한화솔루션,43,6.6774,0.0013,0.0673,6.8844
한화솔루션,45,6.6774,0.0013,0.0673,6.8844
한화솔루션,79,6.1281,0.0017,0.0618,6.3180
한화솔루션,78,5.9446,0.0043,0.0599,6.1289
한화솔루션,93,5.9355,0.0012,0.0598,6.1195
한화솔루션,95,5.8893,0.0020,0.0594,6.0719
한화솔루션,41,5.2346,0.0009,0.0528,5.3969
한화솔루션,87,5.2346,0.0042,0.0528,5.3969
한화솔루션,18,5.1532,0.0009,0.0520,5.3129
한화솔루션,54,4.7507,0.0019,0.0479,4.8979
한화솔루션,17,4.5590,0.0010,0.0460,4.7004
한화솔루션,4,4.4868,0.0011,0.0452,4.6259
한화솔루션,96,4.4868,0.0009,0.0452,4.6259
한화솔루션,7,4.4516,0.0012,0.0449,4.5896
한화솔루션,57,3.9258,0.0016,0.0396,4.0475
한화솔루션,8,3.8614,0.0014,0.0389,3.9811
한화솔루션,89,3.8300,0.0008,0.0386,3.9488
한화솔루션,39,3.7992,0.0020,0.0383,3.9170
한화솔루션,65,3.7097,0.0007,0.0374,3.8247
한화솔루션,90,3.7097,0.0010,0.0374,3.8247
한화솔루션,69,3.6808,0.0014,0.0371,3.7949
한화솔루션,55,3.6245,0.0009,0.0365,3.7368
한화솔루션,20,3.5970,0.0007,0.0363,3.7085
한화솔루션,75,3.5433,0.0008,0.0357,3.6531
한화솔루션,48,3.1244,0.0068,0.0315,3.2212
한화솔루션,97,3.1147,0.0008,0.0314,3.2112
한화솔루션,68,3.0640,0.0013,0.0309,3.1590
한화솔루션,74,3.0394,0.0009,0.0306,3.1336
한화솔루션,37,2.8996,0.0007,0.0292,2.9895
한화솔루션,6,2.8776,0.0006,0.0290,2.9668
한화솔루션,32,2.8559,0.0006,0.0288,2.9445
한화솔루션,84,2.5477,0.0015,0.0257,2.6267
한화솔루션,94,2.5022,0.0010,0.0252,2.5797
한화솔루션,42,2.3955,0.0008,0.0242,2.4698
한화솔루션,73,2.3555,0.0008,0.0237,2.4285
한화솔루션,44,2.2980,0.0005,0.0232,2.3693
한화솔루션,34,1.8697,0.0018,0.0188,1.9277
한화솔루션,62,1.6831,0.0044,0.0170,1.7353
한화솔루션,77,1.6534,0.0021,0.0167,1.7046
한화솔루션,58,1.5320,0.0012,0.0154,1.5795
한화솔루션,49,1.4956,0.0005,0.0151,1.5420
한화솔루션,22,1.4610,0.0005,0.0147,1.5063
한화솔루션,100,1.0068,0.0015,0.0102,1.0380
한화솔루션,99,0.9445,0.0015,0.0095,0.9737
한화솔루션,80,0.9073,0.0004,0.0091,0.9354
한화솔루션,24,0.8731,0.0011,0.0088,0.9002
한화솔루션,2,0.7985,0.0002,0.0081,0.8233
한화솔루션,52,0.7723,0.0003,0.0078,0.7962
한화시스템,20,99.9960,0.0200,0.3671,99.9960
한화시스템,0,90.1091,0.0044,0.3308,90.1091
한화시스템,11,84.4866,0.0070,0.3102,84.4866
한화시스템,9,83.7050,0.0108,0.3073,83.7050
한화시스템,32,80.6799,0.0160,0.2962,80.6799
한화시스템,27,69.1254,0.0082,0.2538,69.1254
한화시스템,38,53.6745,0.0061,0.1970,53.6745
한화시스템,67,47.1280,0.0063,0.1730,47.1280
한화시스템,21,42.5191,0.0082,0.1561,42.5191
한화시스템,13,41.3191,0.0062,0.1517,41.3191
한화시스템,76,37.2804,0.0045,0.1369,37.2804
한화시스템,55,36.9697,0.0089,0.1357,36.9697
한화시스템,46,35.5199,0.0085,0.1304,35.5199
한화시스템,1,33.5571,0.0023,0.1232,33.5571
한화시스템,12,31.6534,0.0038,0.1162,31.6534
한화시스템,6,30.9340,0.0062,0.1136,30.9340
한화시스템,96,30.6600,0.0061,0.1126,30.6600
한화시스템,37,29.7207,0.0074,0.1091,29.7207
한화시스템,92,28.7104,0.0071,0.1054,28.7104
한화시스템,75,28.3461,0.0066,0.1041,28.3461
한화시스템,23,26.4173,0.0048,0.0970,26.4173
한화시스템,60,26.2975,0.0070,0.0965,26.2975
한화시스템,33,25.7033,0.0061,0.0944,25.7033
한화시스템,53,23.9298,0.0059,0.0878,23.9298
한화시스템,3,23.7400,0.0024,0.0872,23.7400
한화시스템,102,23.5614,0.0043,0.0865,23.5614
한화시스템,4,22.4342,0.0056,0.0824,22.4342
한화시스템,73,21.9847,0.0071,0.0807,21.9847
한화시스템,30,21.7469,0.0046,0.0798,21.7469
한화시스템,90,21.5162,0.0058,0.0790,21.5162
한화시스템,29,19.5722,0.0065,0.0719,19.5722
한화시스템,43,18.5484,0.0037,0.0681,18.5484
한화시스템,8,18.5348,0.0066,0.0680,18.5348
한화시스템,18,18.4041,0.0032,0.0676,18.4041
한화시스템,25,18.4041,0.0031,0.0676,18.4041
한화시스템,72,18.1224,0.0025,0.0665,18.1224
한화시스템,65,16.3226,0.0031,0.0599,16.3226
한화시스템,101,16.1956,0.0035,0.0595,16.1956
한화시스템,88,15.2861,0.0077,0.0561,15.2861
한화시스템,17,14.4369,0.0032,0.0530,14.4369
한화시스템,74,14.4369,0.0044,0.0530,14.4369
한화시스템,83,13.7882,0.0064,0.0506,13.7882
한화시스템,89,13.7882,0.0029,0.0506,13.7882
한화시스템,28,13.6911,0.0039,0.0503,13.6911
한화시스템,95,12.5148,0.0042,0.0459,12.5148
한화시스템,81,11.8710,0.0031,0.0436,11.8710
한화시스템,69,11.7786,0.0046,0.0432,11.7786
한화시스템,82,11.7775,0.0074,0.0432,11.7775
한화시스템,36,10.7909,0.0013,0.0396,10.7909
한화시스템,58,10.7241,0.0084,0.0394,10.7241
한화시스템,98,10.4693,0.0040,0.0384,10.4693
한화시스템,42,10.3806,0.0034,0.0381,10.3806
한화시스템,87,9.7215,0.0078,0.0357,9.7215
한화시스템,66,9.3521,0.0011,0.0343,9.3521
한화시스템,45,8.9032,0.0018,0.0327,8.9032
한화시스템,59,8.4923,0.0058,0.0312,8.4923
한화시스템,41,8.2259,0.0014,0.0302,8.2259
한화시스템,49,8.2259,0.0027,0.0302,8.2259
한화시스템,22,8.0353,0.0028,0.0295,8.0353
한화시스템,2,7.9851,0.0019,0.0293,7.9851
한화시스템,63,5.9446,0.0060,0.0218,5.9446
한화시스템,93,5.9355,0.0012,0.0218,5.9355
한화시스템,99,5.6668,0.0091,0.0208,5.6668
한화시스템,68,4.5961,0.0019,0.0169,4.5961
한화시스템,39,4.5590,0.0024,0.0167,4.5590
한화시스템,61,4.4493,0.0036,0.0163,4.4493
한화시스템,84,4.2461,0.0025,0.0156,4.2461
한화시스템,94,4.1703,0.0017,0.0153,4.1703
한화시스템,26,3.9925,0.0010,0.0147,3.9925
한화시스템,91,3.9925,0.0028,0.0147,3.9925
한화시스템,54,3.9589,0.0016,0.0145,3.9589
한화시스템,35,3.9258,0.0007,0.0144,3.9258
한화시스템,50,3.7689,0.0005,0.0138,3.7689
한화시스템,7,3.7097,0.0010,0.0136,3.7097
한화시스템,47,3.4281,0.0035,0.0126,3.4281
한화시스템,77,3.3067,0.0043,0.0121,3.3067
한화시스템,57,3.1407,0.0013,0.0115,3.1407
한화시스템,24,2.6194,0.0033,0.0096,2.6194
한화시스템,14,2.5950,0.0009,0.0095,2.5950
한화시스템,70,2.2613,0.0007,0.0083,2.2613
한화시스템,34,1.8697,0.0018,0.0069,1.8697
한화시스템,10,1.6985,0.0007,0.0062,1.6985
한화시스템,62,1.6831,0.0044,0.0062,1.6831
한화시스템,40,1.6681,0.0009,0.0061,1.6681
한화시스템,5,1.6247,0.0008,0.0060,1.6247
한화시스템,52,1.5446,0.0007,0.0057,1.5446
한화시스템,44,1.5320,0.0004,0.0056,1.5320
한화시스템,79,1.5320,0.0004,0.0056,1.5320
한화시스템,71,1.1787,0.0036,0.0043,1.1787
한화시스템,48,1.0415,0.0023,0.0038,1.0415
한화시스템,100,1.0068,0.0015,0.0037,1.0068
한화시스템,15,0.9746,0.0010,0.0036,0.9746
한화시스템,80,0.9073,0.0004,0.0033,0.9073
한화시스템,16,0.8650,0.0004,0.0032,0.8650
한화시스템,86,0.8650,0.0007,0.0032,0.8650
한화시스템,78,0.8492,0.0006,0.0031,0.8492
현대모비스,9,185.6986,0.0239,0.3716,218.0844
현대모비스,11,175.2573,0.0145,0.3507,205.8222
현대모비스,60,153.4018,0.0408,0.3070,180.1551
현대모비스,27,141.7420,0.0168,0.2836,166.4618
현대모비스,0,138.6294,0.0068,0.2774,162.8064
현대모비스,96,100.9538,0.0199,0.2020,118.5601
현대모비스,102,87.8197,0.0161,0.1757,103.1355
현대모비스,84,86.6211,0.0512,0.1733,101.7278
현대모비스,1,82.8218,0.0057,0.1657,97.2660
현대모비스,67,76.6710,0.0102,0.1534,90.0424
현대모비스,12,75.5365,0.0092,0.1512,88.7101
현대모비스,38,70.8779,0.0081,0.1418,83.2390
현대모비스,46,68.8651,0.0164,0.1378,80.8752
현대모비스,30,64.5157,0.0136,0.1291,75.7673
현대모비스,13,61.6161,0.0093,0.1233,72.3620
현대모비스,3,58.9904,0.0059,0.1180,69.2784
현대모비스,23,57.8325,0.0105,0.1157,67.9185
현대모비스,90,57.1292,0.0155,0.1143,67.0925
현대모비스,74,53.1887,0.0164,0.1064,62.4648
현대모비스,53,51.5986,0.0127,0.1033,60.5974
현대모비스,101,50.7954,0.0110,0.1016,59.6541
현대모비스,76,49.9417,0.0061,0.0999,58.6515
현대모비스,36,49.6383,0.0061,0.0993,58.2952
현대모비스,92,45.6422,0.0113,0.0913,53.6022
현대모비스,43,44.5162,0.0088,0.0891,52.2799
현대모비스,72,44.2186,0.0060,0.0885,51.9304
현대모비스,98,41.1293,0.0158,0.0823,48.3023
현대모비스,4,40.3815,0.0100,0.0808,47.4240
현대모비스,94,39.2005,0.0162,0.0784,46.0370
현대모비스,41,37.3903,0.0066,0.0748,43.9111
현대모비스,81,37.0969,0.0096,0.0742,43.5666
현대모비스,66,35.9698,0.0042,0.0720,42.2429
현대모비스,25,35.3359,0.0060,0.0707,41.4985
현대모비스,8,34.7528,0.0124,0.0695,40.8137
현대모비스,33,34.2711,0.0082,0.0686,40.2480
현대모비스,20,33.0922,0.0066,0.0662,38.8635
현대모비스,29,28.9958,0.0096,0.0580,34.0527
현대모비스,45,28.9356,0.0058,0.0579,33.9819
현대모비스,21,28.3461,0.0055,0.0567,33.2896
현대모비스,95,27.9743,0.0093,0.0560,32.8530
현대모비스,58,27.5763,0.0216,0.0552,32.3856
현대모비스,49,26.9210,0.0089,0.0539,31.6160
현대모비스,69,26.5019,0.0103,0.0530,31.1239
현대모비스,22,26.2975,0.0092,0.0526,30.8837
현대모비스,65,24.4839,0.0046,0.0490,28.7539
현대모비스,37,23.9216,0.0060,0.0479,28.0935
현대모비스,88,23.7783,0.0119,0.0476,27.9253
현대모비스,75,22.6768,0.0053,0.0454,26.6317
현대모비스,39,22.0353,0.0117,0.0441,25.8783
현대모비스,82,21.9847,0.0138,0.0440,25.8188
현대모비스,26,21.5597,0.0056,0.0431,25.3197
현대모비스,35,21.1995,0.0038,0.0424,24.8967
현대모비스,32,20.7055,0.0041,0.0414,24.3165
현대모비스,73,19.6292,0.0063,0.0393,23.0525
현대모비스,89,19.1502,0.0040,0.0383,22.4900
현대모비스,87,18.6951,0.0151,0.0374,21.9556
현대모비스,18,18.4041,0.0032,0.0368,21.6138
현대모비스,55,18.1224,0.0043,0.0363,21.2829
현대모비스,6,17.9849,0.0036,0.0360,21.1214
현대모비스,52,16.9903,0.0072,0.0340,19.9534
현대모비스,28,16.9125,0.0048,0.0338,19.8621
현대모비스,79,16.8522,0.0047,0.0337,19.7912
현대모비스,2,16.7687,0.0041,0.0336,19.6931
현대모비스,42,16.7687,0.0056,0.0336,19.6931
현대모비스,24,16.5893,0.0206,0.0332,19.4824
현대모비스,97,15.5734,0.0042,0.0312,18.2894
현대모비스,70,15.0754,0.0047,0.0302,17.7046
현대모비스,50,14.3217,0.0019,0.0287,16.8194
현대모비스,44,13.7882,0.0033,0.0276,16.1928
현대모비스,77,13.2269,0.0171,0.0265,15.5336
현대모비스,93,12.6129,0.0024,0.0252,14.8126
현대모비스,99,12.2780,0.0198,0.0246,14.4193
현대모비스,68,12.2561,0.0051,0.0245,14.3936
현대모비스,91,11.9776,0.0085,0.0240,14.0665
현대모비스,61,11.5681,0.0095,0.0231,13.5856
현대모비스,17,11.3976,0.0025,0.0228,13.3853
현대모비스,83,10.7241,0.0050,0.0215,12.5944
현대모비스,10,9.3415,0.0040,0.0187,10.9706
현대모비스,64,9.2572,0.0043,0.0185,10.8717
현대모비스,63,8.4923,0.0086,0.0170,9.9733
현대모비스,85,8.1944,0.0022,0.0164,9.6235
현대모비스,57,7.8517,0.0033,0.0157,9.2210
현대모비스,16,7.7850,0.0037,0.0156,9.1427
현대모비스,54,7.1260,0.0028,0.0143,8.3688
현대모비스,14,6.9200,0.0025,0.0138,8.1268
현대모비스,78,6.7938,0.0049,0.0136,7.9787
현대모비스,62,6.7325,0.0177,0.0135,7.9067
현대모비스,40,5.8384,0.0033,0.0117,6.8566
현대모비스,31,5.2387,0.0022,0.0105,6.1523
현대모비스,7,5.1936,0.0014,0.0104,6.0993
현대모비스,100,5.0340,0.0077,0.0101,5.9120
현대모비스,51,3.5594,0.0023,0.0071,4.1802
현대모비스,86,3.4600,0.0028,0.0069,4.0634
현대모비스,59,3.3969,0.0023,0.0068,3.9893
현대모비스,34,2.8046,0.0027,0.0056,3.2937
현대모비스,80,2.7219,0.0012,0.0054,3.1966
현대모비스,5,2.4370,0.0012,0.0049,2.8620
현대모비스,48,2.0829,0.0045,0.0042,2.4462
현대모비스,15,1.9491,0.0021,0.0039,2.2890
현대모비스,19,1.9286,0.0015,0.0039,2.2649
현대모비스,71,1.1787,0.0036,0.0024,1.3842
현대모비스,56,0.9073,0.0013,0.0018,1.0655
현대자동차,0,178.8320,0.0088,0.3174,178.8320
현대자동차,9,162.4863,0.0209,0.2884,162.4863
현대자동차,11,141.7420,0.0118,0.2516,141.7420
현대자동차,27,125.6825,0.0149,0.2231,125.6825
현대자동차,20,125.1748,0.0251,0.2222,125.1748
현대자동차,1,108.5252,0.0074,0.1926,108.5252
현대자동차,23,104.2413,0.0189,0.1850,104.2413
현대자동차,32,99.9574,0.0198,0.1774,99.9574
현대자동차,38,94.9626,0.0108,0.1685,94.9626
현대자동차,13,92.0618,0.0138,0.1634,92.0618
현대자동차,67,91.4425,0.0121,0.1623,91.4425
현대자동차,8,84.1790,0.0300,0.1494,84.1790
현대자동차,96,82.2586,0.0163,0.1460,82.2586
현대자동차,76,80.8914,0.0098,0.1436,80.8914
현대자동차,12,75.5365,0.0092,0.1341,75.5365
현대자동차,30,75.3892,0.0159,0.1338,75.3892
현대자동차,46,75.3892,0.0180,0.1338,75.3892
현대자동차,102,74.9680,0.0137,0.1331,74.9680
현대자동차,72,72.4896,0.0098,0.1287,72.4896
현대자동차,60,68.6656,0.0183,0.1219,68.6656
현대자동차,43,67.5163,0.0133,0.1198,67.5163
현대자동차,3,66.1844,0.0067,0.1175,66.1844
현대자동차,33,64.9723,0.0155,0.1153,64.9723
현대자동차,18,63.3102,0.0109,0.1124,63.3102
현대자동차,21,63.0700,0.0122,0.1119,63.0700
현대자동차,4,62.8157,0.0156,0.1115,62.8157
현대자동차,53,62.8157,0.0154,0.1115,62.8157
현대자동차,90,61.5808,0.0167,0.1093,61.5808
현대자동차,74,51.6690,0.0159,0.0917,51.6690
현대자동차,92,50.7954,0.0125,0.0902,50.7954
현대자동차,101,50.7954,0.0110,0.0902,50.7954
현대자동차,73,49.4655,0.0160,0.0878,49.4655
현대자동차,29,49.2929,0.0164,0.0875,49.2929
현대자동차,37,49.2929,0.0123,0.0875,49.2929
현대자동차,69,48.5869,0.0188,0.0862,48.5869
현대자동차,55,47.8431,0.0115,0.0849,47.8431
현대자동차,6,47.4801,0.0095,0.0843,47.4801
현대자동차,89,46.7265,0.0098,0.0829,46.7265
현대자동차,75,46.0623,0.0107,0.0818,46.0623
현대자동차,36,43.1637,0.0053,0.0766,43.1637
현대자동차,49,41.8771,0.0138,0.0743,41.8771
현대자동차,66,41.7249,0.0049,0.0741,41.7249
현대자동차,22,41.6376,0.0145,0.0739,41.6376
현대자동차,41,41.1293,0.0072,0.0730,41.1293
현대자동차,17,40.2714,0.0088,0.0715,40.2714
현대자동차,42,39.9254,0.0133,0.0709,39.9254
현대자동차,25,39.7529,0.0067,0.0706,39.7529
현대자동차,45,37.8388,0.0076,0.0672,37.8388
현대자동차,87,37.3903,0.0301,0.0664,37.3903
현대자동차,2,35.9328,0.0088,0.0638,35.9328
현대자동차,81,35.6130,0.0092,0.0632,35.6130
현대자동차,65,34.8711,0.0065,0.0619,34.8711
현대자동차,95,33.8636,0.0113,0.0601,33.8636
현대자동차,98,33.6513,0.0129,0.0597,33.6513
현대자동차,50,32.4122,0.0043,0.0575,32.4122
현대자동차,39,31.1534,0.0165,0.0553,31.1534
현대자동차,83,29.8743,0.0139,0.0530,29.8743
현대자동차,28,28.9929,0.0082,0.0515,28.9929
현대자동차,7,28.9356,0.0077,0.0514,28.9356
현대자동차,54,27.7122,0.0109,0.0492,27.7122
현대자동차,93,27.4517,0.0053,0.0487,27.4517
현대자동차,82,26.6956,0.0167,0.0474,26.6956
현대자동차,91,25.5522,0.0182,0.0454,25.5522
현대자동차,70,24.8745,0.0077,0.0441,24.8745
현대자동차,97,20.2454,0.0054,0.0359,20.2454
현대자동차,88,19.5322,0.0098,0.0347,19.5322
현대자동차,79,19.1502,0.0054,0.0340,19.1502
현대자동차,10,17.8338,0.0076,0.0317,17.8338
현대자동차,64,17.6729,0.0081,0.0314,17.6729
현대자동차,58,17.6182,0.0138,0.0313,17.6182
현대자동차,68,16.8522,0.0070,0.0299,16.8522
현대자동차,85,16.3888,0.0044,0.0291,16.3888
현대자동차,47,16.2837,0.0165,0.0289,16.2837
현대자동차,16,15.5700,0.0074,0.0276,15.5700
현대자동차,52,15.4457,0.0065,0.0274,15.4457
현대자동차,63,15.2861,0.0154,0.0271,15.2861
현대자동차,94,15.0129,0.0062,0.0266,15.0129
현대자동차,35,14.9182,0.0027,0.0265,14.9182
현대자동차,80,14.5167,0.0065,0.0258,14.5167
현대자동차,57,14.1330,0.0059,0.0251,14.1330
현대자동차,26,12.7761,0.0033,0.0227,12.7761
현대자동차,61,12.4580,0.0102,0.0221,12.4580
현대자동차,78,11.8892,0.0086,0.0211,11.8892
현대자동차,77,11.5735,0.0149,0.0205,11.5735
현대자동차,84,11.0399,0.0065,0.0196,11.0399
현대자동차,44,10.7241,0.0025,0.0190,10.7241
현대자동차,51,10.6783,0.0068,0.0190,10.6783
현대자동차,62,10.0988,0.0266,0.0179,10.0988
현대자동차,24,9.6043,0.0119,0.0170,9.6043
현대자동차,34,9.3487,0.0090,0.0166,9.3487
현대자동차,59,9.3415,0.0064,0.0166,9.3415
현대자동차,14,8.6500,0.0031,0.0154,8.6500
현대자동차,48,8.3316,0.0181,0.0148,8.3316
현대자동차,5,7.3110,0.0037,0.0130,7.3110
현대자동차,15,6.8219,0.0072,0.0121,6.8219
현대자동차,99,6.6112,0.0107,0.0117,6.6112
현대자동차,40,5.8384,0.0033,0.0104,5.8384
현대자동차,56,5.4438,0.0075,0.0097,5.4438
현대자동차,86,5.1900,0.0042,0.0092,5.1900
현대자동차,19,3.8572,0.0030,0.0068,3.8572
현대자동차,31,3.4925,0.0015,0.0062,3.4925
현대자동차,100,3.0204,0.0046,0.0054,3.0204
현대자동차,71,2.3573,0.0071,0.0042,2.3573
현대차,0,426.9787,0.0210,0.3270,606.8221
현대차,11,377.0476,0.0313,0.2888,535.8600
현대차,9,372.1005,0.0479,0.2850,528.8293
현대차,27,330.9640,0.0392,0.2535,470.3660
현대차,1,253.4633,0.0174,0.1941,360.2221
현대차,38,222.2675,0.0253,0.1702,315.8866
현대차,96,207.8900,0.0411,0.1592,295.4532
현대차,23,202.7707,0.0367,0.1553,288.1777
현대차,12,197.8337,0.0240,0.1515,281.1613
현대차,60,192.8480,0.0513,0.1477,274.0756
현대차,67,191.3258,0.0254,0.1465,271.9122
현대차,3,188.4816,0.0190,0.1443,267.8700
현대차,25,184.0411,0.0311,0.1409,261.5593
현대차,76,182.8850,0.0223,0.1401,259.9161
현대차,32,178.4953,0.0353,0.1367,253.6775
현대차,8,176.8532,0.0631,0.1354,251.3437
현대차,46,173.9750,0.0415,0.1332,247.2533
현대차,102,173.4974,0.0317,0.1329,246.5746
현대차,73,171.9514,0.0555,0.1317,244.3773
현대차,53,170.4997,0.0419,0.1306,242.3141
현대차,43,167.6778,0.0330,0.1284,238.3037
현대차,4,165.2650,0.0411,0.1266,234.8747
현대차,90,149.8713,0.0406,0.1148,212.9972
현대차,13,145.7041,0.0219,0.1116,207.0746
현대차,36,144.5985,0.0177,0.1107,205.5034
현대차,72,143.5294,0.0194,0.1099,203.9840
현대차,69,141.3436,0.0548,0.1082,200.8775
현대차,30,139.1800,0.0293,0.1066,197.8026
현대차,20,137.4045,0.0275,0.1052,195.2793
현대차,66,127.3330,0.0149,0.0975,180.9656
현대차,18,125.1480,0.0216,0.0958,177.8603
현대차,74,118.5348,0.0365,0.0908,168.4617
현대차,21,118.3448,0.0229,0.0906,168.1916
현대차,92,117.0502,0.0289,0.0896,166.3517
현대차,101,115.5778,0.0249,0.0885,164.2592
현대차,89,114.9013,0.0242,0.0880,163.2977
현대차,45,113.5164,0.0227,0.0869,161.3295
현대차,33,107.8112,0.0256,0.0826,153.2212
현대차,81,105.3551,0.0272,0.0807,149.7307
현대차,29,102.9352,0.0342,0.0788,146.2915
현대차,41,98.7103,0.0173,0.0756,140.2871
현대차,42,92.6269,0.0308,0.0709,131.6413
현대차,88,91.7165,0.0459,0.0702,130.3474
현대차,83,90.3890,0.0422,0.0692,128.4609
현대차,55,89.1622,0.0214,0.0683,126.7173
현대차,37,87.7124,0.0220,0.0672,124.6569
현대차,6,85.6081,0.0171,0.0656,121.6662
현대차,49,85.2498,0.0281,0.0653,121.1571
현대차,75,85.0382,0.0197,0.0651,120.8562
현대차,22,84.0058,0.0293,0.0643,119.3890
현대차,98,80.7630,0.0310,0.0619,114.7804
현대차,50,77.6385,0.0103,0.0595,110.3398
현대차,65,72.7099,0.0137,0.0557,103.3353
현대차,70,68.5932,0.0214,0.0525,97.4847
현대차,39,66.8658,0.0355,0.0512,95.0297
현대차,28,66.0395,0.0188,0.0506,93.8553
현대차,91,64.6791,0.0459,0.0495,91.9220
현대차,93,63.0647,0.0122,0.0483,89.6275
현대차,80,62.6034,0.0279,0.0479,88.9719
현대차,79,62.0467,0.0174,0.0475,88.1808
현대차,17,60.0272,0.0132,0.0460,85.3107
현대차,95,59.6293,0.0198,0.0457,84.7452
현대차,82,58.1023,0.0364,0.0445,82.5750
현대차,94,57.5496,0.0237,0.0441,81.7895
현대차,2,57.4926,0.0140,0.0440,81.7084
현대차,97,56.8429,0.0152,0.0435,80.7851
현대차,87,56.8332,0.0458,0.0435,80.7714
현대차,35,56.5320,0.0101,0.0433,80.3432
현대차,68,55.1526,0.0229,0.0422,78.3829
현대차,59,53.5013,0.0366,0.0410,76.0360
현대차,44,49.0245,0.0116,0.0375,69.6737
현대차,26,48.7090,0.0126,0.0373,69.2252
현대차,10,46.7075,0.0198,0.0358,66.3806
현대차,85,45.8887,0.0122,0.0351,65.2170
현대차,54,44.3396,0.0175,0.0340,63.0154
현대차,64,43.7615,0.0202,0.0335,62.1938
현대차,58,42.1305,0.0330,0.0323,59.8758
현대차,47,41.9947,0.0426,0.0322,59.6829
현대차,61,41.8233,0.0343,0.0320,59.4393
현대차,78,41.6121,0.0300,0.0319,59.1391
현대차,7,39.3227,0.0105,0.0301,55.8854
현대차,52,37.0697,0.0156,0.0284,52.6834
현대차,16,36.3299,0.0172,0.0278,51.6320
현대차,57,32.9770,0.0137,0.0253,46.8669
현대차,84,31.4214,0.0186,0.0241,44.6561
현대차,63,26.3260,0.0266,0.0202,37.4145
현대차,14,25.9499,0.0094,0.0199,36.8800
현대차,24,24.4473,0.0304,0.0187,34.7445
현대차,34,24.3065,0.0233,0.0186,34.5445
현대차,77,19.8403,0.0256,0.0152,28.1970
현대차,51,19.5769,0.0126,0.0150,27.8226
현대차,100,19.1293,0.0291,0.0146,27.1865
현대차,31,18.3355,0.0078,0.0140,26.0584
현대차,15,17.5421,0.0185,0.0134,24.9308
현대차,99,16.0558,0.0259,0.0123,22.8186
현대차,86,15.5700,0.0125,0.0119,22.1280
현대차,5,15.4344,0.0079,0.0118,21.9353
현대차,62,15.1482,0.0399,0.0116,21.5286
현대차,40,12.5108,0.0071,0.0096,17.7803
현대차,48,9.3731,0.0203,0.0072,13.3210
현대차,19,8.6787,0.0068,0.0066,12.3342
현대차,56,4.5365,0.0063,0.0035,6.4472
현대차,71,3.5360,0.0107,0.0027,5.0253
화웨이,0,200.3195,0.0098,0.4274,214.1416
화웨이,28,127.2467,0.0362,0.2715,136.0268
화웨이,1,125.6607,0.0086,0.2681,134.3313
화웨이,85,103.2496,0.0275,0.2203,110.3738
화웨이,35,96.5754,0.0172,0.2061,103.2391
화웨이,50,94.9752,0.0126,0.2026,101.5285
화웨이,11,91.4689,0.0076,0.1952,97.7803
화웨이,63,80.6765,0.0814,0.1721,86.2432
화웨이,97,78.6456,0.0210,0.1678,84.0722
화웨이,65,69.0002,0.0130,0.1472,73.7612
화웨이,72,68.8651,0.0093,0.1469,73.6168
화웨이,38,67.4372,0.0077,0.1439,72.0904
화웨이,76,65.4165,0.0080,0.1396,69.9303
화웨이,3,64.7456,0.0065,0.1381,69.2130
화웨이,67,64.7131,0.0086,0.1381,69.1783
화웨이,27,64.2377,0.0076,0.1371,68.6701
화웨이,9,59.0859,0.0076,0.1261,63.1628
화웨이,26,56.6940,0.0147,0.1210,60.6059
화웨이,36,56.1128,0.0069,0.1197,59.9846
화웨이,12,53.9547,0.0065,0.1151,57.6775
화웨이,66,53.9547,0.0063,0.1151,57.6775
화웨이,13,53.6423,0.0081,0.1145,57.3436
화웨이,101,49.3230,0.0106,0.1052,52.7263
화웨이,45,48.9679,0.0098,0.1045,52.3466
화웨이,93,47.4840,0.0092,0.1013,50.7604
화웨이,70,45.2263,0.0141,0.0965,48.3469
화웨이,44,45.1945,0.0107,0.0964,48.3129
화웨이,81,43.7743,0.0113,0.0934,46.7947
화웨이,64,42.9199,0.0198,0.0916,45.8814
화웨이,25,42.6975,0.0072,0.0911,45.6437
화웨이,92,42.6975,0.0105,0.0911,45.6437
화웨이,75,42.5191,0.0099,0.0907,45.4529
화웨이,23,41.4109,0.0075,0.0884,44.2683
화웨이,32,38.5550,0.0076,0.0823,41.2153
화웨이,102,37.8410,0.0069,0.0807,40.4520
화웨이,30,37.6946,0.0079,0.0804,40.2955
화웨이,49,33.6513,0.0111,0.0718,35.9732
화웨이,22,32.8718,0.0115,0.0701,35.1400
화웨이,17,32.6731,0.0072,0.0697,34.9275
화웨이,10,31.4214,0.0133,0.0670,33.5895
화웨이,43,31.1614,0.0061,0.0665,33.3115
화웨이,16,30.2749,0.0143,0.0646,32.3639
화웨이,4,29.9122,0.0074,0.0638,31.9762
화웨이,41,29.1644,0.0051,0.0622,31.1768
화웨이,18,27.9743,0.0048,0.0597,29.9045
화웨이,14,27.6799,0.0101,0.0591,29.5898
화웨이,29,27.5460,0.0091,0.0588,29.4467
화웨이,20,26.6176,0.0053,0.0568,28.4542
화웨이,95,26.5019,0.0088,0.0565,28.3306
화웨이,74,25.0747,0.0077,0.0535,26.8048
화웨이,68,24.5123,0.0102,0.0523,26.2036
화웨이,31,23.5742,0.0100,0.0503,25.2008
화웨이,8,22.3963,0.0080,0.0478,23.9416
화웨이,21,21.9682,0.0043,0.0469,23.4840
화웨이,98,21.6864,0.0083,0.0463,23.1827
화웨이,33,20.7055,0.0049,0.0442,22.1341
화웨이,96,20.1908,0.0040,0.0431,21.5839
화웨이,55,19.5722,0.0047,0.0418,20.9227
화웨이,60,18.9926,0.0051,0.0405,20.3031
화웨이,34,18.6973,0.0179,0.0399,19.9875
화웨이,53,18.6951,0.0046,0.0399,19.9851
화웨이,79,18.3842,0.0052,0.0392,19.6527
화웨이,42,18.3657,0.0061,0.0392,19.6329
화웨이,37,17.3975,0.0044,0.0371,18.5979
화웨이,6,17.2655,0.0034,0.0368,18.4568
화웨이,7,17.0646,0.0046,0.0364,18.2420
화웨이,46,16.6726,0.0040,0.0356,17.8230
화웨이,90,16.3226,0.0044,0.0348,17.4489
화웨이,89,16.0862,0.0034,0.0343,17.1961
화웨이,73,14.1330,0.0046,0.0302,15.1082
화웨이,82,13.3478,0.0084,0.0285,14.2688
화웨이,40,13.3448,0.0075,0.0285,14.2656
화웨이,69,13.2510,0.0051,0.0283,14.1653
화웨이,47,12.8555,0.0130,0.0274,13.7426
화웨이,86,12.1100,0.0097,0.0258,12.9456
화웨이,59,11.8892,0.0081,0.0254,12.7095
화웨이,57,10.9923,0.0046,0.0235,11.7508
화웨이,83,10.7241,0.0050,0.0229,11.4641
화웨이,87,8.2259,0.0066,0.0176,8.7934
화웨이,54,7.9178,0.0031,0.0169,8.4641
화웨이,52,7.7228,0.0033,0.0165,8.2557
화웨이,58,7.6601,0.0060,0.0163,8.1886
화웨이,84,7.6430,0.0045,0.0163,8.1704
화웨이,5,7.3110,0.0037,0.0156,7.8155
화웨이,51,7.1189,0.0046,0.0152,7.6101
화웨이,19,6.7501,0.0053,0.0144,7.2159
화웨이,94,6.6724,0.0028,0.0142,7.1328
화웨이,2,6.3881,0.0016,0.0136,6.8288
화웨이,88,5.9446,0.0030,0.0127,6.3548
화웨이,77,5.7868,0.0075,0.0123,6.1860
화웨이,24,5.2387,0.0065,0.0112,5.6002
화웨이,80,4.5365,0.0020,0.0097,4.8495
화웨이,62,4.2078,0.0111,0.0090,4.4982
화웨이,78,3.3969,0.0024,0.0072,3.6313
화웨이,15,2.9237,0.0031,0.0062,3.1254
화웨이,61,2.6696,0.0022,0.0057,2.8538
화웨이,91,2.3955,0.0017,0.0051,2.5608
화웨이,71,2.3573,0.0071,0.0050,2.5200
화웨이,39,2.2795,0.0012,0.0049,2.4368
화웨이,48,1.0415,0.0023,0.0022,1.1133
화웨이,100,1.0068,0.0015,0.0021,1.0763
