date,types,title,url
2025-10-28,"LAUNCH,PARTNERSHIP",초격차 TV 기술 '예술'로 승화…문화 접근성 높이는 삼성·LG,https://www.lcnews.co.kr/news/articleView.html?idxno=114391
2025-10-28,"INVEST,LAUNCH",트라이폴드폰·올레드 샹들리에 떴다…K테크 ‘기술 외교’,https://www.joongang.co.kr/article/25377495
2025-10-28,INVEST,재계 '2026 경영전략' 새 판 짠다…'생존+성장+미래' 키워드,https://www.ebn.co.kr/news/articleView.html?idxno=1683909
2025-10-28,LAUNCH,"코스피 ‘불장’ 주역 반도체 대장주들, 3분기 실적 개봉박두",https://www.hani.co.kr/arti/economy/economy_general/1225893.html
2025-10-28,"INVEST,LAUNCH",[Invest]日 호도가야 자회사 에스에프씨 IPO 시동…'WCP 흑역사' 벗어날...,https://www.investchosun.com/site/data/html_dir/2025/10/28/2025102880196.html
2025-10-28,LAUNCH,"두 번 접는 폰, 초대형 샹들리에…'K테크' 열기",https://news.sbs.co.kr/news/endPage.do?news_id=N1008309350&plink=ORI&cooper=NAVER
2025-10-28,INVEST,"[LG 변곡점]② 비핵심 접고 미래로, LG의 구조조정이 시작됐다",http://www.press9.kr/news/articleView.html?idxno=68259
2025-10-27,"INVEST,PARTNERSHIP","[기업분석_삼성 편 ④삼성디스플레이] 이청 대표, 가격 경쟁과 설비투자...",http://www.newsworker.co.kr/news/articleView.html?idxno=399921
2025-10-28,LAUNCH,아이폰 사랑에 힘입어?…패널·카메라 공급하는 LGD·LG이노텍 하반기 실...,https://biz.heraldcorp.com/article/10603114?ref=naver
2025-10-28,INVEST,"예선테크 주가, 급등세... 왜?",https://www.ggilbo.com/news/articleView.html?idxno=1120481
2025-10-28,REGUL,"충북교육청, D-16일 수능 수험생 유의사항 '설명회' 개최",https://www.ccreview.co.kr/news/articleView.html?idxno=337346
2025-10-28,"INVEST,LAUNCH","""삼성 트라이폴드폰부터 SK HBM4까지""…글로벌 정상 맞는 경주, K-기술로...",http://www.fnnews.com/news/202510281530036532
2025-10-28,"INVEST,LAUNCH",삼성 트라이폴드폰 첫선…LG는 'OLED 샹들리에',https://www.sedaily.com/NewsView/2GZCRI9Z9O
2025-10-28,"CERT,INVEST,ORDER,PARTNERSHIP,REGUL","수소차 관련주, '덩실덩실' 두산퓨얼셀·범한퓨얼셀·한화솔루션... '시...",http://www.finomy.com/news/articleView.html?idxno=241777
2025-10-28,LAUNCH,두 번 접는 스마트폰·투명 TV…‘K-테크’ 총출동,https://www.ichannela.com/news/main/news_detailPage.do?publishId=000000498200
2025-10-28,"INVEST,LAUNCH","[경주 APEC] 1700명 CEO 모인다 ""글로벌 비즈니스 허브""",https://www.econovill.com/news/articleView.html?idxno=716303
2025-10-28,PARTNERSHIP,성공 비결? ‘적자생존’… 최악은 ‘NATO’,https://www.chosun.com/economy/industry-company/2025/10/28/CGTRGXOPLNHSLGBXGVKKNL3Z4A/?utm_source=naver&utm_medium=referral&utm_campaign=naver-news
2025-10-28,LAUNCH,AI·OLED·친환경…2025년이 노트북 시장의 ‘가장 흥미로운 해’인 이유,https://www.itworld.co.kr/article/4079912/ai·oled·친환경2025년이-노트북-시장의-가장-흥미로운-해.html
2025-10-28,"CERT,INVEST,LAUNCH,ORDER,PARTNERSHIP,REGUL",10월 5주 주요 제조업 전망,https://www.laborplus.co.kr/news/articleView.html?idxno=36483
2025-10-28,LAUNCH,별빛 내리는 LG전자 올레드 샹들리에…베일 벗은 삼성 '트라이폴드폰',https://www.ddaily.co.kr/page/view/2025102819484527493
2025-10-28,LAUNCH,'APEC CEO 서밋' 개막…환영만찬·테크포럼 '흥행' 열기 점화(종합),https://www.news1.kr/industry/general-industry/5956712
2025-10-28,"CERT,INVEST,LAUNCH,REGUL","[영상] ""세상에 없던 기술, 경주서 개봉""…놀라움 자아낸 삼성·현대차 ...",https://zdnet.co.kr/view/?no=20251028221546
2025-10-28,"INVEST,LAUNCH,ORDER","유리기판 관련주, '함박웃음' 한빛레이저·나인테크·피아이이·켐트로...",http://www.finomy.com/news/articleView.html?idxno=241769
2025-10-28,CERT,"동국대, ‘D-ESG’ 경영으로 지속가능발전 대학 도약",https://www.donga.com/news/Society/article/all/20251028/132645092/2
2025-10-28,LAUNCH,두 번 접히는 갤럭시...‘트리폴드폰’ 실물 APEC서 첫 공개,https://www.dt.co.kr/article/12025675?ref=naver
2025-10-28,"INVEST,LAUNCH","전자업계 3분기 실적시즌…삼성·SK하닉, 역대급 전망",https://www.newsis.com/view/NISX20251027_0003378664
2025-10-28,LAUNCH,두 번 접는 폰부터 투명TV 샹들리에까지…APEC은 ‘K-테크’ 전시장,https://www.hani.co.kr/arti/economy/economy_general/1225944.html
2025-10-28,LAUNCH,'세일즈 코리아' 시동...한국 미래 기술 한자리에,https://www.tbc.co.kr/news/view?pno=20251028162324AE01777&id=200319
2025-10-28,INVEST,"[fn이사람] "" OLED  제조 AX 성공… 생산성·수율 다 잡아""",http://www.fnnews.com/news/202510281825455574
2025-10-27,"INVEST,LAUNCH","[공모주 현황] 이노테크 1일차 청약 종료, 균등·비례 경쟁률은?",https://www.cbci.co.kr/news/articleView.html?idxno=537684
2025-10-28,"INVEST,LAUNCH,REGUL",한국 대기업 30년 지도 : IMF 칼바람에서 AI 초격차까지,https://magazine.hankyung.com/business/article/202510225935b
2025-10-28,"INVEST,LAUNCH","[경주 APEC] K-예술, K-뷰티, K-테크..'한국 산업 박람회' 변모한 천년고...",http://www.4th.kr/news/articleView.html?idxno=2098591
2025-10-28,LAUNCH,갤폴드7도 뛰어났는데…갤폴드8 어떻게 달라질까,https://www.newsis.com/view/NISX20251028_0003380285
2025-10-28,LAUNCH,선상 호텔 등장한 영일만…글로벌 CEO 맞이에 분주한 경주,http://www.mbn.co.kr/pages/news/newsView.php?news_seq_no=5150411
2025-10-28,"INVEST,LAUNCH",[시선과 창] APEC정상회의 이후와 XR버스,https://www.yeongnam.com/web/view.php?key=20251028027424680
2025-10-28,"INVEST,PARTNERSHIP,REGUL",[중국 탐구 3] 지방에서도 세계 1등 전략 '클러스터+AI'로 세계 석권 야...,http://www.hellodd.com/news/articleView.html?idxno=109671
2025-10-28,"INVEST,LAUNCH","[GAM]中 기술국산화 기대감, 자금유입 확대② '포토레지스트 테마 A주'",https://www.newspim.com/news/view/20251027001175
2025-10-28,INVEST,"보급형 OLED 30% 눈앞… 삼성·LG, 원가 절감·생산 혁신 '투트랙' 가속",https://www.thepublic.kr/news/articleView.html?idxno=281369
2025-10-28,LAUNCH,‘글로벌 큰손’ 잡아라… K-테크 쇼케이스장 된 경주,https://www.kmib.co.kr/article/view.asp?arcid=1761641760&code=11151400&cp=nv
2025-10-28,"CERT,LAUNCH","[헬로즈업] 한국전자전·반도체대전 2025, 기술이 산업을 움직이다",https://www.hellot.net/news/article.html?no=106610
2025-10-28,INVEST,"‘젠슨 황 입국출국’ 포항경주공항, 글로벌 CEO 맞이 준비 완료",https://www.kbmaeil.com/article/20251028500383
2025-10-28,"CERT,INVEST,LAUNCH,ORDER,PARTNERSHIP,REGUL",[의료기기업계 소식] 10월 28일,http://www.doctorstimes.com/news/articleView.html?idxno=235058
2025-10-28,LAUNCH,"삼성, 트라이폴드폰 첫 공개 … APEC서 '폴더블 종주국' 기술력 과시",https://biz.newdaily.co.kr/site/data/html/2025/10/28/2025102800317.html
2025-10-28,"LAUNCH,PARTNERSHIP","['와신상담' 이재용의 3년②] 버팀목 역할 한 삼성 모바일, 반도체와 쌍...",https://www.ntoday.co.kr/news/articleView.html?idxno=120853
2025-10-28,"CERT,LAUNCH,PARTNERSHIP,REGUL",[이BIO] 동국제약·앱티스·차병원 외,http://www.newsprime.co.kr/news/article.html?no=709127
2025-10-28,"INVEST,LAUNCH,PARTNERSHIP,REGUL","[체험기] 낫싱 폰(3), 레트로 외관에 '에센셜' AI 담다",https://www.asiatime.co.kr/article/20251028500360
2025-10-28,LAUNCH,[APEC2025] K-테크 기업의 향연…경주를 미래 기술로 물들이다,https://news.einfomax.co.kr/news/articleView.html?idxno=4380633
2025-10-27,"CERT,INVEST,LAUNCH","엔씨·넷마블·크래프톤 총출동… 지스타 2025, 신작 무대 열린다 [엑's ...",https://www.xportsnews.com/article/2070448
2025-10-27,LAUNCH,"앤팀, 첫 아시아 투어 대성공→한국 데뷔 임박",https://www.tvreport.co.kr/music/article/951314/
2025-10-27,LAUNCH,[뷰티디바이스①/시장성]2030년 시장 규모 '1조원'…홈케어 뷰티시장 주...,https://www.businessplus.kr/news/articleView.html?idxno=100093
2025-10-27,LAUNCH,"RM이 직접 소개…""삼성 아트 TV로 가을 감상""",https://www.widedaily.com/news/articleView.html?idxno=281142
2025-10-27,LAUNCH,"앤팀, 데뷔 이래 가장 큰 공연장서 첫 아시아 투어…2일간 6만명",https://www.news1.kr/entertain/music/5954016
2025-10-28,LAUNCH,"하이센스 TV, 쿠팡 대규모 가전 프로모션 '쿠가세’ 참가",http://www.edaily.co.kr/news/newspath.asp?newsid=03709686642337512
2025-10-28,LAUNCH,"삼성전자, 글로벌 프리미엄 TV 시장 선도",https://www.mk.co.kr/article/11452520
2025-10-27,LAUNCH,"허영 의원, 공정위, 학생·학부모 기만하는 표시광고법 위반 교육업체 ...",http://www.newsworker.co.kr/news/articleView.html?idxno=399836
2025-10-27,LAUNCH,"롯데하이마트, 'PLUX'로 성장동력 확보…PB 매출 우상향",https://www.etnews.com/20251027000363
2025-10-27,LAUNCH,"삼성전자, 닌텐도 스위치2·삼성 OLED 체험존 운영…고객 관심도↑",http://www.thebigdata.co.kr/view.php?ud=2025102714103596974aca46cea9_23
2025-10-27,LAUNCH,“기술에 생존 달려있어”…미래 먹거리 담은 삼성기술전 개최,https://biz.heraldcorp.com/article/10601776?ref=naver
2025-10-28,"CERT,LAUNCH","삼성전자, ‘갤럭시 AI’로 스마트폰 초격차 혁신 가속",https://www.etoday.co.kr/news/view/2516983
2025-10-28,LAUNCH,[2025 APEC] 트라이폴드에 올레드 샹들리에까지…韓 기업들 경주서 기술...,https://news.tf.co.kr/read/economy/2256666.htm
2025-10-28,LAUNCH,"삼성, 2번 접는 트라이폴드폰…현대차, 로봇·수소차 'K테크 과시'",https://www.hankyung.com/article/2025102879411
2025-10-28,LAUNCH,[경주 APEC] 두번 접는 폰부터 HBM-용접 로봇까지···삼성·SK·LG 'K-테크...,https://www.ajunews.com/view/20251028134000590
2025-10-28,LAUNCH,[2025 APEC]'AI·반도체·스마트폰' 신기술의 대향연…경제효과 '10조',https://www.newsway.co.kr/news/view?ud=2025102815014603634
2025-10-28,LAUNCH,"삼성, APEC서 '두 번 접는 폰' 첫 공개…트라이폴드 시대 개막",http://news.bizwatch.co.kr/article/industry/2025/10/28/0032
2025-10-28,"INVEST,LAUNCH,ORDER,PARTNERSHIP,REGUL",삼성SDI 2025년 3분기 실적발표 컨퍼런스콜 전문,http://www.thelec.kr/news/articleView.html?idxno=42784
2025-10-28,LAUNCH,'한국형 곡선' 입은 경주 K-TECH 에어돔…삼성·LG·SK 기술 총출동 [APEC...,https://www.hankyung.com/article/202510286546i
2025-10-28,LAUNCH,자율주행·AI…‘잘 나가는’ 기술 다 모였다,https://news.kbs.co.kr/news/pc/view/view.do?ncd=8393458&ref=A
2025-10-28,"INVEST,LAUNCH,ORDER","‘전동화·자율주행· 디스플레이 ’…현대모비스, 미래車 기술로 글로벌...",https://www.kukinews.com/article/view/kuk202510280247
2025-10-28,"INVEST,LAUNCH",[제3회 수원시 기업인의 날 행사] 함께 꿈꾸는 ‘이타적 성장’… 기업...,https://www.kyeongin.com/article/1754103
2025-10-28,LAUNCH,[기획] ‘두번 접는 갤럭시’ 실물공개… 트럼프 손에 쥘까,https://www.dt.co.kr/article/12025678?ref=naver
2025-10-28,"INVEST,LAUNCH",두 번접는 폰·AI데이터센터… 세계 산업계 주도 기술 빼곡,https://www.asiatoday.co.kr/view.php?key=20251029010011693
2025-10-28,"INVEST,LAUNCH",[출근길 포인트] 경주 APEC 개막…한미 정상회담·공동선언 성패 '갈림길...,https://www.pointdaily.co.kr/news/articleView.html?idxno=276644
2025-10-28,"CERT,LAUNCH",[AFL SPECIAL] 2025 익산농업기계박람회,http://www.aflnews.co.kr/news/articleView.html?idxno=307084
2025-10-28,"INVEST,LAUNCH",AI  이후의 질서를 그리다… ‘디자인코리아 2025’,https://www.donga.com/news/Economy/article/all/20251028/132653343/2
2025-10-28,"INVEST,LAUNCH","코트라, 실리콘밸리·싱가포르 이어 런던서도 '해외인재' 유치",https://www.cstimes.com/news/articleView.html?idxno=674444
2025-10-28,"CERT,INVEST,LAUNCH,PARTNERSHIP","지능형로봇·인공지능( AI ) 관련주, '껑충껑충' 피앤에스로보틱스·로보...",http://www.finomy.com/news/articleView.html?idxno=241781
2025-10-28,"CERT,INVEST,LAUNCH,ORDER,REGUL","의료 AI  관련주, '어깨춤 으쓱으쓱' 뉴로핏·쓰리빌리언·비스토스·랩지...",http://www.finomy.com/news/articleView.html?idxno=241779
2025-10-28,INVEST,"대동애그테크, 150억 원 투자 유치…  AI  농업 사업화 가속",http://www.youngnong.co.kr/news/articleView.html?idxno=55412
2025-10-28,"INVEST,REGUL","[EBN 오늘(28일) 이슈 종합] 재계 '2026 경영전략' 새 판 짠다, 대한항공...",https://www.ebn.co.kr/news/articleView.html?idxno=1684048
2025-10-28,"LAUNCH,REGUL","""안경이 내 말을 알아듣네?""…경주서 공개된 메타  AI  무기, 韓 출시 임박...",https://zdnet.co.kr/view/?no=20251028203133
2025-10-28,LAUNCH,본격 출시 시점은 언제? 코치도어 없는 제네시스 GV90 디테일 미리보기,https://www.autodaily.co.kr/news/articleView.html?idxno=538207
2025-10-28,INVEST,[Invest]SK·롯데 잇는 시장조달 빅 플레이어  LG …금융지주 한도 관리 ‘...,https://www.investchosun.com/site/data/html_dir/2025/10/28/2025102880195.html
2025-10-28,"INVEST,LAUNCH","[사천피 시대] ⑧ ""코리아 디스카운트 옛말""…'오천피' 기대감 확산",http://www.hansbiz.co.kr/news/articleView.html?idxno=786422
2025-10-28,"INVEST,LAUNCH","'APEC CEO 서밋' D-1...재계 총수들, '민간 경제외교 슈퍼위크' 본격 돌입",http://www.biztribune.co.kr/news/articleView.html?idxno=342307
2025-10-28,LAUNCH,"지역·기업·대학·연구소, ‘신산업 미래’ 머리 맞댄다",https://dhnews.co.kr/news/view/1065587918276053
2025-10-28,"INVEST,LAUNCH,ORDER","삼성 물산 건설부문, 3분기 영업익 53% 급락…수주 부진 영향",https://www.newsway.co.kr/news/view?ud=2025102816435350371
2025-10-28,"INVEST,LAUNCH","[공모주] ' 삼성 SDI· 디스플레이  고객사 확보' 이노테크, 오늘(28일)까지...",https://www.ggilbo.com/news/articleView.html?idxno=1120629
2025-10-28,LAUNCH,"충남테크노파크, 2025  디스플레이  컨퍼런스 개최",https://weekly.hankooki.com/news/articleView.html?idxno=7133909
2025-10-28,"INVEST,LAUNCH,REGUL","수도권 규제 확대로 ‘인접권 대체수요’, 충청권 신규 공급 관심",https://www.mk.co.kr/article/11453251
2025-10-28,"CERT,INVEST,ORDER","알에프텍, 자회사 '알에프바이오·한주하이텍' 동반 성장 모멘텀 강화",http://www.edaily.co.kr/news/newspath.asp?newsid=02886406642337512
2025-10-28,"INVEST,LAUNCH","캐시 우드 “AI 시장, 조정 가능성...‘현실 점검’ 국면 올 것”",https://www.g-enews.com/view.php?ud=202510281844319023bc914ac71_1
2025-10-28,INVEST,"""AI 거품론은 틀렸다"" 캐시 우드의 일침… ""다만 현실 점검은 온다""",https://www.newspim.com/news/view/20251028001256
2025-10-28,"INVEST,LAUNCH,REGUL","[칼럼] 금감원, 기후리스크 평가 의무화 어렵다?",https://www.eroun.net/news/articleView.html?idxno=65794
2025-10-28,"INVEST,LAUNCH","‘AI 인프라 전쟁’의 그늘···영국 중앙은행, 데이터센터 부채 리스크...",https://www.cio.com/article/4079998/ai-인프라-전쟁의-그늘···영국-중앙은행-데이터.html
2025-10-28,INVEST,"[초점] 韓 '텃밭' 베트남, 中 '관세 회피' 공습 ...전자 생태계 '격랑'",https://www.g-enews.com/view.php?ud=202510281005484627fbbec65dfb_1
2025-10-28,LAUNCH,"세계 OOH 리더, 서울로!…WOO 아태 포럼, 한국 도약의 ‘변곡점’",https://www.mk.co.kr/article/11453224
2025-10-27,INVEST,"LG디스플레이, 8.6세대 투자 미온적 태도 왜",https://news.dealsitetv.com/articles/160435
2025-10-27,"CERT,LAUNCH,ORDER,PARTNERSHIP","호주 산토스, 바로사 FPSO 'SW오류' 일시 셧다운…""4분기 생산 일정은 문...",https://www.theguru.co.kr/news/article.html?no=93449
2025-10-27,LAUNCH,"""태블릿 OLED 출하량, 전년비 26% 증가""",http://www.thelec.kr/news/articleView.html?idxno=42731
2025-10-27,INVEST,삼성D 독주 흔드는 中…8.6세대 OLED 투자전 가열,https://dealsite.co.kr/articles/150120
2025-10-27,"INVEST,LAUNCH,PARTNERSHIP","[현장 르뽀] 대만, 글로벌 AI 생태계의 새 중심지로 부상",https://www.epnc.co.kr/news/articleView.html?idxno=323919
2025-10-28,"INVEST,LAUNCH","[상보] 뉴욕증시, AI 낙관론·빅테크 실적 기대감에 최고치 경신…나스...",https://www.etoday.co.kr/news/view/2519381
2025-10-28,"INVEST,LAUNCH,ORDER","이재용 삼성전자 종합반도체기업 꿈 안 버렸다, LSI사업부와 파운드리 ...",https://www.businesspost.co.kr/BP?command=article_view&num=417397
2025-10-28,"CERT,INVEST,LAUNCH,ORDER,PARTNERSHIP","[N2 모닝 경제 브리핑-10월 29일] 美 증시, 3대 지수 사흘째 사상 최고…...",https://www.news2day.co.kr/article/20251028500168
2025-10-28,LAUNCH,"설운도·김종서·환희·민경훈, G마켓 '빅스마일데이' 모델 발탁",https://www.slist.kr/news/articleView.html?idxno=689196
2025-10-28,LAUNCH,'엔비디아' 5% 상승…사상 최고가에 시총 4.9조 달러 근접,https://www.topstarnews.net/news/articleView.html?idxno=15855486
2025-10-28,LAUNCH,"애플 , 아이폰17 흥행에 시총 한때 4조 달러 돌파… AI 격차는 '과제'",https://www.g-enews.com/view.php?ud=2025102905571513263bc914ac71_1
2025-10-28,INVEST,'서학개미' 따라사니 1년 수익률 65%…'밈주식'엔 휘청,https://www.news1.kr/finance/general-stock/5956556
2025-10-28,LAUNCH,[증시전략] 韓·美 관세 협상 '담판' 여부 촉각…타결 가능할까?,https://biz.sbs.co.kr/article_hub/20000268236?division=NAVER
2025-10-28,REGUL,"엔비디아 젠슨 황, 트럼프에 무조건 'OK'...""백악관 무도회장 건설 기부...",https://www.mediapen.com/news/view/1053011
2025-10-28,PARTNERSHIP,[경주 APEC] CEO 서밋 오늘 개막…글로벌 경제리더·BTS 경주에 뜬다,https://www.news1.kr/industry/general-industry/5956697
2025-10-28,INVEST,"분리과세 강화 여파…우리금융, 감액배당 비과세 효과 '흔들' [이슈 더보...",https://www.ngetnews.com/news/articleView.html?idxno=539404
2025-10-28,"INVEST,PARTNERSHIP","지난해 매출 200억 ‘슛포러브’, 국내 VC 러브콜 [AI 프리즘*스타트업 ...",https://www.sedaily.com/NewsView/2GZD76TKMB
2025-10-28,"INVEST,ORDER","주성엔지니어링, 단기 부진 속 장기 모멘텀 '유효'…""내년부터 반등 기...",http://www.newsprime.co.kr/news/article.html?no=709253
2025-10-28,"INVEST,LAUNCH,REGUL",[뉴 코리아랠리]② 코스피 ‘사천피’ 이후 전망은…기업 실적·정부 정...,https://www.ceoscoredaily.com/page/view/2025102716375468046
2025-10-28,"INVEST,REGUL",속도에 균형이 무너지다 [한겨레 프리즘],https://www.hani.co.kr/arti/opinion/column/1226013.html
2025-10-28,INVEST,삼성전자  10만원 시대…삼성생명 자본·K-ICS 개선 수혜,https://www.mt.co.kr/finance/2025/10/29/2025102716134072653
2025-10-28,"INVEST,LAUNCH","퀄컴, AI 반도체 출사표…HBM 대신 '가성비' D램 쓴다",https://www.newsis.com/view/NISX20251028_0003380518
2025-10-28,"INVEST,LAUNCH","[VC는 지금](26)바이오 투자 귀재 라플라스…""올해 펀딩 확대""",https://view.asiae.co.kr/article/2025102816191764532
2025-10-28,LAUNCH,"현대차그룹, APEC서 '수소' 내세운 이유는",https://www.goodkyung.com/news/articleView.html?idxno=275259
2025-10-28,LAUNCH,10만 전자 ·50만닉스 이번주 분수령…3Q 실적·젠슨 황 만남 촉각,https://www.news1.kr/industry/general-industry/5956186
2025-10-28,INVEST,사천피 돌파 당일 '불타기'…코스피 레버리지 ETF 1500억 몰렸다,https://www.news1.kr/finance/general-stock/5956647
2025-10-28,"INVEST,LAUNCH,REGUL","[단독] 삼성전자 , 美 AI 스타트업 '코어스토리' 투자",http://thetracker.co.kr/View.aspx?No=3832143
2025-10-28,LAUNCH,美日 5500억불 '실행 리스트' 공개…에너지·AI·광물 집중,https://www.news1.kr/world/usa-canada/5956777
2025-10-28,INVEST,글로벌 CEO 총출동...경주 APEC서 한국 스타 기업인들 만난다,https://www.insightkorea.co.kr/news/articleView.html?idxno=234370
2025-10-28,INVEST,"15년 차인데 결장이 없다, 이런 ‘금강불괴’가 다 있나…'큰' 이정현, ...",https://m.sports.naver.com/basketball/article/065/0000286606
2025-10-28,"CERT,INVEST,LAUNCH,PARTNERSHIP","[비바100] 경제외교 앞장선 민간 기업들, APEC 정상회의 총출동… K브랜...",https://www.viva100.com/article/20251019500111
2025-10-28,"CERT,INVEST,LAUNCH",소리로 식욕 억제하고 꿀잠…디지털 영양제로 헬스케어 '쑥쑥',https://www.mt.co.kr/future/2025/10/29/2025101616504668389
2025-10-28,"INVEST,LAUNCH,REGUL",코웨이 영업익 '1조' 전망에 회사 '9천억' 신중론…엇갈린 눈높이 왜?,https://www.newspim.com/news/view/20251028000522
2025-10-28,CERT,한우부터 자동차까지 파격할인…전국 소비축제 '그랜드페스티벌',https://www.yna.co.kr/view/AKR20251028073200030?input=1195m
2025-10-28,"LAUNCH,REGUL","'30만 원' 무선이어폰, 배터리 수명 다하면 제품 폐기해야…애플만 교체...",http://www.consumernews.co.kr/news/articleView.html?idxno=742777
2025-10-28,INVEST,"[창간 13주년 특집｜MZ와 소통해야 조직이 산다]""경직된 문화가 한국의...",https://www.newsway.co.kr/news/view?ud=2025102816204304322
2025-10-28,"CERT,PARTNERSHIP",'액침 냉각'에 뛰어든  LG전자 …SK엔무브·GRC와 '年25조' 시장 겨냥,https://www.sedaily.com/NewsView/2GZD6WLENA
2025-10-28,LAUNCH,"롯데하이마트, 첫 '가전절' 11월 말까지 개최…창고대개방 최대 65% 할인",http://www.consumernews.co.kr/news/articleView.html?idxno=742905
2025-10-28,INVEST,가을 룩에 어울리는 스커트 알아봤다가 깜짝 놀란 이유,https://www.elle.co.kr/article/1890411
2025-10-28,PARTNERSHIP,"헤일리 비버 룩, 가성비 아이템만으로도 따라 잡을 수 있다?",https://www.harpersbazaar.co.kr/article/1890230
2025-10-28,"CERT,INVEST,LAUNCH,REGUL",[기고] 당사자계 무효심판(IPR) 재량기각 정책 동향,http://dream.kotra.or.kr/kotranews/cms/news/actionKotraBoardDetail.do?SITE_NO=3&MENU_ID=130&CONTENTS_NO=1&bbsGbn=246&bbsSn=246&pNttSn=235711
2025-10-27,LAUNCH,마이크서 햄버거까지…97세 위진록의 한 세기 인생,https://www.koreadaily.com/article/20251026190041402
2025-10-28,"INVEST,LAUNCH","인텔의 역설적 공급난, 구(舊)공정 병목 초래한 '의도된 위기'",http://www.ttlnews.com/news/articleView.html?idxno=3042827
2025-10-28,LAUNCH,"""델 네이티브엣지, '엣지 가상화' 전략으로 엣지 AI 시장 공략 박차""",https://www.datanet.co.kr/news/articleView.html?idxno=206326
2025-10-27,LAUNCH,"코오롱베니트 파트너 아카데미, 최신 업데이트 AI 기술 교육 세미나 정...",https://www.aitimes.kr/news/articleView.html?idxno=36926
2025-10-28,"CERT,REGUL",“보안 연구까지 범죄로 볼 위험 있다” 전문가가 본 ‘유엔 사이버범죄...,https://www.cio.com/article/4079205/보안-연구까지-범죄로-볼-위험-있다-전문가가-본.html
2025-10-28,LAUNCH,"포켓몬 레전드 Z-A, 실시간 액션 RPG의 혁신적 진화",https://www.gamevu.co.kr/news/articleView.html?idxno=52489
2025-10-28,LAUNCH,"엔씨소프트 '리니지W' 4주년 기념, 50억 아데나의 주인공은?",https://www.gamevu.co.kr/news/articleView.html?idxno=52777
2025-10-28,"INVEST,LAUNCH",“서울대 공대생 매년 100명씩 의대간다”…한국인 이 특성 때문이라는...,https://www.mk.co.kr/article/11453919
2025-10-28,INVEST,‘AI 전용 엔진룸’ 짓는 기업… 엔비디아 투자받고 델· HP  손잡아[유중...,https://www.munhwa.com/article/11542409?ref=naver
2025-10-28,LAUNCH,"구글, 몰입형 3D 화상회의 플랫폼 '빔'으로 미군 가족 연결 지원",https://www.digitaltoday.co.kr/news/articleView.html?idxno=600166
2025-10-28,"CERT,LAUNCH","대웅제약, '펙수클루' 헬리코박터 제균 치료 적응증 확대 추진",http://www.hansbiz.co.kr/news/articleView.html?idxno=786231
2025-10-28,"INVEST,ORDER,PARTNERSHIP","6개월 안에 구축 완료! AMD, 1조 4천억 규모 초대형 슈퍼컴퓨터 프로젝트...",https://www.autodaily.co.kr/news/articleView.html?idxno=538198
2025-10-28,LAUNCH,"[외신 헤드라인] 퀄컴, AI 칩 출시 공식화…엔비디아에 도전장",https://biz.sbs.co.kr/article_hub/20000267926?division=NAVER
2025-10-27,"LAUNCH,REGUL","아버지와 아들이 만드는 태국의 액션 게임, '섀도우 오브 아유타야'",https://www.gamevu.co.kr/news/articleView.html?idxno=52733
2025-10-27,REGUL,[디지키 테크리포트] 산업 자동화 장비 선택시 고려해야 할 사항들,https://www.epnc.co.kr/news/articleView.html?idxno=323909
2025-10-27,LAUNCH,"에스라이즈, RTX 5060 탑재한  HP  빅터스 15 게이밍 노트북 출시",https://kbench.com/?q=node/272552
2025-10-27,"CERT,INVEST,PARTNERSHIP,REGUL","IREE 2025 참관기, 인도 철도 혁신을 보여준 최대 규모 전시회",http://dream.kotra.or.kr/kotranews/cms/news/actionKotraBoardDetail.do?SITE_NO=3&MENU_ID=110&CONTENTS_NO=1&bbsGbn=245&bbsSn=245&pNttSn=235847
2025-10-28,LAUNCH,"레노버  리전 타워5, 고성능 게이밍 PC로 출시…AAA 게임 거뜬",https://www.digitaltoday.co.kr/news/articleView.html?idxno=600264
2025-10-28,LAUNCH,"AI 모델 학습·추론 최적화... 레노버 , 차세대 워크스테이션 공개",https://www.hellot.net/news/article.html?no=106579
2025-10-28,"CERT,INVEST,LAUNCH,ORDER,REGUL","[중국 비즈니스 트렌드&동향] 중국 테크 기업, 공격적 투자로 시장 재편...",https://platum.kr/archives/273212
2025-10-27,"INVEST,LAUNCH",국내 기업 해외 인수 ‘반토막’ 몸 사리다 글로벌 경쟁력 발목 잡히나,https://www.mk.co.kr/article/11452148
2025-10-28,"INVEST,REGUL","[사설] ‘미래산업 슈퍼위크’, 산업지도 바꾸는 계기 돼야",https://www.kwnews.co.kr/page/view/2025102817512892613
2025-10-28,LAUNCH,"AI 시대, 강원 반도체 산업의 미래를 설계하다",https://www.kwnews.co.kr/page/view/2025102815535306551
2025-10-28,LAUNCH,"박보미, 15개월 아들상 그 후 ""2년 지났어도 사망 원인 몰라"" ('우아기')...",http://www.osen.co.kr/article/G1112686179
2025-10-28,LAUNCH,"""고양이는 영물인가 외계인인가""…이상민·조충현, '괴담노트'서 전통과...",https://www.topstarnews.net/news/articleView.html?idxno=15855497
2025-10-28,"INVEST,LAUNCH,ORDER","[적중! 대박 예감] '하나마이크론, SKC, 오가논 & 코' 예감 좋은 대박 종...",https://news.mtn.co.kr/news-detail/2025102906254686774
2025-10-28,ORDER,"[고래사냥] '엔바이오니아, 씨앤지하이테크, 미래나노텍, 쏠리드!' 오늘...",https://news.mtn.co.kr/news-detail/2025102906253992444
2025-10-28,LAUNCH,나인원한남 '77억 전세' 최고가 계약…30대 유튜버 정체 밝혀졌다,https://www.mt.co.kr/estate/2025/10/29/2025102906400014404
2025-10-28,LAUNCH,‘과거 사진 진짜였다’ 누가 봐도 류승룡 ‘오프닝 타이틀’ 화제 (김...,https://sports.donga.com/ent/article/all/20251029/132656539/1
2025-10-28,REGUL,"인도, 석탄시대 종언 예고…노후 발전소 조기 폐쇄로 녹색전환 본격화",http://www.impacton.net/news/articleView.html?idxno=16890
2025-10-28,"CERT,INVEST,LAUNCH",‘퍼스트 라이드’ 남대중 감독 “누구도 불편하지 않은 코미디 원했다...,https://isplus.com/article/view/isp202510280024
2025-10-28,LAUNCH,"롯데하이마트, 가전 블프 '가전절' 진행…최대 65% 할인",https://www.news1.kr/industry/distribution/5956498
2025-10-28,INVEST,"""지금 전국서 잡히는 해충들이 실시간으로 보입니다""[히든카드M]",https://www.mt.co.kr/living/2025/10/29/2025102809311266276
2025-10-28,"CERT,INVEST,LAUNCH,REGUL","[르포] '노도강' 부동산, 고강도 규제 후 적막…""구청은 뭐하나""",https://www.news1.kr/realestate/general/5956598
2025-10-28,LAUNCH,"AI가 21개 언어 통역, XR버스로 신라 탐험… 첨단 입은 ‘천년 고도’",https://www.donga.com/news/Society/article/all/20251029/132656157/2
2025-10-28,"INVEST,LAUNCH",스타벅스 차이나 매각 막판 경쟁…칼라일·EQT·홍산 등 최종 입찰자로,https://platum.kr/archives/273455
2025-10-28,LAUNCH,기상 모델의 다음 단계 AI가 당긴다,https://www.fortunekorea.co.kr/news/articleView.html?idxno=50408
2025-10-28,PARTNERSHIP,소형가전 수거하고 '인식 개선' 봉사도…ESG 힘쓰는 물류업계,https://www.news1.kr/industry/sb-founded/5956385
2025-10-28,"INVEST,LAUNCH",[ 노트북  너머] ‘진짜 축제’는 계속 돼야 한다,https://www.etoday.co.kr/news/view/2518916
2025-10-27,INVEST,'패패무무패패패패' 포스테코글루 '구매 버튼'→경질된 후에야 '배송'…...,https://www.sportschosun.com/football/2025-10-27/202510270100170720022524
2025-10-28,"INVEST,LAUNCH",‘소비쿠폰 효과’ 한국경제 3분기 1.2% 성장…K푸드 수출 역대 최대 84...,https://www.segye.com/newsView/20251028517853?OutUrl=naver
2025-10-28,"INVEST,LAUNCH","엔비디아, 노키아에 10억달러 투자…6G·AI 동맹 강화",https://www.ebn.co.kr/news/articleView.html?idxno=1684054
2025-10-28,"CERT,INVEST,LAUNCH,REGUL","희토류 수출 통제, 중국이 도전장 내민 ‘국제질서 만들 권력’",https://www.sisain.co.kr/news/articleView.html?idxno=56642
2025-10-28,"CERT,INVEST","""위고비 등 비만치료제 오남용 우려약 지정 타당성 검토""",https://www.kpanews.co.kr/article/show.asp?idx=264489&category=C
2025-10-28,CERT,"AI 주도 당뇨 예방, 전문가 지도와 대등한 효과 입증",https://www.pharmnews.com/news/articleView.html?idxno=263997
2025-10-28,"INVEST,LAUNCH",[데스크칼럼] 챗GPT 3년,https://www.dnews.co.kr/uhtml/view.jsp?idxno=202510281808481590466
2025-10-28,"INVEST,LAUNCH,PARTNERSHIP",최장수 글로벌 제약사 머크 디지털 전환‧AI에 미래 걸었다,https://www.medicaltimes.com/Main/News/NewsView.html?ID=1165811&ref=naverpc
2025-10-28,LAUNCH,"삼성전자, 두 번 접히는 '트라이폴드폰' 실물 첫 공개",http://www.yonhapnewstv.co.kr/MYH20251029052059G5r
2025-10-28,"LAUNCH,REGUL",[역사속 오늘·10.29] 中한자녀 정책 35년만에 폐기(2015)·한국은행 창...,http://kor.theasian.asia/archives/392202
2025-10-28,"INVEST,LAUNCH,ORDER","[데일리 IT 단신] 카카오 디케이테크인, BMW에 음성 AI 시스템 공급 外",https://biz.newdaily.co.kr/site/data/html/2025/10/28/2025102800471.html
2025-10-28,LAUNCH,이게 5000만원대라고?…여성들 푹 빠진 '1위 수입 SUV' 정체,https://www.hankyung.com/article/2025102864751
2025-10-28,"CERT,LAUNCH,ORDER","[오토데일리] 글로벌 완성차, 전기·수소·AI로 미래 모빌리티 경쟁 가속",http://kpenews.com/View.aspx?No=3831600
2025-10-28,LAUNCH,"음원 플랫폼 '플로', 2년 만에 운전 중 음악 청취 2배 늘어",https://www.news1.kr/it-science/general-it/5956087
2025-10-28,"INVEST,LAUNCH","“수백만원 8K TV 산다는 남편, 쥐어박고 싶네요”...네이처가 밝힌 불편...",https://www.mk.co.kr/article/11453233
2025-10-28,"CERT,INVEST,LAUNCH,PARTNERSHIP",[A 증시어택] 기술·콘텐츠·바이오 '실물 기반' IPO 러시…11월 공모주...,https://www.asiaa.co.kr/news/articleView.html?idxno=227810
2025-10-28,INVEST,"유한양행, 전립선암 후보물질 반환…R&D 전략 '흔들'",https://www.newsway.co.kr/news/view?ud=2025102814350828641
2025-10-28,"LAUNCH,PARTNERSHIP",토스·NOL·번개장터 등…국민 모바일 앱 '콘텐츠 마케팅' 비법은?,http://www.edaily.co.kr/news/newspath.asp?newsid=01905686642337840
2025-10-28,INVEST,"아마존, 3만명 날린다… AI발 감원 쇼크 현실화",https://www.seoul.co.kr/news/international/2025/10/29/20251029001005?wlog_tag3=naver
2025-10-28,LAUNCH,"신세계면세점, 인천공항에 '면세 최대 규모 샤넬 홀리데이 메가 포디움...",https://www.startuptoday.co.kr/news/articleView.html?idxno=530816
2025-10-28,LAUNCH,"[경상시론]일과 안전, MZ세대의 시선으로 다시 보기",https://www.ksilbo.co.kr/news/articleView.html?idxno=1040144
2025-10-28,"CERT,LAUNCH","연세사랑병원, 스카이브와 AI 기반  AR  인공관절 수술기법 연구협력 가속...",http://www.lkp.news/news/articleView.html?idxno=70995
2025-10-28,LAUNCH,인천공항공사 '2025 ADEX' 참여…중기 공동개발 혁신기술 전시,http://www.seoulwire.com/news/articleView.html?idxno=677357
2025-10-28,"INVEST,PARTNERSHIP","경주시, AI·XR 골목영화관 개관…“AI 영상으로 골목이 극장으로”",https://www.sentv.co.kr/article/view/sentv202510280108
2025-10-28,INVEST,"포천, ‘희생의 도시’서 ‘첨단국방 거점’으로",https://www.hankyung.com/article/202510288139h
2025-10-28,LAUNCH,[서귀포 소식] “배움의 즐거움”…주민자치·평생학습 박람회 ‘성황’,https://news.kbs.co.kr/news/pc/view/view.do?ncd=8393152&ref=A
2025-10-28,LAUNCH,[공기업] 에스알 한난 석유공사 조폐공사 국민연금공단 가스안전공사 주...,http://www.biztribune.co.kr/news/articleView.html?idxno=342370
2025-10-28,LAUNCH,'지붕 없는 박물관'‥신라 금관 6종 첫 한자리,https://imnews.imbc.com/replay/2025/nwtoday/article/6769832_36807.html
2025-10-28,LAUNCH,"삼성전자, 美서 ‘갤럭시 경험 매장’ 확대…  XR ·스마트안경 시대 ‘체...",https://www.etoday.co.kr/news/view/2519113
2025-10-28,"INVEST,LAUNCH,PARTNERSHIP","경북도, APEC 통해 글로벌 경제무대 진출 가속…'세일즈 코리아' 시동",https://www.gukjenews.com/news/articleView.html?idxno=3412820
2025-10-28,LAUNCH,갤럭시 XR을 쓰니 경주월드 롤러코스터의 아찔함을 느꼈다[ IT 써보니],http://www.fnnews.com/news/202510271322526769
2025-10-28,LAUNCH,"두 번 접는 폴드폰, HBM4, 무선·투명 TV... 최초·최고 기술 외교 현장 ...",https://www.chosun.com/economy/tech_it/2025/10/28/5NPP2HG5J5CSHNGB42WNUFKUYA/?utm_source=naver&utm_medium=referral&utm_campaign=naver-news
2025-10-28,"INVEST,LAUNCH,ORDER",주식고수 매수 2위 '증권사 일제히 목표가 상향 신고가 재차 경신' 삼성...,https://www.widedaily.com/news/articleView.html?idxno=281332
2025-10-28,LAUNCH,"애플, 보급형 '아이폰17e'에도 다이내믹 아일랜드 적용하나",https://www.etnews.com/20251028000153
2025-10-27,"CERT,LAUNCH","네오위즈, '산나비 외전: 귀신 씌인 날' 지스타 참가",https://www.ngetnews.com/news/articleView.html?idxno=539253
2025-10-27,INVEST,"삼성D·LGD,  OLED  생산축 이동···IT용 패널로 스마트폰·TV 대체",https://www.sisajournal-e.com/news/articleView.html?idxno=416320
2025-10-27,"CERT,LAUNCH,PARTNERSHIP",[브리프] 삼성전자 SKT LG유플러스 LG헬로비전 네이버 한컴 外,http://www.biztribune.co.kr/news/articleView.html?idxno=342286
2025-10-27,"CERT,INVEST,ORDER","PCB·FPCB 관련주, '웃음꽃' 이브이첨단소재·이수페타시스·대덕전자......",http://www.finomy.com/news/articleView.html?idxno=241593
2025-10-27,"CERT,INVEST,LAUNCH,ORDER,REGUL","[오늘의 증시리포트] 롯데케미칼, 라인 프로젝트 가동으로 재무구조 개...",https://www.etoday.co.kr/news/view/2518493
2025-10-27,"INVEST,LAUNCH,ORDER","[더벨][SEDEX 2025]'국내 AMR 선두' 티로보틱스, 글로벌 시장 '정조준'",https://www.thebell.co.kr/free/content/ArticleView.asp?key=202510221555399240108236
2025-10-28,INVEST,소부장 뿌리 기술 한자리에…'K-테크 인사이드 쇼 2025' 개막,http://www.newstomato.com/ReadNews.aspx?no=1279443&inflow=N
2025-10-28,PARTNERSHIP,소부장·뿌리산업 기술력 집결…'K-테크 인사이드 쇼 2025' 개막,https://www.news1.kr/economy/idustry-trade/5956513
2025-10-28,INVEST,"소부장·뿌리 기술 한자리에…산업부, K-테크 인사이드 쇼 개최",https://www.newsis.com/view/NISX20251028_0003380355
2025-10-29,LAUNCH,"﻿크레아폼, 휴대용 3D 스캐너 라인업 강화... HandySCAN 3D|PRO 시리즈™...",https://www.itbiznews.com/news/articleView.html?idxno=185122
2025-10-29,INVEST,올해 中企 5만 곳 지원… 걸그룹 기획사에 제작비,https://www.donga.com/news/Economy/article/all/20251029/132654642/2
2025-10-29,"INVEST,LAUNCH","[R]APEC, 정상회의에 버금가는 경제 교류 '플랫폼'으로 주목",http://andongmbc.co.kr/adboard/NewsView78762
2025-10-29,"INVEST,LAUNCH","LG디스플레이, 3분기 흑자전환 기대…3년 적자서 탈출하나",https://news.einfomax.co.kr/news/articleView.html?idxno=4380744
2025-10-29,"LAUNCH,PARTNERSHIP",[Opinion] 2025 프리즈 런던에서 미술계를 살펴보다 [미술/전시],https://www.artinsight.co.kr/news/view.php?no=78142
2025-10-29,LAUNCH,11번가 '2025 그랜드십일절'...1000만개 특가 상품 준비,https://www.startuptoday.co.kr/news/articleView.html?idxno=531255
2025-10-29,LAUNCH,"서린씨앤아이, 일체형 수랭 쿨러 리안리 하이드로시프트 II  LCD -C 360 6종 ...",http://www.technoa.co.kr/news/articleView.html?idxno=100027
2025-10-29,CERT,10000mAh 배터리폰 '아너 파워2' 중국서 3C 인증 통과,https://kbench.com/?q=node/272667
2025-10-29,"CERT,INVEST,LAUNCH,ORDER,PARTNERSHIP","통신장비 관련주, '훨훨 날아올라' 빛과전자·이노인스트루먼트·기가레...",http://www.finomy.com/news/articleView.html?idxno=241888
2025-10-29,"INVEST,LAUNCH","블룸버그 ""애플 맥북과 아이패드 올레드로 전환 검토"", 가격 상승 불가...",https://www.businesspost.co.kr/BP?command=article_view&num=417484
2025-10-29,REGUL,전장 디스플레이 출하량 5% 증가…클러스터 두 자릿수 성장세,https://www.itbiznews.com/news/articleView.html?idxno=185035
2025-10-29,LAUNCH,"삼성전자·SK하이닉스·LG전자, APEC서 첨단 기술 공개",http://www.wsobi.com/news/articleView.html?idxno=294054
2025-10-29,"CERT,INVEST,LAUNCH",[Who Is ?] 옥경석 도우인시스 대표이사,https://www.businesspost.co.kr/BP?command=article_view&num=417399
2025-10-29,"INVEST,REGUL","[단독] ‘집단해고’ 옵티칼 본사, 1년간 버티다 이제서야 ‘한국 분쟁...",https://www.khan.co.kr/article/202510291717001
2025-10-29,LAUNCH,"삼성전자, 두 번접는 '트리폴드폰' 출시 임박…MX 왕좌 노리나",http://www.srtimes.kr/news/articleView.html?idxno=188509
2025-10-29,LAUNCH,"""두 번 접는 폰 보자"" 북적… K뷰티관에선 '한국의 美' 체험 [경주 APEC]",http://www.fnnews.com/news/202510291813574395
2025-10-29,"CERT,INVEST,LAUNCH,ORDER,PARTNERSHIP","반도체 장비 관련주, '껑충껑충' 유니테스트·기가레인·엑시콘... '주르...",http://www.finomy.com/news/articleView.html?idxno=241899
2025-10-29,"INVEST,PARTNERSHIP,REGUL","HD현대에너지솔루션 미국서 흑자 전환, 박종환 차세대 태양광 기술 더해...",https://www.businesspost.co.kr/BP?command=article_view&num=417540
2025-10-29,INVEST,"K디스플레이의 문제, 기술 리더십의 부재 [아침을 열며]",https://www.hankookilbo.com/News/Read/A2025102810490001049?did=NA
2025-10-29,LAUNCH,"한켐, 이상조 대표이사 '화학경영자상' 수상",http://www.newstown.co.kr/news/articleView.html?idxno=665583
2025-10-29,LAUNCH,"스마트 팩토리의 눈… 디아이티, 딥러닝 비전검사로 산업혁신 주도",https://www.pinpointnews.co.kr/news/articleView.html?idxno=389642
2025-10-29,"INVEST,LAUNCH","LG그룹, 2026 정기 인사 앞두고 계열사 리더십 변화에 촉각...구광모 회...",http://www.lkp.news/news/articleView.html?idxno=70958
2025-10-29,"LAUNCH,REGUL",[오늘의 장바구니] 롯데마트·이마트24·LF·이랜드월드·교원그룹 외,http://www.newsprime.co.kr/news/article.html?no=709461
2025-10-29,"CERT,INVEST,LAUNCH,PARTNERSHIP",[브리핑]신라면세점 '2025 신라블랙 프라이데이' 프로모션,http://www.4th.kr/news/articleView.html?idxno=2098692
2025-10-29,"CERT,LAUNCH","올해 크리스마스에는 어디서 인증샷 찍을까... 백화점들, 크리스마스 연...",https://www.insight.co.kr/news/526587
2025-10-29,"CERT,PARTNERSHIP","[그린건설대상] ""모든 순간이 차이 된다”…리뉴얼 ‘자이(Xi)’로 고객...",https://www.asiatoday.co.kr/view.php?key=20251029010011845
2025-10-29,LAUNCH,"무아스, 글로벌 시장 확장 가속화",https://www.asiatoday.co.kr/view.php?key=20251029001546037
2025-10-29,LAUNCH,[이색 키보드를 찾아서] 광학 8K 키보드... 레이저 헌츠맨 V3 프로 TKL 8KH...,https://www.ilovepc.co.kr/news/articleView.html?idxno=56595
2025-10-29,ORDER,'삼성전자' 3분기 영업이익 12조1천억…반도체 6조 회복 주도,https://www.topstarnews.net/news/articleView.html?idxno=15856878
2025-10-29,LAUNCH,"삼성 3단  폴더블 폰 '삼성 트라이폴드 2025', 구글 앱에서 포착",https://kbench.com/?q=node/272669
2025-10-29,"LAUNCH,ORDER",삼성전자 창립 56주년…전영현 '1등 DNA·초격차' 초심 강조,https://www.ebn.co.kr/news/articleView.html?idxno=1684124
2025-10-29,LAUNCH,"삼성, APEC서 '두 번 접는' 트라이폴드폰 최초 공개",https://dealsite.co.kr/articles/150326
2025-10-29,"CERT,LAUNCH,PARTNERSHIP","드디어 '트라이폴드폰' … 삼성전자, APEC서 첫 공개 [디지털포스트 모...",https://www.ilovepc.co.kr/news/articleView.html?idxno=56590
2025-10-29,"CERT,INVEST,LAUNCH,PARTNERSHIP","[Today Auto]기아, PV5 앞세워 일본 시장 진출…'2025 재팬 모빌리티쇼' ...",http://www.press9.kr/news/articleView.html?idxno=68330
2025-10-29,LAUNCH,"은 나노와이어 기술 혁신, 차세대 전자기기 성능 높인다",https://www.viva100.com/article/20251029501720
2025-10-29,LAUNCH,"CEO 앞에 선 RM ""K팝은 비빔밥‥예술로 다양성 키워야""",https://imnews.imbc.com/replay/2025/nwdesk/article/6770236_36799.html
2025-10-29,"INVEST,LAUNCH","애플, 아이폰17 ‘프로’ 인기 힘입어 4분기 실적 상승 기대",https://www.g-enews.com/view.php?ud=2025103000194641469a1f309431_1
2025-10-29,"INVEST,LAUNCH,PARTNERSHIP","아마존 등 7개 글로벌 기업, 5년간 13조 규모 투자 약속",https://www.ksilbo.co.kr/news/articleView.html?idxno=1040316
2025-10-29,"INVEST,LAUNCH",자동차업계 ‘천만다행’… 되살아난 수출경기 탄력 기대감 [2025 경주 에...,https://www.segye.com/newsView/20251029521050?OutUrl=naver
2025-10-29,LAUNCH,"기후위기·기술혁명 시대의 패션, 지속가능성을 묻다",http://www.ktnews.com/news/articleView.html?idxno=141940
2025-10-29,LAUNCH,"[30일 실적발표] 삼성전자, LG엔솔, 현대차, KB금융...",https://www.smarttoday.co.kr/news/articleView.html?idxno=94843
2025-10-29,INVEST,"아마존 등 7개 기업, 한국에 5년간 13조원 투자한다 [경주 APEC]",http://www.fnnews.com/news/202510291829559724
2025-10-29,INVEST,"""여유로운 공간과 실용성을 갖춘 전기 SUV""",http://www.namdonews.com/news/articleView.html?idxno=837453
2025-10-29,"INVEST,LAUNCH",미국 연방공개시장위원회(FOMC) 기준금리 발표,https://www.hankyung.com/article/2025102907411
2025-10-29,ORDER,"레드캡투어, 매출 성장에도  LG  의존…수익성·사업 다각화 과제",https://www.newsway.co.kr/news/view?ud=2025102914180910727
2025-10-29,INVEST,[100대 기업 보고서] 두 자릿수 미만 低PER 5곳 중 2곳 넘어 [넘버스],https://www.bloter.net/news/articleView.html?idxno=646405
2025-10-29,"INVEST,LAUNCH,ORDER","""코스피 4000, 더 간다…꽃 꺾지마라""",https://www.nocutnews.co.kr/news/6420061?utm_source=naver&utm_medium=article&utm_campaign=20251029100756
2025-10-29,INVEST,"LG디스플레이 , 10월 29일 장중 14,390원 0.56% 상승",https://www.topstarnews.net/news/articleView.html?idxno=15855680
2025-10-29,INVEST,취임 3주년 이재용  삼성 전자 회장 '뉴 삼성 ' 향한 기술경영 광폭 행보 이...,http://www.wsobi.com/news/articleView.html?idxno=294042
2025-10-29,"INVEST,ORDER","배터리 3사, '실적·리스크'에 성적표 희비…CEO 연임 향방은",http://www.newslock.co.kr/news/articleView.html?idxno=118314
2025-10-29,"INVEST,ORDER",'차 안의 눈' 잡은  삼성 전기…AI 모빌리티 핵심기업으로 부상,https://www.pinpointnews.co.kr/news/articleView.html?idxno=389610
2025-10-29,"INVEST,LAUNCH",[종합] 메타 3분기 순익 27억달러로 '쇼크'…'트럼프 세제법' 일회성 충...,https://www.newspim.com/news/view/20251030000027
2025-10-29,"INVEST,LAUNCH,PARTNERSHIP",[美증시 특징주] 엔비디아 현기증 나는 랠리...사상최초 시총 5조달러 뚫...,https://www.mediapen.com/news/view/1053364
2025-10-29,LAUNCH,미 달러화 강세…美中 무역협상 기대감 + FOMC 결과 촉각,https://news.einfomax.co.kr/news/articleView.html?idxno=4381002
2025-10-29,"INVEST,REGUL",[마켓칼럼] 커지는 美 주식시장 고평가 논란…어떻게 대응할까,https://www.hankyung.com/article/202510298794i
2025-10-29,INVEST,"시그넷 에너지, 키웨티노크 14억 캐나다달러에 인수",https://www.newstopkorea.com/news/articleView.html?idxno=40632
2025-10-29,INVEST,[속보]파월 '매파적 인하'에 다우↓…엔비디아 덕에 나스닥만↑,http://www.edaily.co.kr/news/newspath.asp?newsid=01646566642338168
2025-10-29,LAUNCH,"[현장] 구독자 '7300만' 美 유튜버 ""바이럴 비결은 마음 움직이는 스토리...",https://zdnet.co.kr/view/?no=20251030031654
2025-10-29,"INVEST,LAUNCH",머니투데이 오프라인 헤드라인-30일,https://www.mt.co.kr/stock/2025/10/30/2025102922360348459
2025-10-29,"INVEST,LAUNCH","엔비디아, 장중 최고가 경신…세계 첫 시가총액 5조달러 돌파",http://www.metroseoul.co.kr/article/20251030500009
2025-10-29,"INVEST,LAUNCH",[속보] 연준 FOMC 또 금리인하 + 양적긴축(QT) 중단...뉴욕증시 비트코인...,https://www.g-enews.com/view.php?ud=202510211115013434906806b77b_1
2025-10-29,"INVEST,LAUNCH","뉴욕증시, 금리 인하 전망·AI 낙관론에 강세…엔비디아 시총 5조달러 돌...",https://view.asiae.co.kr/article/2025103002095643676
2025-10-29,"LAUNCH,PARTNERSHIP","구글,  애플 에만 연 200억 달러 지급…AI 브라우저 '유통 전쟁' 격화",https://www.g-enews.com/view.php?ud=20251029181250305fbbec65dfb_1
2025-10-29,LAUNCH,"넥슨, 방치형 RPG 신작 ‘메이플 키우기’ 내달 6일 출시",https://www.m-economynews.com/news/article.html?no=61223
2025-10-29,"INVEST,LAUNCH,REGUL",'AI붐 중심축' 엔비디아 시총 5조달러…3년 만에 주가 12배,https://www.hankyung.com/article/202510301387i
2025-10-29,INVEST,경기 중계 : 손흥민 LAFC 오스틴,https://www.bntnews.co.kr/article/view/bnt202510290193
2025-10-29,LAUNCH,"브이파이브 게임즈, '미르의 전설 2 레드나이트' 정식 출시",https://www.cstimes.com/news/articleView.html?idxno=674767
2025-10-29,"INVEST,LAUNCH","고공행진 엔비디아 시가총액, 사상 첫 5조달러 돌파",https://www.g-enews.com/view.php?ud=2025102923323938079a1f309431_1
2025-10-29,"CERT,LAUNCH,REGUL",[역사속 오늘·10.30] 국도극장 철거(1999)·‘코리아타임즈’ 창간(1950)...,http://kor.theasian.asia/archives/392200
2025-10-29,LAUNCH,연준 금리발표 앞둔 뉴욕증시 5일 연속 상승…엔비디아 5조달러 돌파,https://www.hankyung.com/article/202510291312i
2025-10-29,"INVEST,LAUNCH","APEC 찾은 빅테크들...재생에너지 투자 ""한국만 패싱?""",https://www.ytn.co.kr/_ln/0105_202510292302293888
2025-10-29,"INVEST,LAUNCH","[시황 분석] 미국 뉴욕증시 장초반, 25bp 인하·AI·빅테크 랠리",https://www.topstarnews.net/news/articleView.html?idxno=15856694
2025-10-29,"INVEST,REGUL","온도, BNB체인서 미국 주식 토큰화",https://www.digitaltoday.co.kr/news/articleView.html?idxno=600809
2025-10-29,"INVEST,LAUNCH,PARTNERSHIP,REGUL",관세 인하에 車업계 안도…반도체는 “대만보다 불리하지 않게”[Pick코...,https://www.sedaily.com/NewsView/2GZDNAK804
2025-10-29,"INVEST,LAUNCH,REGUL","코스피 사상 최고치 돌파한 날...JP모건 ""6000도 가능""",http://weekly.chosun.com/news/articleView.html?idxno=45639
2025-10-29,"INVEST,LAUNCH,PARTNERSHIP","'AI 열풍' 주도 엔비디아, 사상 첫 시총 5조달러 돌파(종합2보)",https://www.yna.co.kr/view/AKR20251029200052072?input=1195m
2025-10-29,"INVEST,LAUNCH",'우리가 만들어가는 지속가능한 내일'... 2025 APEC 정상회의 본궤도 올...,https://www.hankookilbo.com/News/Read/A2025102619580005527?did=NA
2025-10-29,LAUNCH,트럼프 떠나고 시진핑 온다…연일 '초긴장 모드',https://news.sbs.co.kr/news/endPage.do?news_id=N1008311406&plink=ORI&cooper=NAVER
2025-10-29,LAUNCH,"삼성전자 , 국내외 소비자 만족도 조사서 최다 품목 1등 행진",https://www.seoul.co.kr/news/economy/industry/2025/10/30/20251030014001?wlog_tag3=naver
2025-10-29,"INVEST,LAUNCH,REGUL",코스피 훈풍에 3차 상법 개정도 눈앞…'지주사' 다시 관심↑,https://www.nocutnews.co.kr/news/6420381?utm_source=naver&utm_medium=article&utm_campaign=20251030050108
2025-10-29,"INVEST,LAUNCH,ORDER,PARTNERSHIP","젠슨 황, 韓에 '선물 보따리' 풀까… 삼성 ·현대차 계약 가능성",https://www.nocutnews.co.kr/news/6420457?utm_source=naver&utm_medium=article&utm_campaign=20251030050109
2025-10-29,LAUNCH,"삼성전자 , HBM4 공급 계획 밝힐까…3분기 성적표 공개",http://www.edaily.co.kr/news/newspath.asp?newsid=01603926642338168
2025-10-29,LAUNCH,"[단독] '컨트롤타워' 문 닫나…그룹 경영진단실,  삼성전자 로 소속 변경",https://www.joongang.co.kr/article/25377917
2025-10-29,"INVEST,REGUL",[단독] 대기업들 특별연장근로 남용…노동부는 ‘묻지마 인가’,https://www.hani.co.kr/arti/society/labor/1226265.html
2025-10-29,PARTNERSHIP,"LG전자 , KT와 '超보안 시대' 연다…'양자 직접 통신' 기술 개발",https://www.apnews.kr/news/articleView.html?idxno=3041671
2025-10-29,INVEST,"서울시, 佛 양자컴퓨팅 기업 ‘파스칼’ 유치",https://www.donga.com/news/Society/article/all/20251030/132663249/2
2025-10-29,CERT,[부고]강흥수 별세 外,https://www.donga.com/news/People/article/all/20251030/132664507/2
2025-10-29,"CERT,LAUNCH,PARTNERSHIP","‘장바구니 부담’ 시니어 위한 혜택, 한우·가전 생활밀착형 할인 총망...",https://bravo.etoday.co.kr/view/atc_view/17661
2025-10-29,INVEST,"‘알바노 트리플더블’… 원주DB, 대구 잡고 2연승 질주",https://www.kwnews.co.kr/page/view/2025102923470590531
2025-10-29,ORDER,"LG전자 , 10년 연속 코리아 세일 페스타 참여",https://www.cstimes.com/news/articleView.html?idxno=674744
2025-10-29,"INVEST,LAUNCH,PARTNERSHIP",美 관세로 재편된 TV 시장…유럽·신흥국 경쟁 '가열',https://dealsite.co.kr/articles/150310
2025-10-29,"INVEST,LAUNCH,PARTNERSHIP","SK하이닉스, 3분기 매출 24조4489억·영업익 11조3834억…사상 최대",https://www.straightnews.co.kr/news/articleView.html?idxno=284950
2025-10-29,LAUNCH,"'라이브부터 토크까지 존재감 폭발' 빅싱어 이찬원, '키스 더 라디오' 제...",https://www.topstarnews.net/news/articleView.html?idxno=15856319
2025-10-29,"CERT,INVEST,LAUNCH",[오리온 바이오 8년] K-푸드에서 K-바이오로…그룹 미래 먹거리 베팅,https://dealsite.co.kr/articles/150178
2025-10-29,LAUNCH,'인텔 서울 팝업스토어'서 인텔 최신 AI PC-어플 깜짝 체험해볼까,https://www.gametoc.co.kr/news/articleView.html?idxno=103316
2025-10-29,LAUNCH,"엔비디아, 美 차세대 AI 팩토리 설계…‘기가와트급’ 디지털 트윈 추진",https://www.ddaily.co.kr/page/view/2025102915463174443
2025-10-29,CERT,"델 테크놀로지스, AI 데이터 처리 혁신…'델 AI 데이터 플랫폼' 대규모 ...",http://www.newsroad.co.kr/news/articleView.html?idxno=48018
2025-10-29,LAUNCH,[패치] 신규 서버 라울 20시 오픈! 신규 신화 스킬 추가까지,https://www.inven.co.kr/webzine/news/?news=310815
2025-10-29,LAUNCH,"인텔, 아시아 유일 AI PC 팝업스토어 오픈…2나노 ‘팬서레이크’ 공개",https://www.joongang.co.kr/article/25377655
2025-10-29,LAUNCH,[메카 랭킹] 킹오파 AFK 테리의 단짝으로 스푸키 매츄어 낙점!,https://www.gamemeca.com/mv.php?inflow=naver_s&gid=1767678
2025-10-29,LAUNCH,"붉은사막XAMD 팝업스토어, 30일 홍대 오픈",http://www.sportsq.co.kr/news/articleView.html?idxno=487051
2025-10-29,LAUNCH,"인텔, 11월 서울 강남서 AI PC 팝업스토어 연다",https://zdnet.co.kr/view/?no=20251029000113
2025-10-29,INVEST,"[반도체 포럼]""강원 반도체 포럼, 강원 반도체 중심도시 원주 각인시키...",https://www.kwnews.co.kr/page/view/2025102911342563456
2025-10-29,INVEST,원주서 2025 강원특별자치도 반도체포럼 개막,https://www.webeconomy.co.kr/news/articleView.html?idxno=2030440
2025-10-29,INVEST,[반도체 포럼]“대만인의 단결·신뢰·분업 정신 반도체 산업 이끌어”,https://www.kwnews.co.kr/page/view/2025102917255471480
2025-10-29,"CERT,LAUNCH","ASUS  ‘ROG 팬데이 2025’ 개최...""많은 사랑 주신 국내 ROG팬들과 소통""",https://www.betanews.net/article/view/beta202510290080
2025-10-29,"INVEST,LAUNCH","한효주, 완벽한 ‘일드 로코’ 재질…글로벌도 퐁당 ‘로맨틱 어나니머...",https://isplus.com/article/view/isp202510200128
2025-10-29,LAUNCH,“곧 같은 이불” 김일우♥박선영 미리 다녀온 신혼여행(신랑수업)[어제...,https://www.newsen.com/news_view.php?uid=202510292200432510
2025-10-29,LAUNCH,"'마약 투약' BJ세야, 항소심서 '징역 2년'으로 감형",http://www.fnnews.com/news/202510291759465268
2025-10-29,LAUNCH,“AI가 셜록 홈즈가 된다”…휴대폰 한 대로 현장 감식·추론까지,http://www.edaily.co.kr/news/newspath.asp?newsid=01653126642338168
2025-10-29,REGUL,[단독] 말만 장애인 검진기관…필수장비 완비 82곳 중 1곳뿐,https://www.joongang.co.kr/article/25377912
2025-10-29,INVEST,[오늘의 운세] 10월30일 별자리 운세,http://www.fntimes.com/html/view.php?ud=202510292314093550c1c16452b0_18
2025-10-29,REGUL,[홍재청년문학상 소설부문 본상 당선작] '난장이의 목장',https://www.joongboo.com/news/articleView.html?idxno=363707161
2025-10-29,"CERT,INVEST,LAUNCH,PARTNERSHIP","강동경희대병원, 차세대 방사선치료 장비 헬시온4.0ㆍSGRT 도입 外",http://www.newsmp.com/news/articleView.html?idxno=249633
2025-10-29,CERT,"""포터블 끝판왕 등장!"" 퀘스타일 SIGMA, 93만 원에 구현한 하이엔드 사운...",https://www.autodaily.co.kr/news/articleView.html?idxno=538314
2025-10-29,LAUNCH,울산 버스 노선 개편 후 배차간격 줄고 이용 늘었다,https://www.ulsanpress.net/news/articleView.html?idxno=561843
2025-10-29,INVEST,4000 넘어서도 연일 신기록…'진격의 코스피'에 연기금·공제회 미수,http://www.edaily.co.kr/news/newspath.asp?newsid=05818726642337840
2025-10-29,"INVEST,LAUNCH,ORDER,PARTNERSHIP,REGUL","[2025 푸드위크 코리아]”K-푸드, 일시적 아닌 하나의 산업 성장“",https://www.asiatime.co.kr/article/20251029500489
2025-10-29,"CERT,INVEST,LAUNCH","[2025 국감종합] 국토위, 인사·정책 공방 격화…국토장관 ""연말 추가 공...",https://www.newspim.com/news/view/20251029001500
2025-10-29,INVEST,"[그럭저럭 어른 행세] ""스터디카페 하는 사람 있냐?""는 형의 카톡, 불안...",https://www.ohmynews.com/NWS_Web/View/at_pg.aspx?CNTN_CD=A0003177573&CMPT_CD=P0010&utm_source=naver&utm_medium=newsearch&utm_campaign=naver_news
2025-10-29,"INVEST,LAUNCH,REGUL","[실리콘 디코드] 대만 TSMC, 글로벌 확장 가속…'실리콘 방패' 전략적 균...",https://www.g-enews.com/view.php?ud=202510291431594636fbbec65dfb_1
2025-10-29,LAUNCH,"""모든 수단 총동원""…국민의힘, '갑질 논란' 최민희 전방위 압박",https://www.dailian.co.kr/news/view/1565911/?sc=Naver
2025-10-29,"CERT,LAUNCH",20년 연속 1위 기업 4개…클라리오스델코 ‘명예의 전당’,https://www.joongang.co.kr/article/25377834
2025-10-29,"INVEST,LAUNCH","KAI, '평양 무인기'로 무더기 의혹…""사실과 달라""",https://www.ntoday.co.kr/news/articleView.html?idxno=120980
2025-10-29,LAUNCH,"몬스타기어, 무선 콤보 'X108 BTW 마들렌 세트' 출시",https://www.ilovepc.co.kr/news/articleView.html?idxno=56611
2025-10-29,LAUNCH,"커세어, 견고함과 휴대성 모두 갖춘 포터블 SSD 신제품 2종 출시",https://www.ilovepc.co.kr/news/articleView.html?idxno=56603
2025-10-29,INVEST,"이해민 의원 ""R&D는 적시성· 자율성· 전문성이 중요""",https://zdnet.co.kr/view/?no=20251029183311
2025-10-28,LAUNCH,다 펼치니  테블릿 …두 번 접는 폰 시대 온다,https://biz.sbs.co.kr/article_hub/20000268192?division=NAVER
2025-10-29,INVEST,"[국민의 기업] ""지역 자원·문화 활용한 비기술 창업 생태계 만들어야""",https://www.joongang.co.kr/article/25377976
2025-10-29,LAUNCH,"VR에서 XR로, 헤드셋에서 안경으로… 더 편하게, 더 똑똑하게",https://www.kmib.co.kr/article/view.asp?arcid=1761652105&code=11151400&cp=nv
2025-10-29,INVEST,AI 선별 뉴스로 투자정보 ‘쏙쏙’… 증권플러스 플랫폼 ‘뉴스룸’ 탭...,https://www.chosun.com/economy/tech_it/2025/10/30/L7MI2XS76VDJBPCMDBCYZKL5NE/?utm_source=naver&utm_medium=referral&utm_campaign=naver-news
2025-10-29,INVEST,비트버니 퀴즈 10월 30일 정답은,http://www.namdonews.com/news/articleView.html?idxno=837486
2025-10-29,LAUNCH,"""어둠 속 한 줄기 빛 따라""…이성열, 서정적 밤→묘한 여운 셀카",https://www.topstarnews.net/news/articleView.html?idxno=15856740
2025-10-29,LAUNCH,쏠퀴즈 정답 10월 30일,https://www.bntnews.co.kr/article/view/bnt202510290194
2025-10-29,REGUL,"[부산교육청] 김석준 교육감, 학부모 250명과 현장소통간담회 외",https://ilyo.co.kr/?ac=article_view&entry_id=502164
2025-10-29,"INVEST,LAUNCH","“차 안이 디즈니 세상”…기아, 월트디즈니와 협업",https://www.sentv.co.kr/article/view/sentv202510290177
2025-10-29,LAUNCH,"기아, 월트디즈니와 손잡고 ‘디즈니 테마  디스플레이 ’ 출시",https://www.socialvalue.kr/news/view/1065587927726441
2025-10-29,"INVEST,LAUNCH",['와신상담' 이재용의 3년③] 하만 빅딜 통했다…전장 패권 확보에 사활,https://www.ntoday.co.kr/news/articleView.html?idxno=120903
2025-10-29,"INVEST,LAUNCH","토요타 bZ, 애플맵스와 연동…충전소 탐색 간편해져",https://www.digitaltoday.co.kr/news/articleView.html?idxno=600490
2025-10-29,"INVEST,LAUNCH,ORDER","[더벨][세미파이브 IPO]AI 반도체 설계 능력 입증, '2nm' 칩 수주 쾌거",https://www.thebell.co.kr/free/content/ArticleView.asp?key=202510281606287480102412
2025-10-29,"INVEST,LAUNCH",63빌딩-남산보다 훨씬 높다!... 사우디에 계획된 350M '하늘 축구장' 손...,https://www.besteleven.com/news/articleView.html?idxno=301073
2025-10-29,LAUNCH,"[10월 29일] 스마일게이트, 한국형 공포 게임 '골목길: 귀흔' 출시 등 게...",https://www.gameple.co.kr/news/articleView.html?idxno=214324
2025-10-29,"CERT,INVEST,LAUNCH","""2050년 원자력 3배 확대 안할 시 AI 대응 못한다…양질의 전력공급 필요...",http://www.e-platform.net/news/articleView.html?idxno=97347
2025-10-29,LAUNCH,"스마일게이트, 스토브 통해 정통 K-공포 '골목길: 귀흔' 정식 출시",https://www.thedailypost.kr/news/articleView.html?idxno=111601
2025-10-29,LAUNCH,[APEC 2025] AI와 신라의 만남…'디지털 신라'로 빛나는 천년고도,http://www.newsprime.co.kr/news/article.html?no=709479
2025-10-29,LAUNCH,삼성 ‘갤럭시  XR ’ 체험존 예약 몰려,https://www.donga.com/news/Economy/article/all/20251029/132663361/2
2025-10-29,"INVEST,REGUL","'3년 만에 예산 균형 달성'…KBS, 흑자 전환·대형 콘텐츠 투자 예고",https://www.ppss.kr/news/articleView.html?idxno=272939
2025-10-29,"INVEST,LAUNCH,PARTNERSHIP","부산, 세계 도시 잇는 관광협력 플랫폼 띄웠다",https://www.busan.com/view/busan/view.php?code=2025102918371532619
2025-10-29,"LAUNCH,ORDER,REGUL","[재계 투데이] 삼성전자 '갤럭시  XR ' 체험존, 1030세대에 인기 ​外",https://news.dealsitetv.com/articles/160798
2025-10-29,LAUNCH,"더블미, '도쿄 페어 2025' 참가… XR  명상 '차원: Dimension' 첫 선",https://www.mt.co.kr/tech/2025/10/29/2025102917473486925
2025-10-29,INVEST,"""AI 영상으로 신라 소개""…황리단길 '시네마천국' 변신",https://www.hankyung.com/article/2025102906821
2025-10-29,PARTNERSHIP,"레드포스 PC방 전남 광양점, ""차원이 다른 플레이 존 오픈""",https://www.enetnews.co.kr/news/articleView.html?idxno=43488
2025-10-28,LAUNCH,"폴더블 아이폰 '지연설'…삼성, 폴더블 생태계 주도 강화",https://dealsite.co.kr/articles/150200
2025-10-29,PARTNERSHIP,"PI첨단소재-플렉셀스페이스, 우주·위성 태양전지개발 맞손",http://www.thelec.kr/news/articleView.html?idxno=42929
2025-10-29,"CERT,INVEST,LAUNCH","""EDM·ICF 상용화 임박… 클린룸 장비 압도적 1위 굳힐것""",http://www.fnnews.com/news/202510291811545774
2025-10-29,"INVEST,LAUNCH,REGUL",[항동에서] 인천의 '산업 생태계' 건강한지 되돌아볼 때다,https://www.incheonilbo.com/news/articleView.html?idxno=1307429
2025-10-30,"INVEST,LAUNCH,ORDER","삼성전자, 3분기 매출 86.1조·영업이익 12.2조…역대 최대 분기 실적",http://www.womentimes.co.kr/news/articleView.html?idxno=91853
2025-10-31,LAUNCH,"다 펼치니 10인치대 대형 화면… ‘두 번 접는 폰’, APEC서 첫 공개",https://www.chosun.com/special/special_section/2025/10/31/DAHWYAU6XJCFXMWP3ZOFPHGTGY/?utm_source=naver&utm_medium=referral&utm_campaign=naver-news
2025-10-31,REGUL,회장님께 자사주 할인 매각한 엘엠에스…주주충실의무 '실종',https://www.news1.kr/finance/general-stock/5952978
2025-10-30,"INVEST,LAUNCH","LG디스플레이, 3분기 영업이익 4310억원...흑자전환 전망",http://www.finomy.com/news/articleView.html?idxno=241996
2025-10-31,"CERT,INVEST,LAUNCH,ORDER,REGUL","[더벨][네온테크·GIS 합병 로드맵]반도체·디스플레이 장비사 결합, 운...",https://www.thebell.co.kr/free/content/ArticleView.asp?key=202510301139198040108235
2025-10-31,LAUNCH,한국-캐나다 정상회담 '핵심광물' 등 논의,https://www.todayenergy.kr/news/articleView.html?idxno=290484
2025-10-31,"INVEST,LAUNCH,ORDER,PARTNERSHIP",[Who Is ?] 박영근 탑런토탈솔루션 대표이사 부회장,https://www.businesspost.co.kr/BP?command=article_view&num=417847
2025-10-31,LAUNCH,아이폰 효과 ‘톡톡’…성수기 진입한 LG 부품사,http://www.newstomato.com/ReadNews.aspx?no=1279920&inflow=N
2025-10-30,CERT,"엘모스, LIN 인터페이스가 포함된 RGBW  LED  드라이버E521.39 소개",https://www.etnews.com/20251029000137
2025-10-30,"CERT,INVEST,LAUNCH","비보존제약, 500억 유증 '주주 부담 전가' 논란",https://hbnpress.com/news/view/1065580591044615
2025-10-30,"INVEST,LAUNCH",올해 공개된 가장 특이한 토요타·렉서스 콘셉트 5,https://www.thedrive.co.kr/news/newsview.php?ncode=1065578237584160
2025-10-30,"INVEST,LAUNCH","""게이밍 위한 완성도 높은 성능"" HP 오멘 맥스 16 AMD 게이밍 노트북 [리...",https://it.chosun.com/news/articleView.html?idxno=2023092149859
2025-10-30,"INVEST,LAUNCH","매직리프, 안드로이드 XR 스마트글래스 프로토타입 공개…구글 협력 강...",https://www.digitaltoday.co.kr/news/articleView.html?idxno=600882
2025-10-30,"CERT,INVEST,LAUNCH,ORDER,PARTNERSHIP,REGUL",[Who Is ?] 조현범 한국앤컴퍼니 대표이사 회장,https://www.businesspost.co.kr/BP?command=article_view&num=417602
2025-10-31,LAUNCH,K컬처로 물든 BMO…손흥민 효과…K팝·한인 맛집 음식·굿즈도,https://www.koreadaily.com/article/20251030215827547
2025-10-31,"INVEST,LAUNCH","HDC현대산업개발, 3250세대 대단지 '운정 아이파크 시티' 견본주택 개관",https://www.smarttoday.co.kr/news/articleView.html?idxno=95064
2025-10-30,LAUNCH,"[경주 APEC] VIP들 ""경주의 품격있는 서비스 깊은 인상 받았다""",https://www.idaegu.co.kr/news/articleView.html?idxno=528091
2025-10-30,"CERT,LAUNCH,PARTNERSHIP,REGUL",[유통가 브리프] 롯데백화점 신세계백화점 현대백화점 롯데마트 쿠팡 이...,https://www.s-journal.co.kr/news/articleView.html?idxno=35072
2025-10-30,"CERT,LAUNCH,PARTNERSHIP",[오늘의 여가] 하얏트호텔·트래블월렛,http://www.financialreview.co.kr/news/articleView.html?idxno=37925
2025-10-30,"CERT,LAUNCH","11월 첫 주말, 다양한 인천 축제, 콘서트·영화제·북페스티벌",http://www.incheonin.com/news/articleView.html?idxno=113317
2025-10-31,LAUNCH,"이제 올라갈 일만 남았다...롯데하이마트, 3분기 연속 수익성 개선",http://www.fnnews.com/news/202510311134477418
2025-10-31,LAUNCH,"롯데하이마트, 3분기 연속 수익성 개선…누계 영업이익 184억 흑자",https://www.seoultimes.news/news/article.html?no=2000083961
2025-10-31,LAUNCH,"삼성 TV, 디즈니 플러스 'HDR10+' 지원 시작",https://www.kpinews.kr/newsView/1065563184648428
2025-10-31,LAUNCH,"동국대 연구팀, 자연 유래 규조토로 OLED 발광효율 획기적 향상 기술 개...",http://www.newstnt.com/news/articleView.html?idxno=548982
2025-10-31,"CERT,INVEST,LAUNCH",화장품부터 로봇까지...'K-테크·뷰티'에 이목 집중,https://science.ytn.co.kr/program/view.php?mcd=0082&hcd=&key=202510311102543873
2025-10-31,LAUNCH,"""카니발 잡을 신차 온다"" 지커, 전기 미니밴 '믹스' 국내 포착. 국내 출...",https://www.autodaily.co.kr/news/articleView.html?idxno=538429
2025-10-31,"CERT,LAUNCH,ORDER,REGUL","[CNB뉴스 위클리픽-중화학] HD현대중공업, 장보고-Ⅱ 성능개량사업 수주...",https://www.cnbnews.com/news/article.html?no=758256
2025-10-31,LAUNCH,'스마트·경관·미디어'까지…DDP서 한눈에 본 도시조명 혁신,https://www.electimes.com/news/articleView.html?idxno=361294
2025-10-31,"CERT,LAUNCH,REGUL",공존을 위한 일상을 디자인하다: 2025 대민한국 공공디자인대상,https://vmspace.com/report/report_view.html?base_seq=MzYxMA==
2025-10-31,INVEST,"최윤범 고려아연 회장, ""전략광물 해법 있다"" 한미 공급망 협력 강화 선...",https://www.handmk.com/news/articleView.html?idxno=33709
2025-10-31,"LAUNCH,PARTNERSHIP","아우디, 프리미엄 전동화 플랫폼 첫 세단 'A6 e-트론' 출시…시장 공략",https://www.news1.kr/industry/auto-industry/5960218
2025-10-31,PARTNERSHIP,"LG화학, 獨 자이스와 '포토폴리머 필름' 사업 협력 맞손",https://www.straightnews.co.kr/news/articleView.html?idxno=285202
2025-10-30,"INVEST,LAUNCH",[DD퇴근길] 카톡 업데이트·사법리스크…'카카오 대표 연임' 변수로,https://www.ddaily.co.kr/page/view/2025103017063219631
2025-10-30,LAUNCH,[르포] APEC 현장에서 만난 '혁신의 장'…제품이 아닌 작품,https://www.imaeil.com/page/view/2025102915463116215
2025-10-31,"INVEST,REGUL","SK네트웍스, 인크로스 지분 36% 인수…""시너지 창출할 것""",https://www.cnbnews.com/news/article.html?no=758343
2025-10-31,LAUNCH,'서울반도체·일진글로벌·타타대우' 총 12개사 동반성장 미흡 '낙제',http://www.shinailbo.co.kr/news/articleView.html?idxno=2138506
2025-10-31,LAUNCH,"[금융 단신] 신한라이프, '사망보험금 유동화 서비스' 출시 外",http://www.dailypop.kr/news/articleView.html?idxno=92683
2025-10-31,"INVEST,LAUNCH","엔비디아, K-POP 광장을 ‘지포스’의 녹색 물결로 물들이다",https://www.donga.com/news/It/article/all/20251031/132676994/1
2025-10-31,"INVEST,LAUNCH",[이재용 취임 3주년 ②] 불황에도 '인재제일·기술중시' 철학 계승,http://www.newsprime.co.kr/news/article.html?no=709801
2025-10-31,INVEST,"삼성전자 두고 '동상이몽' 심화…기관 매수세 강화, 외인 매도 지속",http://www.newstnt.com/news/articleView.html?idxno=549153
2025-10-31,"CERT,INVEST,LAUNCH",거래처·신고진행 관리를 체계적으로…IT 세무기장 플랫폼 '온리원',https://www.taxtimes.co.kr/news/article.html?no=272191
2025-10-31,LAUNCH,재계 인사 시즌 본격 개막…화두는 성과주의·미래 경쟁력,https://news.tf.co.kr/read/economy/2257774.htm
2025-10-31,"INVEST,LAUNCH,REGUL",[더벨][thebell League Table/2025 이사회 평가]상위 30위권  LG 계열 전무…...,https://www.thebell.co.kr/free/content/ArticleView.asp?key=202510281440428280102155
2025-10-31,"INVEST,ORDER","[코스피·코스닥,KB금융 삼성전자 현대차 SK텔레콤 한미약품 HD현대중공...",https://www.public25.com/news/articleView.html?idxno=33085
2025-10-31,INVEST,"삼성 D, 동반성장지수 평가서 8년 연속 최우수 등급",https://www.etnews.com/20251031000265
2025-10-31,"INVEST,REGUL",英 암호화폐 ETN 시장 개방…개인투자자도 진입 가능,https://www.digitaltoday.co.kr/news/articleView.html?idxno=601325
2025-10-31,INVEST,잇따르는 '美사모대출 부실' 경고음…이번엔 블랙록 자회사 6000억원 사...,https://www.sedaily.com/NewsView/2GZE44XBGP
2025-10-30,INVEST,“여러분의 언어로 투표하세요”,https://www.koreadaily.com/article/20251029194709275
2025-10-30,"INVEST,LAUNCH",[글로벌 마켓 리포트 10월 30일],https://www.newspim.com/news/view/20251030000074
2025-10-30,INVEST,"LG디스플레이, 3분기 4310억 '흑전'…""턴어라운드 가시화""(종합)",https://www.newsis.com/view/NISX20251030_0003383889
2025-10-30,INVEST,"'정철동 매직' LGD, 3Q 영업익 4310억…4년만 '턴어라운드' 확정적(종합...",https://www.news1.kr/industry/electronics/5959572
2025-10-30,LAUNCH,[컨콜] LG디스플레이 “워치용 OLED 패널 공급 확대⋯프리미엄 웨어러블...,https://www.viva100.com/article/20251030501214
2025-10-31,"LAUNCH,PARTNERSHIP",열병식에 담긴 '우리는 과거의 북한이 아니다’,https://www.sisain.co.kr/news/articleView.html?idxno=56632
2025-10-31,LAUNCH,"""갤럭시S26, 중요한 알림 이렇게 보여준다""",https://zdnet.co.kr/view/?no=20251031133603
2025-10-31,INVEST,"넷플릭스, 워너 브라더스 인수 검토",https://www.khgames.co.kr/news/articleView.html?idxno=245920
2025-10-31,LAUNCH,"믿음으로 다시, 무대 위로 '엔카이브', 2집 'BELIEVE'로 글로벌 팬 맞이",https://www.sisamagazine.co.kr/news/articleView.html?idxno=519915
2025-10-31,LAUNCH,"G마켓, 11월1일 ‘빅스마일데이’ 개막…할인지원 550억, 특가상품 3천만...",https://www.kgnews.co.kr/news/article.html?no=871763
2025-10-31,LAUNCH,[현장] “망치 들고 보스전에 도전” 홍대서 열린 ‘붉은사막’ 세계관,http://www.fntimes.com/html/view.php?ud=2025103114074289317fd637f543_18
2025-10-31,LAUNCH,"롯데웰푸드, 2030세대 겨냥한 이색 체험...성수동에 '자일리톨 팝업스토...",https://www.mhns.co.kr/news/articleView.html?idxno=729586
2025-10-31,LAUNCH,"넷마블, 자체 IP 신작 연이은 흥행… '세븐나이츠 리버스' 글로벌 시장 ...",https://it.chosun.com/news/articleView.html?idxno=2023092150052
2025-10-31,LAUNCH,"'금리인상 신중론'에 닛케이, 사상 첫 5만2천선 돌파",http://www.fnnews.com/news/202510311355356624
2025-10-31,LAUNCH,"캠코, 2천 914억원 규모 압류재산 1천 299건 공매",https://www.busan.com/view/busan/view.php?code=2025103114075411428
2025-10-31,"LAUNCH,PARTNERSHIP","애플 뮤직, 거장 지휘자 카라얀·베를린 필하모닉 함께한 워너클래식 디...",https://www.sportsworldi.com/newsView/20251031509351
2025-10-31,LAUNCH,"SPC 쉐이크쉑, 겨울시즌 한정 '스노우 치즈 쉑' 등 선봬",https://www.goodkyung.com/news/articleView.html?idxno=275567
2025-10-31,"CERT,INVEST,LAUNCH,ORDER","삼성, ""HBM 내년 증산 계획까지 검토""…SK와 진검승부 예고",http://www.seoulwire.com/news/articleView.html?idxno=678037
2025-10-31,"PARTNERSHIP,REGUL",철통경호 속 ‘셔터 찬스’ 아낌없이…젠슨 황은 고단수였다[청계천옆...,https://www.donga.com/news/Culture/article/all/20251031/132677609/1
2025-10-31,INVEST,"SK하이닉스, 시총 비중 10% 돌파...투자한도 확대 적용",https://www.sentv.co.kr/article/view/sentv202510310134
2025-10-31,LAUNCH,“더 비싼 순살만 먹던 나 반성”…‘8300조 회동’에 온라인 후끈,https://www.donga.com/news/Society/article/all/20251031/132676837/2
2025-10-31,"INVEST,LAUNCH",현대오토에버 주가 파죽지세... '깐부 회동'이후 AI 협력 기대감,https://www.pinpointnews.co.kr/news/articleView.html?idxno=390620
2025-10-31,LAUNCH,"'이재용X젠슨황X정의선' 치킨 값은 누가 계산?…""오늘 저녁은 공짜""",https://economist.co.kr/article/view/ecn202510310037
2025-10-31,INVEST,"젠슨 황, 이재용, 정의선 ‘치맥회동’에 글로벌 브랜드 홍보 수혜 입은...",https://weekly.donga.com/3/all/11/5934382/1
2025-10-31,INVEST,"[단독] 삼성  초년생 전세사기로 등친 현직 검찰 수사관, 체포영장 발부",https://www.mt.co.kr/society/2025/10/31/2025103109023071819
2025-10-31,LAUNCH,"신아영, 젠슨 황 엔비디아 CEO 만났다!···“셀카 찍은 거 봐줄래?”[...",https://sports.khan.co.kr/article/202510311420003?pt=nv
2025-10-31,LAUNCH,APEC 그 후…역사적 순간 함께한 장소들 어떻게 활용하나 [경주 APEC],https://www.joongang.co.kr/article/25378527
2025-10-31,INVEST,"LG전자 , 3분기 영업익 8.4% 감소…가전·전장 사업이 실적 방어",https://it.chosun.com/news/articleView.html?idxno=2023092150065
2025-10-31,LAUNCH,"조주완  LG전자  사장, 구글과 AI 협력 확대 논의…AWS·인텔이어 빅테크 ...",https://www.theguru.co.kr/news/article.html?no=93725
2025-10-31,LAUNCH,"LG전자  웹 예능 ‘더럽(The Love) 프로젝트’, 1편 유튜브 조회수 120만 ...",https://isplus.com/article/view/isp202510310125
2025-10-31,"INVEST,LAUNCH,REGUL",관세 협상 타결에도 K-가전 '시름'···고부가 전략으로 활로 찾는다,https://www.seoulfn.com/news/articleView.html?idxno=611046
2025-10-31,LAUNCH,"후면 디스플레이로 게임까지?…샤오미17 프로, 새로운 업데이트 공개",https://www.digitaltoday.co.kr/news/articleView.html?idxno=601303
2025-10-30,LAUNCH,[2025 고객신뢰도 1위 프리미엄 브랜드] 아스트노바,https://www.forbeskorea.co.kr/news/articleView.html?idxno=400904
2025-10-31,"CERT,INVEST","""초코파이에서 항암제까지""…오리온의 바이오 도전",https://www.ngetnews.com/news/articleView.html?idxno=539733
2025-10-30,INVEST,"“이게 LG 야구” 내·외야, 주전·백업 가리지 않는 ‘그물망 수비’…...",https://www.sportsseoul.com/news/read/1558815?ref=naver
2025-10-30,"INVEST,PARTNERSHIP,REGUL",[오리온 바이오 8년] 리스크 헷지…합작법인·기술이전 승부수,https://dealsite.co.kr/articles/150263
2025-10-31,LAUNCH,"2026년 'AI 실행 원년'…""AI 전환이 막막하다면 델을 찾으세요""",https://zdnet.co.kr/view/?no=20251031134958
2025-10-31,INVEST,"율호 주가, 연일 급등... 아마존 투자 소식에↑",https://www.ggilbo.com/news/articleView.html?idxno=1121355
2025-10-30,"CERT,INVEST,LAUNCH,REGUL",부활을 준비하는 미국 반도체 공급망,https://www.forbeskorea.co.kr/news/articleView.html?idxno=400731
2025-10-31,LAUNCH,휴대용 모니터 하나로 달라진 원격 근무…어디서든 ‘홈 오피스’가 된...,https://www.itworld.co.kr/article/4082249/휴대용-모니터-하나로-달라진-원격-근무-어디서든-홈.html
2025-10-31,LAUNCH,"젠슨 황 엔비디아 CEO의 '최애 가죽 자켓' 가격 보니... ""재산에 비해 검...",https://www.insight.co.kr/news/526878
2025-10-30,LAUNCH,"[현장] 코엑스를 초록색으로 물들이다, 지포스 게이머 페스티벌",https://www.gamevu.co.kr/news/articleView.html?idxno=52858
2025-10-31,"CERT,INVEST,LAUNCH,PARTNERSHIP","코트라, 국가 IR 인베스트코리아 서밋…키워드는 'AI 혁신·균형발전'",https://www.cstimes.com/news/articleView.html?idxno=675026
2025-10-30,"INVEST,LAUNCH","""한국 게이머 고마워요""…젠슨 황도 온 코엑스 '지포스 페스티벌'",https://www.g-enews.com/view.php?ud=202510301529273241c5fa75ef86_1
2025-10-30,"INVEST,LAUNCH",오션윈즈 등 7개 업체 5억5000만 달러 투자,https://www.viva100.com/article/20251030500972
2025-10-31,"INVEST,LAUNCH","[CNB뉴스 위클리픽-게임] 넥슨, ‘NYPC 코드배틀’ 파이널 라운드 성료 ...",https://www.cnbnews.com/news/article.html?no=758241
2025-10-31,LAUNCH,[르포] 홍대서 먼저 만난 '붉은사막'…맛있게 맵다,http://www.smedaily.co.kr/news/articleView.html?idxno=342157
2025-10-31,"INVEST,LAUNCH","G마켓, 1일부터 ‘빅스마일데이’ 外 KT알파·스타필드·현대아울렛 [유...",https://www.kukinews.com/article/view/kuk202510310049
2025-10-31,LAUNCH,"엔비디아, 서울서 ‘지포스 게이머 페스티벌’ 개최…韓 게이머·파트너...",https://www.nspna.com/news/?mode=view&newsid=784579
2025-10-31,"CERT,INVEST,LAUNCH,PARTNERSHIP,REGUL","MENA 시장 진출의 전략적 교두보, 요르단 게임 및 e스포츠 시장 트렌드",http://dream.kotra.or.kr/kotranews/cms/news/actionKotraBoardDetail.do?SITE_NO=3&MENU_ID=180&CONTENTS_NO=1&bbsGbn=243&bbsSn=243&pNttSn=235393
2025-10-31,LAUNCH,"에이수스, AI 슈퍼컴 'Ascent GX10' 국내 출시... 엔비디아 GB10 칩 탑재",https://kr.aving.net/news/articleView.html?idxno=1805539
2025-10-31,"LAUNCH,PARTNERSHIP",제27회 충청북도음식문화페스타 개최,http://news.mbccb.co.kr/home/sub.php?menukey=61&mod=view&RECEIVE_DATE=20251031&SEQUENCE=0059
2025-10-31,LAUNCH,"김희선·한혜진·진서연, 난장판 생일파티…'다음생은 없으니까' ""현실...",https://www.gpkorea.com/news/articleView.html?idxno=135663
2025-10-31,LAUNCH,시신경척수염에 내달 울토미리스 '급여'…2회 이상 재발 때 적용 '문제',https://www.koreahealthlog.com/news/articleView.html?idxno=54405
2025-10-31,LAUNCH,'착한 여자 부세미' 전여빈-진영-현규리 작가-박유영 감독이 선택한 최...,https://www.vegannews.co.kr/news/article.html?no=338777
2025-10-31,LAUNCH,"'모여봐요 동물의숲', 스위치2 버전과 3.0 업데이트 발표",https://www.gamevu.co.kr/news/articleView.html?idxno=52905
2025-10-31,LAUNCH,"'54세' 고현정, 건강 이상설 그 후…근황 전해졌다 [RE:스타]",https://www.tvreport.co.kr/star/article/953948/
2025-10-31,"CERT,LAUNCH,REGUL","확산되는 비건의 가치, '세계 비건의 날'이 던지는 메시지",https://www.vegannews.co.kr/news/article.html?no=338032
2025-10-31,LAUNCH,VESA “디스플레이포트 2.1b 표준 연말 업데이트”,https://www.etnews.com/20251031000268
2025-10-31,LAUNCH,"알리익스프레스, 2030 여성 중심으로 브랜드 선호도 상승",https://www.joongangenews.com/news/articleView.html?idxno=461562
2025-10-31,LAUNCH,"무신사 트레이딩, 잔스포츠 신세계백화점 센텀시티점 신규 오픈",https://www.cstimes.com/news/articleView.html?idxno=675254
2025-10-31,LAUNCH,한동훈 전 대표에게 '새벽배송 금지' 공개토론을 요청한다,https://www.pressian.com/pages/articles/2025103113044786175?utm_source=naver&utm_medium=search
2025-10-31,"CERT,INVEST,LAUNCH,ORDER,PARTNERSHIP,REGUL","[재계는 지금] 삼성전자, 제56주년 창립기념식 개최 外",https://dealsite.co.kr/articles/150570
2025-10-31,LAUNCH,"삼성전자, 11월 한달간 '코리아세일페스타' 진행",https://idsn.co.kr/news/view/1065586109888577
2025-10-31,"CERT,PARTNERSHIP","동아ST, CPHI Worldwide 2025 참가…파트너십 확대",https://www.pinpointnews.co.kr/news/articleView.html?idxno=390623
2025-10-31,PARTNERSHIP,"우리은행, 우리WON뱅킹으로 해외 결제 간편화",http://www.newsbrite.net/news/articleView.html?idxno=194276
2025-10-31,ORDER,"페이크아이즈, KMF 2025서 AI 기반 시각장애인 보행 보조기기 알린다... ...",https://kr.aving.net/news/articleView.html?idxno=1805550
2025-10-31,INVEST,"체성분 분석 1위 인바디와 전략적 협력…네이버, 디지털 헬스케어 혁신...",https://www.pinpointnews.co.kr/news/articleView.html?idxno=390615
2025-10-31,REGUL,"강화군시설관리공단 노인문화센터, 하반기 '프로그램 간담회' 개최",https://www.kmaeil.com/news/articleView.html?idxno=615570
2025-10-31,LAUNCH,'2025 예천활축제·농산물축제' 개막,https://daily.hankooki.com/news/articleView.html?idxno=1289844
2025-10-31,LAUNCH,[경주 APEC] “GD도 샤라웃” 골든신라 XR 버스 ‘시선집중’,https://www.yeongnam.com/web/view.php?key=20251031029195470
2025-10-31,LAUNCH,경복대학교 영상미디어콘텐츠학과 ‘제1회 졸업전시회’ 개최,http://kor.theasian.asia/archives/394235
2025-10-31,LAUNCH,"건국대, 시리아·요르단 교육기관 대표단 초청해 에듀테크·실감미디어...",http://www.newstnt.com/news/articleView.html?idxno=549122
2025-10-31,"LAUNCH,REGUL","[KMF2025] ""AI·윤리·표준이 여는 메타버스 미래""… '더 민스 2025', 새 질...",https://www.newspim.com/news/view/20251023000111
2025-10-31,"INVEST,LAUNCH","벤츠 S-클래스, 독일 최첨단 스마트공장이 빚어낸다",http://autotimes.co.kr/detail.php?number=685290&thread=27
2025-10-31,INVEST,"버넥트, 철강 가공 전문기업 ‘신원스틸’ 인수",https://www.venturesquare.net/1011636
2025-10-31,LAUNCH,"한양대 김광욱 교수 연구팀, 'ISMAR 2025 최우수 논문상' 수상",https://www.kfenews.co.kr/news/articleView.html?idxno=648286
2025-10-31,INVEST,"VAC 산하 미디어 아트 스튜디오 pkpp, 뉴욕 KOOM 페스티벌 성공적 데뷔",https://www.sisamagazine.co.kr/news/articleView.html?idxno=519913
2025-10-31,INVEST,[일정] 11월 첫째 주 전시회 및 박람회,https://kr.aving.net/news/articleView.html?idxno=1805546
2025-10-31,"CERT,LAUNCH",알파스캔 AOC 300Hz·260Hz 초고주사율  게이밍 모니터  2종 출시 및 기념 ...,https://gamefocus.co.kr/detail.php?number=170621
2025-10-31,"INVEST,LAUNCH,ORDER","삼성전자, 역대 최대 분기 실적…자신감 회복했다",https://www.startuptoday.co.kr/news/articleView.html?idxno=532706
2025-10-31,"CERT,INVEST,REGUL","1년 만에 돌아온 '붉은사막' 시연 기회, '붉은사막 X AMD 팝업스토어202...",https://www.gameshot.net/common/con_view.php?code=GA6903f0405b1be
2025-10-30,"CERT,INVEST,LAUNCH,REGUL","삼성전자, 3분기 '역대 최대 매출'…HBM3E 전면 확대·HBM4 샘플 전 고객...",https://www.straightnews.co.kr/news/articleView.html?idxno=285200
2025-10-30,"INVEST,LAUNCH,REGUL","3분기 역대급 실적 삼성전자, HBM4·테일러 라인 투자로 미래성장 이끈...",http://www.popcornnews.net/news/articleView.html?idxno=99470
2025-10-30,"INVEST,LAUNCH","삼성전자 ""내년 HBM 생산 대폭 확대…수요 이미 확보""(종합)",https://news.einfomax.co.kr/news/articleView.html?idxno=4381251
2025-10-31,LAUNCH,화웨이 차세대 폴더블폰 '메이트 X7' 11월 출시 가능성,https://kbench.com/?q=node/272744
2025-10-31,REGUL,"조광페인트, '기업연구 기술진흥 유공' 과기정통부 장관표창 수상",http://www.ikld.kr/news/articleView.html?idxno=323108
2025-10-31,INVEST,"거래소 외국인, 삼성전자·현대차·대한전선 쓸어담았다…AI·전력주 중...",https://www.pinpointnews.co.kr/news/articleView.html?idxno=390682
2025-10-31,INVEST,"""기술본질·품질 완성도 집중…AI혁신 주도하는 기업 돼야""",https://www.mk.co.kr/article/11456986
2025-10-31,INVEST,[수능D-10] '역대 최대 N수' 2026수능 최종 점검 포인트.. '입시기관별 ...,http://www.veritas-a.com/news/articleView.html?idxno=579218
2025-10-31,"INVEST,LAUNCH","정철동, 인력·투자 효율화 고삐...흑자 전환 속도",https://dealsite.co.kr/articles/150629
2025-10-31,"CERT,LAUNCH,REGUL",대역폭·호환성 UP…VESA 'DP포트 2.1a'로 디스플레이 표준 강화,https://it.chosun.com/news/articleView.html?idxno=2023092150088
2025-10-31,"INVEST,REGUL","돈 빼가는 미국, 점유율 빼가는 중국…포항·군산 등 제조업 심장 ‘허...",https://www.joongang.co.kr/article/25378721
2025-10-31,"CERT,INVEST,LAUNCH,REGUL","""中 자원 무기화 대응 핵심과제는 '리튬·흑연' 등 공급망 확보""",https://www.pinpointnews.co.kr/news/articleView.html?idxno=390535
2025-10-31,"INVEST,PARTNERSHIP","[주간 기업동향] 최태원 회장 ""한국, AI 병목 푸는 테스트베드 될 것"" 外",https://www.banronbodo.com/news/articleView.html?idxno=31111
2025-10-31,"CERT,LAUNCH",APEC서 빛난 K-산업 혁신기술…반도체·자동차·조선부터 웹툰·캐릭터까...,https://www.kukinews.com/article/view/kuk202510310129
2025-10-31,"INVEST,LAUNCH","[종합] GeForce 25주년 기념, '지포스 게이머 페스티벌(GGF)'",https://www.inven.co.kr/webzine/news/?news=310910
2025-10-31,PARTNERSHIP,"카메라 윈도우에서 첨단소재까지… 유티아이, 글로벌 기술기업 도약",https://www.pinpointnews.co.kr/news/articleView.html?idxno=390645
2025-10-31,"INVEST,LAUNCH,PARTNERSHIP","[스타트업 소식] 트래블월렛, 역대 최대 해외 결제액 달성 外",http://www.dailypop.kr/news/articleView.html?idxno=92679
2025-10-31,"INVEST,LAUNCH,REGUL","100년 기업의 꿈, 정밀 제조의 미학을 잇다 - 풍원테크 조을권 대표·조...",https://www.handmk.com/news/articleView.html?idxno=33733
2025-10-31,PARTNERSHIP,"엔씨디지텍, 11번가 '2025 그랜드십일절'서 갤럭시북 특가 프로모션 진행",https://www.nbntv.co.kr/news/articleView.html?idxno=4012168
2025-10-31,PARTNERSHIP,"[주식] 코스피 4100선 돌파...젠슨 황 엔비디아 언급에 반도체, 로보틱스...",http://www.biztribune.co.kr/news/articleView.html?idxno=342686
2025-10-31,"INVEST,LAUNCH",25 3Q' 중국 스마트폰 시장 둔화...'아이폰17' 앞세운 애플 유일한 성장...,https://www.greened.kr/news/articleView.html?idxno=332683
2025-10-31,"INVEST,ORDER","에스투더블유, 12% 급등 마감…거래량 증가 속 기술적 반등세",https://www.pointdaily.co.kr/news/articleView.html?idxno=277514
2025-10-31,LAUNCH,"애플 ""시리에 더 많은 타사  AI  도구 내장 계획""",https://www.aitimes.com/news/articleView.html?idxno=203628
2025-10-31,"INVEST,ORDER,PARTNERSHIP",[주식마감기사] '젠슨황 한 마디'에 로봇주 한국피아이엠 상한가... 휴림...,https://www.ggilbo.com/news/articleView.html?idxno=1121397
2025-10-31,LAUNCH,"김민석 총리, 한국은 ABCDE 산업에 집중, 'Bridge' 역할도 강조",https://www.dongponews.net/news/articleView.html?idxno=54588
2025-10-31,"INVEST,LAUNCH,ORDER","LG전자, ""4분기도 어렵다…내년 다른 모습 응원 필요""(종합)",https://www.techm.kr/news/articleView.html?idxno=146046
2025-10-31,"CERT,INVEST,LAUNCH,ORDER,PARTNERSHIP,REGUL","제약업체 관련주, '웃음꽃' 그린생명과학·더블유에스아이·일동제약......",http://www.finomy.com/news/articleView.html?idxno=242082
2025-10-31,"INVEST,PARTNERSHIP",샐러리맨의 신화…그의 ‘적자생존’ 뜻,https://www.joongang.co.kr/article/25378700
2025-10-31,"LAUNCH,ORDER,PARTNERSHIP",[현신균  LG  CNS 대표이사 사장] AX의 중심에서 ‘에이전틱 AI''로 새로운...,https://www.chiefexe.com/news/ArticleView.asp?listId=NDcwM3x8bGltaXRfZmFsc2Ug
2025-10-31,ORDER,"자신을 과신하는 경영은 실패, 타인 도움받는 것도 능력이다",https://www.mk.co.kr/article/11456838
2025-10-31,LAUNCH,"한국영상대, '2025 꿈의 기업 입사 프로젝트'서 3명 수상 쾌거",https://www.joongang.co.kr/article/25378557
2025-10-31,"INVEST,LAUNCH,ORDER,REGUL","""신속·안정·현장·실용""…키워드로 본 2026 재계 인사 판도는?",https://www.pinpointnews.co.kr/news/articleView.html?idxno=390612
2025-10-31,"INVEST,LAUNCH",[美증시] 아마존·테슬라가 나스닥·S&P500 지수 상승 견인...다우도 강보...,https://www.mediapen.com/news/view/1054227
2025-10-31,LAUNCH,"미국증시 장중..3대지수 '상승', 아마존·COIN '껑충', 메타 '뚝'",http://www.choicenews.co.kr/news/articleView.html?idxno=156058
2025-10-31,"INVEST,LAUNCH",애플 ·아마존 깜짝 실적에 뉴욕증시 상승 출발,https://www.pointdaily.co.kr/news/articleView.html?idxno=277523
2025-10-31,"INVEST,LAUNCH,REGUL",[투자를IT다] 2025년 10월 5주차 IT기업 주요 소식과 시장 전망,https://it.donga.com/107794/
2025-10-31,LAUNCH,젠슨 황 “삼성이 로봇칩 모두 생산”…HBM4에 파운드리까지 협력 확대,https://www.etnews.com/20251101000001
2025-10-31,LAUNCH,"""손흥민 평범한 킥으로 올해의 골 수상했다!"" 美 현지 매체 의문 부호.....",https://www.spotvnews.co.kr/news/articleView.html?idxno=779921
2025-10-31,PARTNERSHIP,“교통·주유 혜택 잡아라”…삼성· 신한· 현대 중 혜택 좋은 카드는...,https://www.theguru.co.kr/news/article.html?no=93645
2025-10-31,LAUNCH,"미국 뉴욕증시,  애플 ·아마존 실적 호조...다우 나스닥 상승",https://www.gukjenews.com/news/articleView.html?idxno=3415993
2025-10-31,"INVEST,LAUNCH","뉴욕증시,  애플 ·아마존 실적에 상승 출발…나스닥 1.18%↑",https://www.topstarnews.net/news/articleView.html?idxno=15859683
2025-10-31,"INVEST,LAUNCH","[미국증시 개장브리핑] 아마존 주가 12% 급등, 낙관적 전망과 실적 호조...",https://www.tokenpost.kr/news/market/298944
2025-10-31,LAUNCH,[횡설수설/김재영]33세 젠슨 황을 부른 29년 전 이건희 편지,https://www.donga.com/news/Opinion/article/all/20251031/132681648/2
2025-10-31,LAUNCH,"뉴욕증시,  애플 ·아마존 실적 발표에 상승 출발",https://biz.chosun.com/international/international_economy/2025/10/31/ZJ2CTT6IQZCPFJJEH3E2IEYGRI/?utm_source=naver&utm_medium=original&utm_campaign=biz
2025-10-31,"INVEST,LAUNCH,ORDER","전력·저장·AI가 만든 코스피 슈퍼사이클, 한국형 에너지전환의 서막[...",https://www.nocutnews.co.kr/news/6421873?utm_source=naver&utm_medium=article&utm_campaign=20251101050037
2025-10-31,LAUNCH,HBM주고 GPU받고…엔비디아와  삼성 ·SK 이해관계 맞았다,https://www.nocutnews.co.kr/news/6421888?utm_source=naver&utm_medium=article&utm_campaign=20251101050042
2025-10-31,INVEST,[사설] 다자외교·자유무역 중요성 확인한 경주 APEC,https://www.imaeil.com/page/view/2025103117353794528
2025-10-31,"INVEST,PARTNERSHIP","삼성전자 , 엔비디아와 'AI 팩토리' 구축... 반도체 '제조 패러다임' 전환...",https://www.insight.co.kr/news/526939
2025-10-31,LAUNCH,[단독] 시진핑 만찬 갈까...'마스가' 정기선·김동관 고민에 빠졌다,https://www.hankookilbo.com/News/Read/A2025103109460000298?did=NA
2025-10-31,INVEST,"10만 전자 ·55만닉스, 지금 팔까요?…""이번엔 달라"" 전문가 조언[부꾸미]",https://www.mt.co.kr/stock/2025/11/01/2025103117211057388
2025-10-31,"INVEST,LAUNCH","엔비디아, 韓 정부·주요 기업에 GPU 26만장 푼다 .... AI 인프라와 생태...",http://www.worktoday.co.kr/news/articleView.html?idxno=76258
2025-10-31,INVEST,젠슨 황 만난 李 “옛날 용산  전자 상가 누볐듯 한국 전역 다녀달라”,https://www.donga.com/news/Politics/article/all/20251101/132682058/2
2025-10-31,CERT,"[포토뉴스]  LG전자 , APEC 부대행사 '글로벌 장애 청소년 IT 챌린지' 시상...",http://www.worktoday.co.kr/news/articleView.html?idxno=76265
2025-10-31,INVEST,"워니 공백 메운 남자, 최부경의 중심력",https://m.sports.naver.com/basketball/article/065/0000286758
2025-10-31,INVEST,"승장 전희철 감독 ""스타팅 선수들 예상보다 잘해줬어""…패장 강혁 감독...",https://www.mydaily.co.kr/page/view/2025103121271640141
2025-10-31,"CERT,INVEST,ORDER,PARTNERSHIP,REGUL",[컨콜]  LG전자  2025년 3분기 Q&A,https://www.greened.kr/news/articleView.html?idxno=332690
2025-10-31,"CERT,REGUL",[국정자원 화재 ④] '복제'에서 '복구'로… 글로벌 표준 적용 DR 체계 재...,http://www.itdaily.kr/news/articleView.html?idxno=236049
2025-10-31,"ORDER,REGUL",[IT 기업 AX 전략·솔루션/ IT서비스·인프라 ⑧] 나무기술,http://www.itdaily.kr/news/articleView.html?idxno=236126
2025-10-31,"INVEST,LAUNCH","[특징주] 이삭엔지니어링 급등, 엔비디아 26만 GPU 투입 소식에 삼성·S...",https://www.widedaily.com/news/articleView.html?idxno=281748
2025-10-31,"LAUNCH,PARTNERSHIP","[브리핑] G마켓, 11월1일 '빅스마일데이' 오픈",http://www.4th.kr/news/articleView.html?idxno=2099012
2025-10-31,LAUNCH,"“전국 子들의 역적” 김재중, 60억 대저택에 효도 밥상까지 뚝딱(편스...",https://www.newsen.com/news_view.php?uid=202510312208040310
2025-10-31,LAUNCH,"김용빈, 데뷔 21주년 ‘트로트 신동’에서 ‘진’까지",https://enter.etoday.co.kr/news/view/286961
2025-10-31,LAUNCH,"구성환, 이장우→박지현 꺾고 씨름 우승…초대 천하장사 [RE: TV ]",https://www.news1.kr/entertain/broadcast-tv/5961271
2025-10-31,LAUNCH,수영장 딸린 3200가구 대단지⋯파주서 분양 [현장],http://www.inews24.com/view/1902130
2025-10-31,LAUNCH,"'장윤정♥' 도경완 ""셋째는 포기…삼 남매 될 뻔한 입장, 동경 있었다"" ...",https://www.xportsnews.com/article/2073217
2025-10-31,"LAUNCH,REGUL",최민희로 천하통일…2025 국감 '빌런도르' 꼽았습니다,http://weekly.chosun.com/news/articleView.html?idxno=45689
2025-10-31,LAUNCH,"'새신랑' 김종국, 남 연애 얘기에 '과몰입'…""경험 부족한 사람들 답답...",https://www.mydaily.co.kr/page/view/2025103110313819909
2025-10-31,LAUNCH,"트럼프 ""중국이 펜타닐 단속하면 관세 10%P 추가 인하""",https://news.sbs.co.kr/news/endPage.do?news_id=N1008314635&plink=ORI&cooper=NAVER
2025-10-31,PARTNERSHIP,"고양시, 골든타임 잡는다…스마트시티센터 성사에 새 둥지",https://www.etnews.com/20251101000004
2025-10-31,LAUNCH,"""깊어지는 시선""…금잔디, 가을빛 아래→청명한 존재감",https://www.topstarnews.net/news/articleView.html?idxno=15859754
2025-10-31,"CERT,INVEST,LAUNCH,REGUL",[위클립] 10월 5주,https://www.laborplus.co.kr/news/articleView.html?idxno=36507
2025-10-31,"CERT,LAUNCH",[주간政談<상>] 한미 관세협상 타결에 기자들도 '깜짝',https://news.tf.co.kr/read/ptoday/2258073.htm
2025-10-31,"CERT,INVEST,LAUNCH,ORDER,REGUL","[진단] 사이버 보안, 비용 아닌 '생존 위한 투자' 인식 대전환 필요하다",http://www.itdaily.kr/news/articleView.html?idxno=236019
2025-10-31,CERT,"시진핑 “황남빵 맛있다”…이 대통령, 200상자 보냈다",https://www.ichannela.com/news/main/news_detailPage.do?publishId=000000498724
2025-10-31,"INVEST,LAUNCH",'넥슨의 상상은 현실이 된다!'  모니터  속 이야기를 그라운드 밖으로...'...,https://www.sportalkorea.com/news/articleView.html?idxno=2025052909552700804
2025-10-31,"INVEST,LAUNCH","""나도 카리나 언니처럼"" 아이들 몰리더니…'대박' 터졌다",https://www.hankyung.com/article/202510316319i
2025-10-31,CERT,객실  노트북  화물칸에 떨어뜨려…비행기 긴급 회항,https://www.newsis.com/view/NISX20251031_0003384687
2025-10-31,"INVEST,LAUNCH",[국감 안 본 눈 삽니다②] 야당의 시간에도…'지X' '새X' '정치 싸움터'...,https://news.tf.co.kr/read/ptoday/2258074.htm
2025-10-31,INVEST,11월1일 운세(띠별),https://www.cbci.co.kr/news/articleView.html?idxno=538286
2025-10-31,LAUNCH,"[개봉기] 드디어 다 모였다, 소니의 INZONE 게이밍기어",https://www.inven.co.kr/webzine/news/?news=310917
2025-10-31,"CERT,LAUNCH",우승보다 빠른 계산기…LG·한화 유통가 ‘판촉 플랜’ [박순원의 유행...,https://www.dt.co.kr/article/12026510?ref=naver
2025-10-31,LAUNCH,"세계 언론이 몰린 경주, '역사의 도시'에서 '정보의 도시'로…APEC 개막 ...",https://www.kyongbuk.co.kr/news/articleView.html?idxno=4055516
2025-10-31,LAUNCH,"차은우·지드래곤·리정, APEC 만찬 빛낸 'K-컬처 드림팀'",https://enter.etoday.co.kr/news/view/286955
2025-10-31,LAUNCH,"설거지·빨래 다 해준다…AI 로봇, 내년 美 출시",https://www.newsis.com/view/NISX20251031_0003384497
2025-10-31,LAUNCH,상담사·친구·애인까지… Z세대에 AI는 ‘정서적 지지자’,https://www.chosun.com/culture-life/book/2025/11/01/YSH6F7A7QRGHVDQKRDG75UNXHI/?utm_source=naver&utm_medium=referral&utm_campaign=naver-news
2025-10-31,"CERT,LAUNCH","""폐기물 매립 제로"" 삼성전자 글로벌 환경 전략",https://www.newspenguin.com/news/articleView.html?idxno=20640
2025-10-31,LAUNCH,"'2025 세계유산 조선왕릉축전' , 문화유산 축제의 새로운 가능성 보이다",http://www.ikoreanspirit.com/news/articleView.html?idxno=82254
2025-10-31,"CERT,LAUNCH",(2025 철도학회 추계학술대회) 철도 시스템분야 R&D 성과공유…광통신 ...,https://www.electimes.com/news/articleView.html?idxno=361333
2025-10-31,"CERT,INVEST,LAUNCH,REGUL","[기고] 인공지능과 함께하는 시대, 데이터 사업화 현황 및 전망",http://www.itdaily.kr/news/articleView.html?idxno=236032
2025-10-31,LAUNCH,"영현로보틱스의 'AI-로봇' 통합 솔루션, 글로벌 미디어·바이어 눈길 사...",https://kr.aving.net/news/articleView.html?idxno=1805570
2025-10-31,INVEST,부산 사직야구장 재건축 ‘급물살’…문체부 공모사업 선정,https://www.busan.com/view/busan/view.php?code=2025103117494781553
2025-10-31,"INVEST,ORDER,REGUL",첨단 스마트시티 인프라로 활용…고품질 행정서비스 구현,https://www.koit.co.kr/news/articleView.html?idxno=203177
2025-10-31,LAUNCH,"젊은 예술가들, 거리서 시민과 만나다… NOAS '길바닥 전시' 홍대서 성료",https://www.newscj.com/news/articleView.html?idxno=3334740
2025-10-31,LAUNCH,개발자 연봉 서열 정리해보니,https://zdnet.co.kr/view/?no=20251031165659
2025-10-31,"CERT,INVEST,LAUNCH","[화제의 현장] '창립 25주년' 토마토시스템, AI·헬스케어 중심 2.0 시대...",http://www.itdaily.kr/news/articleView.html?idxno=236062
2025-10-31,LAUNCH,1천 년 전 신라시대로…가는 곳마다 보물,https://www.ichannela.com/news/main/news_detailPage.do?publishId=000000498725
2025-10-31,"INVEST,PARTNERSHIP","인천스타트업파크, '테크크런치 디스럽트 2025' 글로벌 진출 지원",https://www.etnews.com/20251031000396
2025-11-01,"CERT,LAUNCH",[헬로DX] SMATOF 2025 | ‘묻고 답하면서’ 공장과 소통하는 시대...제조...,https://www.hellot.net/news/article.html?no=106733
2025-11-01,REGUL,"엔에스엠, 친환경 공정으로 ESG 시대 선도… 보이지 않는 기술력 주목",https://www.pinpointnews.co.kr/news/articleView.html?idxno=390820
2025-11-01,"CERT,INVEST,LAUNCH",(주간증시전망)4000 돌파한 코스피…대형주 랠리 속 순환매 본격화 주목,http://www.newstomato.com/ReadNews.aspx?no=1279949&inflow=N
2025-11-01,LAUNCH,"""내외관 풀체인지급 변신한다"" 현대차, '싼타페 페이스리프트' 예상도로...",https://www.autodaily.co.kr/news/articleView.html?idxno=538463
2025-11-01,"CERT,INVEST,LAUNCH,PARTNERSHIP","이 대통령 ""한중 경제협력, 수평 구조로 변화""",https://www.ytn.co.kr/_ln/0101_202511012025021580
2025-11-01,LAUNCH,"[New & Good] '타불라'의 귀환… 삼성 갤럭시 탭 S11 울트라, '태블릿'의...",https://www.hankookilbo.com/News/Read/A2025102523120005685?did=NA
2025-11-01,"CERT,INVEST,LAUNCH,ORDER,REGUL","다음 주 노타·이노테크, 상장...더핑크퐁컴퍼니 등 일반 청약",https://www.asiatime.co.kr/article/20251101500007
2025-11-01,"INVEST,LAUNCH",젠슨 황 만나 '쿠다 제국' 기웃?···네이버엔 '피지컬'이 없다,https://www.womaneconomy.co.kr/news/articleView.html?idxno=244500
2025-11-01,INVEST,"10월 수출, 반도체 '폭풍 수출'로 3.6% 증가",https://www.viewsnnews.com/article?q=231136
2025-11-01,"CERT,LAUNCH","김철현 경기도의원 ""경기도 광융합산업 '반도체· AI  융합의 새로운 성장...",https://www.jeonmae.co.kr/news/articleView.html?idxno=1198018
2025-11-01,INVEST,"AI 부터 바이오까지…다음 주 코스닥 상장 러시, 기술주의 반격 시작되나",https://www.tokenpost.kr/news/market/299047
2025-11-01,"INVEST,LAUNCH,ORDER",긴 연휴에도 반도체 견인…10월 수출 3.6% 증가 595.7억弗(종합2보),https://www.newsis.com/view/NISX20251101_0003386132
2025-11-01,CERT,‘리사이클 테크 재팬’ 첫 개최… 순환 경제 실현을 위한 기술 혁신의...,http://www.mfgkr.com/archives/26686
2025-11-01,LAUNCH,GPU 확보로 숨통 튼 한국…제조·로봇 '피지컬  AI ' 시동,https://news.mtn.co.kr/news-detail/2025103116174677079
2025-11-01,LAUNCH,"[시승기] 르노 그랑 콜레오스, 하이브리드와 궁합 ‘합격점’",https://www.ekn.kr/web/view.php?key=20251031029062078
2025-11-01,"INVEST,LAUNCH","""실적 대비 저평가 업종 주목""…코스피 랠리 속 투자전략은?",https://www.etoday.co.kr/news/view/2520637
2025-11-01,LAUNCH,"4100선 뚫은 코스피, 한달간 20%↑···""추가 상승 여력 충분""",http://www.enewstoday.co.kr/news/articleView.html?idxno=2348351
2025-11-01,"INVEST,LAUNCH","롯데지주, 자사주 활용과 재무구조 개선으로 주가 반등 기대",https://www.pinpointnews.co.kr/news/articleView.html?idxno=390809
2025-11-01,"INVEST,LAUNCH,ORDER",LG  CNS의 로봇 전략 '제조 IT·스킬드 AI',https://www.bloter.net/news/articleView.html?idxno=646681
2025-11-01,"INVEST,LAUNCH",""" 삼성 전자 14년·SKT 13년""…ICT업계, 동반성장지수 '최우수'",https://www.techm.kr/news/articleView.html?idxno=146063
2025-11-01,"INVEST,LAUNCH","[김남현의 채권썰] 빅이벤트 마무리, 패닉장 진정될 듯",https://www.etoday.co.kr/news/view/2521077
2025-11-01,"INVEST,LAUNCH","‘블랙프라이데이’ 코앞…유통업계, 대형 쇼핑 행사 마련",https://www.segye.com/newsView/20251102500679?OutUrl=naver
2025-11-01,LAUNCH,美 Z세대 절반 “현금은 마지막 수단”…디지털 결제 ‘완전 세대교체’,https://www.g-enews.com/view.php?ud=202511012246441199a1f309431_1
2025-11-01,LAUNCH,"[단독]삼성 '갤S26', 내년 2월25일 'AI 중심지' 美샌프란 언팩",https://www.mt.co.kr/tech/2025/11/02/2025103113281189654
2025-11-01,"INVEST,LAUNCH,ORDER","[실리콘 디코드] 오픈AI·구글, AI 'OS' 주도권 사활…광고냐 인프라냐",https://www.g-enews.com/view.php?ud=202511011322275932fbbec65dfb_1
2025-11-01,"INVEST,LAUNCH","‘오마하의 현인’ 버핏의 버크셔, 보유현금 사상 최대… 애플  지분 축소...",http://www.fnnews.com/news/202511020407372377
2025-11-01,"INVEST,LAUNCH","[실리콘 디코드] 인텔, 차세대 '팬서 레이크' 코어 울트라 300 초기 CPU 성...",https://www.g-enews.com/view.php?ud=202511011250018755fbbec65dfb_1
2025-11-01,REGUL,우리 동네 고양 파주 지역 대형카페,https://www.naeil.com/news/read/566056?ref=naver
2025-11-01,"LAUNCH,PARTNERSHIP","영화계 깐부 찾기, 죽어도 못 떨어지는 감독-배우 짝꿍 5팀",https://www.gqkorea.co.kr/2025/11/01/%ec%98%81%ed%99%94%ea%b3%84-%ea%b9%90%eb%b6%80-%ec%b0%be%ea%b8%b0-%ec%a3%bd%ec%96%b4%eb%8f%84-%eb%aa%bb-%eb%96%a8%ec%96%b4%ec%a7%80%eb%8a%94-%ea%b0%90%eb%8f%85-%eb%b0%b0%ec%9a%b0-%ec%a7%9d%ea%bf%8d-5/?utm_source=naver&utm_medium=partnership
2025-10-29,"INVEST,LAUNCH",16살에 입대한 흙수저 소년…생쥐 한마리로 세상을 바꿨다 [추동훈의 흥...,https://www.mk.co.kr/article/11454720
2025-11-01,LAUNCH,[패션·뷰티 HOT신상] 입술부터 보디까지…피부 보습 위한 제품 '풍성',https://www.newsis.com/view/NISX20251031_0003385501
2025-11-01,"INVEST,LAUNCH","애플 , AI 투자 대신 자사주 매입에 ‘집중’…빅테크 중 이례적 행보",https://www.geconomy.co.kr/news/article.html?no=309455
2025-11-01,"INVEST,LAUNCH,REGUL","[박근종 칼럼] 엔비디아 GPU 26만 장 획기적 공급, 한국 'AI 3대 강국' 도...",https://www.mhns.co.kr/news/articleView.html?idxno=729728
2025-11-01,CERT,젠슨 황·美대변인도 홀렸다…'치킨·올영·홍삼·소주' 세계에 알려,https://www.nocutnews.co.kr/news/6421756?utm_source=naver&utm_medium=article&utm_campaign=20251102050040
2025-11-01,"INVEST,LAUNCH","[기자수첩] 래리 핑크, 샘 알트먼, 젠슨 황",https://daily.hankooki.com/news/articleView.html?idxno=1290229
2025-11-01,"INVEST,LAUNCH,ORDER,REGUL","[실리콘 디코드] 일본, 2나노 시대 '소재 패권' 선언…한국 거점에 대규...",https://www.g-enews.com/view.php?ud=202511011237284299fbbec65dfb_1
2025-11-01,"INVEST,LAUNCH",[엔비디아 26만 GPU 한국 공급] ① 이재명 정부 AI 국가전략의 분수령,https://www.asiaa.co.kr/news/articleView.html?idxno=228633
2025-11-01,PARTNERSHIP,"갤럭시코퍼레이션, APEC 정상 환영만찬에 엔터테크 기업으로는 유일 초...",https://www.gukjenews.com/news/articleView.html?idxno=3416403
2025-11-01,"LAUNCH,REGUL","[멸종·기후 콕콕] ""0.1% 부자, 하위 50% 1년치 탄소 하루에 배출""",https://www.newspenguin.com/news/articleView.html?idxno=20639
2025-11-01,"LAUNCH,PARTNERSHIP","KT, NVIDIA 등과 AI-RAN 글로벌 허브 구축 협력 착수",https://www.cbci.co.kr/news/articleView.html?idxno=538281
2025-11-01,"INVEST,LAUNCH,ORDER","엔비디아, 시총 4000억달러 폭증…사상 첫 5조달러 기업 되나 [종목+]",https://www.hankyung.com/article/202511017740i
2025-11-01,"LAUNCH,PARTNERSHIP","""무슨 매력 있길래?"" 젠슨 황 CEO, 회동 후 깐부치킨 재방문 후 직원들과...",https://www.autodaily.co.kr/news/articleView.html?idxno=538472
2025-11-01,"LAUNCH,PARTNERSHIP",이재명 대통령 손 잡은 시진핑 환한 웃음···황남빵부터 통화스와프까...,https://www.mt.co.kr/politics/2025/11/01/2025110122135355229
2025-11-01,LAUNCH,"한국 헌정 영상 올린 엔비디아…“산업화, e스포츠 등 소개”",https://www.segye.com/newsView/20251101507014?OutUrl=naver
2025-11-01,LAUNCH,“옛스러움 속 새로움에 끌린다”…Z세대가 반응하는 유통업계 경험 공...,https://www.segye.com/newsView/20251101501949?OutUrl=naver
2025-11-01,INVEST,프로농구 '우승 후보'  LG ·KCC 나란히 패배… DB는 3연승 질주,http://www.hansbiz.co.kr/news/articleView.html?idxno=787861
2025-11-01,INVEST,"“네이던(나이트), 네가 잘해주면 우리는 밀릴 것이 없어”",https://m.sports.naver.com/basketball/article/065/0000286854
2025-11-01,CERT,쉬운 TV·친절한 세탁기…'맞춤형 가전' 경쟁,https://news.sbs.co.kr/news/endPage.do?news_id=N1008315090&plink=ORI&cooper=NAVER
2025-11-01,LAUNCH,ICT대연합 “APEC 계기 한-글로벌 AI 협력 강화 환영”,https://www.etnews.com/20251101000057
2025-11-01,INVEST,"삼성 3점슛 13방 앞세워 깜짝 3연승 질주, KCC마저 무너뜨렸다, DB도 앨런...",https://www.mydaily.co.kr/page/view/2025110120092024948
2025-11-01,LAUNCH,"""쌀쌀한 날씨 건강 지키세요""…제약업계, 간편 건기식 강화 박차",https://www.pointdaily.co.kr/news/articleView.html?idxno=277390
2025-11-01,"INVEST,LAUNCH,PARTNERSHIP",[연중기획 하모니] 한독 부부의 독한 육아일기 4부,http://www.yonhapnewstv.co.kr/MYH202510311829281jf
2025-11-01,LAUNCH,"장혜진, 봉준호 '살인의 추억' 거절한 이유?..기생충으로 재회[전참시][...",https://www.starnewskorea.com/broadcast-show/2025/11/02/2025110122532294444
2025-11-01,LAUNCH,"'전참시' 로이킴 ""12년 만에 홀로서기 큰 고민, 사주·전화 타로 봤다"" ...",http://www.stoo.com/article.php?aid=103439813036
2025-11-01,LAUNCH,"""김현지 누구냐""·""조요토미""…역대급 저질 국감에 한숨 [정치 인사이드...",https://www.hankyung.com/article/2025103159537
2025-11-01,"CERT,LAUNCH,PARTNERSHIP",오퀴즈 정답 11월1일,https://www.pinpointnews.co.kr/news/articleView.html?idxno=390800
2025-11-01,LAUNCH,"스마트 모니터  ㅅㅁㅇ…캐시워크 퀴즈는 ""OOOO""",http://www.econonews.co.kr/news/articleView.html?idxno=411494
2025-11-01,LAUNCH,"민주당, 최민희·추미애 비판' 세계일보 언중위 조정 신청",https://www.mediaus.co.kr/news/articleView.html?idxno=315079
2025-11-01,"CERT,INVEST,ORDER",美 자주포 교체사업 10조 규모…한화에어로스페이스가 노린다,https://www.pinpointnews.co.kr/news/articleView.html?idxno=390776
2025-11-01,LAUNCH,"[글로벌] '오픈소스 10년' VS코드, AI 시대 '사고하는 도구'로 진화한다",https://www.techm.kr/news/articleView.html?idxno=146064
2025-11-01,PARTNERSHIP,"오픈AI·퍼플렉시티에 맞불…구글, 인도서 'AI 무료 전략' 가동",https://it.chosun.com/news/articleView.html?idxno=2023092150124
2025-11-01,"INVEST,LAUNCH","""출근하지 마"" 이메일 통보…'AI발 칼바람'에 1.4만개 책상 사라졌다",https://www.mt.co.kr/world/2025/11/01/2025103111093052373
2025-11-01,"CERT,REGUL",[ 노트북 을 열며] 이제 '핵잠수함의 문'이 열릴까,https://www.goodmorningcc.com/news/articleView.html?idxno=433438
2025-11-01,"CERT,INVEST,LAUNCH,REGUL","[실리콘 디코드] 中 CXMT, SK하이닉스 동급 10.7Gbps D램 생산…'기술 격...",https://www.g-enews.com/view.php?ud=202511010919508195fbbec65dfb_1
2025-11-01,LAUNCH,"자동차, 이제 달리는  스마트  디바이스… 'SDV 시대' 개막 [미래車혁신②...",https://it.chosun.com/news/articleView.html?idxno=2023092150128
2025-11-01,"INVEST,LAUNCH","트럼프 관세 무용지물…""중국 무역흑자 1조 달러 돌파"" 제조업 독주 계...",https://www.g-enews.com/view.php?ud=202511011808065900fbbec65dfb_1
2025-11-01,"LAUNCH,PARTNERSHIP","이재명·시진핑 첫 정상회담, 70조 통화스와프·6개 MOU 체결 합의",http://www.finomy.com/news/articleView.html?idxno=242112
2025-11-01,"CERT,LAUNCH,REGUL","중, 미중 합의에 넥스페리아 수출금지 완화…“조건 부합시 허용”",https://news.kbs.co.kr/news/pc/view/view.do?ncd=8396469&ref=A
2025-11-01,INVEST,"아이엘, LED 렌즈 기술로 모빌리티·배터리 신사업 공략 박차",https://www.pinpointnews.co.kr/news/articleView.html?idxno=390828
2025-11-01,PARTNERSHIP,"경북교육청, 에티오피아 교원 초청 '디지털 역량 강화 연수' 실시",http://www.enewstoday.co.kr/news/articleView.html?idxno=2348432
2025-11-01,"INVEST,LAUNCH","4대 빅테크, AI 거품론에도 자본지출 확대 방침 강조",https://www.bloter.net/news/articleView.html?idxno=646676
2025-11-01,PARTNERSHIP,"김포시, 로봇경진대회에서 연세대 멘토링 받을 김포 학생 모집",https://ilyo.co.kr/?ac=article_view&entry_id=502392
2025-11-01,"CERT,LAUNCH","경복대, 2025 왕숙천문화제 활기 도우미로 맹활약 ‘눈길’",https://www.ekn.kr/web/view.php?key=20251101020502407
2025-11-01,LAUNCH,AI·VFX·VR 체험…'콘텐츠 유니버스'에서 신개념 콘텐츠를,http://www.edaily.co.kr/news/newspath.asp?newsid=01984406642361456
2025-11-01,"INVEST,LAUNCH",美 '테크 빅4' AI 지출 확 늘었다...올해 544조원,http://www.choicenews.co.kr/news/articleView.html?idxno=156069
2025-11-01,INVEST,"세종 감성초, ‘꿈꾸는 마술 상자’ 마술쇼로 창의력과 자신감 키워",https://www.viva100.com/article/20251101500022
2025-11-01,LAUNCH,"제주 장애인사업장 메이즈랜드, AI· AR 체험관 내달 7일 개관",https://www.yna.co.kr/view/AKR20251031131200056?input=1195m
2025-11-01,"CERT,LAUNCH",[2025 산학연협력 EXPO] ‘선택적 투시기술’로 장례문화 새 장 연다… ...,https://cc.newdaily.co.kr/site/data/html/2025/11/01/2025110100014.html
2025-11-01,"LAUNCH,PARTNERSHIP",일상과 함께하는 네카오…AI도 한 발짝 앞섰다,https://www.lcnews.co.kr/news/articleView.html?idxno=114829
2025-11-01,LAUNCH,"이달의 명사(名士), 엔비디아 CEO '젠슨 황'",https://www.ilovepc.co.kr/news/articleView.html?idxno=56648
2025-11-01,LAUNCH,"혼다, 감성 자극하는 소형 EV ‘슈퍼-원’ 프로토타입 공개",https://www.sedaily.com/NewsView/2H0AC4GCW3
2025-11-01,"LAUNCH,PARTNERSHIP","마이디어, 'KES 2025' 성료…1~2인 가구 저격 성공",https://www.econovill.com/news/articleView.html?idxno=716861
2025-11-01,LAUNCH,“프리미엄 전기 세단의 기준” 강력한 힘 발휘 ‘아우디 A6 e-트론’ [2...,https://www.etoday.co.kr/news/view/2520603
2025-11-02,LAUNCH,적자로 돌아선 'TV 쇼크'삼성·LG 美 관세 직격탄,http://www.smedaily.co.kr/news/articleView.html?idxno=342290
2025-11-02,LAUNCH,"한국앤컴퍼니그룹, 판교 본사 테크노플렉스 '오픈하우스' 개최",https://www.smartfn.co.kr/news/articleView.html?idxno=124581
2025-11-02,LAUNCH,"시진핑, 李에 ‘샤오미 15 울트라’ 선물…“디스플레이는 한국 LG 제품...",https://www.kgnews.co.kr/news/article.html?no=871983
2025-11-02,LAUNCH,시즈니의 ‘소원’(WISH) 이뤄준 NCT WISH 첫 단독 콘서트,https://sports.donga.com/ent/article/all/20251102/132686378/1
2025-11-02,"CERT,LAUNCH,REGUL",[Cover Story] 국내 교육용 로봇 시장 분석,https://www.irobotnews.com/news/articleView.html?idxno=43141
2025-11-02,LAUNCH,"샤오미 스마트폰, 한중 정상회담 주연으로···""디스플레이는 한국""",http://www.enewstoday.co.kr/news/articleView.html?idxno=2348491
2025-11-02,LAUNCH,"'초록별 ON' NCT 위시X시즈니, 함께 쓴 첫 서사…글로벌 여정 시작 [스한...",https://sports.hankooki.com/news/articleView.html?idxno=6914823
2025-11-02,LAUNCH,추신수 아내도 3억 車 마다하고 택했다더니…여심 폭발 [모빌리티톡],https://www.hankyung.com/article/202510316109g
2025-11-02,INVEST,"""AI가 돈 된다""… 솔루스첨단소재, 반도체 기판으로 체질 개선 중",https://www.pinpointnews.co.kr/news/articleView.html?idxno=391142
2025-11-02,"LAUNCH,PARTNERSHIP",[브리프] 삼성전자 한화그룹 코웨이 삼성SDI 롯데물산 보람그룹 롯데재...,http://www.biztribune.co.kr/news/articleView.html?idxno=342682
2025-11-02,LAUNCH,충남 주요 산업 경기회복 기대 경기지수 소폭 상승,https://www.daejonilbo.com/news/articleView.html?idxno=2236236
2025-11-02,"CERT,LAUNCH",[주간차차차] SUV 명가 캐딜락의 초대형 전기차 '에스컬레이드 IQ',http://www.seoulwire.com/news/articleView.html?idxno=678071
2025-11-02,"INVEST,LAUNCH,REGUL",시진핑 선물은 '샤오미15 울트라'…한중 경제협력 기대감 커진다,https://www.asiatime.co.kr/article/20251102500028
2025-11-02,"ORDER,REGUL",충청권 경기 보합세 유지... 서비스업 중심 개선세 '완만',http://www.chungnamilbo.co.kr/news/articleView.html?idxno=856521
2025-11-02,"INVEST,LAUNCH",[진영전자] 흰 천과 '엡손'만 있다면···그 어디든 '시네마 스크린',http://www.enewstoday.co.kr/news/articleView.html?idxno=2348526
2025-11-02,LAUNCH,40대 갤럭시 사용률 줄어… 이재용의 ‘뼈있는 아이폰 농담’,https://www.chosun.com/economy/industry-company/2025/11/03/WGH455MRWVDVNAUHHBEHQP6MKY/?utm_source=naver&utm_medium=referral&utm_campaign=naver-news
2025-11-02,LAUNCH,"‘中 초슬림  폴더블 폰’ 대명사 오포, 파인드 N6로 돌아온다…""삼성 갤...",https://www.ddaily.co.kr/page/view/2025110210333476440
2025-11-02,"LAUNCH,PARTNERSHIP",정의선·젠슨황 '맞손'…車안 '지포스 세상' 열릴까,http://www.m-i.kr/news/articleView.html?idxno=1298088
2025-11-02,"INVEST,PARTNERSHIP","산업은행, 1400곳 직접 투자…벤처 육성 진심 [금융대전환 주역 금융공...",http://www.fntimes.com/html/view.php?ud=202511020905242884dd55077bc2_18
2025-11-02,"CERT,LAUNCH",[경주 APEC] 정부·지자체·진행요원·경주시민이 '원팀' 역량 결집,https://www.idaegu.co.kr/news/articleView.html?idxno=528247
2025-11-02,"INVEST,LAUNCH",‘상승 랠리’ 이어질까… 숨고르기 장세될 듯 [주간 증시 전망],http://www.fnnews.com/news/202511021804210492
2025-11-02,"CERT,LAUNCH,REGUL","[디지털리스크, ESG가 답이다] 韓 밀고 들어오는 중국산… 디지털리스크...",https://www.dt.co.kr/article/12026744?ref=naver
2025-11-02,"LAUNCH,PARTNERSHIP","가천대학교 기반구축사업단,'2025년 사업성과 보고 & 컨퍼런스' 개최",https://www.kihoilbo.co.kr/news/articleView.html?idxno=3002213
2025-11-02,"INVEST,LAUNCH",[기획]초순수 확보가 경쟁력…수처리기술 승부 건 기업들,http://www.m-i.kr/news/articleView.html?idxno=1298028
2025-11-02,"LAUNCH,PARTNERSHIP",시진핑은 왜 이재명 대통령에 '최신폰 아닌' 샤오미15 울트라 선물했을...,https://www.huffingtonpost.kr/news/articleView.html?idxno=239329
2025-11-01,LAUNCH,"""28년 다닌 회사 나왔지만...명함 버리고 눈 낮추니 '갈 곳' 있더라"" [은...",http://www.fnnews.com/news/202510031636165848
2025-11-02,"CERT,LAUNCH,PARTNERSHIP","[출근길 포인트] 시진핑, 李 대통령에 샤오미15 울트라 선물... '다목적...",https://www.pointdaily.co.kr/news/articleView.html?idxno=277620
2025-11-02,LAUNCH,[뉴욕환시-주간] 이가 없으니 잇몸…ISM·ADP 민간고용 주목,https://news.einfomax.co.kr/news/articleView.html?idxno=4381769
2025-11-02,"INVEST,LAUNCH","[세계경제동향 브리핑] 코스피 4,100선 돌파·나스닥 2%대 상승… 달러 ...",https://www.kihoilbo.co.kr/news/articleView.html?idxno=3002157
2025-11-02,LAUNCH,10월 물가 동향·9월 경상수지 공개 [한동훈의 위클리전망대],https://www.sedaily.com/NewsView/2H0APV53QO
2025-11-02,"INVEST,LAUNCH","워런 버핏, 투자 멈추고 현금 쌓았다...보유액 546조원 '사상 최대'",http://www.joseilbo.com/news/news_read.php?uid=555914&class=42&grp=
2025-11-02,"CERT,LAUNCH","셀트리온, 안질환 치료제 美 상업화 '성큼'",http://www.inews24.com/view/1902165
2025-11-02,LAUNCH,성경 구절로 임대차 분쟁 꾸짖는 사진…알고 보니 가로수길 보증금 때문,https://sports.khan.co.kr/article/202511030439003?pt=nv
2025-11-02,LAUNCH,"""내 목숨 구했다"" vs ""낭떠러지로 달렸다"" 테슬라 FSD 체험해 봤더니 [찐...",https://www.hankookilbo.com/News/Read/A2025103103580000123?did=NA
2025-11-02,"CERT,INVEST,LAUNCH","연준 FOMC 금리인하 ""내부 반란"" 파월 기자회견 충격 .. 뉴욕증시 달러환...",https://www.g-enews.com/view.php?ud=202511011512195206906806b77b_1
2025-11-02,LAUNCH,"‘♥새신랑' 곽튜브 어쩌나..""결혼식, 너무 연기톤"" 폭로 등장 (냉부해)...",http://www.osen.co.kr/article/G1112690432
2025-11-02,LAUNCH,"킹콩소프트, '석기삼국: 타임리프 삼국지' 출시… 원시시대에 떨어진 삼...",https://www.stnsports.co.kr/news/articleView.html?idxno=307696
2025-11-02,LAUNCH,"문경 감홍사과, APEC 각국 정상 입맛 저격 '자신감'",https://www.idaegu.co.kr/news/articleView.html?idxno=528296
2025-11-02,LAUNCH,젠슨 황 '치맥 회동'이 재계에 던진 신선한 충격 [윤민혁의 실리콘밸리...,https://www.sedaily.com/NewsView/2H0ASC31VL
2025-11-02,CERT,"우리은행, 외국인 전용 복합문화공한 '우리 글로벌 라운지' 오픈",https://www.kfenews.co.kr/news/articleView.html?idxno=648342
2025-11-02,CERT,"""젠슨 황 앉은 자리, 기 좀 받자""…치맥회동 가게 '성지순례'",https://news.sbs.co.kr/news/endPage.do?news_id=N1008315918&plink=ORI&cooper=NAVER
2025-11-02,LAUNCH,“AI 공급망·제조·생태계 보유”… 빅테크 ‘러브콜’ 쏟아지는 한국,https://www.seoul.co.kr/news/economy/industry/2025/11/03/20251103010002?wlog_tag3=naver
2025-11-02,"INVEST,LAUNCH",네이버랩스 석상옥 ‘포털서 로봇으로’ 네이버 확 바꾼다,http://www.fntimes.com/html/view.php?ud=202511022321508306dd55077bc2_18
2025-11-02,INVEST,"[사설]韓-엔비디아 AI 동맹, 기업인 네트워크의 힘 또 빛났다",http://www.edaily.co.kr/news/newspath.asp?newsid=01407126642362112
2025-11-02,"CERT,INVEST,LAUNCH,PARTNERSHIP",美中日 만나 모두 성과냈지만…남은 난제도 수두룩,https://www.nocutnews.co.kr/news/6422129?utm_source=naver&utm_medium=article&utm_campaign=20251103050048
2025-11-02,LAUNCH,"[단독] 'AI 깐부' 치맥 회동, 젠슨 황 34세 딸의 작품이었다 [경주 APEC]",https://www.joongang.co.kr/article/25378991
2025-11-02,"CERT,INVEST,PARTNERSHIP,REGUL","웃돈 줘도 못사는 GPU 대전...젠슨황, '26만장 약속' 의미",https://www.joongang.co.kr/article/25378990
2025-11-02,INVEST,"코스피 못따라가는 코스닥… ETF 올 수익률, 절반 불과",https://www.mt.co.kr/stock/2025/11/03/2025110220074523509
2025-11-02,"CERT,INVEST,LAUNCH","4100 뚫은 불장… ""더 오를 연료, 아직 남았다""",https://www.mt.co.kr/stock/2025/11/03/2025110219580828509
2025-11-02,"CERT,LAUNCH",‘AI 반도체 깐부’  삼성전자 -현대차 성장 날개,https://www.donga.com/news/Economy/article/all/20251102/132687684/2
2025-11-02,INVEST,"코스피 불장에 돌아온 ‘왕개미’, 1억 이상 주문 4년만에 최대",https://www.donga.com/news/Economy/article/all/20251103/132688524/2
2025-11-02,"CERT,INVEST",美中 무역전쟁 휴전 무대 된 ‘경주 APEC’… 글로벌 투자 이끌어 7.4조...,https://www.donga.com/news/Politics/article/all/20251103/132688650/2
2025-11-02,INVEST,"‘실용주의’  LG  구광모 회장의 뚝심, ‘2년 만의 통합우승’ 왕조 시대...",https://www.sportsseoul.com/news/read/1559583?ref=naver
2025-11-02,"INVEST,LAUNCH,PARTNERSHIP","APEC, 韓 중심 글로벌 산업 협력의 장으로",https://www.ksilbo.co.kr/news/articleView.html?idxno=1040555
2025-11-02,INVEST,"개막 7연패 부진→복덩이 외인 합류 후 2승 3패…""긍정적인 에너지 불어...",https://www.mydaily.co.kr/page/view/2025110220243590285
2025-11-02,LAUNCH,"LG전자 , 뉴욕서 8번째 멸종위기종 보호 캠페인",https://www.segye.com/newsView/20251102509109?OutUrl=naver
2025-11-02,LAUNCH,"코트라, 멕시코서 미국 관세 대응 해외 릴레이 설명회 개최…""현지 진출...",http://www.econonews.co.kr/news/articleView.html?idxno=411657
2025-11-02,INVEST,심상치 않은 정관장의 질주…어느덧 5연승,https://www.sportsworldi.com/newsView/20251102510665
2025-11-02,INVEST,"변준형 22점 폭발! 정관장, 소노 꺾고 5연승 질주… LG ·가스공사도 웃었...",https://www.dailysportshankook.co.kr/news/articleView.html?idxno=417525
2025-11-02,LAUNCH,"장혜진 딸, 알고보니 배우였다…""이창동 감독 '시' 출연, 아들도 특별 출...",https://www.tenasia.co.kr/article/2025110283784
2025-11-02,LAUNCH,"[AIS 2025] S2W 양종헌 팀장 ""생성형 AI 시대, 에이전트 시스템은 새로운...",https://www.dailysecu.com/news/articleView.html?idxno=201967
2025-11-02,PARTNERSHIP,"엔비디아 '지포스 게이머 페스티벌', 글로벌 파트너 총출동한 '게이밍 ...",https://www.stnsports.co.kr/news/articleView.html?idxno=307695
2025-11-02,"CERT,INVEST,LAUNCH,REGUL",[데스크 칼럼] ‘사다리’는 끊겼고 ‘풍선’은 더 커졌다,http://www.fntimes.com/html/view.php?ud=202511022354067408dd55077bc2_18
2025-11-02,LAUNCH,"‘아마 5단 바둑광’ 이 대통령, APEC ‘실리외교 포석’ 첫 돌 놨다",https://www.hani.co.kr/arti/politics/bluehouse/1226976.html
2025-11-02,"INVEST,LAUNCH","“AI 투자, 결국 사람 일자리 대체로 이어질 것”…‘AI의 대부’ 힌턴...",https://www.g-enews.com/view.php?ud=2025110300171463739a1f309431_1
2025-11-02,INVEST,[야고부-김교영] '마약 공화국' 될라,https://www.imaeil.com/page/view/2025110217240595815
2025-11-02,"CERT,REGUL",'5성급 납품'이라더니… 침대·안마의자 '소비자 기만' 도넘었다,https://www.moneys.co.kr/article/2025103115592996841
2025-11-02,LAUNCH,"美대법 관세소송 심리 임박…美재무 ""희토류 통제가 비상사태""",https://biz.sbs.co.kr/article_hub/20000269398?division=NAVER
2025-11-02,LAUNCH,"LG유플러스, Simply. U+ ‘고객 중심’ 브랜드 캠페인 진행",https://www.betanews.net/article/view/beta202511030002
2025-11-02,"INVEST,LAUNCH,PARTNERSHIP","[월간유통 모니터 ] 편의점 본고장 美 진출 CU, 매각 속도 홈플러스",http://www.shinailbo.co.kr/news/articleView.html?idxno=2139041
2025-11-02,CERT,"[사설] 정쟁으로 끝난 최악의 국감, 정치권 자성해야",https://www.kyeonggi.com/article/20251102580291
2025-11-02,"LAUNCH,PARTNERSHIP","KT&G, '니코틴 파우치'로 미래 연다…'명장제도'로 기술 DNA 강화",https://www.pointdaily.co.kr/news/articleView.html?idxno=277099
2025-11-02,CERT,"'침대 같은' 뒷좌석, '그랜저 같은' 운전석...G90 LWB 블랙의 두 얼굴",https://www.wolyo.co.kr/news/articleView.html?idxno=302995
2025-11-02,"LAUNCH,REGUL",‘5·18 왜곡·폄훼 댓글’ 제대로 못 걸러내는 포털,https://www.khan.co.kr/article/202511022222005
2025-11-02,LAUNCH,"""오늘도 화려한 날 들 수 빈 이""…신수현, 촬영 현장 속 압도적 아우라",https://www.topstarnews.net/news/articleView.html?idxno=15861147
2025-11-02,CERT,[온누리]GPU와 젠슨 황,http://sjbnews.com/news/news.php?number=863519
2025-11-02,LAUNCH,"""차가운 시선 속 묻어난 자신감""…아이키, 거침없는 가을→압도적 아우...",https://www.topstarnews.net/news/articleView.html?idxno=15861114
2025-11-02,CERT,"""전기효율등급제 제외 '학교 전자칠판' 고효율 제품 보급 더뎌""",https://www.kihoilbo.co.kr/news/articleView.html?idxno=3002240
2025-11-02,"CERT,PARTNERSHIP,REGUL","무인버스, 뛰어오는 손님 태운 뒤 출발…하늘엔 드론이 음식 배달",https://www.sedaily.com/NewsView/2H0AR691SC
2025-11-02,LAUNCH,[ 노트북  너머] “축의금 돌려줬다”로 끝날 일인가,https://www.etoday.co.kr/news/view/2521126
2025-11-02,ORDER,"[ 노트북 을 열며] 한국형 구축함 KDDX, 표류의 끝은 어디?",https://www.goodmorningcc.com/news/articleView.html?idxno=433451
2025-11-02,LAUNCH,"일상 속에 스며든 배터리 화재, 농촌지역의 새로운 위험",http://www.domin.co.kr/news/articleView.html?idxno=1534044
2025-11-02,INVEST,“당신을 문학으로 이끈 힘은?”…2025 신춘문예 당선자에게 듣는 ‘습...,https://www.nongmin.com/article/20251031500567
2025-11-02,LAUNCH,"""대학생인데요, 제 졸업장은 GPT에게 절반 맡겨놨습니다""",https://www.ohmynews.com/NWS_Web/View/at_pg.aspx?CNTN_CD=A0003179262&CMPT_CD=P0010&utm_source=naver&utm_medium=newsearch&utm_campaign=naver_news
2025-11-02,"INVEST,PARTNERSHIP","[열린송현] AI 전환 시대, 통신산업의 길",https://www.sedaily.com/NewsView/2H0B5K7FLQ
2025-11-02,INVEST,"BNK부산은행 임직원, 재능기부 통해 지역사회 봉사활동 전개",https://www.wikitree.co.kr/articles/1092290
2025-11-02,LAUNCH,"""25년 뒤 우리의 모습?""…AI가 예측한 '소파 인간' 충격 비주얼",https://www.newsis.com/view/NISX20251102_0003386622
2025-11-02,LAUNCH,한 달간 ‘숏폼 다이어트’ 했더니… 굳었던 뇌가 살아났다,https://www.donga.com/news/It/article/all/20251102/132685866/2
2025-11-02,LAUNCH,펀웨이브에선 움직이면 게임이 된다… 온몸으로 즐기는 신개념 'AI 스포...,http://www.mygoyang.com/news/articleView.html?idxno=86328
2025-10-29,"INVEST,LAUNCH","슬리피, 슬립테크 시장의 기대주로 떠오르다, 내년 초 정식 출시 앞두고...",https://www.abcn.kr/news/articleView.html?idxno=84149
2025-11-02,LAUNCH,‘빵 터진 시진핑’…무표정하다 韓·美 정상 앞 ‘무장해제’ 화제,https://www.munhwa.com/article/11543807?ref=naver
2025-11-02,LAUNCH,"[종합] 아이브, 2만 8200명 팬과 '혼문' 닫았다…두 번째 월드투어 이제...",https://www.tenasia.co.kr/article/2025110288274
2025-11-02,INVEST,전남콘텐츠페어 '성료'…1만8천명 몰린 '참여형 축제'로 콘텐츠산업 가...,https://www.getnews.co.kr/news/articleView.html?idxno=847180
2025-11-02,CERT,"익산 '보물찾기 축제' , 익산의 역사와 현재가 가상에서 만났다",http://www.ttlnews.com/news/articleView.html?idxno=3044547
2025-11-02,LAUNCH,최대 과학축제 ‘경북창의한마당’ 성대한 개막,https://www.ksmnews.co.kr/news/view.php?idx=572248
2025-11-02,"CERT,LAUNCH",한반도 평화 염원… ‘금단의 땅’ 평화의 레이스 [2025 DMZ OPEN 평화마라...,https://www.kyeonggi.com/article/20251102580182
2025-11-02,PARTNERSHIP,"미니게이트, 키즈 메타버스 ‘위티버스’ 기반 디지털 포용 확대",https://www.g-enews.com/view.php?ud=202511022209527667e207547429_1
2025-11-02,INVEST,경주를 역사·첨단산업·평화·문화 어우러진 세계 10대 문화관광도시로...,https://www.yeongnam.com/web/view.php?key=20251102024335771
2025-11-02,LAUNCH,첨단기술·전문성 살린 에듀테크 솔루션 찾는다,https://www.ccdn.co.kr/news/articleView.html?idxno=1046426
2025-11-02,CERT,"[경주APEC 결산] APEC으로 경주, 세계의 중심에 서다",https://www.imaeil.com/page/view/2025110210211322997
2025-11-02,REGUL,김종서장군 충절·애민 정신 계승,https://www.inews365.com/news/article.html?no=892319
2025-11-02,INVEST,"""어떻게 가지, 어디서 묵지"" 외신도 지적…APEC이 남긴 숙제 [경주 APEC]",https://www.joongang.co.kr/article/25378858
2025-11-02,"CERT,LAUNCH,PARTNERSHIP","한국정보산업협회, AI·데이터 활성화와 보안융합 논의… 2025 추계 합동...",https://www.koreaittimes.com/news/articleView.html?idxno=147209
2025-11-02,LAUNCH,"""베이비 팰리세이드 등장"" 현대차, 소형 SUV '베뉴 풀체인지' 인도서 공...",https://www.autodaily.co.kr/news/articleView.html?idxno=538483
2025-11-03,LAUNCH,"에이피알, 2025 APEC 각국 정상에 '부스터 프로 일월오봉도 에디션' 선물",http://www.ktnews.com/news/articleView.html?idxno=142038
2025-11-03,"CERT,INVEST,ORDER,PARTNERSHIP,REGUL","태양광에너지 관련주, '봄꽃만개' 신성이엔지·한화솔루션·SK이터닉스·...",http://www.finomy.com/news/articleView.html?idxno=242194
2025-11-03,LAUNCH,"광주교통公, 철도차량 정비분야 기술교류회",https://www.redaily.co.kr/news/articleView.html?idxno=14197
2025-11-03,"CERT,INVEST,LAUNCH,PARTNERSHIP",[브리프] 삼성전자 대한항공 두산로보틱스 코웨이 한컴 제일기획 外,http://www.biztribune.co.kr/news/articleView.html?idxno=342785
2025-11-03,"LAUNCH,PARTNERSHIP",제3장 스트레처블 디스플레이 소재기술(1)-정용철(한국생산기술연구원...,http://amenews.kr/news/view.php?idx=64148
2025-11-03,"INVEST,LAUNCH",부산대 전기공학과와 계약학과 운영 ‘수도권 인재 블랙홀’ 막을 첨병...,https://www.busan.com/view/busan/view.php?code=2025110318260214582
2025-11-03,PARTNERSHIP,"서린씨앤아이, 지마켓·옥션 빅스마일데이 참여...풍성한 혜택 마련",https://www.cnet.co.kr/view/?no=20251103173911
2025-11-03,LAUNCH,'구독경제' 전성기… 가전·식품·취미로 영역 넓힌다,https://www.joongboo.com/news/articleView.html?idxno=363707615
2025-11-03,LAUNCH,삼성전자 美  OLED  특허 소송서 패소…'2700억원 배상',https://www.newsis.com/view/NISX20251104_0003388599
2025-11-03,LAUNCH,"삼영초, 전교생 '동아리의 날'...1년간 동아리활동 결실, 무대 위서 '활...",https://www.idaegu.co.kr/news/articleView.html?idxno=528448
2025-11-03,LAUNCH,"강화자연사박물관 개관 10주년 기념행사, 관람객 2천여 명 모으며 흥행",https://www.g-enews.com/view.php?ud=2025110313470651359dfa2aa8ed_1
2025-11-03,"LAUNCH,PARTNERSHIP","뷰소닉, 11번가 ‘그랜드 십일절’ 통해 빔프로젝터 특가 진행",https://www.fetv.co.kr/news/article.html?no=204680
2025-11-03,LAUNCH,"TCL, 쿠팡 할인 행사 참여… ""프리미엄 TV 라인업 선봬""",https://it.chosun.com/news/articleView.html?idxno=2023092150186
2025-11-03,LAUNCH,[오늘의 뷰티] 미쟝센·에이피 뷰티·EOA·아누아·아토팜·피지오겔·EG...,http://www.financialreview.co.kr/news/articleView.html?idxno=38010
2025-11-03,LAUNCH,"""왜 이렇게 아이폰이 많아요?"" 이재용 농담 속 드러난 '위기의식'",https://www.thepublic.kr/news/articleView.html?idxno=282160
2025-11-03,LAUNCH,미래의 갤럭시라 칭송받았지만 지금은 사라진 기술,https://www.betanews.net/article/view/beta202511030087
2025-11-03,"LAUNCH,REGUL","애플, 2026년 창립 50주년 맞아 신제품 융단폭격…기대작 총정리",https://www.digitaltoday.co.kr/news/articleView.html?idxno=601760
2025-11-03,LAUNCH,"힐링쉴드, 아이폰 17 시리즈 전용 '프라이버시 보호필름' 2종 출시",https://www.dailysecu.com/news/articleView.html?idxno=201997
2025-11-03,"INVEST,LAUNCH,PARTNERSHIP,REGUL","[IPO] 그린광학, 이달 상장...""글로벌 강자 도전""",https://www.asiatime.co.kr/article/20251103500315
2025-11-03,REGUL,"반도체 성능 '뻥튀기' 원인, 국내 연구진이 밝혀내",https://www.gukjenews.com/news/articleView.html?idxno=3417010
2025-11-03,"INVEST,LAUNCH","APEC2025에서 살펴본 K뷰티, K테크, K푸드, K컬쳐의 미래",https://www.ekoreanews.co.kr/news/articleView.html?idxno=82830
2025-11-03,PARTNERSHIP,"한국재료연·광주과기원, 첨단 융합기술 발전 협력체계 구축",https://www.gnnews.co.kr/news/articleView.html?idxno=622444
2025-11-03,LAUNCH,"LG그룹, 이달 말 인사 결단··· 대대적 조직 쇄신 나설 듯",https://www.ajunews.com/view/20251103151528021
2025-11-03,"CERT,INVEST,LAUNCH,PARTNERSHIP,REGUL","젠슨 황 주목, 반도체 강국 韓의 숨은 주역 측정·표준 중추 '표준연'의...",http://www.hellodd.com/news/articleView.html?idxno=109756
2025-11-03,INVEST,스타트업 투자 '쏠림' 심해졌다,http://www.fnnews.com/news/202511031817377541
2025-11-03,INVEST,"코스피, 불붙은 '대형주 장세'…코스닥과 격차 사상 최대",https://www.polinews.co.kr/news/articleView.html?idxno=712418
2025-11-03,"INVEST,LAUNCH,PARTNERSHIP","코스피, 사상 첫 4200대 돌파…이번주 팔란티어·AMD 실적 발표 주목",https://economist.co.kr/article/view/ecn202511030082
2025-11-03,LAUNCH,772km 주행…현대차 중형 전기 SUV ‘일렉시오’ 내년 출시,https://www.thedrive.co.kr/news/newsview.php?ncode=1065601853548131
2025-11-03,REGUL,양자컴 시대에 '물리Ⅱ' 선택 1% 그쳐…대학은 '보충수업' 고역,https://www.sedaily.com/NewsView/2H0B7T59BX
2025-11-03,"CERT,INVEST,REGUL",[청론직설] “공장 사라지면 혁신도 사라져…제조업 강화에 국운 걸어야...,https://www.sedaily.com/NewsView/2H0B8XMTW3
2025-11-03,"INVEST,LAUNCH","""그렇게 한국 무시하더니…"" 파격 전망에 기대감 폭발한 곳",https://www.hankyung.com/article/2025110310041
2025-11-03,"CERT,ORDER",[코스닥 공시] 아이씨디 / 큐로셀,https://www.mk.co.kr/article/11458732
2025-11-03,"CERT,LAUNCH,ORDER",기업 공시 [11월 3일],https://www.sedaily.com/NewsView/2H0B8BWJDU
2025-11-03,"CERT,INVEST,LAUNCH,ORDER","아이씨디,  LG디스플레이 와 251억 규모 공급 계약",http://www.edaily.co.kr/news/newspath.asp?newsid=03745766642362112
2025-11-03,"INVEST,LAUNCH",1년 새 2300명 짜른 정철동 LGD 대표…4분기 추가 구조조정 예고,https://www.1conomynews.co.kr/news/articleView.html?idxno=44459
2025-11-03,CERT,"(주)오로, 경기도 유망중소기업 선정",http://www.e2news.com/news/articleView.html?idxno=324601
2025-11-03,LAUNCH,"시진핑 받은 황남빵에 조국 ""王보다 皇, 영리한 선택""",https://view.asiae.co.kr/article/2025110308055235652
2025-11-03,ORDER,"LG 전자, 1분기부터 반등 기대…목표가 16%↑-iM",http://www.edaily.co.kr/news/newspath.asp?newsid=01945046642362112
2025-11-03,"CERT,INVEST,LAUNCH,PARTNERSHIP",“AI 시대에는 ‘문제발굴력’이 교육의 핵심 돼야” [AI 프리즘*대학생...,https://www.sedaily.com/NewsView/2H0B6IWP52
2025-11-03,"INVEST,LAUNCH","삼성 전자, '기타 부문'에 3.2조 설비투자 배정 역대 최대...새 폼팩터 '에...",https://www.greened.kr/news/articleView.html?idxno=332743
2025-11-03,PARTNERSHIP,"외국인 계절근로자 도입 위해…아산시 대표단, 베트남서 활발한 외교 펼...",https://www.cctoday.co.kr/news/articleView.html?idxno=2220976
2025-11-03,LAUNCH,"큐소닉,  삼성  스마트 모니터 M7 등 ‘빅스마일데이’ 참가",https://www.betanews.net/article/view/beta202511030064
2025-11-03,LAUNCH,[이로운시선]'607분의 외교'와 26만 장의 GPU… 실용외교의 진짜 시험대...,https://www.eroun.net/news/articleView.html?idxno=66128
2025-11-03,"INVEST,LAUNCH,ORDER",3분기 경기도 경제 '소폭 개선'…반도체 호조‧소비쿠폰 등 영향,https://www.kihoilbo.co.kr/news/articleView.html?idxno=3002314
2025-11-03,LAUNCH,"쿠오모, 맘다니<뉴욕 시장> 맹추격…셰릴·치터렐리<뉴저지 주지사> 초...",https://www.koreadaily.com/article/20251102174403486
2025-11-03,"INVEST,LAUNCH",AI 데이터센터 투자 더 늘린다...'AI 거품론' 정면반박 나선 글로벌 빅테...,https://www.digitaltoday.co.kr/news/articleView.html?idxno=601572
2025-11-03,REGUL,11월 전국 아파트 3만6642세대 분양..수도권 비규제지역 집중,http://www.breaknews.com/1158434
2025-11-03,LAUNCH,"日 샤프, 초경량 VR 글래스 '크로스텔라 VR1' 공개…무게 198g",https://www.digitaltoday.co.kr/news/articleView.html?idxno=601638
2025-11-03,"INVEST,LAUNCH","일본 전기차(EV) 시장, 테슬라-BYD 입지 확대",http://www.newstown.co.kr/news/articleView.html?idxno=667332
2025-11-03,LAUNCH,"中 샤오미 전기차 전환의 그림자…34세 직원 과로사, ""996 문화"" 여전",https://www.g-enews.com/view.php?ud=2025110318320867370c8c1c064d_1
2025-11-03,"INVEST,REGUL",APEC 이후 한미 협력 ‘기술·투자 축’으로 이동…디지털 규제는 불씨,http://www.edaily.co.kr/news/newspath.asp?newsid=01521926642362440
2025-11-03,"INVEST,LAUNCH","[실리콘 디코드] 中, '세계 칩 심장부' 신주 단지 사진 공개…'반도체 아...",https://www.g-enews.com/view.php?ud=202511031417453492fbbec65dfb_1
2025-11-03,"CERT,LAUNCH,REGUL",중국이 희토류로 얻은 것 [특파원칼럼],https://www.mt.co.kr/opinion/2025/11/04/2025110307532389871
2025-11-03,"CERT,INVEST,REGUL","인도-중국 직항 5년 만에 재개…인도, 990억弗 무역적자 속 '경제 밀월'...",https://www.g-enews.com/view.php?ud=202511031726251206fbbec65dfb_1
2025-11-03,"INVEST,LAUNCH,PARTNERSHIP","‘젠슨 황 효과’ 코스피 4200, 11만 전자, 62만 닉스 뚫었다",https://www.joongang.co.kr/article/25379310
2025-11-03,LAUNCH,"언어 장벽 허무는 AI 통번역, APEC서도 진가 보였다",https://www.kmib.co.kr/article/view.asp?arcid=1762159160&code=11151400&cp=nv
2025-11-03,LAUNCH,"블랙 프라이데이 시즌, 여행 프로모션도 '우르르'",https://www.traveltimes.co.kr/news/articleView.html?idxno=414465
2025-11-03,LAUNCH,"코스피 4200, 반도체만으로 버틸까…2차 주도株 전쟁 시작됐다",https://news.tf.co.kr/read/economy/2258586.htm
2025-11-03,LAUNCH,"제니퍼 애니스톤, '새 사랑♥' 찾았다… 짐 커티스와 열애 공식화 [할리...",https://www.tvreport.co.kr/entertainment/article/955066/
2025-11-03,LAUNCH,"GM, 10월 총 3만9630대 판매",http://www.rpm9.com/news/article.html?id=20251103090018
2025-11-03,LAUNCH,"서인영, 10kg 찌웠던 몸 다시 리셋 중…숏컷+ 애플 힙 라인으로 변신",https://www.mk.co.kr/article/11458823
2025-11-03,LAUNCH,2025년 로카르노영화제 황금표범상 수상! 심은경 주연의 영화 '여행과 나...,https://www.vegannews.co.kr/news/article.html?no=341879
2025-11-03,INVEST,코스피 파죽지세에 빚투 사상최고 '턱밑'…한 달새 2조 원 불어나,https://news.sbs.co.kr/news/endPage.do?news_id=N1008317508&plink=ORI&cooper=NAVER
2025-11-03,INVEST,"""4200을 넘겨? 더 간다""…불붙은 코스피 바라보는 증권가 눈높이 쑥",https://www.mt.co.kr/stock/2025/11/04/2025110317441080900
2025-11-03,PARTNERSHIP,"[IT리더 열전-SI①]  삼성 SDS 이준희 ""AI 풀스택 통해 반등…AX 공략""",http://www.shinailbo.co.kr/news/articleView.html?idxno=2138535
2025-11-03,"INVEST,LAUNCH",주가 30% 빠져도 20% 번다…“안전빵 수익” MZ가 꽂힌 상품 [젠지의 투...,https://www.joongang.co.kr/article/25379332
2025-11-03,INVEST,음식물 쓰레기서 수소 추출…경기 곳곳 '미니 수소도시' 만든다,https://www.joongang.co.kr/article/25379324
2025-11-03,"LAUNCH,REGUL",여야 보좌관 십수명 영입했다…“영감님 피해라” 대관팀 24시간,https://www.joongang.co.kr/article/25379321
2025-11-03,INVEST,"개인 한 경기 최다 어시스트 맹활약 박무빈 ""14어시스트보다 턴오버 없...",https://www.mydaily.co.kr/page/view/2025110323240501034
2025-11-03,INVEST,"'전반 51점→후반 28점' 확 꺾여버린 기세... 김효범 삼성 감독 ""마무리...",https://www.starnewskorea.com/sports/2025/11/03/2025110316500383345
2025-11-03,INVEST,"[BK 플레이어] ‘개인 통산 최다 34점’ 해먼즈, “동료들이 잘해서 기쁘...",https://basketkorea.com/news/newsview.php?ncode=1065615699099687
2025-11-03,LAUNCH,"지드래곤, 역사가 되다...APEC 정상회의서 유일무이 무대 ‘K-POP 국위선...",https://www.mk.co.kr/article/11457989
2025-11-03,LAUNCH,"MS, 호주 AI인프라 업체 아이렌서 14조원 규모 클라우드 구매",https://www.yna.co.kr/view/AKR20251104004100091?input=1195m
2025-11-03,LAUNCH,깐따피아 아트컴퍼니 '프랑스 음악으로의 초대' 연주회 개최,http://www.mhj21.com/170310
2025-11-03,LAUNCH,페라리 소속 F1 드라이버 샤를 르클레르 약혼,https://www.marieclairekorea.com/celebrity/2025/11/f1-driver-charles-leclerc-engagement/?utm_source=naver&utm_medium=partnership
2025-11-03,LAUNCH,"쿠팡, '로켓직구 광군제' 개최 … 850여 개 브랜드 인기 상품 선보여",http://www.worktoday.co.kr/news/articleView.html?idxno=76363
2025-11-03,LAUNCH,"쿠팡, '로켓직구 광군제' 개막…850개 글로벌 브랜드 특가전",https://www.digitaltoday.co.kr/news/articleView.html?idxno=601902
2025-11-03,LAUNCH,그래피티 감성 돋보여... 컬러풀 iGame 지포스 RTX 5070 울트라 화이트 O...,https://www.ilovepc.co.kr/news/articleView.html?idxno=56682
2025-11-03,LAUNCH,[캐시닥 퀴즈 정답] 캐시닥 오늘의 돈버는 퀴즈 11월 3일 13시 정답 공개,https://www.topstarnews.net/news/articleView.html?idxno=15861932
2025-11-03,"CERT,LAUNCH","‘1인 2색’ 전여빈, 역시 장르물의 얼굴 [‘부세미’ 종영]",https://isplus.com/article/view/isp202511020074
2025-11-03,"CERT,LAUNCH","아일릿, 日 인기  TV  애니메이션 주제곡 부른다",https://www.spotvnews.co.kr/news/articleView.html?idxno=780364
2025-11-03,LAUNCH,"김태원, 상견례도 안 했는데 韓서 딸 전통 혼례식 왜? “미국 결혼식 취...",https://www.newsen.com/news_view.php?uid=202511031903265710
2025-11-03,INVEST,김혜성 카퍼레이드 누가 예상이나 했겠나…韓야수 최초 WS 제패→LA 영웅...,http://www.osen.co.kr/article/G1112690877
2025-11-03,LAUNCH,"‘피자집 흉기 난동 3명 살해’ 김동원, 오늘 첫 재판",https://www.sedaily.com/NewsView/2H0BM8Y68J
2025-11-03,LAUNCH,"임정희, 44세에 자연 임신…출산 당일 현장 공개 [RE: TV ]",https://www.news1.kr/entertain/broadcast-tv/5963561
2025-11-03,INVEST,[사설] 예산 국회 시작…‘F학점’ 국정감사 오명 씻어야,https://www.joongang.co.kr/article/25379276
2025-11-03,LAUNCH,"여주시, 오곡나루축제 '바가지요금 근절' 캠페인…가격 공개로 소비자 ...",http://www.newstown.co.kr/news/articleView.html?idxno=667756
2025-11-03,INVEST,[따져보니] GPU가 뭐길래…전력 수급 어떻게?,https://news.tvchosun.com/site/data/html_dir/2025/11/03/2025110390321.html
2025-11-03,LAUNCH,대구보건대 인당뮤지엄 기획전 故 김인겸: 공간의 시학,https://www.idaegu.co.kr/news/articleView.html?idxno=528393
2025-11-03,INVEST,"노래도 MV도 '수지 맞춤'으로…어반자카파, '스테이'로 컴백[현장EN:]",https://www.nocutnews.co.kr/news/6422772?utm_source=naver&utm_medium=article&utm_campaign=20251103101340
2025-11-03,CERT,"공공기관 AI 전환 도우미···이데아인포, 통계분석·DB구축 등 '척척'",http://www.hellodd.com/news/articleView.html?idxno=109729
2025-11-03,LAUNCH,"육수당, 겨울 시즌 한정 '통영 굴국밥' 출시…제철코어 트렌드 반영",https://www.thepublic.kr/news/articleView.html?idxno=282179
2025-11-03,"INVEST,LAUNCH,PARTNERSHIP","[단신]농협은행, ‘NH내가만든포트폴리오’ 펀드 가입 이벤트 外",https://www.donga.com/news/Economy/article/all/20251103/132695155/2
2025-11-03,INVEST,"[현장] ""틸론, 제주서 서울  노트북  작동...걸그룹 4K 화질 생생 시연""",https://zdnet.co.kr/view/?no=20251103185748
2025-11-03,LAUNCH,"틸론소프트, '디아더스페이스' 제주서 공개…AI 주권 선언",https://www.jemin.com/news/articleView.html?idxno=829514
2025-11-03,LAUNCH,삼성 '갤럭시 북6 프로' 긱벤치에서 포착.. 인텔 팬서레이크 CPU 탑재,https://kbench.com/?q=node/272845
2025-11-03,"CERT,INVEST,LAUNCH,REGUL",엔비디아의 다음 정거장은 'AI 팩토리',https://slownews.kr/148294
2025-11-03,"CERT,INVEST",[ 노트북  단상] 2025 경주 APEC이 남긴 것들,https://www.busan.com/view/busan/view.php?code=2025110318001493273
2025-11-03,"CERT,LAUNCH","CU, 빼빼로데이 맞이 글로벌 IP 협업 상품 출시",https://www.youthdaily.co.kr/news/article.html?no=201252
2025-11-03,LAUNCH,"11월 4일 토스 행운퀴즈 ""알리익스프레스"" 문제+전체 정답 공개!",http://www.economytalk.kr/news/articleView.html?idxno=413673
2025-11-03,INVEST,"[지선 뛰는 사람들] 경기도교육감 선거, ‘교육 철학’ 맞대결 본격화…...",https://www.kgnews.co.kr/news/article.html?no=872143
2025-11-03,"CERT,REGUL","""칼바람 맞으며 인증샷""…운항 재개 한강버스 타보니[르포]",https://www.news1.kr/local/moi/5963491
2025-11-03,REGUL,"APEC을 빛낸 K-스타들, 세계가 반한 '한국의 얼굴'",https://www.mydaily.co.kr/page/view/2025110401201885982
2025-11-03,CERT,"보석같은 동네 명소, 알릴수록 빛난다",https://www.donga.com/news/Society/article/all/20251103/132680504/1
2025-11-03,"CERT,LAUNCH",[경주APEC 결산] 화제된 인상적 순간들… '뉴노멀' 외교 새지평을 열다,https://www.newscj.com/news/articleView.html?idxno=3335827
2025-11-03,INVEST,"보스반도체 "" 차량용  칩, 퀄컴 아성에 도전""",https://www.hankyung.com/article/2025110309931
2025-11-03,"LAUNCH,REGUL","대경권 경기 소폭 회복…제조·서비스업 '플러스', 건설업 '마이너스'",https://www.imaeil.com/page/view/2025110316000556691
2025-11-03,"CERT,LAUNCH,REGUL","[ESG클린리더스]""디지털 전환으로 탄소 배출 줄여""...OLED TV 효율 20% 개...",https://www.hankookilbo.com/News/Read/A2025103017350002910?did=NA
2025-11-03,"CERT,LAUNCH",음식 체험과 예술이 공존하는 시간…'김해분청도자기축제' 경상남도 김...,https://www.topstarnews.net/news/articleView.html?idxno=15862511
2025-11-03,"LAUNCH,REGUL","화성시, 동탄2 물류시설 건립...""시민 안전 최우선 검토할 것""",https://www.dnews.co.kr/uhtml/view.jsp?idxno=202511031947530400279
2025-11-03,INVEST,음성에서 꿀잼 스탬프 투어! 농특산물까지 챙기는 '스탬프 헌터' 여행,https://www.newscj.com/news/articleView.html?idxno=3335788
2025-11-03,"INVEST,LAUNCH","구지세현유치원, 유아 성장과 가족 사랑이 하나되는 시간",https://www.idaegu.co.kr/news/articleView.html?idxno=528449
2025-11-03,"LAUNCH,PARTNERSHIP","창원폴리텍대학, 진해희망의집과 지역사회공동체 협력 강화",https://www.kukinews.com/article/view/kuk202511030223
2025-11-03,"INVEST,LAUNCH","경콘진, ‘2025 의정부 혁신도시 스타트업 챌린지’ 14일 개최",https://ilyo.co.kr/?ac=article_view&entry_id=502483
2025-11-03,"INVEST,PARTNERSHIP",케냐에서 성장하는 한국 에듀테크 기업 관계자 인터뷰,http://dream.kotra.or.kr/kotranews/cms/news/actionKotraBoardDetail.do?SITE_NO=3&MENU_ID=110&CONTENTS_NO=1&bbsGbn=245&bbsSn=245&pNttSn=235247
2025-11-03,"INVEST,PARTNERSHIP,REGUL",[패트롤] 고양시-남양주시-양주시-의정부시-파주시,https://www.ekn.kr/web/view.php?key=20251103021283149
2025-11-03,INVEST,"첨단기술 축제, 고양서 개막…로보월드·드론·미디어 환상쇼",https://www.etnews.com/20251103000492
2025-11-03,"CERT,INVEST,LAUNCH,PARTNERSHIP,REGUL","[포스트 경주APEC] 삼국통일의 도시, 이젠 '한반도 통일센터' 거점으로",https://www.imaeil.com/page/view/2025110316374231043
2025-11-03,INVEST,"“미래를 설계하는 전북 창업생태계, AI·AX로 미래 성장에 시동걸다”",http://sjbnews.com/news/news.php?number=863559
2025-11-03,"INVEST,LAUNCH",경기도 '2025 디지털퓨처쇼' 5일 개막… 첨단기술 산업 전시·체험 한자...,https://www.newscj.com/news/articleView.html?idxno=3335679
2025-11-03,INVEST,"[경북, 세계를 품다] 2025 경주 APEC 이후의 미래(상)",https://www.kyongbuk.co.kr/news/articleView.html?idxno=4055764
2025-11-03,LAUNCH,[BIXOP 2025 개막] '탄소중립·AI 확장' 광주서 새 에너지 지향점 찾는다,http://www.jndn.com/article.php?aid=1762161051420585099
2025-11-03,"INVEST,PARTNERSHIP","""스타트업과 상생"" 롯데, 500억 이노베이션 펀드 만든다",https://www.sedaily.com/NewsView/2H0B830GXT
2025-11-03,"INVEST,PARTNERSHIP","한국콘텐츠진흥원, 싱가포르 '스위치 2025'서 'K-콘텐츠 파빌리온' 운영",https://www.s-journal.co.kr/news/articleView.html?idxno=35183
2025-11-03,"LAUNCH,PARTNERSHIP","LG CNS, 코린도 그룹과 ERP 전환 사업 체결…KT, 'LG Easy TV' 가전구독 ...",http://www.sisaon.co.kr/news/articleView.html?idxno=177032
2025-11-03,LAUNCH,"BIXPO 2025, 기후 에너지 위기 해법··· 광주에서 답을 찾는다",http://www.epj.co.kr/news/articleView.html?idxno=37265
2025-11-03,"CERT,INVEST","램테크놀러지, 디스플레이·배터리까지 진격… 기술 IP로 승부수",https://www.pinpointnews.co.kr/news/articleView.html?idxno=391429
2025-11-03,LAUNCH,"넥슨의 프리미엄 PC방 '메이플 아지트', 3일부터 상시 오픈",https://www.gamevu.co.kr/news/articleView.html?idxno=52992
2025-11-03,PARTNERSHIP,"벤큐 조위, 세계 랭킹 1위 'SOOP DN프릭스'와 공식 후원 체결",https://www.cnet.co.kr/view/?no=20251103155040
2025-11-03,"CERT,LAUNCH","'오제앤에스', 삼성전자 '최초 가변 주사율'  게이밍 모니터  S27FG700 공식...",http://dhnews.co.kr/news/view/1065592277984999
2025-11-03,INVEST,"[사설] 대전·충남 통합, 국가균형발전의 기폭제 돼야",https://www.jbnews.com/news/articleView.html?idxno=1493135
