org,topic,base_score,topic_share,company_focus,hybrid_score
AMD,40,282.2711,0.1146,0.3814,282.2711
AMD,0,209.3304,0.0121,0.2828,209.3304
AMD,83,178.0502,0.0234,0.2406,178.0502
AMD,10,175.9555,0.0156,0.2377,175.9555
AMD,16,168.5817,0.0343,0.2278,168.5817
AMD,18,157.5392,0.0267,0.2128,157.5392
AMD,26,128.0195,0.0139,0.1730,128.0195
AMD,82,121.7825,0.0328,0.1645,121.7825
AMD,53,119.6384,0.0660,0.1616,119.6384
AMD,70,112.9451,0.0202,0.1526,112.9451
AMD,9,110.4344,0.0152,0.1492,110.4344
AMD,75,98.6777,0.0116,0.1333,98.6777
AMD,21,97.0852,0.0203,0.1312,97.0852
AMD,20,94.9602,0.0205,0.1283,94.9602
AMD,67,92.8333,0.0173,0.1254,92.8333
AMD,42,92.7567,0.0137,0.1253,92.7567
AMD,34,90.7391,0.0167,0.1226,90.7391
AMD,6,90.6438,0.0192,0.1225,90.6438
AMD,84,87.7662,0.0078,0.1186,87.7662
AMD,27,87.0468,0.0199,0.1176,87.0468
AMD,74,86.2626,0.0076,0.1165,86.2626
AMD,92,85.6778,0.0095,0.1158,85.6778
AMD,31,85.5377,0.0231,0.1156,85.5377
AMD,36,82.4504,0.0103,0.1114,82.4504
AMD,7,81.5108,0.0226,0.1101,81.5108
AMD,17,81.0012,0.0669,0.1094,81.0012
AMD,66,80.7863,0.0202,0.1091,80.7863
AMD,95,80.7630,0.0171,0.1091,80.7630
AMD,56,73.2849,0.0145,0.0990,73.2849
AMD,25,72.8436,0.0133,0.0984,72.8436
AMD,94,71.9679,0.0113,0.0972,71.9679
AMD,39,70.2687,0.0252,0.0949,70.2687
AMD,48,69.3961,0.0199,0.0938,69.3961
AMD,3,67.4153,0.0070,0.0911,67.4153
AMD,79,64.5157,0.0191,0.0872,64.5157
AMD,63,63.0647,0.0179,0.0852,63.0647
AMD,60,62.8127,0.0093,0.0849,62.8127
AMD,64,62.3410,0.0088,0.0842,62.3410
AMD,37,59.2674,0.0097,0.0801,59.2674
AMD,30,58.4882,0.0154,0.0790,58.4882
AMD,57,54.9034,0.0243,0.0742,54.9034
AMD,98,53.9485,0.0107,0.0729,53.9485
AMD,29,53.7656,0.0251,0.0726,53.7656
AMD,23,51.0771,0.0128,0.0690,51.0771
AMD,8,49.0245,0.0158,0.0662,49.0245
AMD,13,48.9679,0.0089,0.0662,48.9679
AMD,45,46.0205,0.0188,0.0622,46.0205
AMD,96,45.1945,0.0058,0.0611,45.1945
AMD,65,43.6055,0.0106,0.0589,43.6055
AMD,2,43.3106,0.0183,0.0585,43.3106
AMD,77,43.1273,0.0300,0.0583,43.1273
AMD,33,42.2112,0.0077,0.0570,42.2112
AMD,86,41.2695,0.0115,0.0558,41.2695
AMD,68,41.2252,0.0172,0.0557,41.2252
AMD,24,38.4424,0.0131,0.0519,38.4424
AMD,15,34.3328,0.0077,0.0464,34.3328
AMD,28,34.0701,0.0075,0.0460,34.0701
AMD,4,33.6513,0.0088,0.0455,33.6513
AMD,19,32.7041,0.0080,0.0442,32.7041
AMD,61,32.6731,0.0116,0.0441,32.6731
AMD,55,30.6403,0.0134,0.0414,30.6403
AMD,58,30.3935,0.0099,0.0411,30.3935
AMD,78,29.4999,0.0082,0.0399,29.4999
AMD,81,27.6799,0.0170,0.0374,27.6799
AMD,99,26.8616,0.0606,0.0363,26.8616
AMD,89,26.6897,0.0114,0.0361,26.6897
AMD,73,26.3508,0.0097,0.0356,26.3508
AMD,51,25.7715,0.0105,0.0348,25.7715
AMD,46,25.4854,0.0068,0.0344,25.4854
AMD,41,24.1060,0.0061,0.0326,24.1060
AMD,90,23.9408,0.0080,0.0323,23.9408
AMD,43,22.9304,0.0490,0.0310,22.9304
AMD,59,22.4899,0.0164,0.0304,22.4899
AMD,72,22.0353,0.0071,0.0298,22.0353
AMD,87,20.3518,0.0062,0.0275,20.3518
AMD,85,19.8949,0.0179,0.0269,19.8949
AMD,35,19.1502,0.0107,0.0259,19.1502
AMD,91,18.8440,0.0040,0.0255,18.8440
AMD,97,17.9473,0.0061,0.0242,17.9473
AMD,12,16.7687,0.0045,0.0227,16.7687
AMD,22,16.7467,0.0218,0.0226,16.7467
AMD,47,16.4885,0.0073,0.0223,16.4885
AMD,80,15.8356,0.0113,0.0214,15.8356
AMD,93,15.5807,0.0041,0.0211,15.5807
AMD,14,13.9699,0.0053,0.0189,13.9699
AMD,62,13.9305,0.0052,0.0188,13.9305
AMD,32,13.5876,0.0115,0.0184,13.5876
AMD,38,13.3479,0.0100,0.0180,13.3479
AMD,1,12.9974,0.0032,0.0176,12.9974
AMD,44,11.4901,0.0093,0.0155,11.4901
AMD,54,10.1907,0.0108,0.0138,10.1907
AMD,50,9.9802,0.0145,0.0135,9.9802
AMD,69,9.0935,0.0127,0.0123,9.0935
AMD,49,7.8517,0.0034,0.0106,7.8517
AMD,5,6.5555,0.0034,0.0089,6.5555
AMD,11,5.0904,0.0055,0.0069,5.0904
AMD,76,4.2144,0.0090,0.0057,4.2144
AMD,52,4.0972,0.0116,0.0055,4.0972
AMD,71,3.8572,0.0061,0.0052,3.8572
AMD,88,3.8572,0.0135,0.0052,3.8572
AMD,100,2.8929,0.0086,0.0039,2.8929
ASUS,94,80.8712,0.0127,0.3431,80.8712
ASUS,0,76.2462,0.0044,0.3235,76.2462
ASUS,17,66.5367,0.0549,0.2823,66.5367
ASUS,19,62.2935,0.0152,0.2643,62.2935
ASUS,60,47.4925,0.0070,0.2015,47.4925
ASUS,7,47.1118,0.0131,0.1999,47.1118
ASUS,74,45.6684,0.0040,0.1938,45.6684
ASUS,37,40.2714,0.0066,0.1709,40.2714
ASUS,84,39.5667,0.0035,0.1679,39.5667
ASUS,26,39.3906,0.0043,0.1671,39.3906
ASUS,64,39.1444,0.0055,0.1661,39.1444
ASUS,40,38.8701,0.0158,0.1649,38.8701
ASUS,10,37.0065,0.0033,0.1570,37.0065
ASUS,3,36.9697,0.0038,0.1568,36.9697
ASUS,96,35.2364,0.0045,0.1495,35.2364
ASUS,75,33.3872,0.0039,0.1416,33.3872
ASUS,92,32.8431,0.0036,0.1393,32.8431
ASUS,98,32.6731,0.0065,0.1386,32.6731
ASUS,36,32.3912,0.0041,0.1374,32.3912
ASUS,72,29.6337,0.0095,0.1257,29.6337
ASUS,42,29.4466,0.0043,0.1249,29.4466
ASUS,41,27.7584,0.0070,0.1178,27.7584
ASUS,83,25.8347,0.0034,0.1096,25.8347
ASUS,58,25.8345,0.0084,0.1096,25.8345
ASUS,53,24.5832,0.0136,0.1043,24.5832
ASUS,13,21.5162,0.0039,0.0913,21.5162
ASUS,90,20.0794,0.0067,0.0852,20.0794
ASUS,67,19.1336,0.0036,0.0812,19.1336
ASUS,6,18.7043,0.0040,0.0794,18.7043
ASUS,45,18.2621,0.0074,0.0775,18.2621
ASUS,33,18.0905,0.0033,0.0768,18.0905
ASUS,9,17.5851,0.0024,0.0746,17.5851
ASUS,34,17.5851,0.0032,0.0746,17.5851
ASUS,87,17.3368,0.0053,0.0736,17.3368
ASUS,68,16.9318,0.0071,0.0718,16.9318
ASUS,93,16.3226,0.0043,0.0692,16.3226
ASUS,21,16.2990,0.0034,0.0691,16.2990
ASUS,77,16.1727,0.0113,0.0686,16.1727
ASUS,8,16.0862,0.0052,0.0682,16.0862
ASUS,31,15.9477,0.0043,0.0677,15.9477
ASUS,71,15.4288,0.0244,0.0655,15.4288
ASUS,20,13.6685,0.0029,0.0580,13.6685
ASUS,66,12.7557,0.0032,0.0541,12.7557
ASUS,28,12.3232,0.0027,0.0523,12.3232
ASUS,23,12.2297,0.0031,0.0519,12.2297
ASUS,61,12.1574,0.0043,0.0516,12.1574
ASUS,97,11.9649,0.0040,0.0508,11.9649
ASUS,15,11.6878,0.0026,0.0496,11.6878
ASUS,38,11.5681,0.0087,0.0491,11.5681
ASUS,70,11.5103,0.0021,0.0488,11.5103
ASUS,35,11.4901,0.0064,0.0487,11.4901
ASUS,24,11.3066,0.0038,0.0480,11.3066
ASUS,85,11.2450,0.0101,0.0477,11.2450
ASUS,82,10.8734,0.0029,0.0461,10.8734
ASUS,46,10.8120,0.0029,0.0459,10.8120
ASUS,39,8.7836,0.0031,0.0373,8.7836
ASUS,43,8.7354,0.0186,0.0371,8.7354
ASUS,4,7.4781,0.0020,0.0317,7.4781
ASUS,50,7.2584,0.0106,0.0308,7.2584
ASUS,95,6.7303,0.0014,0.0286,6.7303
ASUS,18,6.6255,0.0011,0.0281,6.6255
ASUS,12,5.5896,0.0015,0.0237,5.5896
ASUS,16,5.1532,0.0010,0.0219,5.1532
ASUS,48,5.1134,0.0015,0.0217,5.1134
ASUS,32,5.0954,0.0043,0.0216,5.0954
ASUS,54,5.0954,0.0054,0.0216,5.0954
ASUS,27,5.0358,0.0012,0.0214,5.0358
ASUS,5,4.9166,0.0025,0.0209,4.9166
ASUS,1,4.8740,0.0012,0.0207,4.8740
ASUS,49,4.7110,0.0020,0.0200,4.7110
ASUS,91,4.7110,0.0010,0.0200,4.7110
ASUS,56,4.4868,0.0009,0.0190,4.4868
ASUS,99,4.4769,0.0101,0.0190,4.4769
ASUS,29,4.4070,0.0021,0.0187,4.4070
ASUS,69,4.1334,0.0058,0.0175,4.1334
ASUS,30,4.0617,0.0011,0.0172,4.0617
ASUS,51,4.0268,0.0016,0.0171,4.0268
ASUS,47,3.9258,0.0017,0.0167,3.9258
ASUS,86,3.8933,0.0011,0.0165,3.8933
ASUS,59,3.4600,0.0025,0.0147,3.4600
ASUS,52,3.2778,0.0093,0.0139,3.2778
ASUS,80,3.1671,0.0023,0.0134,3.1671
ASUS,44,3.0640,0.0025,0.0130,3.0640
ASUS,55,3.0640,0.0013,0.0130,3.0640
ASUS,63,2.9677,0.0008,0.0126,2.9677
ASUS,79,2.8996,0.0009,0.0123,2.8996
ASUS,81,2.5950,0.0016,0.0110,2.5950
ASUS,62,2.4583,0.0009,0.0104,2.4583
ASUS,78,2.4583,0.0007,0.0104,2.4583
ASUS,65,2.3360,0.0006,0.0099,2.3360
ASUS,11,2.0361,0.0022,0.0086,2.0361
ASUS,2,1.6985,0.0007,0.0072,1.6985
ASUS,89,1.6681,0.0007,0.0071,1.6681
ASUS,100,0.9643,0.0029,0.0041,0.9643
ASUS,22,0.8814,0.0011,0.0037,0.8814
ASUS,73,0.7985,0.0003,0.0034,0.7985
ASUS,25,0.7918,0.0001,0.0034,0.7918
ASUS,57,0.7419,0.0003,0.0031,0.7419
AUO,0,52.6792,0.0030,0.3843,52.6792
AUO,74,42.7689,0.0038,0.3120,42.7689
AUO,84,38.8474,0.0034,0.2834,38.8474
AUO,3,36.9697,0.0038,0.2697,36.9697
AUO,10,30.7224,0.0027,0.2241,30.7224
AUO,96,29.8743,0.0039,0.2179,29.8743
AUO,92,28.5593,0.0032,0.2083,28.5593
AUO,64,27.5460,0.0039,0.2009,27.5460
AUO,26,27.4327,0.0030,0.2001,27.4327
AUO,75,23.0001,0.0027,0.1678,23.0001
AUO,60,22.2142,0.0033,0.1620,22.2142
AUO,94,21.5162,0.0034,0.1569,21.5162
AUO,36,20.6126,0.0026,0.1504,20.6126
AUO,37,17.4763,0.0029,0.1275,17.4763
AUO,42,16.9318,0.0025,0.1235,16.9318
AUO,83,16.7577,0.0022,0.1222,16.7577
AUO,6,16.5461,0.0035,0.1207,16.5461
AUO,97,16.4517,0.0056,0.1200,16.4517
AUO,34,14.7715,0.0027,0.1077,14.7715
AUO,28,14.4979,0.0032,0.1058,14.4979
AUO,98,14.4369,0.0029,0.1053,14.4369
AUO,33,14.3217,0.0026,0.1045,14.3217
AUO,61,13.6771,0.0049,0.0998,13.6771
AUO,13,12.6129,0.0023,0.0920,12.6129
AUO,15,12.4182,0.0028,0.0906,12.4182
AUO,23,12.2297,0.0031,0.0892,12.2297
AUO,27,12.2297,0.0028,0.0892,12.2297
AUO,79,11.5983,0.0034,0.0846,11.5983
AUO,87,10.5528,0.0032,0.0770,10.5528
AUO,19,10.1227,0.0025,0.0738,10.1227
AUO,67,9.9211,0.0019,0.0724,9.9211
AUO,1,9.7480,0.0024,0.0711,9.7480
AUO,20,9.3521,0.0020,0.0682,9.3521
AUO,7,8.9737,0.0025,0.0655,8.9737
AUO,91,8.6368,0.0018,0.0630,8.6368
AUO,70,8.6327,0.0015,0.0630,8.6327
AUO,9,8.4408,0.0012,0.0616,8.4408
AUO,4,8.2259,0.0022,0.0600,8.2259
AUO,56,8.2259,0.0016,0.0600,8.2259
AUO,41,8.0353,0.0020,0.0586,8.0353
AUO,31,7.9739,0.0022,0.0582,7.9739
AUO,95,7.4781,0.0016,0.0545,7.4781
AUO,80,7.1260,0.0051,0.0520,7.1260
AUO,21,7.0865,0.0015,0.0517,7.0865
AUO,47,7.0665,0.0031,0.0515,7.0665
AUO,44,6.8941,0.0056,0.0503,6.8941
AUO,58,6.8385,0.0022,0.0499,6.8385
AUO,68,6.6255,0.0028,0.0483,6.6255
AUO,48,6.5744,0.0019,0.0480,6.5744
AUO,66,6.3779,0.0016,0.0465,6.3779
AUO,65,6.2294,0.0015,0.0454,6.2294
AUO,57,5.9355,0.0026,0.0433,5.9355
AUO,93,5.9355,0.0015,0.0433,5.9355
AUO,82,5.7992,0.0016,0.0423,5.7992
AUO,12,5.5896,0.0015,0.0408,5.5896
AUO,90,5.4060,0.0018,0.0394,5.4060
AUO,29,5.2884,0.0025,0.0386,5.2884
AUO,18,5.1532,0.0009,0.0376,5.1532
AUO,45,5.1134,0.0021,0.0373,5.1134
AUO,78,4.9166,0.0014,0.0359,4.9166
AUO,39,4.7910,0.0017,0.0349,4.7910
AUO,86,4.6720,0.0013,0.0341,4.6720
AUO,30,4.0617,0.0011,0.0296,4.0617
AUO,25,3.9589,0.0007,0.0289,3.9589
AUO,49,3.9258,0.0017,0.0286,3.9258
AUO,46,3.8614,0.0010,0.0282,3.8614
AUO,8,3.8300,0.0012,0.0279,3.8300
AUO,35,3.8300,0.0021,0.0279,3.8300
AUO,24,3.7689,0.0013,0.0275,3.7689
AUO,16,3.6808,0.0007,0.0268,3.6808
AUO,59,3.4600,0.0025,0.0252,3.4600
AUO,5,3.2778,0.0017,0.0239,3.2778
AUO,63,2.9677,0.0008,0.0216,2.9677
AUO,2,2.5477,0.0011,0.0186,2.5477
AUO,62,2.4583,0.0009,0.0179,2.4583
AUO,51,2.4161,0.0010,0.0176,2.4161
AUO,72,2.2795,0.0007,0.0166,2.2795
AUO,99,2.2385,0.0051,0.0163,2.2385
AUO,43,2.1838,0.0047,0.0159,2.1838
AUO,14,1.7462,0.0007,0.0127,1.7462
AUO,81,1.7300,0.0011,0.0126,1.7300
AUO,54,1.6985,0.0018,0.0124,1.6985
AUO,53,1.6389,0.0009,0.0120,1.6389
AUO,55,1.5320,0.0007,0.0112,1.5320
AUO,76,1.0536,0.0023,0.0077,1.0536
AUO,17,0.9643,0.0008,0.0070,0.9643
AUO,40,0.9255,0.0004,0.0068,0.9255
AUO,50,0.9073,0.0013,0.0066,0.9073
AUO,77,0.8985,0.0006,0.0066,0.8985
AUO,22,0.8814,0.0011,0.0064,0.8814
AUO,69,0.8267,0.0012,0.0060,0.8267
AUO,52,0.8194,0.0023,0.0060,0.8194
AUO,73,0.7985,0.0003,0.0058,0.7985
Acer,94,62.3227,0.0098,0.3662,62.3227
Acer,0,57.5312,0.0033,0.3380,57.5312
Acer,19,52.1708,0.0127,0.3065,52.1708
Acer,92,31.4152,0.0035,0.1846,31.4152
Acer,64,31.1705,0.0044,0.1832,31.1705
Acer,74,31.1705,0.0027,0.1832,31.1705
Acer,84,30.9340,0.0027,0.1818,30.9340
Acer,10,30.7224,0.0027,0.1805,30.7224
Acer,60,30.6403,0.0045,0.1800,30.6403
Acer,72,29.6337,0.0095,0.1741,29.6337
Acer,26,29.5430,0.0032,0.1736,29.5430
Acer,41,29.2194,0.0074,0.1717,29.2194
Acer,37,28.1140,0.0046,0.1652,28.1140
Acer,7,27.6688,0.0077,0.1626,27.6688
Acer,17,26.0361,0.0215,0.1530,26.0361
Acer,58,23.5550,0.0077,0.1384,23.5550
Acer,96,22.9803,0.0030,0.1350,22.9803
Acer,75,22.2581,0.0026,0.1308,22.2581
Acer,36,22.0849,0.0028,0.1298,22.0849
Acer,83,21.6453,0.0028,0.1272,21.6453
Acer,42,21.3488,0.0031,0.1254,21.3488
Acer,40,21.2860,0.0086,0.1251,21.2860
Acer,98,21.2755,0.0042,0.1250,21.2755
Acer,90,20.0794,0.0067,0.1180,20.0794
Acer,3,18.8473,0.0020,0.1107,18.8473
Acer,13,15.5807,0.0028,0.0916,15.5807
Acer,21,14.8817,0.0031,0.0874,14.8817
Acer,9,14.7715,0.0020,0.0868,14.7715
Acer,33,12.8141,0.0023,0.0753,12.8141
Acer,97,12.7127,0.0043,0.0747,12.7127
Acer,28,12.3232,0.0027,0.0724,12.3232
Acer,34,11.9579,0.0022,0.0703,11.9579
Acer,38,11.5681,0.0087,0.0680,11.5681
Acer,20,11.5103,0.0025,0.0676,11.5103
Acer,53,11.4722,0.0063,0.0674,11.4722
Acer,93,11.1291,0.0029,0.0654,11.1291
Acer,15,10.9573,0.0025,0.0644,10.9573
Acer,31,10.8734,0.0029,0.0639,10.8734
Acer,46,10.8120,0.0029,0.0635,10.8120
Acer,23,10.7909,0.0027,0.0634,10.7909
Acer,61,10.6377,0.0038,0.0625,10.6377
Acer,87,10.5528,0.0032,0.0620,10.5528
Acer,45,10.2268,0.0042,0.0601,10.2268
Acer,67,9.9211,0.0019,0.0583,9.9211
Acer,77,9.8833,0.0069,0.0581,9.8833
Acer,68,9.5701,0.0040,0.0562,9.5701
Acer,85,9.5150,0.0086,0.0559,9.5150
Acer,82,9.4236,0.0025,0.0554,9.4236
Acer,6,9.3521,0.0020,0.0550,9.3521
Acer,70,9.3521,0.0017,0.0550,9.3521
Acer,66,9.2125,0.0023,0.0541,9.2125
Acer,8,9.1921,0.0030,0.0540,9.1921
Acer,50,7.2584,0.0106,0.0426,7.2584
Acer,24,5.2764,0.0018,0.0310,5.2764
Acer,95,5.2346,0.0011,0.0308,5.2346
Acer,5,4.9166,0.0025,0.0289,4.9166
Acer,16,4.4170,0.0009,0.0260,4.4170
Acer,48,4.3829,0.0013,0.0258,4.3829
Acer,32,4.2461,0.0036,0.0249,4.2461
Acer,39,3.9925,0.0014,0.0235,3.9925
Acer,47,3.9258,0.0017,0.0231,3.9258
Acer,49,3.9258,0.0017,0.0231,3.9258
Acer,56,3.7390,0.0007,0.0220,3.7390
Acer,27,3.5970,0.0008,0.0211,3.5970
Acer,80,3.1671,0.0023,0.0186,3.1671
Acer,91,3.1407,0.0007,0.0185,3.1407
Acer,55,3.0640,0.0013,0.0180,3.0640
Acer,4,2.9912,0.0008,0.0176,2.9912
Acer,59,2.5950,0.0019,0.0152,2.5950
Acer,54,2.5477,0.0027,0.0150,2.5477
Acer,35,2.2980,0.0013,0.0135,2.2980
Acer,18,2.2085,0.0004,0.0130,2.2085
Acer,79,2.1747,0.0006,0.0128,2.1747
Acer,52,1.6389,0.0046,0.0096,1.6389
Acer,1,1.6247,0.0004,0.0095,1.6247
Acer,51,1.6107,0.0007,0.0095,1.6107
Acer,65,1.5573,0.0004,0.0092,1.5573
Acer,44,1.5320,0.0012,0.0090,1.5320
Acer,63,1.4839,0.0004,0.0087,1.4839
Acer,71,0.9643,0.0015,0.0057,0.9643
Acer,100,0.9643,0.0029,0.0057,0.9643
Acer,22,0.8814,0.0011,0.0052,0.8814
Acer,73,0.7985,0.0003,0.0047,0.7985
Acer,86,0.7787,0.0002,0.0046,0.7787
Acer,57,0.7419,0.0003,0.0044,0.7419
BMW,0,78.3256,0.0045,0.2653,78.3256
BMW,8,76.6009,0.0247,0.2595,76.6009
BMW,9,75.9676,0.0105,0.2573,75.9676
BMW,10,74.7113,0.0066,0.2531,74.7113
BMW,41,60.6302,0.0153,0.2054,60.6302
BMW,84,59.7098,0.0053,0.2023,59.7098
BMW,74,57.9917,0.0051,0.1964,57.9917
BMW,83,57.9536,0.0076,0.1963,57.9536
BMW,26,57.6791,0.0063,0.1954,57.6791
BMW,48,52.5949,0.0151,0.1782,52.5949
BMW,68,50.7954,0.0212,0.1721,50.7954
BMW,72,48.6297,0.0156,0.1647,48.6297
BMW,92,48.5507,0.0054,0.1645,48.5507
BMW,27,46.0413,0.0105,0.1560,46.0413
BMW,3,44.9435,0.0047,0.1522,44.9435
BMW,90,40.9311,0.0136,0.1387,40.9311
BMW,4,40.3815,0.0106,0.1368,40.3815
BMW,23,39.5667,0.0099,0.1340,39.5667
BMW,28,38.4195,0.0085,0.1301,38.4195
BMW,42,38.2806,0.0056,0.1297,38.2806
BMW,61,37.9919,0.0135,0.1287,37.9919
BMW,64,36.9697,0.0052,0.1252,36.9697
BMW,15,36.5242,0.0082,0.1237,36.5242
BMW,34,33.7634,0.0062,0.1144,33.7634
BMW,24,30.9046,0.0105,0.1047,30.9046
BMW,36,29.4466,0.0037,0.0997,29.4466
BMW,39,28.7463,0.0103,0.0974,28.7463
BMW,75,26.7097,0.0031,0.0905,26.7097
BMW,67,26.2201,0.0049,0.0888,26.2201
BMW,96,24.5123,0.0032,0.0830,24.5123
BMW,33,24.1207,0.0044,0.0817,24.1207
BMW,21,24.0941,0.0050,0.0816,24.0941
BMW,60,23.7463,0.0035,0.0804,23.7463
BMW,95,23.1820,0.0049,0.0785,23.1820
BMW,91,22.7698,0.0049,0.0771,22.7698
BMW,13,22.2581,0.0040,0.0754,22.2581
BMW,93,22.2581,0.0058,0.0754,22.2581
BMW,56,21.6864,0.0043,0.0735,21.6864
BMW,94,21.5162,0.0034,0.0729,21.5162
BMW,20,20.8625,0.0045,0.0707,20.8625
BMW,37,19.7558,0.0032,0.0669,19.7558
BMW,12,19.1642,0.0051,0.0649,19.1642
BMW,99,19.0269,0.0429,0.0645,19.0269
BMW,51,18.5233,0.0075,0.0627,18.5233
BMW,70,17.9849,0.0032,0.0609,17.9849
BMW,19,17.9094,0.0044,0.0607,17.9094
BMW,16,17.6679,0.0036,0.0598,17.6679
BMW,66,17.0076,0.0043,0.0576,17.0076
BMW,46,16.9903,0.0045,0.0576,16.9903
BMW,18,16.9318,0.0029,0.0574,16.9318
BMW,45,16.8012,0.0069,0.0569,16.8012
BMW,63,16.3226,0.0046,0.0553,16.3226
BMW,58,15.9566,0.0052,0.0541,15.9566
BMW,98,15.9566,0.0032,0.0541,15.9566
BMW,25,15.8356,0.0029,0.0536,15.8356
BMW,30,15.4344,0.0041,0.0523,15.4344
BMW,35,15.3202,0.0085,0.0519,15.3202
BMW,32,15.2861,0.0129,0.0518,15.2861
BMW,31,15.2228,0.0041,0.0516,15.2228
BMW,6,15.1073,0.0032,0.0512,15.1073
BMW,7,14.9561,0.0042,0.0507,14.9561
BMW,71,14.4645,0.0229,0.0490,14.4645
BMW,47,14.1330,0.0062,0.0479,14.1330
BMW,78,13.9305,0.0039,0.0472,13.9305
BMW,55,13.7882,0.0060,0.0467,13.7882
BMW,73,13.5746,0.0050,0.0460,13.5746
BMW,87,13.5679,0.0041,0.0460,13.5679
BMW,38,13.3479,0.0100,0.0452,13.3479
BMW,49,13.3478,0.0058,0.0452,13.3478
BMW,86,13.2374,0.0037,0.0448,13.2374
BMW,79,13.0481,0.0039,0.0442,13.0481
BMW,97,12.7127,0.0043,0.0431,12.7127
BMW,82,12.3232,0.0033,0.0417,12.3232
BMW,1,12.1850,0.0030,0.0413,12.1850
BMW,5,11.4722,0.0059,0.0389,11.4722
BMW,62,11.4722,0.0042,0.0389,11.4722
BMW,57,11.1291,0.0049,0.0377,11.1291
BMW,2,10.1907,0.0043,0.0345,10.1907
BMW,81,9.5150,0.0058,0.0322,9.5150
BMW,52,7.3750,0.0208,0.0250,7.3750
BMW,65,7.0080,0.0017,0.0237,7.0080
BMW,44,6.8941,0.0056,0.0234,6.8941
BMW,29,6.1698,0.0029,0.0209,6.1698
BMW,14,6.1118,0.0023,0.0207,6.1118
BMW,59,6.0550,0.0044,0.0205,6.0550
BMW,69,5.7868,0.0081,0.0196,5.7868
BMW,40,5.5529,0.0023,0.0188,5.5529
BMW,54,5.0954,0.0054,0.0173,5.0954
BMW,11,5.0904,0.0055,0.0172,5.0904
BMW,89,5.0043,0.0021,0.0170,5.0043
BMW,77,4.4924,0.0031,0.0152,4.4924
BMW,22,4.4070,0.0057,0.0149,4.4070
BMW,50,3.6292,0.0053,0.0123,3.6292
BMW,85,3.4600,0.0031,0.0117,3.4600
BMW,43,3.2758,0.0070,0.0111,3.2758
BMW,80,3.1671,0.0023,0.0107,3.1671
BMW,76,3.1608,0.0068,0.0107,3.1608
BMW,53,2.4583,0.0014,0.0083,2.4583
BMW,17,1.9286,0.0016,0.0065,1.9286
BMW,88,1.9286,0.0067,0.0065,1.9286
BMW,100,1.9286,0.0058,0.0065,1.9286
BOE,0,916.3406,0.0528,0.3652,916.3406
BOE,74,766.9398,0.0676,0.3056,766.9398
BOE,84,734.5027,0.0651,0.2927,734.5027
BOE,75,594.2918,0.0700,0.2368,594.2918
BOE,42,558.7489,0.0824,0.2227,558.7489
BOE,96,556.8882,0.0718,0.2219,556.8882
BOE,60,551.5261,0.0817,0.2198,551.5261
BOE,36,537.4001,0.0673,0.2142,537.4001
BOE,92,486.2212,0.0540,0.1938,486.2212
BOE,37,443.7457,0.0728,0.1768,443.7457
BOE,94,441.4527,0.0695,0.1759,441.4527
BOE,64,428.4135,0.0605,0.1707,428.4135
BOE,10,407.0717,0.0361,0.1622,407.0717
BOE,3,387.8193,0.0404,0.1545,387.8193
BOE,98,369.2815,0.0734,0.1472,369.2815
BOE,26,360.8461,0.0392,0.1438,360.8461
BOE,33,359.5491,0.0653,0.1433,359.5491
BOE,13,311.6137,0.0565,0.1242,311.6137
BOE,25,285.0400,0.0520,0.1136,285.0400
BOE,19,273.3129,0.0665,0.1089,273.3129
BOE,87,269.8503,0.0824,0.1075,269.8503
BOE,65,244.5022,0.0594,0.0974,244.5022
BOE,93,228.5167,0.0596,0.0911,228.5167
BOE,28,228.3422,0.0502,0.0910,228.3422
BOE,15,227.1808,0.0513,0.0905,227.1808
BOE,56,184.7080,0.0364,0.0736,184.7080
BOE,7,180.2211,0.0501,0.0718,180.2211
BOE,12,174.0747,0.0465,0.0694,174.0747
BOE,27,172.6549,0.0394,0.0688,172.6549
BOE,18,171.5263,0.0291,0.0684,171.5263
BOE,16,170.7902,0.0348,0.0681,170.7902
BOE,30,170.5905,0.0449,0.0680,170.5905
BOE,9,168.1135,0.0232,0.0670,168.1135
BOE,78,167.9854,0.0467,0.0669,167.9854
BOE,86,162.7419,0.0453,0.0649,162.7419
BOE,63,158.7746,0.0452,0.0633,158.7746
BOE,49,155.4629,0.0673,0.0620,155.4629
BOE,97,154.7958,0.0523,0.0617,154.7958
BOE,83,150.8190,0.0198,0.0601,150.8190
BOE,34,149.1216,0.0274,0.0594,149.1216
BOE,58,139.8103,0.0455,0.0557,139.8103
BOE,79,133.3808,0.0395,0.0532,133.3808
BOE,91,129.5524,0.0277,0.0516,129.5524
BOE,70,120.8584,0.0216,0.0482,120.8584
BOE,46,118.9318,0.0318,0.0474,118.9318
BOE,72,117.7750,0.0377,0.0469,117.7750
BOE,95,115.1621,0.0243,0.0459,115.1621
BOE,41,109.5727,0.0277,0.0437,109.5727
BOE,57,106.8390,0.0474,0.0426,106.8390
BOE,1,103.1666,0.0256,0.0411,103.1666
BOE,66,99.9198,0.0250,0.0398,99.9198
BOE,5,95.8746,0.0492,0.0382,95.8746
BOE,90,91.9019,0.0306,0.0366,91.9019
BOE,67,89.2901,0.0167,0.0356,89.2901
BOE,62,86.8607,0.0321,0.0346,86.8607
BOE,6,84.8887,0.0180,0.0338,84.8887
BOE,55,81.9629,0.0359,0.0327,81.9629
BOE,29,78.4449,0.0366,0.0313,78.4449
BOE,23,78.4141,0.0196,0.0312,78.4141
BOE,24,76.8847,0.0261,0.0306,76.8847
BOE,51,75.7038,0.0308,0.0302,75.7038
BOE,20,74.0977,0.0160,0.0295,74.0977
BOE,73,69.4702,0.0255,0.0277,69.4702
BOE,8,68.1748,0.0220,0.0272,68.1748
BOE,21,62.3613,0.0130,0.0249,62.3613
BOE,31,57.9917,0.0157,0.0231,57.9917
BOE,61,56.2281,0.0200,0.0224,56.2281
BOE,82,54.3672,0.0147,0.0217,54.3672
BOE,45,51.1339,0.0209,0.0204,51.1339
BOE,48,50.4035,0.0144,0.0201,50.4035
BOE,50,47.1793,0.0686,0.0188,47.1793
BOE,53,44.2498,0.0244,0.0176,44.2498
BOE,2,44.1598,0.0186,0.0176,44.1598
BOE,68,43.4337,0.0182,0.0173,43.4337
BOE,4,43.3727,0.0114,0.0173,43.3727
BOE,89,39.2005,0.0168,0.0156,39.2005
BOE,35,37.5344,0.0209,0.0150,37.5344
BOE,39,37.5299,0.0135,0.0150,37.5299
BOE,80,35.6300,0.0254,0.0142,35.6300
BOE,44,31.4063,0.0254,0.0125,31.4063
BOE,17,29.8933,0.0247,0.0119,29.8933
BOE,81,26.8149,0.0164,0.0107,26.8149
BOE,76,23.1789,0.0495,0.0092,23.1789
BOE,14,22.7011,0.0086,0.0090,22.7011
BOE,47,21.9847,0.0097,0.0088,21.9847
BOE,59,20.7599,0.0151,0.0083,20.7599
BOE,85,19.0299,0.0171,0.0076,19.0299
BOE,38,16.9073,0.0127,0.0067,16.9073
BOE,54,15.2861,0.0163,0.0061,15.2861
BOE,22,14.9839,0.0195,0.0060,14.9839
BOE,40,14.8077,0.0060,0.0059,14.8077
BOE,69,10.7468,0.0150,0.0043,10.7468
BOE,71,10.6073,0.0168,0.0042,10.6073
BOE,88,5.7858,0.0202,0.0023,5.7858
BOE,100,5.7858,0.0173,0.0023,5.7858
BOE,77,4.4924,0.0031,0.0018,4.4924
BOE,43,4.3677,0.0093,0.0017,4.3677
BOE,32,4.2461,0.0036,0.0017,4.2461
BOE,52,4.0972,0.0116,0.0016,4.0972
BOE,99,2.2385,0.0051,0.0009,2.2385
BOE,11,2.0361,0.0022,0.0008,2.0361
BYD,0,123.3802,0.0071,0.3738,123.3802
BYD,84,108.6287,0.0096,0.3291,108.6287
BYD,74,97.1360,0.0086,0.2943,97.1360
BYD,93,89.7744,0.0234,0.2720,89.7744
BYD,9,75.9676,0.0105,0.2302,75.9676
BYD,92,74.9680,0.0083,0.2271,74.9680
BYD,10,67.7289,0.0060,0.2052,67.7289
BYD,3,61.6161,0.0064,0.1867,61.6161
BYD,8,58.2166,0.0188,0.1764,58.2166
BYD,26,52.0519,0.0057,0.1577,52.0519
BYD,83,44.6871,0.0059,0.1354,44.6871
BYD,34,41.5008,0.0076,0.1257,41.5008
BYD,27,40.2861,0.0092,0.1221,40.2861
BYD,64,39.8693,0.0056,0.1208,39.8693
BYD,28,37.6946,0.0083,0.1142,37.6946
BYD,20,35.9698,0.0078,0.1090,35.9698
BYD,56,35.1469,0.0069,0.1065,35.1469
BYD,60,33.7044,0.0050,0.1021,33.7044
BYD,13,33.3872,0.0061,0.1012,33.3872
BYD,25,33.2547,0.0061,0.1008,33.2547
BYD,42,31.6551,0.0047,0.0959,31.6551
BYD,41,31.4108,0.0079,0.0952,31.4108
BYD,75,30.4194,0.0036,0.0922,30.4194
BYD,48,29.2194,0.0084,0.0885,29.2194
BYD,94,28.9356,0.0046,0.0877,28.9356
BYD,68,28.7104,0.0120,0.0870,28.7104
BYD,4,28.4166,0.0075,0.0861,28.4166
BYD,67,28.3461,0.0053,0.0859,28.3461
BYD,70,27.3370,0.0049,0.0828,27.3370
BYD,37,26.5943,0.0044,0.0806,26.5943
BYD,95,26.1732,0.0055,0.0793,26.1732
BYD,16,25.0296,0.0051,0.0758,25.0296
BYD,36,25.0296,0.0031,0.0758,25.0296
BYD,15,24.8365,0.0056,0.0753,24.8365
BYD,61,24.3148,0.0086,0.0737,24.3148
BYD,21,23.3855,0.0049,0.0709,23.3855
BYD,90,23.1685,0.0077,0.0702,23.1685
BYD,24,22.6132,0.0077,0.0685,22.6132
BYD,46,22.3963,0.0060,0.0679,22.3963
BYD,55,22.2142,0.0097,0.0673,22.2142
BYD,96,22.2142,0.0029,0.0673,22.2142
BYD,78,22.1249,0.0061,0.0670,22.1249
BYD,73,21.5597,0.0079,0.0653,21.5597
BYD,63,21.5162,0.0061,0.0652,21.5162
BYD,18,21.3488,0.0036,0.0647,21.3488
BYD,72,21.2755,0.0068,0.0645,21.2755
BYD,39,20.7612,0.0074,0.0629,20.7612
BYD,98,20.5156,0.0041,0.0622,20.5156
BYD,33,20.3518,0.0037,0.0617,20.3518
BYD,66,19.1336,0.0048,0.0580,19.1336
BYD,30,18.6837,0.0049,0.0566,18.6837
BYD,82,17.3975,0.0047,0.0527,17.3975
BYD,23,17.2655,0.0043,0.0523,17.2655
BYD,86,17.1307,0.0048,0.0519,17.1307
BYD,31,16.6726,0.0045,0.0505,16.6726
BYD,79,16.6726,0.0049,0.0505,16.6726
BYD,6,16.5461,0.0035,0.0501,16.5461
BYD,19,16.3521,0.0040,0.0495,16.3521
BYD,87,15.8292,0.0048,0.0480,15.8292
BYD,97,14.9561,0.0050,0.0453,14.9561
BYD,58,14.4369,0.0047,0.0437,14.4369
BYD,12,14.3731,0.0038,0.0435,14.3731
BYD,91,14.1330,0.0030,0.0428,14.1330
BYD,65,14.0160,0.0034,0.0425,14.0160
BYD,45,13.8792,0.0057,0.0421,13.8792
BYD,35,13.7882,0.0077,0.0418,13.7882
BYD,7,13.4605,0.0037,0.0408,13.4605
BYD,29,12.3396,0.0058,0.0374,12.3396
BYD,57,11.8710,0.0053,0.0360,11.8710
BYD,76,10.5359,0.0225,0.0319,10.5359
BYD,47,10.2072,0.0045,0.0309,10.2072
BYD,44,9.1921,0.0074,0.0279,9.1921
BYD,89,9.1746,0.0039,0.0278,9.1746
BYD,50,9.0730,0.0132,0.0275,9.0730
BYD,1,8.9357,0.0022,0.0271,8.9357
BYD,2,7.6430,0.0032,0.0232,7.6430
BYD,54,7.6430,0.0081,0.0232,7.6430
BYD,62,7.3750,0.0027,0.0223,7.3750
BYD,99,6.7154,0.0152,0.0203,6.7154
BYD,80,6.3342,0.0045,0.0192,6.3342
BYD,49,6.2813,0.0027,0.0190,6.2813
BYD,14,6.1118,0.0023,0.0185,6.1118
BYD,11,6.1084,0.0065,0.0185,6.1084
BYD,32,5.9446,0.0050,0.0180,5.9446
BYD,88,4.8215,0.0168,0.0146,4.8215
BYD,77,4.4924,0.0031,0.0136,4.4924
BYD,81,4.3250,0.0026,0.0131,4.3250
BYD,53,4.0972,0.0023,0.0124,4.0972
BYD,71,3.8572,0.0061,0.0117,3.8572
BYD,100,3.8572,0.0115,0.0117,3.8572
BYD,38,3.5594,0.0027,0.0108,3.5594
BYD,85,3.4600,0.0031,0.0105,3.4600
BYD,69,3.3067,0.0046,0.0100,3.3067
BYD,5,3.2778,0.0017,0.0099,3.2778
BYD,51,3.2214,0.0013,0.0098,3.2214
BYD,52,2.4583,0.0069,0.0074,2.4583
BYD,17,1.9286,0.0016,0.0058,1.9286
BYD,22,1.7628,0.0023,0.0053,1.7628
BYD,40,0.9255,0.0004,0.0028,0.9255
Bosch,50,7.2584,0.0106,0.6662,7.2584
Bosch,67,3.5433,0.0007,0.3252,3.5433
Bosch,3,2.1747,0.0002,0.1996,2.1747
Bosch,6,2.1582,0.0005,0.1981,2.1582
Bosch,20,2.1582,0.0005,0.1981,2.1582
Bosch,21,2.1260,0.0004,0.1951,2.1260
Bosch,83,2.0947,0.0003,0.1923,2.0947
Bosch,1,1.6247,0.0004,0.1491,1.6247
Bosch,31,1.4498,0.0004,0.1331,1.4498
Bosch,82,1.4498,0.0004,0.1331,1.4498
Bosch,70,1.4388,0.0003,0.1321,1.4388
Bosch,66,1.4173,0.0004,0.1301,1.4173
Bosch,0,1.3863,0.0001,0.1272,1.3863
Bosch,17,0.9643,0.0008,0.0885,0.9643
Bosch,40,0.9255,0.0004,0.0849,0.9255
Bosch,77,0.8985,0.0006,0.0825,0.8985
Bosch,78,0.8194,0.0002,0.0752,0.8194
Bosch,12,0.7985,0.0002,0.0733,0.7985
Bosch,91,0.7852,0.0002,0.0721,0.7852
Bosch,86,0.7787,0.0002,0.0715,0.7787
Bosch,90,0.7723,0.0003,0.0709,0.7723
Bosch,35,0.7660,0.0004,0.0703,0.7660
Bosch,44,0.7660,0.0006,0.0703,0.7660
Bosch,96,0.7660,0.0001,0.0703,0.7660
Bosch,61,0.7598,0.0003,0.0697,0.7598
Bosch,24,0.7538,0.0003,0.0692,0.7538
Bosch,87,0.7538,0.0002,0.0692,0.7538
Bosch,4,0.7478,0.0002,0.0686,0.7478
Bosch,7,0.7478,0.0002,0.0686,0.7478
Bosch,56,0.7478,0.0001,0.0686,0.7478
Bosch,95,0.7478,0.0002,0.0686,0.7478
Bosch,16,0.7362,0.0001,0.0676,0.7362
Bosch,18,0.7362,0.0001,0.0676,0.7362
Bosch,68,0.7362,0.0003,0.0676,0.7362
Bosch,41,0.7305,0.0002,0.0670,0.7305
Bosch,45,0.7305,0.0003,0.0670,0.7305
Bosch,48,0.7305,0.0002,0.0670,0.7305
Bosch,23,0.7194,0.0002,0.0660,0.7194
Bosch,92,0.7140,0.0001,0.0655,0.7140
Bosch,9,0.7034,0.0001,0.0646,0.7034
Bosch,26,0.7034,0.0001,0.0646,0.7034
Bosch,34,0.7034,0.0001,0.0646,0.7034
Bosch,10,0.6982,0.0001,0.0641,0.6982
CES,23,237.4005,0.0595,0.3696,237.4005
CES,51,206.9773,0.0842,0.3222,206.9773
CES,0,192.6949,0.0111,0.3000,192.6949
CES,10,150.8190,0.0134,0.2348,150.8190
CES,96,140.9456,0.0182,0.2194,140.9456
CES,3,132.6559,0.0138,0.2065,132.6559
CES,75,123.1616,0.0145,0.1917,123.1616
CES,26,120.2820,0.0131,0.1873,120.2820
CES,84,120.1390,0.0107,0.1870,120.1390
CES,74,118.1580,0.0104,0.1840,118.1580
CES,67,102.7544,0.0192,0.1600,102.7544
CES,91,88.7238,0.0190,0.1381,88.7238
CES,64,88.4373,0.0125,0.1377,88.4373
CES,92,87.1057,0.0097,0.1356,87.1057
CES,34,85.1118,0.0156,0.1325,85.1118
CES,36,84.6589,0.0106,0.1318,84.6589
CES,21,80.7863,0.0169,0.1258,80.7863
CES,33,76.1310,0.0138,0.1185,76.1310
CES,6,73.3783,0.0156,0.1142,73.3783
CES,1,73.1102,0.0182,0.1138,73.1102
CES,83,70.5219,0.0093,0.1098,70.5219
CES,31,68.1402,0.0184,0.1061,68.1402
CES,97,63.5635,0.0215,0.0990,63.5635
CES,9,61.8995,0.0085,0.0964,61.8995
CES,28,54.3672,0.0120,0.0846,54.3672
CES,41,54.0559,0.0137,0.0842,54.0559
CES,42,53.7400,0.0079,0.0837,53.7400
CES,32,53.5013,0.0453,0.0833,53.5013
CES,15,51.8644,0.0117,0.0807,51.8644
CES,13,51.1937,0.0093,0.0797,51.1937
CES,94,50.4517,0.0079,0.0785,50.4517
CES,4,50.1030,0.0132,0.0780,50.1030
CES,20,49.6383,0.0107,0.0773,49.6383
CES,93,47.4840,0.0124,0.0739,47.4840
CES,65,46.7202,0.0113,0.0727,46.7202
CES,70,44.6025,0.0080,0.0694,44.6025
CES,60,43.6625,0.0065,0.0680,43.6625
CES,39,42.3209,0.0152,0.0659,42.3209
CES,37,41.7911,0.0069,0.0651,41.7911
CES,27,41.7249,0.0095,0.0650,41.7249
CES,82,40.5942,0.0109,0.0632,40.5942
CES,19,38.9335,0.0095,0.0606,38.9335
CES,7,38.8859,0.0108,0.0605,38.8859
CES,66,38.2672,0.0096,0.0596,38.2672
CES,98,37.9919,0.0075,0.0591,37.9919
CES,87,37.6886,0.0115,0.0587,37.6886
CES,48,37.2547,0.0107,0.0580,37.2547
CES,72,36.4723,0.0117,0.0568,36.4723
CES,24,36.1810,0.0123,0.0563,36.1810
CES,18,36.0721,0.0061,0.0562,36.0721
CES,90,34.7528,0.0116,0.0541,34.7528
CES,85,33.7349,0.0303,0.0525,33.7349
CES,61,33.4329,0.0119,0.0520,33.4329
CES,95,30.6600,0.0065,0.0477,30.6600
CES,56,27.6688,0.0055,0.0431,27.6688
CES,35,26.8103,0.0149,0.0417,26.8103
CES,8,26.0443,0.0084,0.0405,26.0443
CES,46,25.4854,0.0068,0.0397,25.4854
CES,68,24.2934,0.0102,0.0378,24.2934
CES,45,21.9145,0.0089,0.0341,21.9145
CES,50,21.7751,0.0317,0.0339,21.7751
CES,79,21.7469,0.0064,0.0339,21.7469
CES,89,21.6854,0.0093,0.0338,21.6854
CES,80,21.3780,0.0152,0.0333,21.3780
CES,16,19.8764,0.0040,0.0309,19.8764
CES,25,19.7944,0.0036,0.0308,19.7944
CES,86,19.4667,0.0054,0.0303,19.4667
CES,12,19.1642,0.0051,0.0298,19.1642
CES,59,19.0299,0.0138,0.0296,19.0299
CES,63,18.5484,0.0053,0.0289,18.5484
CES,44,18.3842,0.0148,0.0286,18.3842
CES,14,18.3355,0.0069,0.0285,18.3355
CES,47,17.2737,0.0076,0.0269,17.2737
CES,78,17.2083,0.0048,0.0268,17.2083
CES,62,16.3888,0.0061,0.0255,16.3888
CES,77,16.1727,0.0113,0.0252,16.1727
CES,54,16.1353,0.0172,0.0251,16.1353
CES,58,15.9566,0.0052,0.0248,15.9566
CES,55,15.3202,0.0067,0.0239,15.3202
CES,30,14.6220,0.0038,0.0228,14.6220
CES,40,13.8822,0.0056,0.0216,13.8822
CES,2,13.5876,0.0057,0.0212,13.5876
CES,57,13.3549,0.0059,0.0208,13.3549
CES,49,12.5627,0.0054,0.0196,12.5627
CES,11,12.2169,0.0131,0.0190,12.2169
CES,43,12.0112,0.0256,0.0187,12.0112
CES,73,11.9776,0.0044,0.0186,11.9776
CES,53,9.8333,0.0054,0.0153,9.8333
CES,38,8.8986,0.0067,0.0139,8.8986
CES,17,8.6787,0.0072,0.0135,8.6787
CES,69,7.4401,0.0104,0.0116,7.4401
CES,22,6.1698,0.0080,0.0096,6.1698
CES,81,6.0550,0.0037,0.0094,6.0550
CES,71,5.7858,0.0091,0.0090,5.7858
CES,88,5.7858,0.0202,0.0090,5.7858
CES,29,5.2884,0.0025,0.0082,5.2884
CES,76,4.2144,0.0090,0.0066,4.2144
CES,52,3.2778,0.0093,0.0051,3.2778
CES,5,2.4583,0.0013,0.0038,2.4583
CES,99,1.1192,0.0025,0.0017,1.1192
CES,100,0.9643,0.0029,0.0015,0.9643
CSOT,0,540.6548,0.0311,0.3579,540.6548
CSOT,74,493.6541,0.0435,0.3268,493.6541
CSOT,84,469.7652,0.0417,0.3109,469.7652
CSOT,96,363.0880,0.0468,0.2403,363.0880
CSOT,75,359.8396,0.0424,0.2382,359.8396
CSOT,36,320.2316,0.0401,0.2120,320.2316
CSOT,60,319.4256,0.0473,0.2114,319.4256
CSOT,94,305.6782,0.0481,0.2023,305.6782
CSOT,92,283.4506,0.0315,0.1876,283.4506
CSOT,64,277.6351,0.0392,0.1838,277.6351
CSOT,3,272.5609,0.0284,0.1804,272.5609
CSOT,37,268.2230,0.0440,0.1775,268.2230
CSOT,42,256.9214,0.0379,0.1701,256.9214
CSOT,98,229.4712,0.0456,0.1519,229.4712
CSOT,33,227.6391,0.0413,0.1507,227.6391
CSOT,87,219.3476,0.0670,0.1452,219.3476
CSOT,10,214.3585,0.0190,0.1419,214.3585
CSOT,26,213.8347,0.0232,0.1415,213.8347
CSOT,19,178.3153,0.0434,0.1180,178.3153
CSOT,13,170.6456,0.0310,0.1130,170.6456
CSOT,65,145.6112,0.0353,0.0964,145.6112
CSOT,15,140.2531,0.0316,0.0928,140.2531
CSOT,28,129.0315,0.0284,0.0854,129.0315
CSOT,7,124.8835,0.0347,0.0827,124.8835
CSOT,93,117.9680,0.0307,0.0781,117.9680
CSOT,12,101.4105,0.0271,0.0671,101.4105
CSOT,25,100.5558,0.0183,0.0666,100.5558
CSOT,58,96.4995,0.0314,0.0639,96.4995
CSOT,27,94.9602,0.0217,0.0629,94.9602
CSOT,97,94.2235,0.0318,0.0624,94.2235
CSOT,9,90.7391,0.0125,0.0601,90.7391
CSOT,91,90.2941,0.0193,0.0598,90.2941
CSOT,63,86.8067,0.0247,0.0575,86.8067
CSOT,49,84.0128,0.0364,0.0556,84.0128
CSOT,78,83.5830,0.0232,0.0553,83.5830
CSOT,18,83.1866,0.0141,0.0551,83.1866
CSOT,83,81.6936,0.0107,0.0541,81.6936
CSOT,56,80.7630,0.0159,0.0535,80.7630
CSOT,34,78.0778,0.0143,0.0517,78.0778
CSOT,1,77.1719,0.0192,0.0511,77.1719
CSOT,86,77.0883,0.0215,0.0510,77.0883
CSOT,72,73.7043,0.0236,0.0488,73.7043
CSOT,79,73.2145,0.0217,0.0485,73.2145
CSOT,16,69.1995,0.0141,0.0458,69.1995
CSOT,46,67.9610,0.0182,0.0450,67.9610
CSOT,62,65.5553,0.0242,0.0434,65.5553
CSOT,41,58.4388,0.0148,0.0387,58.4388
CSOT,55,56.6846,0.0248,0.0375,56.6846
CSOT,5,55.7220,0.0286,0.0369,55.7220
CSOT,57,55.6453,0.0247,0.0368,55.6453
CSOT,90,55.6045,0.0185,0.0368,55.6045
CSOT,30,54.4265,0.0143,0.0360,54.4265
CSOT,70,53.2353,0.0095,0.0352,53.2353
CSOT,66,53.1489,0.0133,0.0352,53.1489
CSOT,67,51.7315,0.0097,0.0342,51.7315
CSOT,95,50.1030,0.0106,0.0332,50.1030
CSOT,23,49.6383,0.0124,0.0329,49.6383
CSOT,51,48.3216,0.0197,0.0320,48.3216
CSOT,6,46.7607,0.0099,0.0310,46.7607
CSOT,24,45.2263,0.0154,0.0299,45.2263
CSOT,17,44.3578,0.0366,0.0294,44.3578
CSOT,8,39.8324,0.0128,0.0264,39.8324
CSOT,61,34.1927,0.0121,0.0226,34.1927
CSOT,20,30.2146,0.0065,0.0200,30.2146
CSOT,31,29.7207,0.0080,0.0197,29.7207
CSOT,48,29.2194,0.0084,0.0193,29.2194
CSOT,29,29.0863,0.0136,0.0193,29.0863
CSOT,21,28.3461,0.0059,0.0188,28.3461
CSOT,35,26.8103,0.0149,0.0177,26.8103
CSOT,45,26.2975,0.0107,0.0174,26.2975
CSOT,4,26.1732,0.0069,0.0173,26.1732
CSOT,39,24.7537,0.0089,0.0164,24.7537
CSOT,73,24.7537,0.0091,0.0164,24.7537
CSOT,50,24.4970,0.0356,0.0162,24.4970
CSOT,40,24.0625,0.0098,0.0159,24.0625
CSOT,68,21.3488,0.0089,0.0141,21.3488
CSOT,80,20.5862,0.0147,0.0136,20.5862
CSOT,2,20.3814,0.0086,0.0135,20.3814
CSOT,82,19.5722,0.0053,0.0130,19.5722
CSOT,53,18.8471,0.0104,0.0125,18.8471
CSOT,54,15.2861,0.0163,0.0101,15.2861
CSOT,89,15.0129,0.0064,0.0099,15.0129
CSOT,14,14.8430,0.0056,0.0098,14.8430
CSOT,59,14.7050,0.0107,0.0097,14.7050
CSOT,81,14.7050,0.0090,0.0097,14.7050
CSOT,85,14.7050,0.0132,0.0097,14.7050
CSOT,44,10.7241,0.0087,0.0071,10.7241
CSOT,22,10.5768,0.0137,0.0070,10.5768
CSOT,76,10.5359,0.0225,0.0070,10.5359
CSOT,77,8.0864,0.0056,0.0054,8.0864
CSOT,47,7.8517,0.0035,0.0052,7.8517
CSOT,71,7.7144,0.0122,0.0051,7.7144
CSOT,100,7.7144,0.0231,0.0051,7.7144
CSOT,32,5.0954,0.0043,0.0034,5.0954
CSOT,69,4.9601,0.0069,0.0033,4.9601
CSOT,88,3.8572,0.0135,0.0026,3.8572
CSOT,38,3.5594,0.0027,0.0024,3.5594
CSOT,99,3.3577,0.0076,0.0022,3.3577
CSOT,52,1.6389,0.0046,0.0011,1.6389
Corning,10,6.9824,0.0006,0.4359,6.9824
Corning,0,6.2383,0.0004,0.3894,6.2383
Corning,74,3.6245,0.0003,0.2263,3.6245
Corning,60,3.0640,0.0005,0.1913,3.0640
Corning,84,2.8776,0.0003,0.1796,2.8776
Corning,92,2.8559,0.0003,0.1783,2.8559
Corning,9,2.8136,0.0004,0.1756,2.8136
Corning,26,2.8136,0.0003,0.1756,2.8136
Corning,12,2.3955,0.0006,0.1495,2.3955
Corning,98,2.2795,0.0005,0.1423,2.2795
Corning,56,2.2434,0.0004,0.1400,2.2434
Corning,57,2.2258,0.0010,0.1390,2.2258
Corning,63,2.2258,0.0006,0.1390,2.2258
Corning,94,2.2258,0.0004,0.1390,2.2258
Corning,64,2.1747,0.0003,0.1358,2.1747
Corning,27,2.1582,0.0005,0.1347,2.1582
Corning,34,2.1102,0.0004,0.1317,2.1102
Corning,83,2.0947,0.0003,0.1308,2.0947
Corning,29,1.7628,0.0008,0.1100,1.7628
Corning,53,1.6389,0.0009,0.1023,1.6389
Corning,62,1.6389,0.0006,0.1023,1.6389
Corning,30,1.6247,0.0004,0.1014,1.6247
Corning,25,1.5836,0.0003,0.0989,1.5836
Corning,44,1.5320,0.0012,0.0956,1.5320
Corning,96,1.5320,0.0002,0.0956,1.5320
Corning,37,1.5197,0.0002,0.0949,1.5197
Corning,33,1.5075,0.0003,0.0941,1.5075
Corning,97,1.4956,0.0005,0.0934,1.4956
Corning,75,1.4839,0.0002,0.0926,1.4839
Corning,36,1.4723,0.0002,0.0919,1.4723
Corning,15,1.4610,0.0003,0.0912,1.4610
Corning,28,1.4498,0.0003,0.0905,1.4498
Corning,79,1.4498,0.0004,0.0905,1.4498
Corning,23,1.4388,0.0004,0.0898,1.4388
Corning,70,1.4388,0.0003,0.0898,1.4388
Corning,21,1.4173,0.0003,0.0885,1.4173
Corning,66,1.4173,0.0004,0.0885,1.4173
Corning,99,1.1192,0.0025,0.0699,1.1192
Corning,43,1.0919,0.0023,0.0682,1.0919
Corning,54,0.8492,0.0009,0.0530,0.8492
Corning,89,0.8341,0.0004,0.0521,0.8341
Corning,69,0.8267,0.0012,0.0516,0.8267
Corning,52,0.8194,0.0023,0.0512,0.8194
Corning,78,0.8194,0.0002,0.0512,0.8194
Corning,39,0.7985,0.0003,0.0498,0.7985
Corning,80,0.7918,0.0006,0.0494,0.7918
Corning,47,0.7852,0.0003,0.0490,0.7852
Corning,19,0.7787,0.0002,0.0486,0.7787
Corning,65,0.7787,0.0002,0.0486,0.7787
Corning,86,0.7787,0.0002,0.0486,0.7787
Corning,35,0.7660,0.0004,0.0478,0.7660
Corning,55,0.7660,0.0003,0.0478,0.7660
Corning,61,0.7598,0.0003,0.0474,0.7598
Corning,72,0.7598,0.0002,0.0474,0.7598
Corning,24,0.7538,0.0003,0.0471,0.7538
Corning,87,0.7538,0.0002,0.0471,0.7538
Corning,4,0.7478,0.0002,0.0467,0.7478
Corning,7,0.7478,0.0002,0.0467,0.7478
Corning,13,0.7419,0.0001,0.0463,0.7419
Corning,93,0.7419,0.0002,0.0463,0.7419
Corning,42,0.7362,0.0001,0.0460,0.7362
Corning,68,0.7362,0.0003,0.0460,0.7362
Corning,41,0.7305,0.0002,0.0456,0.7305
Corning,45,0.7305,0.0003,0.0456,0.7305
Corning,48,0.7305,0.0002,0.0456,0.7305
Corning,3,0.7249,0.0001,0.0453,0.7249
Corning,31,0.7249,0.0002,0.0453,0.7249
Corning,82,0.7249,0.0002,0.0453,0.7249
Corning,6,0.7194,0.0002,0.0449,0.7194
Corning,20,0.7194,0.0002,0.0449,0.7194
Corning,67,0.7087,0.0001,0.0442,0.7087
Counterpoint,50,21.7751,0.0317,0.8117,21.7751
Counterpoint,58,5.3189,0.0017,0.1983,5.3189
Counterpoint,12,4.7910,0.0013,0.1786,4.7910
Counterpoint,70,4.3164,0.0008,0.1609,4.3164
Counterpoint,0,4.1589,0.0002,0.1550,4.1589
Counterpoint,25,3.9589,0.0007,0.1476,3.9589
Counterpoint,66,3.5433,0.0009,0.1321,3.5433
Counterpoint,67,3.5433,0.0007,0.1321,3.5433
Counterpoint,62,3.2778,0.0012,0.1222,3.2778
Counterpoint,3,2.8996,0.0003,0.1081,2.8996
Counterpoint,2,2.5477,0.0011,0.0950,2.5477
Counterpoint,30,2.4370,0.0006,0.0908,2.4370
Counterpoint,8,2.2980,0.0007,0.0857,2.2980
Counterpoint,95,2.2434,0.0005,0.0836,2.2434
Counterpoint,31,2.1747,0.0006,0.0811,2.1747
Counterpoint,82,2.1747,0.0006,0.0811,2.1747
Counterpoint,6,2.1582,0.0005,0.0805,2.1582
Counterpoint,20,2.1582,0.0005,0.0805,2.1582
Counterpoint,21,2.1260,0.0004,0.0793,2.1260
Counterpoint,10,2.0947,0.0002,0.0781,2.0947
Counterpoint,83,2.0947,0.0003,0.0781,2.0947
Counterpoint,14,1.7462,0.0007,0.0651,1.7462
Counterpoint,59,1.7300,0.0013,0.0645,1.7300
Counterpoint,78,1.6389,0.0005,0.0611,1.6389
Counterpoint,1,1.6247,0.0004,0.0606,1.6247
Counterpoint,91,1.5703,0.0003,0.0585,1.5703
Counterpoint,96,1.5320,0.0002,0.0571,1.5320
Counterpoint,87,1.5075,0.0005,0.0562,1.5075
Counterpoint,56,1.4956,0.0003,0.0558,1.4956
Counterpoint,94,1.4839,0.0002,0.0553,1.4839
Counterpoint,64,1.4498,0.0002,0.0540,1.4498
Counterpoint,26,1.4068,0.0002,0.0524,1.4068
Counterpoint,88,0.9643,0.0034,0.0359,0.9643
Counterpoint,100,0.9643,0.0029,0.0359,0.9643
Counterpoint,29,0.8814,0.0004,0.0329,0.8814
Counterpoint,81,0.8650,0.0005,0.0322,0.8650
Counterpoint,85,0.8650,0.0008,0.0322,0.8650
Counterpoint,69,0.8267,0.0012,0.0308,0.8267
Counterpoint,39,0.7985,0.0003,0.0298,0.7985
Counterpoint,19,0.7787,0.0002,0.0290,0.7787
Counterpoint,65,0.7787,0.0002,0.0290,0.7787
Counterpoint,86,0.7787,0.0002,0.0290,0.7787
Counterpoint,35,0.7660,0.0004,0.0286,0.7660
Counterpoint,60,0.7660,0.0001,0.0286,0.7660
Counterpoint,37,0.7598,0.0001,0.0283,0.7598
Counterpoint,61,0.7598,0.0003,0.0283,0.7598
Counterpoint,98,0.7598,0.0002,0.0283,0.7598
Counterpoint,33,0.7538,0.0001,0.0281,0.7538
Counterpoint,7,0.7478,0.0002,0.0279,0.7478
Counterpoint,13,0.7419,0.0001,0.0277,0.7419
Counterpoint,75,0.7419,0.0001,0.0277,0.7419
Counterpoint,36,0.7362,0.0001,0.0274,0.7362
Counterpoint,42,0.7362,0.0001,0.0274,0.7362
Counterpoint,45,0.7305,0.0003,0.0272,0.7305
Counterpoint,74,0.7249,0.0001,0.0270,0.7249
Counterpoint,23,0.7194,0.0002,0.0268,0.7194
Counterpoint,84,0.7194,0.0001,0.0268,0.7194
Counterpoint,9,0.7034,0.0001,0.0262,0.7034
Counterpoint,34,0.7034,0.0001,0.0262,0.7034
Cybersecurity,70,1.4388,0.0003,0.3810,1.4388
Cybersecurity,0,1.3863,0.0001,0.3671,1.3863
Cybersecurity,5,0.8194,0.0004,0.2170,0.8194
Cybersecurity,52,0.8194,0.0023,0.2170,0.8194
Cybersecurity,91,0.7852,0.0002,0.2079,0.7852
Cybersecurity,58,0.7598,0.0002,0.2012,0.7598
Cybersecurity,24,0.7538,0.0003,0.1996,0.7538
Cybersecurity,57,0.7419,0.0003,0.1964,0.7419
Cybersecurity,68,0.7362,0.0003,0.1949,0.7362
Cybersecurity,31,0.7249,0.0002,0.1919,0.7249
Cybersecurity,82,0.7249,0.0002,0.1919,0.7249
Cybersecurity,6,0.7194,0.0002,0.1905,0.7194
Cybersecurity,20,0.7194,0.0002,0.1905,0.7194
Cybersecurity,23,0.7194,0.0002,0.1905,0.7194
Cybersecurity,21,0.7087,0.0001,0.1876,0.7087
Cybersecurity,66,0.7087,0.0002,0.1876,0.7087
Cybersecurity,67,0.7087,0.0001,0.1876,0.7087
Cybersecurity,26,0.7034,0.0001,0.1862,0.7034
Cybersecurity,34,0.7034,0.0001,0.1862,0.7034
Cybersecurity,10,0.6982,0.0001,0.1849,0.6982
Cybersecurity,83,0.6982,0.0001,0.1849,0.6982
DELL,20,6.4746,0.0014,0.3247,6.4746
DELL,27,6.4746,0.0015,0.3247,6.4746
DELL,10,5.5859,0.0005,0.2801,5.5859
DELL,83,5.5859,0.0007,0.2801,5.5859
DELL,79,5.0743,0.0015,0.2545,5.0743
DELL,0,4.8520,0.0003,0.2433,4.8520
DELL,67,4.2519,0.0008,0.2132,4.2519
DELL,9,4.2204,0.0006,0.2116,4.2204
DELL,26,4.2204,0.0005,0.2116,4.2204
DELL,31,3.6245,0.0010,0.1818,3.6245
DELL,82,3.6245,0.0010,0.1818,3.6245
DELL,6,3.5970,0.0008,0.1804,3.5970
DELL,70,3.5970,0.0006,0.1804,3.5970
DELL,92,3.5699,0.0004,0.1790,3.5699
DELL,21,3.5433,0.0007,0.1777,3.5433
DELL,66,3.5433,0.0009,0.1777,3.5433
DELL,53,2.4583,0.0014,0.1233,2.4583
DELL,35,2.2980,0.0013,0.1152,2.2980
DELL,24,2.2613,0.0008,0.1134,2.2613
DELL,18,2.2085,0.0004,0.1108,2.2085
DELL,80,1.5836,0.0011,0.0794,1.5836
DELL,46,1.5446,0.0004,0.0775,1.5446
DELL,8,1.5320,0.0005,0.0768,1.5320
DELL,58,1.5197,0.0005,0.0762,1.5197
DELL,57,1.4839,0.0007,0.0744,1.4839
DELL,93,1.4839,0.0004,0.0744,1.4839
DELL,16,1.4723,0.0003,0.0738,1.4723
DELL,3,1.4498,0.0002,0.0727,1.4498
DELL,28,1.4498,0.0003,0.0727,1.4498
DELL,23,1.4388,0.0004,0.0722,1.4388
DELL,34,1.4068,0.0003,0.0705,1.4068
DELL,77,0.8985,0.0006,0.0451,0.8985
DELL,85,0.8650,0.0008,0.0434,0.8650
DELL,32,0.8492,0.0007,0.0426,0.8492
DELL,54,0.8492,0.0009,0.0426,0.8492
DELL,69,0.8267,0.0012,0.0415,0.8267
DELL,52,0.8194,0.0023,0.0411,0.8194
DELL,1,0.8123,0.0002,0.0407,0.8123
DELL,39,0.7985,0.0003,0.0400,0.7985
DELL,72,0.7598,0.0002,0.0381,0.7598
DELL,56,0.7478,0.0001,0.0375,0.7478
DELL,13,0.7419,0.0001,0.0372,0.7419
DELL,63,0.7419,0.0002,0.0372,0.7419
DELL,94,0.7419,0.0001,0.0372,0.7419
DELL,36,0.7362,0.0001,0.0369,0.7362
DELL,42,0.7362,0.0001,0.0369,0.7362
DELL,68,0.7362,0.0003,0.0369,0.7362
DELL,15,0.7305,0.0002,0.0366,0.7305
DELL,41,0.7305,0.0002,0.0366,0.7305
DELL,48,0.7305,0.0002,0.0366,0.7305
DELL,64,0.7249,0.0001,0.0364,0.7249
DELL,84,0.7194,0.0001,0.0361,0.7194
DSCC,75,5.9355,0.0007,0.3757,5.9355
DSCC,96,5.3621,0.0007,0.3394,5.3621
DSCC,74,5.0743,0.0004,0.3212,5.0743
DSCC,0,4.8520,0.0003,0.3071,4.8520
DSCC,33,4.5226,0.0008,0.2863,4.5226
DSCC,84,3.5970,0.0003,0.2277,3.5970
DSCC,36,2.9447,0.0004,0.1864,2.9447
DSCC,3,2.8996,0.0003,0.1835,2.8996
DSCC,92,2.8559,0.0003,0.1808,2.8559
DSCC,65,2.3360,0.0006,0.1479,2.3360
DSCC,46,2.3169,0.0006,0.1466,2.3169
DSCC,37,2.2795,0.0004,0.1443,2.2795
DSCC,64,2.1747,0.0003,0.1376,2.1747
DSCC,9,2.1102,0.0003,0.1336,2.1102
DSCC,10,2.0947,0.0002,0.1326,2.0947
DSCC,1,1.6247,0.0004,0.1028,1.6247
DSCC,90,1.5446,0.0005,0.0978,1.5446
DSCC,60,1.5320,0.0002,0.0970,1.5320
DSCC,98,1.5197,0.0003,0.0962,1.5197
DSCC,13,1.4839,0.0003,0.0939,1.4839
DSCC,94,1.4839,0.0002,0.0939,1.4839
DSCC,16,1.4723,0.0003,0.0932,1.4723
DSCC,18,1.4723,0.0002,0.0932,1.4723
DSCC,41,1.4610,0.0004,0.0925,1.4610
DSCC,27,1.4388,0.0003,0.0911,1.4388
DSCC,67,1.4173,0.0003,0.0897,1.4173
DSCC,26,1.4068,0.0002,0.0890,1.4068
DSCC,34,1.4068,0.0003,0.0890,1.4068
DSCC,83,1.3965,0.0002,0.0884,1.3965
DSCC,69,0.8267,0.0012,0.0523,0.8267
DSCC,52,0.8194,0.0023,0.0519,0.8194
DSCC,51,0.8054,0.0003,0.0510,0.8054
DSCC,73,0.7985,0.0003,0.0505,0.7985
DSCC,80,0.7918,0.0006,0.0501,0.7918
DSCC,49,0.7852,0.0003,0.0497,0.7852
DSCC,91,0.7852,0.0002,0.0497,0.7852
DSCC,19,0.7787,0.0002,0.0493,0.7787
DSCC,86,0.7787,0.0002,0.0493,0.7787
DSCC,35,0.7660,0.0004,0.0485,0.7660
DSCC,72,0.7598,0.0002,0.0481,0.7598
DSCC,87,0.7538,0.0002,0.0477,0.7538
DSCC,4,0.7478,0.0002,0.0473,0.7478
DSCC,7,0.7478,0.0002,0.0473,0.7478
DSCC,97,0.7478,0.0003,0.0473,0.7478
DSCC,57,0.7419,0.0003,0.0470,0.7419
DSCC,63,0.7419,0.0002,0.0470,0.7419
DSCC,93,0.7419,0.0002,0.0470,0.7419
DSCC,42,0.7362,0.0001,0.0466,0.7362
DSCC,15,0.7305,0.0002,0.0462,0.7305
DSCC,45,0.7305,0.0003,0.0462,0.7305
DSCC,48,0.7305,0.0002,0.0462,0.7305
DSCC,28,0.7249,0.0002,0.0459,0.7249
DSCC,31,0.7249,0.0002,0.0459,0.7249
DSCC,79,0.7249,0.0002,0.0459,0.7249
DSCC,82,0.7249,0.0002,0.0459,0.7249
DSCC,6,0.7194,0.0002,0.0455,0.7194
DSCC,20,0.7194,0.0002,0.0455,0.7194
DSCC,70,0.7194,0.0001,0.0455,0.7194
DSCC,21,0.7087,0.0001,0.0449,0.7087
DSCC,66,0.7087,0.0002,0.0449,0.7087
Dell,53,127.0133,0.0701,0.4168,127.0133
Dell,0,101.8926,0.0059,0.3344,101.8926
Dell,94,95.7099,0.0151,0.3141,95.7099
Dell,74,58.7166,0.0052,0.1927,58.7166
Dell,19,56.8429,0.0138,0.1865,56.8429
Dell,60,52.0886,0.0077,0.1709,52.0886
Dell,84,48.9189,0.0043,0.1605,48.9189
Dell,17,48.2150,0.0398,0.1582,48.2150
Dell,40,46.2740,0.0188,0.1518,46.2740
Dell,10,42.5924,0.0038,0.1398,42.5924
Dell,37,42.5510,0.0070,0.1396,42.5510
Dell,64,40.5942,0.0057,0.1332,40.5942
Dell,26,40.0940,0.0044,0.1316,40.0940
Dell,83,39.1012,0.0051,0.1283,39.1012
Dell,7,38.1381,0.0106,0.1251,38.1381
Dell,75,37.8388,0.0045,0.1242,37.8388
Dell,96,37.5344,0.0048,0.1232,37.5344
Dell,92,36.4130,0.0040,0.1195,36.4130
Dell,21,36.1412,0.0075,0.1186,36.1412
Dell,42,35.3359,0.0052,0.1160,35.3359
Dell,98,34.9526,0.0069,0.1147,34.9526
Dell,36,34.5997,0.0043,0.1135,34.5997
Dell,90,32.4359,0.0108,0.1064,32.4359
Dell,20,31.6534,0.0068,0.1039,31.6534
Dell,9,30.2464,0.0042,0.0993,30.2464
Dell,6,30.2146,0.0064,0.0991,30.2146
Dell,41,29.9499,0.0076,0.0983,29.9499
Dell,3,28.9958,0.0030,0.0951,28.9958
Dell,72,28.8739,0.0092,0.0947,28.8739
Dell,61,28.1140,0.0100,0.0923,28.1140
Dell,45,27.7584,0.0113,0.0911,27.7584
Dell,8,27.5763,0.0089,0.0905,27.5763
Dell,31,27.5460,0.0074,0.0904,27.5460
Dell,70,27.3370,0.0049,0.0897,27.3370
Dell,82,26.8211,0.0072,0.0880,26.8211
Dell,67,26.2201,0.0049,0.0860,26.2201
Dell,58,25.8345,0.0084,0.0848,25.8345
Dell,68,25.0296,0.0105,0.0821,25.0296
Dell,66,24.8028,0.0062,0.0814,24.8028
Dell,27,23.7400,0.0054,0.0779,23.7400
Dell,25,22.9616,0.0042,0.0753,22.9616
Dell,43,22.9304,0.0490,0.0752,22.9304
Dell,30,22.7454,0.0060,0.0746,22.7454
Dell,86,21.8027,0.0061,0.0715,21.8027
Dell,99,21.2654,0.0480,0.0698,21.2654
Dell,13,20.7742,0.0038,0.0682,20.7742
Dell,33,18.8443,0.0034,0.0618,18.8443
Dell,29,17.6281,0.0082,0.0578,17.6281
Dell,34,16.8817,0.0031,0.0554,16.8817
Dell,93,16.3226,0.0043,0.0536,16.3226
Dell,55,16.0862,0.0070,0.0528,16.0862
Dell,22,15.8653,0.0206,0.0521,15.8653
Dell,50,15.4240,0.0224,0.0506,15.4240
Dell,77,15.2743,0.0106,0.0501,15.2743
Dell,28,15.2228,0.0033,0.0500,15.2228
Dell,23,15.1073,0.0038,0.0496,15.1073
Dell,87,15.0754,0.0046,0.0495,15.0754
Dell,24,14.3217,0.0049,0.0470,14.3217
Dell,97,14.2083,0.0048,0.0466,14.2083
Dell,15,13.1487,0.0030,0.0431,13.1487
Dell,39,12.7761,0.0046,0.0419,12.7761
Dell,38,11.5681,0.0087,0.0380,11.5681
Dell,85,11.2450,0.0101,0.0369,11.2450
Dell,46,10.8120,0.0029,0.0355,10.8120
Dell,69,9.9201,0.0138,0.0326,9.9201
Dell,2,9.3415,0.0039,0.0307,9.3415
Dell,95,7.4781,0.0016,0.0245,7.4781
Dell,47,7.0665,0.0031,0.0232,7.0665
Dell,32,6.7938,0.0058,0.0223,6.7938
Dell,56,6.7303,0.0013,0.0221,6.7303
Dell,18,6.6255,0.0011,0.0217,6.6255
Dell,35,6.1281,0.0034,0.0201,6.1281
Dell,51,5.6375,0.0023,0.0185,5.6375
Dell,4,5.2346,0.0014,0.0172,5.2346
Dell,16,5.1532,0.0010,0.0169,5.1532
Dell,48,5.1134,0.0015,0.0168,5.1134
Dell,54,5.0954,0.0054,0.0167,5.0954
Dell,5,4.9166,0.0025,0.0161,4.9166
Dell,49,4.7110,0.0020,0.0155,4.7110
Dell,91,4.7110,0.0010,0.0155,4.7110
Dell,14,4.3656,0.0017,0.0143,4.3656
Dell,78,4.0972,0.0011,0.0134,4.0972
Dell,1,4.0617,0.0010,0.0133,4.0617
Dell,80,3.9589,0.0028,0.0130,3.9589
Dell,44,3.8300,0.0031,0.0126,3.8300
Dell,79,3.6245,0.0011,0.0119,3.6245
Dell,59,3.4600,0.0025,0.0114,3.4600
Dell,81,3.4600,0.0021,0.0114,3.4600
Dell,52,3.2778,0.0093,0.0108,3.2778
Dell,65,3.1147,0.0008,0.0102,3.1147
Dell,12,2.3955,0.0006,0.0079,2.3955
Dell,57,2.2258,0.0010,0.0073,2.2258
Dell,63,2.2258,0.0006,0.0073,2.2258
Dell,11,2.0361,0.0022,0.0067,2.0361
Dell,71,1.9286,0.0030,0.0063,1.9286
Dell,100,1.9286,0.0058,0.0063,1.9286
Dell,62,1.6389,0.0006,0.0054,1.6389
Dell,73,1.5970,0.0006,0.0052,1.5970
Dell,76,1.0536,0.0023,0.0035,1.0536
Dell,88,0.9643,0.0034,0.0032,0.9643
ETRI,10,46.7818,0.0041,0.4016,46.7818
ETRI,0,37.4299,0.0022,0.3213,37.4299
ETRI,92,34.2711,0.0038,0.2942,34.2711
ETRI,26,30.2464,0.0033,0.2596,30.2464
ETRI,34,28.1361,0.0052,0.2415,28.1361
ETRI,84,24.4594,0.0022,0.2100,24.4594
ETRI,74,20.2971,0.0018,0.1742,20.2971
ETRI,23,20.1431,0.0050,0.1729,20.1431
ETRI,83,18.1541,0.0024,0.1558,18.1541
ETRI,64,18.1224,0.0026,0.1556,18.1224
ETRI,9,17.5851,0.0024,0.1509,17.5851
ETRI,79,15.2228,0.0045,0.1307,15.2228
ETRI,100,14.4645,0.0432,0.1242,14.4645
ETRI,27,14.3879,0.0033,0.1235,14.3879
ETRI,36,13.9871,0.0018,0.1201,13.9871
ETRI,44,13.7882,0.0111,0.1184,13.7882
ETRI,75,13.3549,0.0016,0.1146,13.3549
ETRI,28,13.0481,0.0029,0.1120,13.0481
ETRI,97,12.7127,0.0043,0.1091,12.7127
ETRI,13,12.6129,0.0023,0.1083,12.6129
ETRI,15,12.4182,0.0028,0.1066,12.4182
ETRI,60,12.2561,0.0018,0.1052,12.2561
ETRI,96,12.2561,0.0016,0.1052,12.2561
ETRI,37,12.1574,0.0020,0.1044,12.1574
ETRI,98,11.3976,0.0023,0.0978,11.3976
ETRI,33,11.3066,0.0021,0.0971,11.3066
ETRI,94,11.1291,0.0018,0.0955,11.1291
ETRI,42,11.0425,0.0016,0.0948,11.0425
ETRI,3,10.8734,0.0011,0.0933,10.8734
ETRI,88,10.6073,0.0370,0.0911,10.6073
ETRI,87,10.5528,0.0032,0.0906,10.5528
ETRI,41,10.2268,0.0026,0.0878,10.2268
ETRI,19,8.5654,0.0021,0.0735,8.5654
ETRI,32,8.4923,0.0072,0.0729,8.4923
ETRI,95,8.2259,0.0017,0.0706,8.2259
ETRI,57,8.1613,0.0036,0.0701,8.1613
ETRI,68,8.0978,0.0034,0.0695,8.0978
ETRI,46,7.7228,0.0021,0.0663,7.7228
ETRI,7,7.4781,0.0021,0.0642,7.4781
ETRI,63,7.4194,0.0021,0.0637,7.4194
ETRI,50,7.2584,0.0106,0.0623,7.2584
ETRI,6,7.1940,0.0015,0.0618,7.1940
ETRI,73,7.1866,0.0026,0.0617,7.1866
ETRI,80,7.1260,0.0051,0.0612,7.1260
ETRI,35,6.8941,0.0038,0.0592,6.8941
ETRI,18,6.6255,0.0011,0.0569,6.6255
ETRI,5,6.5555,0.0034,0.0563,6.5555
ETRI,91,6.2813,0.0013,0.0539,6.2813
ETRI,8,6.1281,0.0020,0.0526,6.1281
ETRI,61,6.0787,0.0022,0.0522,6.0787
ETRI,93,5.9355,0.0015,0.0510,5.9355
ETRI,70,5.7552,0.0010,0.0494,5.7552
ETRI,1,5.6863,0.0014,0.0488,5.6863
ETRI,30,5.6863,0.0015,0.0488,5.6863
ETRI,21,5.6692,0.0012,0.0487,5.6692
ETRI,25,5.5424,0.0010,0.0476,5.5424
ETRI,31,5.0743,0.0014,0.0436,5.0743
ETRI,20,5.0358,0.0011,0.0432,5.0358
ETRI,67,4.9606,0.0009,0.0426,4.9606
ETRI,90,4.6337,0.0015,0.0398,4.6337
ETRI,66,4.2519,0.0011,0.0365,4.2519
ETRI,51,4.0268,0.0016,0.0346,4.0268
ETRI,16,3.6808,0.0007,0.0316,3.6808
ETRI,45,3.6524,0.0015,0.0314,3.6524
ETRI,82,3.6245,0.0010,0.0311,3.6245
ETRI,38,3.5594,0.0027,0.0306,3.5594
ETRI,81,3.4600,0.0021,0.0297,3.4600
ETRI,52,3.2778,0.0093,0.0281,3.2778
ETRI,65,3.1147,0.0008,0.0267,3.1147
ETRI,72,3.0394,0.0010,0.0261,3.0394
ETRI,56,2.9912,0.0006,0.0257,2.9912
ETRI,48,2.9219,0.0008,0.0251,2.9219
ETRI,69,2.4800,0.0035,0.0213,2.4800
ETRI,49,2.3555,0.0010,0.0202,2.3555
ETRI,24,2.2613,0.0008,0.0194,2.2613
ETRI,11,2.0361,0.0022,0.0175,2.0361
ETRI,71,1.9286,0.0030,0.0166,1.9286
ETRI,14,1.7462,0.0007,0.0150,1.7462
ETRI,59,1.7300,0.0013,0.0149,1.7300
ETRI,85,1.7300,0.0016,0.0149,1.7300
ETRI,54,1.6985,0.0018,0.0146,1.6985
ETRI,89,1.6681,0.0007,0.0143,1.6681
ETRI,39,1.5970,0.0006,0.0137,1.5970
ETRI,47,1.5703,0.0007,0.0135,1.5703
ETRI,55,1.5320,0.0007,0.0132,1.5320
ETRI,58,1.5197,0.0005,0.0130,1.5197
ETRI,62,0.8194,0.0003,0.0070,0.8194
ETRI,78,0.8194,0.0002,0.0070,0.8194
ETRI,86,0.7787,0.0002,0.0067,0.7787
ETRI,4,0.7478,0.0002,0.0064,0.7478
HMI,0,7.6246,0.0004,0.3201,7.6246
HMI,42,5.8893,0.0009,0.2473,5.8893
HMI,60,5.3621,0.0008,0.2251,5.3621
HMI,75,5.1936,0.0006,0.2181,5.1936
HMI,28,5.0743,0.0011,0.2131,5.0743
HMI,74,5.0743,0.0004,0.2131,5.0743
HMI,84,5.0358,0.0004,0.2114,5.0358
HMI,10,4.8877,0.0004,0.2052,4.8877
HMI,8,4.5961,0.0015,0.1930,4.5961
HMI,57,4.4516,0.0020,0.1869,4.4516
HMI,27,4.3164,0.0010,0.1812,4.3164
HMI,92,4.2839,0.0005,0.1799,4.2839
HMI,26,4.2204,0.0005,0.1772,4.2204
HMI,37,3.7992,0.0006,0.1595,3.7992
HMI,63,3.7097,0.0011,0.1558,3.7097
HMI,94,3.7097,0.0006,0.1558,3.7097
HMI,36,3.6808,0.0005,0.1546,3.6808
HMI,64,3.6245,0.0005,0.1522,3.6245
HMI,96,3.0640,0.0004,0.1287,3.0640
HMI,98,3.0394,0.0006,0.1276,3.0394
HMI,33,3.0151,0.0005,0.1266,3.0151
HMI,13,2.9677,0.0005,0.1246,2.9677
HMI,68,2.9447,0.0012,0.1236,2.9447
HMI,15,2.9219,0.0007,0.1227,2.9219
HMI,9,2.8136,0.0004,0.1181,2.8136
HMI,83,2.7929,0.0004,0.1173,2.7929
HMI,19,2.3360,0.0006,0.0981,2.3360
HMI,46,2.3169,0.0006,0.0973,2.3169
HMI,58,2.2795,0.0007,0.0957,2.2795
HMI,93,2.2258,0.0006,0.0935,2.2258
HMI,48,2.1915,0.0006,0.0920,2.1915
HMI,79,2.1747,0.0006,0.0913,2.1747
HMI,23,2.1582,0.0005,0.0906,2.1582
HMI,32,1.6985,0.0014,0.0713,1.6985
HMI,53,1.6389,0.0009,0.0688,1.6389
HMI,55,1.5320,0.0007,0.0643,1.5320
HMI,72,1.5197,0.0005,0.0638,1.5197
HMI,87,1.5075,0.0005,0.0633,1.5075
HMI,4,1.4956,0.0004,0.0628,1.4956
HMI,7,1.4956,0.0004,0.0628,1.4956
HMI,56,1.4956,0.0003,0.0628,1.4956
HMI,97,1.4956,0.0005,0.0628,1.4956
HMI,16,1.4723,0.0003,0.0618,1.4723
HMI,18,1.4723,0.0002,0.0618,1.4723
HMI,6,1.4388,0.0003,0.0604,1.4388
HMI,20,1.4388,0.0003,0.0604,1.4388
HMI,70,1.4388,0.0003,0.0604,1.4388
HMI,34,1.4068,0.0003,0.0591,1.4068
HMI,77,0.8985,0.0006,0.0377,0.8985
HMI,38,0.8899,0.0007,0.0374,0.8899
HMI,22,0.8814,0.0011,0.0370,0.8814
HMI,14,0.8731,0.0003,0.0367,0.8731
HMI,54,0.8492,0.0009,0.0357,0.8492
HMI,69,0.8267,0.0012,0.0347,0.8267
HMI,5,0.8194,0.0004,0.0344,0.8194
HMI,52,0.8194,0.0023,0.0344,0.8194
HMI,39,0.7985,0.0003,0.0335,0.7985
HMI,25,0.7918,0.0001,0.0332,0.7918
HMI,80,0.7918,0.0006,0.0332,0.7918
HMI,47,0.7852,0.0003,0.0330,0.7852
HMI,49,0.7852,0.0003,0.0330,0.7852
HMI,65,0.7787,0.0002,0.0327,0.7787
HMI,35,0.7660,0.0004,0.0322,0.7660
HMI,44,0.7660,0.0006,0.0322,0.7660
HMI,95,0.7478,0.0002,0.0314,0.7478
HMI,45,0.7305,0.0003,0.0307,0.7305
HMI,3,0.7249,0.0001,0.0304,0.7249
HMI,31,0.7249,0.0002,0.0304,0.7249
HMI,82,0.7249,0.0002,0.0304,0.7249
HMI,21,0.7087,0.0001,0.0298,0.7087
HMI,66,0.7087,0.0002,0.0298,0.7087
HMI,67,0.7087,0.0001,0.0298,0.7087
HP,94,144.6778,0.0228,0.3256,144.6778
HP,0,144.1746,0.0083,0.3244,144.1746
HP,19,141.7178,0.0345,0.3189,141.7178
HP,60,97.2831,0.0144,0.2189,97.2831
HP,7,92.7279,0.0258,0.2087,92.7279
HP,74,91.3369,0.0081,0.2055,91.3369
HP,84,85.6081,0.0076,0.1926,85.6081
HP,64,76.1141,0.0108,0.1713,76.1141
HP,10,74.7113,0.0066,0.1681,74.7113
HP,37,72.9445,0.0120,0.1641,72.9445
HP,72,71.4248,0.0229,0.1607,71.4248
HP,92,71.3981,0.0079,0.1607,71.3981
HP,96,70.4728,0.0091,0.1586,70.4728
HP,26,68.2302,0.0074,0.1535,68.2302
HP,98,66.1060,0.0131,0.1488,66.1060
HP,42,65.5186,0.0097,0.1474,65.5186
HP,75,65.2905,0.0077,0.1469,65.2905
HP,36,64.0463,0.0080,0.1441,64.0463
HP,17,63.6438,0.0525,0.1432,63.6438
HP,41,62.0912,0.0157,0.1397,62.0912
HP,40,56.4542,0.0229,0.1270,56.4542
HP,13,55.6453,0.0101,0.1252,55.6453
HP,3,48.5680,0.0051,0.1093,48.5680
HP,83,46.0836,0.0061,0.1037,46.0836
HP,33,45.9801,0.0083,0.1035,45.9801
HP,9,42.9076,0.0059,0.0966,42.9076
HP,58,42.5510,0.0138,0.0957,42.5510
HP,90,42.4756,0.0141,0.0956,42.4756
HP,53,40.1526,0.0222,0.0904,40.1526
HP,28,37.6946,0.0083,0.0848,37.6946
HP,87,36.1810,0.0110,0.0814,36.1810
HP,97,34.3991,0.0116,0.0774,34.3991
HP,15,31.4108,0.0071,0.0707,31.4108
HP,34,30.2464,0.0056,0.0681,30.2464
HP,23,30.2146,0.0076,0.0680,30.2146
HP,61,28.8739,0.0102,0.0650,28.8739
HP,38,28.4754,0.0214,0.0641,28.4754
HP,21,27.6374,0.0058,0.0622,27.6374
HP,77,26.0561,0.0181,0.0586,26.0561
HP,93,25.9678,0.0068,0.0584,25.9678
HP,24,24.8745,0.0084,0.0560,24.8745
HP,68,23.5573,0.0098,0.0530,23.5573
HP,49,22.7698,0.0099,0.0512,22.7698
HP,70,22.3013,0.0040,0.0502,22.3013
HP,45,21.9145,0.0089,0.0493,21.9145
HP,6,21.5819,0.0046,0.0486,21.5819
HP,20,21.5819,0.0047,0.0486,21.5819
HP,67,21.2595,0.0040,0.0478,21.2595
HP,46,20.8517,0.0056,0.0469,20.8517
HP,5,20.4860,0.0105,0.0461,20.4860
HP,31,20.2971,0.0055,0.0457,20.2971
HP,66,19.8422,0.0050,0.0446,19.8422
HP,82,18.1224,0.0049,0.0408,18.1224
HP,56,17.1995,0.0034,0.0387,17.1995
HP,8,16.0862,0.0052,0.0362,16.0862
HP,12,15.9702,0.0043,0.0359,15.9702
HP,85,15.5700,0.0140,0.0350,15.5700
HP,27,15.1073,0.0035,0.0340,15.1073
HP,50,14.5167,0.0211,0.0327,14.5167
HP,95,13.4605,0.0028,0.0303,13.4605
HP,78,13.1111,0.0036,0.0295,13.1111
HP,25,12.6684,0.0023,0.0285,12.6684
HP,62,11.4722,0.0042,0.0258,11.4722
HP,63,11.1291,0.0032,0.0250,11.1291
HP,47,10.9923,0.0049,0.0247,10.9923
HP,65,10.9014,0.0026,0.0245,10.9014
HP,86,10.9014,0.0030,0.0245,10.9014
HP,55,9.9581,0.0044,0.0224,9.9581
HP,4,9.7215,0.0026,0.0219,9.7215
HP,59,9.5150,0.0069,0.0214,9.5150
HP,69,9.0935,0.0127,0.0205,9.0935
HP,30,8.9357,0.0024,0.0201,8.9357
HP,16,8.8340,0.0018,0.0199,8.8340
HP,39,8.7836,0.0031,0.0198,8.7836
HP,91,8.6368,0.0018,0.0194,8.6368
HP,32,8.4923,0.0072,0.0191,8.4923
HP,54,8.4923,0.0090,0.0191,8.4923
HP,51,8.0536,0.0033,0.0181,8.0536
HP,79,7.9739,0.0024,0.0179,7.9739
HP,1,7.3110,0.0018,0.0165,7.3110
HP,35,6.8941,0.0038,0.0155,6.8941
HP,71,6.7501,0.0107,0.0152,6.7501
HP,48,6.5744,0.0019,0.0148,6.5744
HP,80,6.3342,0.0045,0.0143,6.3342
HP,44,6.1281,0.0049,0.0138,6.1281
HP,57,5.9355,0.0026,0.0134,5.9355
HP,29,5.2884,0.0025,0.0119,5.2884
HP,18,5.1532,0.0009,0.0116,5.1532
HP,2,5.0954,0.0021,0.0115,5.0954
HP,14,4.3656,0.0017,0.0098,4.3656
HP,52,3.2778,0.0093,0.0074,3.2778
HP,43,3.2758,0.0070,0.0074,3.2758
HP,73,3.1940,0.0012,0.0072,3.1940
HP,88,2.8929,0.0101,0.0065,2.8929
HP,100,2.8929,0.0086,0.0065,2.8929
HP,99,2.2385,0.0051,0.0050,2.2385
HP,11,2.0361,0.0022,0.0046,2.0361
HP,22,0.8814,0.0011,0.0020,0.8814
HP,81,0.8650,0.0005,0.0019,0.8650
HP,89,0.8341,0.0004,0.0019,0.8341
Harman,18,36.8082,0.0062,0.3765,36.8082
Harman,26,26.7293,0.0029,0.2734,26.7293
Harman,0,25.6464,0.0015,0.2623,25.6464
Harman,36,24.2934,0.0030,0.2485,24.2934
Harman,10,23.0418,0.0020,0.2357,23.0418
Harman,85,20.7599,0.0187,0.2123,20.7599
Harman,16,20.6126,0.0042,0.2108,20.6126
Harman,75,18.5484,0.0022,0.1897,18.5484
Harman,99,17.9077,0.0404,0.1832,17.9077
Harman,9,17.5851,0.0024,0.1799,17.5851
Harman,83,16.0594,0.0021,0.1642,16.0594
Harman,92,15.7076,0.0017,0.1606,15.7076
Harman,98,15.1968,0.0030,0.1554,15.1968
Harman,64,14.4979,0.0020,0.1483,14.4979
Harman,37,14.4369,0.0024,0.1477,14.4369
Harman,34,12.6613,0.0023,0.1295,12.6613
Harman,28,12.3232,0.0027,0.1260,12.3232
Harman,8,11.4901,0.0037,0.1175,11.4901
Harman,48,10.9573,0.0031,0.1121,10.9573
Harman,94,10.3871,0.0016,0.1062,10.3871
Harman,67,9.9211,0.0019,0.1015,9.9211
Harman,24,9.7990,0.0033,0.1002,9.7990
Harman,82,9.4236,0.0025,0.0964,9.4236
Harman,21,9.2125,0.0019,0.0942,9.2125
Harman,89,9.1746,0.0039,0.0938,9.1746
Harman,58,9.1181,0.0030,0.0933,9.1181
Harman,95,8.9737,0.0019,0.0918,8.9737
Harman,63,8.9032,0.0025,0.0911,8.9032
Harman,23,8.6327,0.0022,0.0883,8.6327
Harman,46,8.4951,0.0023,0.0869,8.4951
Harman,96,8.4261,0.0011,0.0862,8.4261
Harman,74,7.9739,0.0007,0.0816,7.9739
Harman,79,7.9739,0.0024,0.0816,7.9739
Harman,6,7.9133,0.0017,0.0809,7.9133
Harman,20,7.9133,0.0017,0.0809,7.9133
Harman,84,7.9133,0.0007,0.0809,7.9133
Harman,66,7.7952,0.0020,0.0797,7.7952
Harman,97,7.4781,0.0025,0.0765,7.4781
Harman,15,7.3048,0.0016,0.0747,7.3048
Harman,3,7.2490,0.0008,0.0741,7.2490
Harman,70,7.1940,0.0013,0.0736,7.1940
Harman,55,6.8941,0.0030,0.0705,6.8941
Harman,60,6.8941,0.0010,0.0705,6.8941
Harman,57,6.6774,0.0030,0.0683,6.6774
Harman,31,6.5241,0.0018,0.0667,6.5241
Harman,27,6.4746,0.0015,0.0662,6.4746
Harman,41,5.8439,0.0015,0.0598,5.8439
Harman,65,5.4507,0.0013,0.0557,5.4507
Harman,61,5.3189,0.0019,0.0544,5.3189
Harman,93,5.1936,0.0014,0.0531,5.1936
Harman,53,4.9166,0.0027,0.0503,4.9166
Harman,12,3.9925,0.0011,0.0408,3.9925
Harman,44,3.8300,0.0031,0.0392,3.8300
Harman,4,3.7390,0.0010,0.0382,3.7390
Harman,56,3.7390,0.0007,0.0382,3.7390
Harman,43,3.2758,0.0070,0.0335,3.2758
Harman,39,3.1940,0.0011,0.0327,3.1940
Harman,80,3.1671,0.0023,0.0324,3.1671
Harman,11,3.0542,0.0033,0.0312,3.0542
Harman,72,3.0394,0.0010,0.0311,3.0394
Harman,29,2.6442,0.0012,0.0270,2.6442
Harman,2,2.5477,0.0011,0.0261,2.5477
Harman,32,2.5477,0.0022,0.0261,2.5477
Harman,62,2.4583,0.0009,0.0251,2.4583
Harman,30,2.4370,0.0006,0.0249,2.4370
Harman,51,2.4161,0.0010,0.0247,2.4161
Harman,25,2.3753,0.0004,0.0243,2.3753
Harman,47,2.3555,0.0010,0.0241,2.3555
Harman,22,1.7628,0.0023,0.0180,1.7628
Harman,14,1.7462,0.0007,0.0179,1.7462
Harman,81,1.7300,0.0011,0.0177,1.7300
Harman,1,1.6247,0.0004,0.0166,1.6247
Harman,91,1.5703,0.0003,0.0161,1.5703
Harman,90,1.5446,0.0005,0.0158,1.5446
Harman,35,1.5320,0.0009,0.0157,1.5320
Harman,42,1.4723,0.0002,0.0151,1.4723
Harman,68,1.4723,0.0006,0.0151,1.4723
Harman,50,0.9073,0.0013,0.0093,0.9073
Harman,54,0.8492,0.0009,0.0087,0.8492
Harman,69,0.8267,0.0012,0.0085,0.8267
Harman,52,0.8194,0.0023,0.0084,0.8194
Harman,49,0.7852,0.0003,0.0080,0.7852
Harman,33,0.7538,0.0001,0.0077,0.7538
Harman,7,0.7478,0.0002,0.0076,0.7478
Harman,13,0.7419,0.0001,0.0076,0.7419
Harman,45,0.7305,0.0003,0.0075,0.7305
IEC,21,43.9364,0.0092,0.3414,43.9364
IEC,67,37.5585,0.0070,0.2919,37.5585
IEC,0,32.5779,0.0019,0.2532,32.5779
IEC,6,31.6534,0.0067,0.2460,31.6534
IEC,3,29.7207,0.0031,0.2310,29.7207
IEC,10,29.3259,0.0026,0.2279,29.3259
IEC,20,25.8982,0.0056,0.2013,25.8982
IEC,41,24.1060,0.0061,0.1873,24.1060
IEC,92,23.5614,0.0026,0.1831,23.5614
IEC,26,22.5089,0.0024,0.1749,22.5089
IEC,31,21.7469,0.0059,0.1690,21.7469
IEC,34,20.3987,0.0037,0.1585,20.3987
IEC,9,17.5851,0.0024,0.1367,17.5851
IEC,83,17.4559,0.0023,0.1357,17.4559
IEC,4,17.1995,0.0045,0.1337,17.1995
IEC,28,15.2228,0.0033,0.1183,15.2228
IEC,61,15.1968,0.0054,0.1181,15.1968
IEC,70,15.1073,0.0027,0.1174,15.1073
IEC,84,14.3879,0.0013,0.1118,14.3879
IEC,33,13.5679,0.0025,0.1054,13.5679
IEC,11,13.2350,0.0142,0.1029,13.2350
IEC,45,13.1487,0.0054,0.1022,13.1487
IEC,32,12.7384,0.0108,0.0990,12.7384
IEC,90,12.3566,0.0041,0.0960,12.3566
IEC,14,12.2237,0.0046,0.0950,12.2237
IEC,97,11.9649,0.0040,0.0930,11.9649
IEC,65,11.6800,0.0028,0.0908,11.6800
IEC,74,11.5983,0.0010,0.0901,11.5983
IEC,56,11.2171,0.0022,0.0872,11.2171
IEC,12,11.1791,0.0030,0.0869,11.1791
IEC,82,10.8734,0.0029,0.0845,10.8734
IEC,23,10.7909,0.0027,0.0839,10.7909
IEC,72,10.6377,0.0034,0.0827,10.6377
IEC,30,10.5604,0.0028,0.0821,10.5604
IEC,24,10.5528,0.0036,0.0820,10.5528
IEC,25,10.2931,0.0019,0.0800,10.2931
IEC,86,10.1227,0.0028,0.0787,10.1227
IEC,66,9.9211,0.0025,0.0771,9.9211
IEC,95,9.7215,0.0021,0.0755,9.7215
IEC,2,9.3415,0.0039,0.0726,9.3415
IEC,60,9.1921,0.0014,0.0714,9.1921
IEC,69,9.0935,0.0127,0.0707,9.0935
IEC,13,8.9032,0.0016,0.0692,8.9032
IEC,64,8.6988,0.0012,0.0676,8.6988
IEC,91,8.6368,0.0018,0.0671,8.6368
IEC,79,7.9739,0.0024,0.0620,7.9739
IEC,27,7.9133,0.0018,0.0615,7.9133
IEC,62,7.3750,0.0027,0.0573,7.3750
IEC,42,7.3616,0.0011,0.0572,7.3616
IEC,1,7.3110,0.0018,0.0568,7.3110
IEC,47,7.0665,0.0031,0.0549,7.0665
IEC,46,6.9506,0.0019,0.0540,6.9506
IEC,59,6.9200,0.0050,0.0538,6.9200
IEC,55,6.8941,0.0030,0.0536,6.8941
IEC,96,6.8941,0.0009,0.0536,6.8941
IEC,63,6.6774,0.0019,0.0519,6.6774
IEC,93,6.6774,0.0017,0.0519,6.6774
IEC,15,6.5744,0.0015,0.0511,6.5744
IEC,29,6.1698,0.0029,0.0479,6.1698
IEC,44,6.1281,0.0049,0.0476,6.1281
IEC,75,5.9355,0.0007,0.0461,5.9355
IEC,36,5.8893,0.0007,0.0458,5.8893
IEC,68,5.8893,0.0025,0.0458,5.8893
IEC,5,5.7361,0.0029,0.0446,5.7361
IEC,53,5.7361,0.0032,0.0446,5.7361
IEC,40,5.5529,0.0023,0.0432,5.5529
IEC,49,5.4962,0.0024,0.0427,5.4962
IEC,52,4.9166,0.0139,0.0382,4.9166
IEC,78,4.9166,0.0014,0.0382,4.9166
IEC,8,4.5961,0.0015,0.0357,4.5961
IEC,35,4.5961,0.0026,0.0357,4.5961
IEC,57,4.4516,0.0020,0.0346,4.4516
IEC,94,4.4516,0.0007,0.0346,4.4516
IEC,22,4.4070,0.0057,0.0342,4.4070
IEC,48,4.3829,0.0013,0.0341,4.3829
IEC,19,3.8933,0.0009,0.0303,3.8933
IEC,98,3.7992,0.0008,0.0295,3.7992
IEC,7,3.7390,0.0010,0.0291,3.7390
IEC,51,3.2214,0.0013,0.0250,3.2214
IEC,39,3.1940,0.0011,0.0248,3.1940
IEC,37,3.0394,0.0005,0.0236,3.0394
IEC,58,3.0394,0.0010,0.0236,3.0394
IEC,18,2.9447,0.0005,0.0229,2.9447
IEC,17,2.8929,0.0024,0.0225,2.8929
IEC,77,2.6955,0.0019,0.0209,2.6955
IEC,54,2.5477,0.0027,0.0198,2.5477
IEC,73,2.3955,0.0009,0.0186,2.3955
IEC,87,2.2613,0.0007,0.0176,2.2613
IEC,16,2.2085,0.0004,0.0172,2.2085
IEC,71,1.9286,0.0030,0.0150,1.9286
IEC,88,1.9286,0.0067,0.0150,1.9286
IEC,100,1.9286,0.0058,0.0150,1.9286
IEC,43,1.0919,0.0023,0.0085,1.0919
IEC,50,0.9073,0.0013,0.0071,0.9073
IEC,85,0.8650,0.0008,0.0067,0.8650
IEC,89,0.8341,0.0004,0.0065,0.8341
IEC,80,0.7918,0.0006,0.0062,0.7918
IEEE,0,6.9315,0.0004,0.2962,6.9315
IEEE,10,6.2841,0.0006,0.2686,6.2841
IEEE,83,6.2841,0.0008,0.2686,6.2841
IEEE,20,5.7552,0.0012,0.2460,5.7552
IEEE,21,5.6692,0.0012,0.2423,5.6692
IEEE,26,5.6272,0.0006,0.2405,5.6272
IEEE,92,4.9979,0.0006,0.2136,4.9979
IEEE,41,4.3829,0.0011,0.1873,4.3829
IEEE,6,4.3164,0.0009,0.1845,4.3164
IEEE,9,4.2204,0.0006,0.1804,4.2204
IEEE,61,3.7992,0.0013,0.1624,3.7992
IEEE,3,3.6245,0.0004,0.1549,3.6245
IEEE,28,3.6245,0.0008,0.1549,3.6245
IEEE,23,3.5970,0.0009,0.1537,3.5970
IEEE,27,3.5970,0.0008,0.1537,3.5970
IEEE,84,3.5970,0.0003,0.1537,3.5970
IEEE,67,3.5433,0.0007,0.1514,3.5433
IEEE,69,3.3067,0.0046,0.1413,3.3067
IEEE,11,3.0542,0.0033,0.1305,3.0542
IEEE,45,2.9219,0.0012,0.1249,2.9219
IEEE,31,2.8996,0.0008,0.1239,2.8996
IEEE,74,2.8996,0.0003,0.1239,2.8996
IEEE,82,2.8996,0.0008,0.1239,2.8996
IEEE,70,2.8776,0.0005,0.1230,2.8776
IEEE,66,2.8346,0.0007,0.1211,2.8346
IEEE,44,2.2980,0.0019,0.0982,2.2980
IEEE,24,2.2613,0.0008,0.0966,2.2613
IEEE,93,2.2258,0.0006,0.0951,2.2258
IEEE,15,2.1915,0.0005,0.0937,2.1915
IEEE,64,2.1747,0.0003,0.0929,2.1747
IEEE,34,2.1102,0.0004,0.0902,2.1102
IEEE,22,1.7628,0.0023,0.0753,1.7628
IEEE,1,1.6247,0.0004,0.0694,1.6247
IEEE,51,1.6107,0.0007,0.0688,1.6107
IEEE,47,1.5703,0.0007,0.0671,1.5703
IEEE,90,1.5446,0.0005,0.0660,1.5446
IEEE,8,1.5320,0.0005,0.0655,1.5320
IEEE,72,1.5197,0.0005,0.0649,1.5197
IEEE,95,1.4956,0.0003,0.0639,1.4956
IEEE,13,1.4839,0.0003,0.0634,1.4839
IEEE,18,1.4723,0.0002,0.0629,1.4723
IEEE,42,1.4723,0.0002,0.0629,1.4723
IEEE,68,1.4723,0.0006,0.0629,1.4723
IEEE,48,1.4610,0.0004,0.0624,1.4610
IEEE,17,0.9643,0.0008,0.0412,0.9643
IEEE,71,0.9643,0.0015,0.0412,0.9643
IEEE,50,0.9073,0.0013,0.0388,0.9073
IEEE,14,0.8731,0.0003,0.0373,0.8731
IEEE,59,0.8650,0.0006,0.0370,0.8650
IEEE,5,0.8194,0.0004,0.0350,0.8194
IEEE,52,0.8194,0.0023,0.0350,0.8194
IEEE,53,0.8194,0.0005,0.0350,0.8194
IEEE,30,0.8123,0.0002,0.0347,0.8123
IEEE,12,0.7985,0.0002,0.0341,0.7985
IEEE,39,0.7985,0.0003,0.0341,0.7985
IEEE,25,0.7918,0.0001,0.0338,0.7918
IEEE,80,0.7918,0.0006,0.0338,0.7918
IEEE,91,0.7852,0.0002,0.0336,0.7852
IEEE,19,0.7787,0.0002,0.0333,0.7787
IEEE,35,0.7660,0.0004,0.0327,0.7660
IEEE,55,0.7660,0.0003,0.0327,0.7660
IEEE,60,0.7660,0.0001,0.0327,0.7660
IEEE,96,0.7660,0.0001,0.0327,0.7660
IEEE,37,0.7598,0.0001,0.0325,0.7598
IEEE,98,0.7598,0.0002,0.0325,0.7598
IEEE,33,0.7538,0.0001,0.0322,0.7538
IEEE,87,0.7538,0.0002,0.0322,0.7538
IEEE,4,0.7478,0.0002,0.0320,0.7478
IEEE,7,0.7478,0.0002,0.0320,0.7478
IEEE,56,0.7478,0.0001,0.0320,0.7478
IEEE,97,0.7478,0.0003,0.0320,0.7478
IEEE,63,0.7419,0.0002,0.0317,0.7419
IEEE,75,0.7419,0.0001,0.0317,0.7419
IEEE,94,0.7419,0.0001,0.0317,0.7419
IEEE,16,0.7362,0.0001,0.0315,0.7362
IEEE,36,0.7362,0.0001,0.0315,0.7362
IMID,0,58.2244,0.0034,0.3764,58.2244
IMID,64,44.9435,0.0063,0.2905,44.9435
IMID,100,44.3578,0.1326,0.2867,44.3578
IMID,74,42.0440,0.0037,0.2718,42.0440
IMID,84,38.8474,0.0034,0.2511,38.8474
IMID,10,34.2136,0.0030,0.2212,34.2136
IMID,96,31.4063,0.0040,0.2030,31.4063
IMID,92,29.9872,0.0033,0.1938,29.9872
IMID,75,28.1936,0.0033,0.1822,28.1936
IMID,37,28.1140,0.0046,0.1817,28.1140
IMID,36,27.9743,0.0035,0.1808,27.9743
IMID,60,26.0443,0.0039,0.1684,26.0443
IMID,26,26.0259,0.0028,0.1682,26.0259
IMID,94,25.2259,0.0040,0.1631,25.2259
IMID,3,22.4718,0.0023,0.1453,22.4718
IMID,98,21.2755,0.0042,0.1375,21.2755
IMID,97,20.1908,0.0068,0.1305,20.1908
IMID,42,19.1403,0.0028,0.1237,19.1403
IMID,33,16.5830,0.0030,0.1072,16.5830
IMID,19,16.3521,0.0040,0.1057,16.3521
IMID,15,16.0707,0.0036,0.1039,16.0707
IMID,28,15.9477,0.0035,0.1031,15.9477
IMID,34,15.4749,0.0028,0.1000,15.4749
IMID,13,14.0968,0.0026,0.0911,14.0968
IMID,83,13.2665,0.0017,0.0858,13.2665
IMID,87,12.8141,0.0039,0.0828,12.8141
IMID,7,12.7127,0.0035,0.0822,12.7127
IMID,25,12.6684,0.0023,0.0819,12.6684
IMID,88,12.5359,0.0438,0.0810,12.5359
IMID,50,11.7948,0.0172,0.0762,11.7948
IMID,79,10.8734,0.0032,0.0703,10.8734
IMID,61,9.8779,0.0035,0.0639,9.8779
IMID,30,8.9357,0.0024,0.0578,8.9357
IMID,41,8.7658,0.0022,0.0567,8.7658
IMID,91,8.6368,0.0018,0.0558,8.6368
IMID,23,8.6327,0.0022,0.0558,8.6327
IMID,65,8.5654,0.0021,0.0554,8.5654
IMID,9,8.4408,0.0012,0.0546,8.4408
IMID,44,8.4261,0.0068,0.0545,8.4261
IMID,56,8.2259,0.0016,0.0532,8.2259
IMID,70,7.9133,0.0014,0.0512,7.9133
IMID,6,7.1940,0.0015,0.0465,7.1940
IMID,27,7.1940,0.0016,0.0465,7.1940
IMID,12,7.1866,0.0019,0.0465,7.1866
IMID,66,7.0865,0.0018,0.0458,7.0865
IMID,93,6.6774,0.0017,0.0432,6.6774
IMID,86,6.2294,0.0017,0.0403,6.2294
IMID,35,6.1281,0.0034,0.0396,6.1281
IMID,58,6.0787,0.0020,0.0393,6.0787
IMID,24,6.0302,0.0020,0.0390,6.0302
IMID,68,5.8893,0.0025,0.0381,5.8893
IMID,78,5.7361,0.0016,0.0371,5.7361
IMID,1,5.6863,0.0014,0.0368,5.6863
IMID,90,5.4060,0.0018,0.0349,5.4060
IMID,67,4.9606,0.0009,0.0321,4.9606
IMID,63,4.4516,0.0013,0.0288,4.4516
IMID,31,4.3494,0.0012,0.0281,4.3494
IMID,82,4.3494,0.0012,0.0281,4.3494
IMID,20,4.3164,0.0009,0.0279,4.3164
IMID,21,4.2519,0.0009,0.0275,4.2519
IMID,51,4.0268,0.0016,0.0260,4.0268
IMID,72,3.7992,0.0012,0.0246,3.7992
IMID,16,3.6808,0.0007,0.0238,3.6808
IMID,29,3.5256,0.0016,0.0228,3.5256
IMID,53,3.2778,0.0018,0.0212,3.2778
IMID,62,3.2778,0.0012,0.0212,3.2778
IMID,49,3.1407,0.0014,0.0203,3.1407
IMID,55,3.0640,0.0013,0.0198,3.0640
IMID,18,2.9447,0.0005,0.0190,2.9447
IMID,89,2.5022,0.0011,0.0162,2.5022
IMID,5,2.4583,0.0013,0.0159,2.4583
IMID,39,2.3955,0.0009,0.0155,2.3955
IMID,8,2.2980,0.0007,0.0149,2.2980
IMID,4,2.2434,0.0006,0.0145,2.2434
IMID,40,1.8510,0.0008,0.0120,1.8510
IMID,85,1.7300,0.0016,0.0112,1.7300
IMID,2,1.6985,0.0007,0.0110,1.6985
IMID,54,1.6985,0.0018,0.0110,1.6985
IMID,52,1.6389,0.0046,0.0106,1.6389
IMID,73,1.5970,0.0006,0.0103,1.5970
IMID,46,1.5446,0.0004,0.0100,1.5446
IMID,57,1.4839,0.0007,0.0096,1.4839
IMID,45,1.4610,0.0006,0.0094,1.4610
IMID,11,1.0181,0.0011,0.0066,1.0181
IMID,17,0.9643,0.0008,0.0062,0.9643
IMID,38,0.8899,0.0007,0.0058,0.8899
IMID,14,0.8731,0.0003,0.0056,0.8731
IMID,47,0.7852,0.0003,0.0051,0.7852
IMID,48,0.7305,0.0002,0.0047,0.7305
ITU,6,42.4443,0.0090,0.4388,42.4443
ITU,3,41.3191,0.0043,0.4272,41.3191
ITU,0,31.8848,0.0018,0.3296,31.8848
ITU,67,20.5509,0.0038,0.2125,20.5509
ITU,10,19.5506,0.0017,0.2021,19.5506
ITU,83,16.7577,0.0022,0.1733,16.7577
ITU,26,16.1783,0.0018,0.1673,16.1783
ITU,50,15.4240,0.0224,0.1595,15.4240
ITU,61,15.1968,0.0054,0.1571,15.1968
ITU,84,14.3879,0.0013,0.1488,14.3879
ITU,74,13.7730,0.0012,0.1424,13.7730
ITU,23,13.6685,0.0034,0.1413,13.6685
ITU,64,13.0481,0.0018,0.1349,13.0481
ITU,20,12.9491,0.0028,0.1339,12.9491
ITU,97,12.7127,0.0043,0.1314,12.7127
ITU,31,12.3232,0.0033,0.1274,12.3232
ITU,96,12.2561,0.0016,0.1267,12.2561
ITU,92,12.1377,0.0013,0.1255,12.1377
ITU,82,11.5983,0.0031,0.1199,11.5983
ITU,1,11.3727,0.0028,0.1176,11.3727
ITU,70,10.7909,0.0019,0.1116,10.7909
ITU,21,10.6298,0.0022,0.1099,10.6298
ITU,66,10.6298,0.0027,0.1099,10.6298
ITU,34,10.5511,0.0019,0.1091,10.5511
ITU,42,9.5701,0.0014,0.0989,9.5701
ITU,91,9.4220,0.0020,0.0974,9.4220
ITU,41,8.7658,0.0022,0.0906,8.7658
ITU,28,8.6988,0.0019,0.0899,8.6988
ITU,15,8.0353,0.0018,0.0831,8.0353
ITU,24,7.5377,0.0026,0.0779,7.5377
ITU,51,7.2482,0.0029,0.0749,7.2482
ITU,90,6.1783,0.0021,0.0639,6.1783
ITU,4,4.4868,0.0012,0.0464,4.4868
ITU,13,4.4516,0.0008,0.0460,4.4516
ITU,36,4.4170,0.0006,0.0457,4.4170
ITU,68,4.4170,0.0018,0.0457,4.4170
ITU,87,3.7689,0.0012,0.0390,3.7689
ITU,19,3.1147,0.0008,0.0322,3.1147
ITU,60,3.0640,0.0005,0.0317,3.0640
ITU,37,3.0394,0.0005,0.0314,3.0394
ITU,98,3.0394,0.0006,0.0314,3.0394
ITU,33,3.0151,0.0005,0.0312,3.0151
ITU,7,2.9912,0.0008,0.0309,2.9912
ITU,75,2.9677,0.0003,0.0307,2.9677
ITU,94,2.9677,0.0005,0.0307,2.9677
ITU,45,2.9219,0.0012,0.0302,2.9219
ITU,9,2.8136,0.0004,0.0291,2.8136
ITU,5,1.6389,0.0008,0.0169,1.6389
ITU,78,1.6389,0.0005,0.0169,1.6389
ITU,49,1.5703,0.0007,0.0162,1.5703
ITU,86,1.5573,0.0004,0.0161,1.5573
ITU,8,1.5320,0.0005,0.0158,1.5320
ITU,35,1.5320,0.0009,0.0158,1.5320
ITU,56,1.4956,0.0003,0.0155,1.4956
ITU,95,1.4956,0.0003,0.0155,1.4956
ITU,57,1.4839,0.0007,0.0153,1.4839
ITU,93,1.4839,0.0004,0.0153,1.4839
ITU,27,1.4388,0.0003,0.0149,1.4388
ITU,88,0.9643,0.0034,0.0100,0.9643
ITU,100,0.9643,0.0029,0.0100,0.9643
ITU,14,0.8731,0.0003,0.0090,0.8731
ITU,59,0.8650,0.0006,0.0089,0.8650
ITU,32,0.8492,0.0007,0.0088,0.8492
ITU,89,0.8341,0.0004,0.0086,0.8341
ITU,52,0.8194,0.0023,0.0085,0.8194
ITU,73,0.7985,0.0003,0.0083,0.7985
ITU,25,0.7918,0.0001,0.0082,0.7918
ITU,80,0.7918,0.0006,0.0082,0.7918
ITU,47,0.7852,0.0003,0.0081,0.7852
ITU,46,0.7723,0.0002,0.0080,0.7723
ITU,44,0.7660,0.0006,0.0079,0.7660
ITU,18,0.7362,0.0001,0.0076,0.7362
ITU,79,0.7249,0.0002,0.0075,0.7249
Innolux,0,39.5094,0.0023,0.3645,39.5094
Innolux,84,33.8116,0.0030,0.3119,33.8116
Innolux,74,32.6203,0.0029,0.3009,32.6203
Innolux,26,28.1361,0.0031,0.2595,28.1361
Innolux,3,27.5460,0.0029,0.2541,27.5460
Innolux,10,27.2312,0.0024,0.2512,27.2312
Innolux,92,22.8474,0.0025,0.2108,22.8474
Innolux,64,19.5722,0.0028,0.1805,19.5722
Innolux,96,16.0862,0.0021,0.1484,16.0862
Innolux,28,15.9477,0.0035,0.1471,15.9477
Innolux,34,14.7715,0.0027,0.1363,14.7715
Innolux,27,14.3879,0.0033,0.1327,14.3879
Innolux,97,14.2083,0.0048,0.1311,14.2083
Innolux,94,14.0968,0.0022,0.1300,14.0968
Innolux,15,13.8792,0.0031,0.1280,13.8792
Innolux,61,13.6771,0.0049,0.1262,13.6771
Innolux,60,13.0221,0.0019,0.1201,13.0221
Innolux,83,12.5683,0.0017,0.1159,12.5683
Innolux,42,12.5148,0.0018,0.1154,12.5148
Innolux,36,11.7786,0.0015,0.1087,11.7786
Innolux,79,11.5983,0.0034,0.1070,11.5983
Innolux,6,11.5103,0.0024,0.1062,11.5103
Innolux,23,11.5103,0.0029,0.1062,11.5103
Innolux,98,11.3976,0.0023,0.1051,11.3976
Innolux,9,11.2545,0.0016,0.1038,11.2545
Innolux,75,11.1291,0.0013,0.1027,11.1291
Innolux,44,10.7241,0.0087,0.0989,10.7241
Innolux,37,10.6377,0.0017,0.0981,10.6377
Innolux,95,8.9737,0.0019,0.0828,8.9737
Innolux,68,8.8340,0.0037,0.0815,8.8340
Innolux,56,8.2259,0.0016,0.0759,8.2259
Innolux,13,8.1613,0.0015,0.0753,8.1613
Innolux,25,7.9178,0.0014,0.0730,7.9178
Innolux,80,7.9178,0.0056,0.0730,7.9178
Innolux,33,7.5377,0.0014,0.0695,7.5377
Innolux,4,7.4781,0.0020,0.0690,7.4781
Innolux,67,7.0865,0.0013,0.0654,7.0865
Innolux,19,7.0080,0.0017,0.0646,7.0080
Innolux,8,6.8941,0.0022,0.0636,6.8941
Innolux,57,6.6774,0.0030,0.0616,6.6774
Innolux,48,6.5744,0.0019,0.0606,6.5744
Innolux,47,6.2813,0.0028,0.0579,6.2813
Innolux,87,6.0302,0.0018,0.0556,6.0302
Innolux,7,5.9824,0.0017,0.0552,5.9824
Innolux,1,5.6863,0.0014,0.0525,5.6863
Innolux,90,5.4060,0.0018,0.0499,5.4060
Innolux,41,5.1134,0.0013,0.0472,5.1134
Innolux,70,5.0358,0.0009,0.0465,5.0358
Innolux,78,4.9166,0.0014,0.0454,4.9166
Innolux,30,4.8740,0.0013,0.0450,4.8740
Innolux,39,4.7910,0.0017,0.0442,4.7910
Innolux,73,4.7910,0.0018,0.0442,4.7910
Innolux,91,4.7110,0.0010,0.0435,4.7110
Innolux,46,4.6337,0.0012,0.0427,4.6337
Innolux,50,4.5365,0.0066,0.0418,4.5365
Innolux,20,4.3164,0.0009,0.0398,4.3164
Innolux,21,4.2519,0.0009,0.0392,4.2519
Innolux,86,3.8933,0.0011,0.0359,3.8933
Innolux,58,3.7992,0.0012,0.0350,3.7992
Innolux,72,3.7992,0.0012,0.0350,3.7992
Innolux,24,3.7689,0.0013,0.0348,3.7689
Innolux,63,3.7097,0.0011,0.0342,3.7097
Innolux,16,3.6808,0.0007,0.0340,3.6808
Innolux,18,3.6808,0.0006,0.0340,3.6808
Innolux,45,3.6524,0.0015,0.0337,3.6524
Innolux,31,3.6245,0.0010,0.0334,3.6245
Innolux,66,3.5433,0.0009,0.0327,3.5433
Innolux,29,3.5256,0.0016,0.0325,3.5256
Innolux,51,3.2214,0.0013,0.0297,3.2214
Innolux,12,3.1940,0.0009,0.0295,3.1940
Innolux,55,3.0640,0.0013,0.0283,3.0640
Innolux,93,2.9677,0.0008,0.0274,2.9677
Innolux,59,2.5950,0.0019,0.0239,2.5950
Innolux,2,2.5477,0.0011,0.0235,2.5477
Innolux,62,2.4583,0.0009,0.0227,2.4583
Innolux,35,2.2980,0.0013,0.0212,2.2980
Innolux,43,2.1838,0.0047,0.0201,2.1838
Innolux,82,2.1747,0.0006,0.0201,2.1747
Innolux,38,1.7797,0.0013,0.0164,1.7797
Innolux,14,1.7462,0.0007,0.0161,1.7462
Innolux,85,1.7300,0.0016,0.0160,1.7300
Innolux,54,1.6985,0.0018,0.0157,1.6985
Innolux,69,1.6534,0.0023,0.0153,1.6534
Innolux,53,1.6389,0.0009,0.0151,1.6389
Innolux,65,1.5573,0.0004,0.0144,1.5573
Innolux,99,1.1192,0.0025,0.0103,1.1192
Innolux,76,1.0536,0.0023,0.0097,1.0536
Innolux,17,0.9643,0.0008,0.0089,0.9643
Innolux,88,0.9643,0.0034,0.0089,0.9643
Innolux,22,0.8814,0.0011,0.0081,0.8814
Innolux,81,0.8650,0.0005,0.0080,0.8650
Innolux,89,0.8341,0.0004,0.0077,0.8341
Innolux,5,0.8194,0.0004,0.0076,0.8194
Innolux,52,0.8194,0.0023,0.0076,0.8194
Innolux,49,0.7852,0.0003,0.0072,0.7852
IoT,10,207.3762,0.0184,0.2856,207.3762
IoT,0,198.9332,0.0115,0.2739,198.9332
IoT,67,182.1234,0.0340,0.2508,182.1234
IoT,3,178.3244,0.0186,0.2456,178.3244
IoT,9,175.1475,0.0241,0.2412,175.1475
IoT,21,172.2023,0.0360,0.2371,172.2023
IoT,26,154.0454,0.0167,0.2121,154.0454
IoT,83,150.1208,0.0197,0.2067,150.1208
IoT,20,128.7718,0.0278,0.1773,128.7718
IoT,6,121.5778,0.0258,0.1674,121.5778
IoT,34,114.6548,0.0211,0.1579,114.6548
IoT,92,111.3811,0.0124,0.1534,111.3811
IoT,31,108.7344,0.0294,0.1497,108.7344
IoT,1,104.7913,0.0260,0.1443,104.7913
IoT,41,98.6155,0.0249,0.1358,98.6155
IoT,84,97.8378,0.0087,0.1347,97.8378
IoT,91,93.4348,0.0200,0.1287,93.4348
IoT,70,89.9244,0.0161,0.1238,89.9244
IoT,4,87.4933,0.0230,0.1205,87.4933
IoT,74,83.3630,0.0074,0.1148,83.3630
IoT,82,82.6381,0.0223,0.1138,82.6381
IoT,23,79.1335,0.0198,0.1090,79.1335
IoT,66,74.4084,0.0186,0.1025,74.4084
IoT,93,71.9679,0.0188,0.0991,71.9679
IoT,28,69.5900,0.0153,0.0958,69.5900
IoT,95,69.5459,0.0147,0.0958,69.5459
IoT,15,69.3961,0.0157,0.0956,69.3961
IoT,90,68.7333,0.0229,0.0946,68.7333
IoT,39,65.4776,0.0235,0.0902,65.4776
IoT,72,63.8264,0.0204,0.0879,63.8264
IoT,27,62.5874,0.0143,0.0862,62.5874
IoT,61,60.7871,0.0216,0.0837,60.7871
IoT,18,59.6293,0.0101,0.0821,59.6293
IoT,48,56.9778,0.0163,0.0785,56.9778
IoT,56,56.0854,0.0111,0.0772,56.0854
IoT,42,55.2123,0.0081,0.0760,55.2123
IoT,46,54.8322,0.0147,0.0755,54.8322
IoT,64,54.3672,0.0077,0.0749,54.3672
IoT,79,53.6423,0.0159,0.0739,53.6423
IoT,24,49.7489,0.0169,0.0685,49.7489
IoT,68,47.8507,0.0200,0.0659,47.8507
IoT,36,47.1145,0.0059,0.0649,47.1145
IoT,75,46.0001,0.0054,0.0633,46.0001
IoT,35,45.9605,0.0256,0.0633,45.9605
IoT,11,45.8133,0.0491,0.0631,45.8133
IoT,45,45.2901,0.0185,0.0624,45.2901
IoT,13,45.2582,0.0082,0.0623,45.2582
IoT,55,45.1945,0.0198,0.0622,45.1945
IoT,89,45.0388,0.0193,0.0620,45.0388
IoT,2,45.0090,0.0190,0.0620,45.0090
IoT,32,45.0090,0.0381,0.0620,45.0090
IoT,33,43.7188,0.0079,0.0602,43.7188
IoT,14,43.6559,0.0165,0.0601,43.6559
IoT,96,42.8965,0.0055,0.0591,42.8965
IoT,16,41.9614,0.0085,0.0578,41.9614
IoT,12,40.7239,0.0109,0.0561,40.7239
IoT,63,40.0646,0.0114,0.0552,40.0646
IoT,47,38.4731,0.0170,0.0530,38.4731
IoT,44,38.3004,0.0309,0.0527,38.3004
IoT,8,36.7684,0.0119,0.0506,36.7684
IoT,62,36.0554,0.0133,0.0496,36.0554
IoT,65,35.8188,0.0087,0.0493,35.8188
IoT,86,33.4828,0.0093,0.0461,33.4828
IoT,80,33.2547,0.0237,0.0458,33.2547
IoT,69,31.4138,0.0437,0.0433,31.4138
IoT,73,31.1418,0.0114,0.0429,31.1418
IoT,97,30.6600,0.0104,0.0422,30.6600
IoT,25,30.0876,0.0055,0.0414,30.0876
IoT,60,29.8743,0.0044,0.0411,29.8743
IoT,59,29.4099,0.0214,0.0405,29.4099
IoT,94,28.9356,0.0046,0.0398,28.9356
IoT,30,28.4317,0.0075,0.0392,28.4317
IoT,51,27.3822,0.0111,0.0377,27.3822
IoT,22,27.3235,0.0355,0.0376,27.3235
IoT,57,26.7097,0.0118,0.0368,26.7097
IoT,78,26.2221,0.0073,0.0361,26.2221
IoT,98,24.3148,0.0048,0.0335,24.3148
IoT,37,22.7952,0.0037,0.0314,22.7952
IoT,58,22.0353,0.0072,0.0303,22.0353
IoT,7,20.9386,0.0058,0.0288,20.9386
IoT,52,20.4860,0.0579,0.0282,20.4860
IoT,76,18.9646,0.0405,0.0261,18.9646
IoT,54,18.6830,0.0199,0.0257,18.6830
IoT,71,18.3217,0.0290,0.0252,18.3217
IoT,49,18.0588,0.0078,0.0249,18.0588
IoT,19,17.9094,0.0044,0.0247,17.9094
IoT,40,17.5841,0.0071,0.0242,17.5841
IoT,87,16.5830,0.0051,0.0228,16.5830
IoT,85,16.4350,0.0148,0.0226,16.4350
IoT,77,15.2743,0.0106,0.0210,15.2743
IoT,29,14.9839,0.0070,0.0206,14.9839
IoT,81,14.7050,0.0090,0.0202,14.7050
IoT,17,14.4645,0.0119,0.0199,14.4645
IoT,5,13.9305,0.0071,0.0192,13.9305
IoT,53,13.9305,0.0077,0.0192,13.9305
IoT,43,8.7354,0.0186,0.0120,8.7354
IoT,38,8.0087,0.0060,0.0110,8.0087
IoT,88,7.7144,0.0269,0.0106,7.7144
IoT,100,6.7501,0.0202,0.0093,6.7501
IoT,50,3.6292,0.0053,0.0050,3.6292
IoT,99,1.1192,0.0025,0.0015,1.1192
JDI,0,49.9066,0.0029,0.3271,49.9066
JDI,75,48.9679,0.0058,0.3209,48.9679
JDI,36,47.1145,0.0059,0.3088,47.1145
JDI,96,39.8324,0.0051,0.2610,39.8324
JDI,74,37.6946,0.0033,0.2470,37.6946
JDI,84,33.0922,0.0029,0.2169,33.0922
JDI,37,32.6731,0.0054,0.2141,32.6731
JDI,60,31.4063,0.0047,0.2058,31.4063
JDI,94,29.6775,0.0047,0.1945,29.6775
JDI,25,26.1287,0.0048,0.1712,26.1287
JDI,98,25.0747,0.0050,0.1643,25.0747
JDI,64,24.6465,0.0035,0.1615,24.6465
JDI,33,23.3669,0.0042,0.1531,23.3669
JDI,10,22.3436,0.0020,0.1464,22.3436
JDI,92,22.1334,0.0025,0.1451,22.1334
JDI,42,20.6126,0.0030,0.1351,20.6126
JDI,30,18.6837,0.0049,0.1224,18.6837
JDI,26,18.2885,0.0020,0.1199,18.2885
JDI,18,17.6679,0.0030,0.1158,17.6679
JDI,19,17.1307,0.0042,0.1123,17.1307
JDI,13,15.5807,0.0028,0.1021,15.5807
JDI,78,15.5694,0.0043,0.1020,15.5694
JDI,56,14.9561,0.0029,0.0980,14.9561
JDI,65,14.7947,0.0036,0.0970,14.7947
JDI,86,14.7947,0.0041,0.0970,14.7947
JDI,16,13.9871,0.0028,0.0917,13.9871
JDI,63,12.6129,0.0036,0.0827,12.6129
JDI,3,12.3232,0.0013,0.0808,12.3232
JDI,83,11.8700,0.0016,0.0778,11.8700
JDI,87,11.3066,0.0035,0.0741,11.3066
JDI,9,11.2545,0.0016,0.0738,11.2545
JDI,7,11.2171,0.0031,0.0735,11.2171
JDI,51,10.4697,0.0043,0.0686,10.4697
JDI,15,10.2268,0.0023,0.0670,10.2268
JDI,70,10.0715,0.0018,0.0660,10.0715
JDI,29,9.6954,0.0045,0.0635,9.6954
JDI,12,9.5821,0.0026,0.0628,9.5821
JDI,34,9.1442,0.0017,0.0599,9.1442
JDI,97,8.9737,0.0030,0.0588,8.9737
JDI,49,8.6368,0.0037,0.0566,8.6368
JDI,27,8.6327,0.0020,0.0566,8.6327
JDI,58,8.3582,0.0027,0.0548,8.3582
JDI,41,8.0353,0.0020,0.0527,8.0353
JDI,28,7.9739,0.0018,0.0523,7.9739
JDI,46,7.7228,0.0021,0.0506,7.7228
JDI,72,7.5984,0.0024,0.0498,7.5984
JDI,1,6.4987,0.0016,0.0426,6.4987
JDI,23,6.4746,0.0016,0.0424,6.4746
JDI,67,6.3779,0.0012,0.0418,6.3779
JDI,90,6.1783,0.0021,0.0405,6.1783
JDI,95,5.9824,0.0013,0.0392,5.9824
JDI,31,5.7992,0.0016,0.0380,5.7992
JDI,6,5.7552,0.0012,0.0377,5.7552
JDI,20,5.7552,0.0012,0.0377,5.7552
JDI,53,5.7361,0.0032,0.0376,5.7361
JDI,66,5.6692,0.0014,0.0372,5.6692
JDI,2,5.0954,0.0021,0.0334,5.0954
JDI,21,4.9606,0.0010,0.0325,4.9606
JDI,62,4.9166,0.0018,0.0322,4.9166
JDI,55,4.5961,0.0020,0.0301,4.5961
JDI,4,4.4868,0.0012,0.0294,4.4868
JDI,93,4.4516,0.0012,0.0292,4.4516
JDI,79,4.3494,0.0013,0.0285,4.3494
JDI,5,4.0972,0.0021,0.0269,4.0972
JDI,91,3.9258,0.0008,0.0257,3.9258
JDI,48,3.6524,0.0010,0.0239,3.6524
JDI,82,3.6245,0.0010,0.0238,3.6245
JDI,80,3.1671,0.0023,0.0208,3.1671
JDI,24,3.0151,0.0010,0.0198,3.0151
JDI,57,2.9677,0.0013,0.0194,2.9677
JDI,45,2.9219,0.0012,0.0191,2.9219
JDI,17,2.8929,0.0024,0.0190,2.8929
JDI,14,2.6194,0.0010,0.0172,2.6194
JDI,35,2.2980,0.0013,0.0151,2.2980
JDI,61,2.2795,0.0008,0.0149,2.2795
JDI,88,1.9286,0.0067,0.0126,1.9286
JDI,22,1.7628,0.0023,0.0116,1.7628
JDI,89,1.6681,0.0007,0.0109,1.6681
JDI,73,1.5970,0.0006,0.0105,1.5970
JDI,8,1.5320,0.0005,0.0100,1.5320
JDI,68,1.4723,0.0006,0.0096,1.4723
JDI,99,1.1192,0.0025,0.0073,1.1192
JDI,100,0.9643,0.0029,0.0063,0.9643
JDI,40,0.9255,0.0004,0.0061,0.9255
JDI,59,0.8650,0.0006,0.0057,0.8650
JDI,81,0.8650,0.0005,0.0057,0.8650
JDI,85,0.8650,0.0008,0.0057,0.8650
JDI,32,0.8492,0.0007,0.0056,0.8492
JDI,54,0.8492,0.0009,0.0056,0.8492
JDI,69,0.8267,0.0012,0.0054,0.8267
JDI,52,0.8194,0.0023,0.0054,0.8194
JDI,39,0.7985,0.0003,0.0052,0.7985
JDI,47,0.7852,0.0003,0.0051,0.7852
KAIST,10,69.8236,0.0062,0.3617,69.8236
KAIST,0,59.6107,0.0034,0.3088,59.6107
KAIST,9,49.9417,0.0069,0.2587,49.9417
KAIST,26,49.2383,0.0054,0.2550,49.2383
KAIST,20,46.7607,0.0101,0.2422,46.7607
KAIST,83,45.3854,0.0060,0.2351,45.3854
KAIST,34,42.9076,0.0079,0.2222,42.9076
KAIST,92,38.5550,0.0043,0.1997,38.5550
KAIST,41,31.4108,0.0079,0.1627,31.4108
KAIST,84,29.4952,0.0026,0.1528,29.4952
KAIST,67,27.6374,0.0052,0.1431,27.6374
KAIST,23,25.1788,0.0063,0.1304,25.1788
KAIST,74,24.6465,0.0022,0.1277,24.6465
KAIST,21,23.3855,0.0049,0.1211,23.3855
KAIST,70,20.8625,0.0037,0.1081,20.8625
KAIST,66,20.5509,0.0051,0.1064,20.5509
KAIST,3,20.2971,0.0021,0.1051,20.2971
KAIST,6,20.1431,0.0043,0.1043,20.1431
KAIST,13,20.0323,0.0036,0.1038,20.0323
KAIST,93,20.0323,0.0052,0.1038,20.0323
KAIST,91,19.6292,0.0042,0.1017,19.6292
KAIST,28,19.5722,0.0043,0.1014,19.5722
KAIST,82,19.5722,0.0053,0.1014,19.5722
KAIST,27,19.4237,0.0044,0.1006,19.4237
KAIST,31,18.8473,0.0051,0.0976,18.8473
KAIST,95,18.6951,0.0039,0.0968,18.6951
KAIST,1,18.6837,0.0046,0.0968,18.6837
KAIST,48,17.5316,0.0050,0.0908,17.5316
KAIST,33,17.3368,0.0031,0.0898,17.3368
KAIST,15,16.8012,0.0038,0.0870,16.8012
KAIST,79,16.6726,0.0049,0.0864,16.6726
KAIST,16,16.1956,0.0033,0.0839,16.1956
KAIST,18,16.1956,0.0027,0.0839,16.1956
KAIST,64,15.9477,0.0023,0.0826,15.9477
KAIST,88,15.4288,0.0539,0.0799,15.4288
KAIST,56,14.9561,0.0029,0.0775,14.9561
KAIST,97,14.9561,0.0050,0.0775,14.9561
KAIST,75,14.0968,0.0017,0.0730,14.0968
KAIST,46,13.9011,0.0037,0.0720,13.9011
KAIST,90,13.9011,0.0046,0.0720,13.9011
KAIST,35,13.7882,0.0077,0.0714,13.7882
KAIST,89,13.3448,0.0057,0.0691,13.3448
KAIST,42,13.2510,0.0020,0.0686,13.2510
KAIST,68,13.2510,0.0055,0.0686,13.2510
KAIST,44,13.0221,0.0105,0.0674,13.0221
KAIST,36,12.5148,0.0016,0.0648,12.5148
KAIST,19,11.6800,0.0028,0.0605,11.6800
KAIST,100,11.5716,0.0346,0.0599,11.5716
KAIST,57,11.1291,0.0049,0.0576,11.1291
KAIST,50,10.8875,0.0158,0.0564,10.8875
KAIST,8,10.7241,0.0035,0.0555,10.7241
KAIST,96,10.7241,0.0014,0.0555,10.7241
KAIST,87,10.5528,0.0032,0.0547,10.5528
KAIST,94,10.3871,0.0016,0.0538,10.3871
KAIST,73,10.3806,0.0038,0.0538,10.3806
KAIST,52,9.8333,0.0278,0.0509,9.8333
KAIST,45,9.4963,0.0039,0.0492,9.4963
KAIST,49,9.4220,0.0041,0.0488,9.4220
KAIST,37,9.1181,0.0015,0.0472,9.1181
KAIST,4,8.9737,0.0024,0.0465,8.9737
KAIST,80,8.7096,0.0062,0.0451,8.7096
KAIST,60,8.4261,0.0012,0.0436,8.4261
KAIST,98,8.3582,0.0017,0.0433,8.3582
KAIST,7,8.2259,0.0023,0.0426,8.2259
KAIST,63,8.1613,0.0023,0.0423,8.1613
KAIST,11,8.1446,0.0087,0.0422,8.1446
KAIST,65,7.7867,0.0019,0.0403,7.7867
KAIST,38,7.1189,0.0054,0.0369,7.1189
KAIST,55,6.8941,0.0030,0.0357,6.8941
KAIST,72,6.8385,0.0022,0.0354,6.8385
KAIST,51,6.4429,0.0026,0.0334,6.4429
KAIST,47,6.2813,0.0028,0.0325,6.2813
KAIST,24,6.0302,0.0020,0.0312,6.0302
KAIST,25,5.5424,0.0010,0.0287,5.5424
KAIST,61,5.3189,0.0019,0.0275,5.3189
KAIST,32,5.0954,0.0043,0.0264,5.0954
KAIST,5,4.9166,0.0025,0.0255,4.9166
KAIST,62,4.9166,0.0018,0.0255,4.9166
KAIST,12,4.7910,0.0013,0.0248,4.7910
KAIST,39,4.7910,0.0017,0.0248,4.7910
KAIST,86,4.6720,0.0013,0.0242,4.6720
KAIST,40,4.6274,0.0019,0.0240,4.6274
KAIST,22,4.4070,0.0057,0.0228,4.4070
KAIST,53,4.0972,0.0023,0.0212,4.0972
KAIST,78,4.0972,0.0011,0.0212,4.0972
KAIST,30,4.0617,0.0011,0.0210,4.0617
KAIST,14,3.4925,0.0013,0.0181,3.4925
KAIST,81,3.4600,0.0021,0.0179,3.4600
KAIST,76,3.1608,0.0068,0.0164,3.1608
KAIST,77,2.6955,0.0019,0.0140,2.6955
KAIST,29,2.6442,0.0012,0.0137,2.6442
KAIST,85,2.5950,0.0023,0.0134,2.5950
KAIST,2,2.5477,0.0011,0.0132,2.5477
KAIST,69,2.4800,0.0035,0.0128,2.4800
KAIST,58,2.2795,0.0007,0.0118,2.2795
KAIST,54,1.6985,0.0018,0.0088,1.6985
KAIST,99,1.1192,0.0025,0.0058,1.1192
KAIST,17,0.9643,0.0008,0.0050,0.9643
KAIST,71,0.9643,0.0015,0.0050,0.9643
KAIST,59,0.8650,0.0006,0.0045,0.8650
LG디스플레이,0,1380.7492,0.0795,0.3240,1380.7492
LG디스플레이,75,1274.6484,0.1502,0.2991,1274.6484
LG디스플레이,96,1245.5299,0.1605,0.2922,1245.5299
LG디스플레이,36,1177.1271,0.1474,0.2762,1177.1271
LG디스플레이,74,1081.5447,0.0954,0.2538,1081.5447
LG디스플레이,84,1050.3173,0.0932,0.2464,1050.3173
LG디스플레이,33,925.6318,0.1681,0.2172,925.6318
LG디스플레이,60,768.3066,0.1138,0.1803,768.3066
LG디스플레이,92,753.9642,0.0838,0.1769,753.9642
LG디스플레이,10,744.3198,0.0660,0.1746,744.3198
LG디스플레이,37,725.6458,0.1191,0.1703,725.6458
LG디스플레이,64,713.2975,0.1008,0.1674,713.2975
LG디스플레이,65,693.0157,0.1682,0.1626,693.0157
LG디스플레이,94,680.3565,0.1070,0.1596,680.3565
LG디스플레이,26,621.8089,0.0676,0.1459,621.8089
LG디스플레이,98,602.5520,0.1197,0.1414,602.5520
LG디스플레이,3,602.3885,0.0627,0.1413,602.3885
LG디스플레이,42,585.2508,0.0863,0.1373,585.2508
LG디스플레이,13,466.6786,0.0847,0.1095,466.6786
LG디스플레이,51,459.8601,0.1871,0.1079,459.8601
LG디스플레이,19,425.1535,0.1034,0.0998,425.1535
LG디스플레이,15,405.4191,0.0915,0.0951,405.4191
LG디스플레이,23,398.5451,0.0998,0.0935,398.5451
LG디스플레이,25,386.3876,0.0704,0.0907,386.3876
LG디스플레이,18,369.5546,0.0626,0.0867,369.5546
LG디스플레이,87,358.7954,0.1096,0.0842,358.7954
LG디스플레이,28,335.6268,0.0738,0.0787,335.6268
LG디스플레이,7,319.3130,0.0887,0.0749,319.3130
LG디스플레이,63,315.3234,0.0897,0.0740,315.3234
LG디스플레이,97,311.8349,0.1053,0.0732,311.8349
LG디스플레이,16,293.7297,0.0598,0.0689,293.7297
LG디스플레이,34,282.7683,0.0519,0.0663,282.7683
LG디스플레이,91,281.0895,0.0602,0.0660,281.0895
LG디스플레이,9,273.6240,0.0377,0.0642,273.6240
LG디스플레이,83,273.0104,0.0359,0.0641,273.0104
LG디스플레이,46,266.4382,0.0713,0.0625,266.4382
LG디스플레이,56,263.2276,0.0519,0.0618,263.2276
LG디스플레이,49,256.7493,0.1112,0.0602,256.7493
LG디스플레이,30,246.9501,0.0650,0.0579,246.9501
LG디스플레이,78,242.5545,0.0674,0.0569,242.5545
LG디스플레이,58,240.8688,0.0783,0.0565,240.8688
LG디스플레이,27,240.2781,0.0549,0.0564,240.2781
LG디스플레이,86,237.4942,0.0662,0.0557,237.4942
LG디스플레이,12,234.7613,0.0627,0.0551,234.7613
LG디스플레이,93,233.7103,0.0609,0.0548,233.7103
LG디스플레이,79,229.0671,0.0679,0.0537,229.0671
LG디스플레이,41,211.1101,0.0534,0.0495,211.1101
LG디스플레이,72,206.6761,0.0662,0.0485,206.6761
LG디스플레이,1,195.7729,0.0487,0.0459,195.7729
LG디스플레이,70,184.8846,0.0330,0.0434,184.8846
LG디스플레이,89,174.3170,0.0748,0.0409,174.3170
LG디스플레이,95,169.0041,0.0357,0.0397,169.0041
LG디스플레이,67,168.6590,0.0315,0.0396,168.6590
LG디스플레이,90,157.5460,0.0524,0.0370,157.5460
LG디스플레이,6,153.9506,0.0327,0.0361,153.9506
LG디스플레이,5,145.8605,0.0748,0.0342,145.8605
LG디스플레이,81,145.3196,0.0890,0.0341,145.3196
LG디스플레이,57,144.6778,0.0641,0.0339,144.6778
LG디스플레이,66,143.1476,0.0359,0.0336,143.1476
LG디스플레이,8,142.4776,0.0460,0.0334,142.4776
LG디스플레이,48,129.2958,0.0370,0.0303,129.2958
LG디스플레이,21,123.3053,0.0258,0.0289,123.3053
LG디스플레이,20,123.0166,0.0265,0.0289,123.0166
LG디스플레이,73,122.1717,0.0448,0.0287,122.1717
LG디스플레이,55,117.9653,0.0517,0.0277,117.9653
LG디스플레이,62,115.5412,0.0427,0.0271,115.5412
LG디스플레이,61,110.1766,0.0391,0.0259,110.1766
LG디스플레이,24,109.2969,0.0371,0.0256,109.2969
LG디스플레이,31,100.7605,0.0272,0.0236,100.7605
LG디스플레이,29,100.4800,0.0469,0.0236,100.4800
LG디스플레이,85,96.0147,0.0863,0.0225,96.0147
LG디스플레이,39,85.4403,0.0306,0.0200,85.4403
LG디스플레이,82,84.0879,0.0227,0.0197,84.0879
LG디스플레이,45,74.5095,0.0304,0.0175,74.5095
LG디스플레이,4,73.2849,0.0193,0.0172,73.2849
LG디스플레이,68,69.9356,0.0292,0.0164,69.9356
LG디스플레이,2,67.0889,0.0283,0.0157,67.0889
LG디스플레이,17,66.5367,0.0549,0.0156,66.5367
LG디스플레이,35,65.8767,0.0367,0.0155,65.8767
LG디스플레이,53,63.9164,0.0353,0.0150,63.9164
LG디스플레이,80,56.2162,0.0401,0.0132,56.2162
LG디스플레이,44,49.7906,0.0402,0.0117,49.7906
LG디스플레이,32,47.5567,0.0403,0.0112,47.5567
LG디스플레이,40,46.2740,0.0188,0.0109,46.2740
LG디스플레이,14,33.1785,0.0126,0.0078,33.1785
LG디스플레이,22,32.6119,0.0424,0.0077,32.6119
LG디스플레이,38,31.1450,0.0234,0.0073,31.1450
LG디스플레이,47,29.0511,0.0128,0.0068,29.0511
LG디스플레이,59,23.3549,0.0170,0.0055,23.3549
LG디스플레이,54,21.2307,0.0226,0.0050,21.2307
LG디스플레이,76,20.0182,0.0428,0.0047,20.0182
LG디스플레이,69,19.0136,0.0265,0.0045,19.0136
LG디스플레이,77,17.9697,0.0125,0.0042,17.9697
LG디스플레이,71,17.3574,0.0274,0.0041,17.3574
LG디스플레이,11,12.2169,0.0131,0.0029,12.2169
LG디스플레이,50,10.8875,0.0158,0.0026,10.8875
LG디스플레이,52,10.6527,0.0301,0.0025,10.6527
LG디스플레이,100,10.6073,0.0317,0.0025,10.6073
LG디스플레이,88,6.7501,0.0236,0.0016,6.7501
LG디스플레이,43,4.3677,0.0093,0.0010,4.3677
LG디스플레이,99,3.3577,0.0076,0.0008,3.3577
LG전자,3,1499.8096,0.1562,0.4029,1499.8096
LG전자,1,1242.8736,0.3089,0.3339,1242.8736
LG전자,0,1062.5946,0.0612,0.2855,1062.5946
LG전자,91,986.1686,0.2111,0.2649,986.1686
LG전자,84,722.9924,0.0641,0.1942,722.9924
LG전자,74,715.4722,0.0631,0.1922,715.4722
LG전자,89,713.1150,0.3059,0.1916,713.1150
LG전자,67,663.2977,0.1239,0.1782,663.2977
LG전자,10,644.4721,0.0571,0.1731,644.4721
LG전자,96,538.5040,0.0694,0.1447,538.5040
LG전자,26,517.0017,0.0562,0.1389,517.0017
LG전자,92,492.6471,0.0547,0.1323,492.6471
LG전자,9,492.3826,0.0678,0.1323,492.3826
LG전자,6,476.2398,0.1011,0.1279,476.2398
LG전자,21,459.2061,0.0959,0.1234,459.2061
LG전자,83,453.1553,0.0596,0.1217,453.1553
LG전자,20,427.3209,0.0922,0.1148,427.3209
LG전자,75,403.6139,0.0476,0.1084,403.6139
LG전자,35,399.0904,0.2224,0.1072,399.0904
LG전자,36,395.3204,0.0495,0.1062,395.3204
LG전자,70,392.7899,0.0702,0.1055,392.7899
LG전자,39,377.6941,0.1354,0.1015,377.6941
LG전자,31,370.4218,0.1001,0.0995,370.4218
LG전자,64,361.7230,0.0511,0.0972,361.7230
LG전자,42,348.2058,0.0514,0.0935,348.2058
LG전자,34,344.6678,0.0633,0.0926,344.6678
LG전자,33,318.8455,0.0579,0.0857,318.8455
LG전자,46,317.4089,0.0849,0.0853,317.4089
LG전자,18,302.5636,0.0513,0.0813,302.5636
LG전자,93,287.1298,0.0748,0.0771,287.1298
LG전자,4,284.1661,0.0747,0.0763,284.1661
LG전자,94,273.0329,0.0430,0.0733,273.0329
LG전자,65,271.7556,0.0660,0.0730,271.7556
LG전자,82,268.9364,0.0725,0.0722,268.9364
LG전자,95,265.4710,0.0561,0.0713,265.4710
LG전자,66,265.0356,0.0664,0.0712,265.0356
LG전자,73,250.7314,0.0919,0.0674,250.7314
LG전자,45,246.9039,0.1007,0.0663,246.9039
LG전자,77,246.1852,0.1715,0.0661,246.1852
LG전자,37,237.8295,0.0390,0.0639,237.8295
LG전자,41,235.9466,0.0597,0.0634,235.9466
LG전자,28,234.8663,0.0517,0.0631,234.8663
LG전자,23,233.8035,0.0586,0.0628,233.8035
LG전자,13,233.7103,0.0424,0.0628,233.7103
LG전자,16,229.6833,0.0468,0.0617,229.6833
LG전자,60,229.0366,0.0339,0.0615,229.0366
LG전자,27,226.6096,0.0518,0.0609,226.6096
LG전자,48,220.6064,0.0632,0.0593,220.6064
LG전자,15,215.4930,0.0486,0.0579,215.4930
LG전자,40,204.5309,0.0830,0.0549,204.5309
LG전자,61,202.1171,0.0717,0.0543,202.1171
LG전자,7,201.1597,0.0559,0.0540,201.1597
LG전자,98,198.3179,0.0394,0.0533,198.3179
LG전자,68,196.5559,0.0822,0.0528,196.5559
LG전자,24,195.9807,0.0665,0.0526,195.9807
LG전자,55,191.5021,0.0839,0.0514,191.5021
LG전자,8,189.2041,0.0610,0.0508,189.2041
LG전자,79,178.3244,0.0529,0.0479,178.3244
LG전자,63,174.3553,0.0496,0.0468,174.3553
LG전자,81,173.8645,0.1065,0.0467,173.8645
LG전자,86,170.5286,0.0475,0.0458,170.5286
LG전자,56,170.4997,0.0336,0.0458,170.4997
LG전자,2,168.9961,0.0713,0.0454,168.9961
LG전자,25,168.6487,0.0307,0.0453,168.6487
LG전자,78,165.5271,0.0460,0.0445,165.5271
LG전자,58,163.3653,0.0531,0.0439,163.3653
LG전자,19,154.9552,0.0377,0.0416,154.9552
LG전자,57,152.0972,0.0674,0.0409,152.0972
LG전자,72,151.9677,0.0487,0.0408,151.9677
LG전자,90,149.8232,0.0499,0.0402,149.8232
LG전자,30,145.4081,0.0383,0.0391,145.4081
LG전자,87,143.2166,0.0437,0.0385,143.2166
LG전자,97,132.3616,0.0447,0.0356,132.3616
LG전자,49,131.1227,0.0568,0.0352,131.1227
LG전자,51,124.8307,0.0508,0.0335,124.8307
LG전자,12,113.3881,0.0303,0.0305,113.3881
LG전자,62,106.5273,0.0394,0.0286,106.5273
LG전자,11,101.8073,0.1091,0.0273,101.8073
LG전자,38,98.7742,0.0743,0.0265,98.7742
LG전자,32,95.1134,0.0805,0.0256,95.1134
LG전자,80,94.2216,0.0672,0.0253,94.2216
LG전자,53,86.8607,0.0479,0.0233,86.8607
LG전자,69,86.8013,0.1208,0.0233,86.8013
LG전자,59,83.0398,0.0604,0.0223,83.0398
LG전자,14,72.4688,0.0274,0.0195,72.4688
LG전자,29,72.2751,0.0338,0.0194,72.2751
LG전자,54,64.5412,0.0687,0.0173,64.5412
LG전자,47,62.8133,0.0278,0.0169,62.8133
LG전자,44,61.2807,0.0495,0.0165,61.2807
LG전자,22,57.2912,0.0745,0.0154,57.2912
LG전자,17,51.1079,0.0422,0.0137,51.1079
LG전자,5,49.1665,0.0252,0.0132,49.1665
LG전자,85,44.1149,0.0397,0.0119,44.1149
LG전자,76,33.7148,0.0721,0.0091,33.7148
LG전자,71,32.7862,0.0518,0.0088,32.7862
LG전자,43,26.2062,0.0559,0.0070,26.2062
LG전자,88,22.1789,0.0774,0.0060,22.1789
LG전자,100,22.1789,0.0663,0.0060,22.1789
LG전자,52,18.0277,0.0509,0.0048,18.0277
LG전자,99,12.3115,0.0278,0.0033,12.3115
LG전자,50,8.1657,0.0119,0.0022,8.1657
LG화학,10,217.8497,0.0193,0.3013,217.8497
LG화학,46,213.1505,0.0570,0.2948,213.1505
LG화학,9,203.2837,0.0280,0.2811,203.2837
LG화학,0,181.6046,0.0105,0.2511,181.6046
LG화학,26,161.7828,0.0176,0.2237,161.7828
LG화학,92,161.3598,0.0179,0.2231,161.3598
LG화학,95,151.8045,0.0321,0.2099,151.8045
LG화학,84,133.8075,0.0119,0.1850,133.8075
LG화학,74,127.5817,0.0113,0.1764,127.5817
LG화학,73,124.5672,0.0456,0.1723,124.5672
LG화학,81,123.6946,0.0758,0.1711,123.6946
LG화학,36,119.2587,0.0149,0.1649,119.2587
LG화학,83,110.3213,0.0145,0.1526,110.3213
LG화학,18,107.4800,0.0182,0.1486,107.4800
LG화학,3,105.1099,0.0109,0.1454,105.1099
LG화학,75,97.9357,0.0115,0.1354,97.9357
LG화학,34,94.2561,0.0173,0.1303,94.2561
LG화학,91,92.6496,0.0198,0.1281,92.6496
LG화학,16,89.0759,0.0181,0.1232,89.0759
LG화학,96,85.7930,0.0111,0.1186,85.7930
LG화학,42,85.3951,0.0126,0.1181,85.3951
LG화학,33,85.1762,0.0155,0.1178,85.1762
LG화학,28,74.6643,0.0164,0.1032,74.6643
LG화학,27,71.2201,0.0163,0.0985,71.2201
LG화학,65,70.8589,0.0172,0.0980,70.8589
LG화학,67,70.1565,0.0131,0.0970,70.1565
LG화학,93,69.7421,0.0182,0.0964,69.7421
LG화학,15,68.6656,0.0155,0.0950,68.6656
LG화학,48,68.6656,0.0197,0.0950,68.6656
LG화학,64,68.1402,0.0096,0.0942,68.1402
LG화학,13,67.5163,0.0122,0.0934,67.5163
LG화학,79,60.1664,0.0178,0.0832,60.1664
LG화학,63,60.0969,0.0171,0.0831,60.0969
LG화학,20,59.7098,0.0129,0.0826,59.7098
LG화학,21,59.5267,0.0124,0.0823,59.5267
LG화학,41,59.1693,0.0150,0.0818,59.1693
LG화학,89,51.7113,0.0222,0.0715,51.7113
LG화학,24,51.2565,0.0174,0.0709,51.2565
LG화학,1,47.9278,0.0119,0.0663,47.9278
LG화학,8,47.4925,0.0153,0.0657,47.4925
LG화학,37,45.5903,0.0075,0.0630,45.5903
LG화학,57,45.2582,0.0201,0.0626,45.2582
LG화학,94,43.7743,0.0069,0.0605,43.7743
LG화학,60,42.8965,0.0064,0.0593,42.8965
LG화학,70,41.7249,0.0075,0.0577,41.7249
LG화학,98,41.0313,0.0082,0.0567,41.0313
LG화학,66,39.6845,0.0099,0.0549,39.6845
LG화학,35,38.3004,0.0213,0.0530,38.3004
LG화학,38,37.3740,0.0281,0.0517,37.3740
LG화학,61,37.2321,0.0132,0.0515,37.2321
LG화학,82,36.2448,0.0098,0.0501,36.2448
LG화학,31,34.7950,0.0094,0.0481,34.7950
LG화학,72,34.1927,0.0109,0.0473,34.1927
LG화학,6,33.8116,0.0072,0.0468,33.8116
LG화학,23,33.8116,0.0085,0.0468,33.8116
LG화학,45,33.6023,0.0137,0.0465,33.6023
LG화학,4,32.9034,0.0086,0.0455,32.9034
LG화학,58,32.6731,0.0106,0.0452,32.6731
LG화학,68,30.9189,0.0129,0.0428,30.9189
LG화학,97,29.1644,0.0098,0.0403,29.1644
LG화학,85,27.6799,0.0249,0.0383,27.6799
LG화학,56,27.6688,0.0055,0.0383,27.6688
LG화학,90,27.0300,0.0090,0.0374,27.0300
LG화학,51,24.9661,0.0102,0.0345,24.9661
LG화학,7,23.9298,0.0066,0.0331,23.9298
LG화학,80,23.7533,0.0169,0.0328,23.7533
LG화학,78,22.1249,0.0061,0.0306,22.1249
LG화학,19,21.8027,0.0053,0.0301,21.8027
LG화학,86,21.0241,0.0059,0.0291,21.0241
LG화학,55,20.6822,0.0091,0.0286,20.6822
LG화학,49,20.4143,0.0088,0.0282,20.4143
LG화학,12,19.1642,0.0051,0.0265,19.1642
LG화학,71,18.3217,0.0290,0.0253,18.3217
LG화학,25,18.2109,0.0033,0.0252,18.2109
LG화학,39,16.7687,0.0060,0.0232,16.7687
LG화학,87,16.5830,0.0051,0.0229,16.5830
LG화학,76,15.8038,0.0338,0.0219,15.8038
LG화학,30,14.6220,0.0038,0.0202,14.6220
LG화학,62,12.2916,0.0045,0.0170,12.2916
LG화학,44,12.2561,0.0099,0.0169,12.2561
LG화학,2,11.8892,0.0050,0.0164,11.8892
LG화학,77,11.6803,0.0081,0.0162,11.6803
LG화학,69,11.5735,0.0161,0.0160,11.5735
LG화학,53,10.6527,0.0059,0.0147,10.6527
LG화학,5,8.1944,0.0042,0.0113,8.1944
LG화학,54,7.6430,0.0081,0.0106,7.6430
LG화학,40,7.4038,0.0030,0.0102,7.4038
LG화학,52,7.3750,0.0208,0.0102,7.3750
LG화학,11,7.1265,0.0076,0.0099,7.1265
LG화학,47,6.2813,0.0028,0.0087,6.2813
LG화학,22,6.1698,0.0080,0.0085,6.1698
LG화학,59,5.1900,0.0038,0.0072,5.1900
LG화학,32,5.0954,0.0043,0.0070,5.0954
LG화학,50,3.6292,0.0053,0.0050,3.6292
LG화학,29,3.5256,0.0016,0.0049,3.5256
LG화학,17,2.8929,0.0024,0.0040,2.8929
LG화학,14,2.6194,0.0010,0.0036,2.6194
LG화학,100,1.9286,0.0058,0.0027,1.9286
LG화학,88,0.9643,0.0034,0.0013,0.9643
MOTIE,50,3.6292,0.0053,0.8031,3.6292
MOTIE,88,0.9643,0.0034,0.2134,0.9643
MOTIE,52,0.8194,0.0023,0.1813,0.8194
MOTIE,24,0.7538,0.0003,0.1668,0.7538
MOTIE,31,0.7249,0.0002,0.1604,0.7249
MOTIE,82,0.7249,0.0002,0.1604,0.7249
MOTIE,6,0.7194,0.0002,0.1592,0.7194
MOTIE,20,0.7194,0.0002,0.1592,0.7194
MOTIE,70,0.7194,0.0001,0.1592,0.7194
MOTIE,21,0.7087,0.0001,0.1568,0.7087
MOTIE,66,0.7087,0.0002,0.1568,0.7087
MOTIE,67,0.7087,0.0001,0.1568,0.7087
MOTIE,83,0.6982,0.0001,0.1545,0.6982
MOTIE,0,0.6931,0.0000,0.1534,0.6931
MWC,0,12.4766,0.0007,0.3544,12.4766
MWC,70,7.1940,0.0013,0.2043,7.1940
MWC,25,7.1260,0.0013,0.2024,7.1260
MWC,26,7.0340,0.0008,0.1998,7.0340
MWC,74,6.5241,0.0006,0.1853,6.5241
MWC,30,6.4987,0.0017,0.1846,6.4987
MWC,12,6.3881,0.0017,0.1815,6.3881
MWC,21,6.3779,0.0013,0.1812,6.3779
MWC,10,6.2841,0.0006,0.1785,6.2841
MWC,47,6.2813,0.0028,0.1784,6.2813
MWC,14,6.1118,0.0023,0.1736,6.1118
MWC,84,5.7552,0.0005,0.1635,5.7552
MWC,86,5.4507,0.0015,0.1548,5.4507
MWC,60,5.3621,0.0008,0.1523,5.3621
MWC,36,5.1532,0.0006,0.1464,5.1532
MWC,3,5.0743,0.0005,0.1441,5.0743
MWC,20,5.0358,0.0011,0.1430,5.0358
MWC,92,4.9979,0.0006,0.1420,4.9979
MWC,83,4.8877,0.0006,0.1388,4.8877
MWC,56,4.4868,0.0009,0.1275,4.4868
MWC,75,4.4516,0.0005,0.1265,4.4516
MWC,67,4.2519,0.0008,0.1208,4.2519
MWC,2,4.2461,0.0018,0.1206,4.2461
MWC,34,4.2204,0.0008,0.1199,4.2204
MWC,62,4.0972,0.0015,0.1164,4.0972
MWC,78,4.0972,0.0011,0.1164,4.0972
MWC,65,3.8933,0.0009,0.1106,3.8933
MWC,93,3.7097,0.0010,0.1054,3.7097
MWC,42,3.6808,0.0005,0.1046,3.6808
MWC,41,3.6524,0.0009,0.1037,3.6524
MWC,27,3.5970,0.0008,0.1022,3.5970
MWC,29,3.5256,0.0016,0.1001,3.5256
MWC,49,3.1407,0.0014,0.0892,3.1407
MWC,19,3.1147,0.0008,0.0885,3.1147
MWC,96,3.0640,0.0004,0.0870,3.0640
MWC,11,3.0542,0.0033,0.0868,3.0542
MWC,37,3.0394,0.0005,0.0863,3.0394
MWC,58,3.0394,0.0010,0.0863,3.0394
MWC,24,3.0151,0.0010,0.0856,3.0151
MWC,33,3.0151,0.0005,0.0856,3.0151
MWC,13,2.9677,0.0005,0.0843,2.9677
MWC,94,2.9677,0.0005,0.0843,2.9677
MWC,31,2.8996,0.0008,0.0824,2.8996
MWC,23,2.8776,0.0007,0.0817,2.8776
MWC,66,2.8346,0.0007,0.0805,2.8346
MWC,9,2.8136,0.0004,0.0799,2.8136
MWC,91,2.3555,0.0005,0.0669,2.3555
MWC,98,2.2795,0.0005,0.0648,2.2795
MWC,4,2.2434,0.0006,0.0637,2.2434
MWC,63,2.2258,0.0006,0.0632,2.2258
MWC,18,2.2085,0.0004,0.0627,2.2085
MWC,68,2.2085,0.0009,0.0627,2.2085
MWC,64,2.1747,0.0003,0.0618,2.1747
MWC,79,2.1747,0.0006,0.0618,2.1747
MWC,82,2.1747,0.0006,0.0618,2.1747
MWC,6,2.1582,0.0005,0.0613,2.1582
MWC,40,1.8510,0.0008,0.0526,1.8510
MWC,77,1.7970,0.0013,0.0510,1.7970
MWC,59,1.7300,0.0013,0.0491,1.7300
MWC,32,1.6985,0.0014,0.0482,1.6985
MWC,51,1.6107,0.0007,0.0458,1.6107
MWC,80,1.5836,0.0011,0.0450,1.5836
MWC,46,1.5446,0.0004,0.0439,1.5446
MWC,90,1.5446,0.0005,0.0439,1.5446
MWC,61,1.5197,0.0005,0.0432,1.5197
MWC,72,1.5197,0.0005,0.0432,1.5197
MWC,7,1.4956,0.0004,0.0425,1.4956
MWC,95,1.4956,0.0003,0.0425,1.4956
MWC,57,1.4839,0.0007,0.0422,1.4839
MWC,15,1.4610,0.0003,0.0415,1.4610
MWC,45,1.4610,0.0006,0.0415,1.4610
MWC,28,1.4498,0.0003,0.0412,1.4498
MWC,38,0.8899,0.0007,0.0253,0.8899
MWC,81,0.8650,0.0005,0.0246,0.8650
MWC,54,0.8492,0.0009,0.0241,0.8492
MWC,5,0.8194,0.0004,0.0233,0.8194
MWC,53,0.8194,0.0005,0.0233,0.8194
MWC,1,0.8123,0.0002,0.0231,0.8123
MWC,39,0.7985,0.0003,0.0227,0.7985
MWC,8,0.7660,0.0002,0.0218,0.7660
MWC,44,0.7660,0.0006,0.0218,0.7660
MWC,87,0.7538,0.0002,0.0214,0.7538
MWC,97,0.7478,0.0003,0.0212,0.7478
MWC,16,0.7362,0.0001,0.0209,0.7362
Merck,50,9.0730,0.0132,0.5229,9.0730
Merck,42,5.8893,0.0009,0.3394,5.8893
Merck,0,4.8520,0.0003,0.2796,4.8520
Merck,88,3.8572,0.0135,0.2223,3.8572
Merck,74,3.6245,0.0003,0.2089,3.6245
Merck,84,3.5970,0.0003,0.2073,3.5970
Merck,36,2.9447,0.0004,0.1697,2.9447
Merck,64,2.8996,0.0004,0.1671,2.8996
Merck,100,2.8929,0.0086,0.1667,2.8929
Merck,26,2.8136,0.0003,0.1621,2.8136
Merck,10,2.7929,0.0002,0.1610,2.7929
Merck,19,2.3360,0.0006,0.1346,2.3360
Merck,60,2.2980,0.0003,0.1324,2.2980
Merck,96,2.2980,0.0003,0.1324,2.2980
Merck,37,2.2795,0.0004,0.1314,2.2795
Merck,98,2.2795,0.0005,0.1314,2.2795
Merck,33,2.2613,0.0004,0.1303,2.2613
Merck,87,2.2613,0.0007,0.1303,2.2613
Merck,7,2.2434,0.0006,0.1293,2.2434
Merck,13,2.2258,0.0004,0.1283,2.2258
Merck,75,2.2258,0.0003,0.1283,2.2258
Merck,94,2.2258,0.0004,0.1283,2.2258
Merck,34,2.1102,0.0004,0.1216,2.1102
Merck,97,1.4956,0.0005,0.0862,1.4956
Merck,92,1.4280,0.0002,0.0823,1.4280
Merck,83,1.3965,0.0002,0.0805,1.3965
Merck,77,0.8985,0.0006,0.0518,0.8985
Merck,38,0.8899,0.0007,0.0513,0.8899
Merck,85,0.8650,0.0008,0.0498,0.8650
Merck,52,0.8194,0.0023,0.0472,0.8194
Merck,73,0.7985,0.0003,0.0460,0.7985
Merck,35,0.7660,0.0004,0.0441,0.7660
Merck,44,0.7660,0.0006,0.0441,0.7660
Merck,55,0.7660,0.0003,0.0441,0.7660
Merck,61,0.7598,0.0003,0.0438,0.7598
Merck,68,0.7362,0.0003,0.0424,0.7362
Merck,15,0.7305,0.0002,0.0421,0.7305
Merck,41,0.7305,0.0002,0.0421,0.7305
Merck,45,0.7305,0.0003,0.0421,0.7305
Merck,3,0.7249,0.0001,0.0418,0.7249
Merck,28,0.7249,0.0002,0.0418,0.7249
Merck,79,0.7249,0.0002,0.0418,0.7249
Merck,23,0.7194,0.0002,0.0415,0.7194
Merck,27,0.7194,0.0002,0.0415,0.7194
Merck,9,0.7034,0.0001,0.0405,0.7034
Metaverse,14,0.8731,0.0003,0.6340,0.8731
Metaverse,47,0.7852,0.0003,0.5702,0.7852
Metaverse,70,0.7194,0.0001,0.5224,0.7194
POSTECH,38,1.7797,0.0013,0.3572,1.7797
POSTECH,32,1.6985,0.0014,0.3409,1.6985
POSTECH,8,1.5320,0.0005,0.3075,1.5320
POSTECH,41,1.4610,0.0004,0.2932,1.4610
POSTECH,83,1.3965,0.0002,0.2803,1.3965
POSTECH,62,0.8194,0.0003,0.1645,0.8194
POSTECH,51,0.8054,0.0003,0.1616,0.8054
POSTECH,90,0.7723,0.0003,0.1550,0.7723
POSTECH,44,0.7660,0.0006,0.1537,0.7660
POSTECH,72,0.7598,0.0002,0.1525,0.7598
POSTECH,16,0.7362,0.0001,0.1478,0.7362
POSTECH,68,0.7362,0.0003,0.1478,0.7362
POSTECH,45,0.7305,0.0003,0.1466,0.7305
POSTECH,31,0.7249,0.0002,0.1455,0.7249
POSTECH,79,0.7249,0.0002,0.1455,0.7249
POSTECH,82,0.7249,0.0002,0.1455,0.7249
POSTECH,6,0.7194,0.0002,0.1444,0.7194
POSTECH,20,0.7194,0.0002,0.1444,0.7194
POSTECH,23,0.7194,0.0002,0.1444,0.7194
POSTECH,27,0.7194,0.0002,0.1444,0.7194
POSTECH,70,0.7194,0.0001,0.1444,0.7194
POSTECH,92,0.7140,0.0001,0.1433,0.7140
POSTECH,21,0.7087,0.0001,0.1422,0.7087
POSTECH,66,0.7087,0.0002,0.1422,0.7087
POSTECH,67,0.7087,0.0001,0.1422,0.7087
POSTECH,9,0.7034,0.0001,0.1412,0.7034
POSTECH,10,0.6982,0.0001,0.1401,0.6982
POSTECH,0,0.6931,0.0000,0.1391,0.6931
SEMI,83,3.4912,0.0005,0.4427,3.4912
SEMI,92,2.8559,0.0003,0.3621,2.8559
SEMI,74,2.1747,0.0002,0.2757,2.1747
SEMI,27,2.1582,0.0005,0.2736,2.1582
SEMI,10,2.0947,0.0002,0.2656,2.0947
SEMI,0,2.0794,0.0001,0.2637,2.0794
SEMI,18,1.4723,0.0002,0.1867,1.4723
SEMI,84,1.4388,0.0001,0.1824,1.4388
SEMI,9,1.4068,0.0002,0.1784,1.4068
SEMI,26,1.4068,0.0002,0.1784,1.4068
SEMI,81,0.8650,0.0005,0.1097,0.8650
SEMI,85,0.8650,0.0008,0.1097,0.8650
SEMI,80,0.7918,0.0006,0.1004,0.7918
SEMI,91,0.7852,0.0002,0.0996,0.7852
SEMI,46,0.7723,0.0002,0.0979,0.7723
SEMI,55,0.7660,0.0003,0.0971,0.7660
SEMI,58,0.7598,0.0002,0.0963,0.7598
SEMI,95,0.7478,0.0002,0.0948,0.7478
SEMI,57,0.7419,0.0003,0.0941,0.7419
SEMI,63,0.7419,0.0002,0.0941,0.7419
SEMI,93,0.7419,0.0002,0.0941,0.7419
SEMI,16,0.7362,0.0001,0.0933,0.7362
SEMI,15,0.7305,0.0002,0.0926,0.7305
SEMI,45,0.7305,0.0003,0.0926,0.7305
SEMI,48,0.7305,0.0002,0.0926,0.7305
SEMI,3,0.7249,0.0001,0.0919,0.7249
SEMI,28,0.7249,0.0002,0.0919,0.7249
SEMI,31,0.7249,0.0002,0.0919,0.7249
SEMI,64,0.7249,0.0001,0.0919,0.7249
SEMI,79,0.7249,0.0002,0.0919,0.7249
SEMI,82,0.7249,0.0002,0.0919,0.7249
SEMI,6,0.7194,0.0002,0.0912,0.7194
SEMI,20,0.7194,0.0002,0.0912,0.7194
SEMI,70,0.7194,0.0001,0.0912,0.7194
SEMI,21,0.7087,0.0001,0.0899,0.7087
SEMI,66,0.7087,0.0002,0.0899,0.7087
SEMI,67,0.7087,0.0001,0.0899,0.7087
SEMI,34,0.7034,0.0001,0.0892,0.7034
SFA,15,4.3829,0.0010,0.5697,4.3829
SFA,26,2.8136,0.0003,0.3657,2.8136
SFA,10,2.7929,0.0002,0.3630,2.7929
SFA,28,2.1747,0.0005,0.2827,2.1747
SFA,58,1.5197,0.0005,0.1975,1.5197
SFA,64,1.4498,0.0002,0.1884,1.4498
SFA,79,1.4498,0.0004,0.1884,1.4498
SFA,9,1.4068,0.0002,0.1829,1.4068
SFA,34,1.4068,0.0003,0.1829,1.4068
SFA,0,1.3863,0.0001,0.1802,1.3863
SFA,69,0.8267,0.0012,0.1075,0.8267
SFA,44,0.7660,0.0006,0.0996,0.7660
SFA,95,0.7478,0.0002,0.0972,0.7478
SFA,97,0.7478,0.0003,0.0972,0.7478
SFA,94,0.7419,0.0001,0.0964,0.7419
SFA,16,0.7362,0.0001,0.0957,0.7362
SFA,18,0.7362,0.0001,0.0957,0.7362
SFA,36,0.7362,0.0001,0.0957,0.7362
SFA,48,0.7305,0.0002,0.0949,0.7305
SFA,74,0.7249,0.0001,0.0942,0.7249
SFA,84,0.7194,0.0001,0.0935,0.7194
SFA,92,0.7140,0.0001,0.0928,0.7140
SFA,83,0.6982,0.0001,0.0908,0.6982
SID,23,212.2216,0.0532,0.4649,212.2216
SID,51,204.5612,0.0832,0.4481,204.5612
SID,96,132.5195,0.0171,0.2903,132.5195
SID,75,129.8390,0.0153,0.2844,129.8390
SID,0,112.2898,0.0065,0.2460,112.2898
SID,10,97.7531,0.0087,0.2142,97.7531
SID,36,89.0759,0.0112,0.1951,89.0759
SID,74,77.5639,0.0068,0.1699,77.5639
SID,84,76.9753,0.0068,0.1686,76.9753
SID,26,72.4506,0.0079,0.1587,72.4506
SID,33,70.1008,0.0127,0.1536,70.1008
SID,64,67.4153,0.0095,0.1477,67.4153
SID,97,59.8244,0.0202,0.1311,59.8244
SID,92,47.1228,0.0052,0.1032,47.1228
SID,15,42.3681,0.0096,0.0928,42.3681
SID,60,41.3645,0.0061,0.0906,41.3645
SID,37,40.2714,0.0066,0.0882,40.2714
SID,65,39.7121,0.0096,0.0870,39.7121
SID,87,39.1961,0.0120,0.0859,39.1961
SID,98,38.7518,0.0077,0.0849,38.7518
SID,28,38.4195,0.0085,0.0842,38.4195
SID,34,37.9838,0.0070,0.0832,37.9838
SID,32,37.3660,0.0316,0.0819,37.3660
SID,94,37.0969,0.0058,0.0813,37.0969
SID,13,36.3549,0.0066,0.0796,36.3549
SID,85,34.5999,0.0311,0.0758,34.5999
SID,42,34.5997,0.0051,0.0758,34.5997
SID,19,33.4828,0.0081,0.0734,33.4828
SID,7,29.9122,0.0083,0.0655,29.9122
SID,100,25.0718,0.0749,0.0549,25.0718
SID,39,23.9552,0.0086,0.0525,23.9552
SID,91,21.9847,0.0047,0.0482,21.9847
SID,3,18.1224,0.0019,0.0397,18.1224
SID,27,10.7909,0.0025,0.0236,10.7909
SID,83,10.4735,0.0014,0.0229,10.4735
SID,25,8.7096,0.0016,0.0191,8.7096
SID,79,7.9739,0.0024,0.0175,7.9739
SID,61,7.5984,0.0027,0.0166,7.5984
SID,24,7.5377,0.0026,0.0165,7.5377
SID,56,7.4781,0.0015,0.0164,7.4781
SID,18,7.3616,0.0012,0.0161,7.3616
SID,41,7.3048,0.0018,0.0160,7.3048
SID,49,7.0665,0.0031,0.0155,7.0665
SID,86,7.0080,0.0020,0.0154,7.0080
SID,58,6.8385,0.0022,0.0150,6.8385
SID,72,6.8385,0.0022,0.0150,6.8385
SID,57,6.6774,0.0030,0.0146,6.6774
SID,78,6.5555,0.0018,0.0144,6.5555
SID,12,6.3881,0.0017,0.0140,6.3881
SID,90,6.1783,0.0021,0.0135,6.1783
SID,63,5.9355,0.0017,0.0130,5.9355
SID,93,5.1936,0.0014,0.0114,5.1936
SID,16,5.1532,0.0010,0.0113,5.1532
SID,6,5.0358,0.0011,0.0110,5.0358
SID,30,4.8740,0.0013,0.0107,4.8740
SID,70,4.3164,0.0008,0.0095,4.3164
SID,47,3.9258,0.0017,0.0086,3.9258
SID,17,3.8572,0.0032,0.0085,3.8572
SID,67,3.5433,0.0007,0.0078,3.5433
SID,9,3.5170,0.0005,0.0077,3.5170
SID,5,3.2778,0.0017,0.0072,3.2778
SID,1,3.2493,0.0008,0.0071,3.2493
SID,46,3.0891,0.0008,0.0068,3.0891
SID,44,3.0640,0.0025,0.0067,3.0640
SID,40,2.7764,0.0011,0.0061,2.7764
SID,29,2.6442,0.0012,0.0058,2.6442
SID,14,2.6194,0.0010,0.0057,2.6194
SID,55,2.2980,0.0010,0.0050,2.2980
SID,48,2.1915,0.0006,0.0048,2.1915
SID,21,2.1260,0.0004,0.0047,2.1260
SID,76,2.1072,0.0045,0.0046,2.1072
SID,50,1.8146,0.0026,0.0040,1.8146
SID,54,1.6985,0.0018,0.0037,1.6985
SID,62,1.6389,0.0006,0.0036,1.6389
SID,73,1.5970,0.0006,0.0035,1.5970
SID,35,1.5320,0.0009,0.0034,1.5320
SID,95,1.4956,0.0003,0.0033,1.4956
SID,68,1.4723,0.0006,0.0032,1.4723
SID,20,1.4388,0.0003,0.0032,1.4388
SID,66,1.4173,0.0004,0.0031,1.4173
SID,88,0.9643,0.0034,0.0021,0.9643
SID,77,0.8985,0.0006,0.0020,0.8985
SID,38,0.8899,0.0007,0.0019,0.8899
SID,22,0.8814,0.0011,0.0019,0.8814
SID,81,0.8650,0.0005,0.0019,0.8650
SID,2,0.8492,0.0004,0.0019,0.8492
SID,89,0.8341,0.0004,0.0018,0.8341
SID,69,0.8267,0.0012,0.0018,0.8267
SID,52,0.8194,0.0023,0.0018,0.8194
SID,53,0.8194,0.0005,0.0018,0.8194
SID,80,0.7918,0.0006,0.0017,0.7918
SID,8,0.7660,0.0002,0.0017,0.7660
SID,4,0.7478,0.0002,0.0016,0.7478
SID,45,0.7305,0.0003,0.0016,0.7305
SID,31,0.7249,0.0002,0.0016,0.7249
SID,82,0.7249,0.0002,0.0016,0.7249
SK하이닉스,10,455.2500,0.0403,0.3215,455.2500
SK하이닉스,18,440.9626,0.0747,0.3114,440.9626
SK하이닉스,9,376.3210,0.0518,0.2658,376.3210
SK하이닉스,26,360.1427,0.0392,0.2543,360.1427
SK하이닉스,0,353.5051,0.0204,0.2496,353.5051
SK하이닉스,83,348.4199,0.0458,0.2460,348.4199
SK하이닉스,16,336.4272,0.0685,0.2376,336.4272
SK하이닉스,95,282.6705,0.0597,0.1996,282.6705
SK하이닉스,92,267.0290,0.0297,0.1886,267.0290
SK하이닉스,34,232.8266,0.0428,0.1644,232.8266
SK하이닉스,84,217.9768,0.0193,0.1539,217.9768
SK하이닉스,36,207.5984,0.0260,0.1466,207.5984
SK하이닉스,46,206.2000,0.0552,0.1456,206.2000
SK하이닉스,74,197.1717,0.0174,0.1392,197.1717
SK하이닉스,48,185.5432,0.0531,0.1310,185.5432
SK하이닉스,75,180.2908,0.0212,0.1273,180.2908
SK하이닉스,63,160.2585,0.0456,0.1132,160.2585
SK하이닉스,27,155.3894,0.0355,0.1097,155.3894
SK하이닉스,64,152.2281,0.0215,0.1075,152.2281
SK하이닉스,73,149.3209,0.0547,0.1054,149.3209
SK하이닉스,28,147.1539,0.0324,0.1039,147.1539
SK하이닉스,15,146.0970,0.0330,0.1032,146.0970
SK하이닉스,42,133.2458,0.0197,0.0941,133.2458
SK하이닉스,65,131.5951,0.0319,0.0929,131.5951
SK하이닉스,70,130.9300,0.0234,0.0925,130.9300
SK하이닉스,67,128.2659,0.0240,0.0906,128.2659
SK하이닉스,21,127.5572,0.0266,0.0901,127.5572
SK하이닉스,79,123.9572,0.0367,0.0875,123.9572
SK하이닉스,13,120.9358,0.0219,0.0854,120.9358
SK하이닉스,82,120.3327,0.0325,0.0850,120.3327
SK하이닉스,91,119.3452,0.0256,0.0843,119.3452
SK하이닉스,3,116.7082,0.0122,0.0824,116.7082
SK하이닉스,66,111.9669,0.0280,0.0791,111.9669
SK하이닉스,20,109.3481,0.0236,0.0772,109.3481
SK하이닉스,93,104.6132,0.0273,0.0739,104.6132
SK하이닉스,37,100.2987,0.0165,0.0708,100.2987
SK하이닉스,41,100.0764,0.0253,0.0707,100.0764
SK하이닉스,33,99.4979,0.0181,0.0703,99.4979
SK하이닉스,6,99.2766,0.0211,0.0701,99.2766
SK하이닉스,31,95.6863,0.0259,0.0676,95.6863
SK하이닉스,4,90.4845,0.0238,0.0639,90.4845
SK하이닉스,98,88.1413,0.0175,0.0622,88.1413
SK하이닉스,94,86.8067,0.0137,0.0613,86.8067
SK하이닉스,57,85.3228,0.0378,0.0603,85.3228
SK하이닉스,60,85.0269,0.0126,0.0600,85.0269
SK하이닉스,58,83.5822,0.0272,0.0590,83.5822
SK하이닉스,96,83.4949,0.0108,0.0590,83.4949
SK하이닉스,23,80.5723,0.0202,0.0569,80.5723
SK하이닉스,45,75.2399,0.0307,0.0531,75.2399
SK하이닉스,56,72.5371,0.0143,0.0512,72.5371
SK하이닉스,89,70.8945,0.0304,0.0501,70.8945
SK하이닉스,8,68.9408,0.0222,0.0487,68.9408
SK하이닉스,85,67.4698,0.0607,0.0476,67.4698
SK하이닉스,24,67.0857,0.0228,0.0474,67.0857
SK하이닉스,80,64.9258,0.0463,0.0458,64.9258
SK하이닉스,12,63.8806,0.0171,0.0451,63.8806
SK하이닉스,25,59.3833,0.0108,0.0419,59.3833
SK하이닉스,97,58.3288,0.0197,0.0412,58.3288
SK하이닉스,86,56.0642,0.0156,0.0396,56.0642
SK하이닉스,49,53.3913,0.0231,0.0377,53.3913
SK하이닉스,1,51.9895,0.0129,0.0367,51.9895
SK하이닉스,81,51.0348,0.0313,0.0360,51.0348
SK하이닉스,30,49.5525,0.0130,0.0350,49.5525
SK하이닉스,72,48.6297,0.0156,0.0343,48.6297
SK하이닉스,62,47.5276,0.0176,0.0336,47.5276
SK하이닉스,78,45.8887,0.0127,0.0324,45.8887
SK하이닉스,68,44.1699,0.0185,0.0312,44.1699
SK하이닉스,55,41.3645,0.0181,0.0292,41.3645
SK하이닉스,61,41.0313,0.0146,0.0290,41.0313
SK하이닉스,87,39.9499,0.0122,0.0282,39.9499
SK하이닉스,35,39.8324,0.0222,0.0281,39.8324
SK하이닉스,5,39.3332,0.0202,0.0278,39.3332
SK하이닉스,90,37.8419,0.0126,0.0267,37.8419
SK하이닉스,39,35.9328,0.0129,0.0254,35.9328
SK하이닉스,51,35.4358,0.0144,0.0250,35.4358
SK하이닉스,19,33.4828,0.0081,0.0236,33.4828
SK하이닉스,38,32.0349,0.0241,0.0226,32.0349
SK하이닉스,59,32.0049,0.0233,0.0226,32.0049
SK하이닉스,2,31.4214,0.0133,0.0222,31.4214
SK하이닉스,53,28.6804,0.0158,0.0203,28.6804
SK하이닉스,7,28.4166,0.0079,0.0201,28.4166
SK하이닉스,22,25.5607,0.0332,0.0181,25.5607
SK하이닉스,14,25.3204,0.0096,0.0179,25.3204
SK하이닉스,44,24.5123,0.0198,0.0173,24.5123
SK하이닉스,76,22.1254,0.0473,0.0156,22.1254
SK하이닉스,47,21.9847,0.0097,0.0155,21.9847
SK하이닉스,29,21.1537,0.0099,0.0149,21.1537
SK하이닉스,32,16.1353,0.0137,0.0114,16.1353
SK하이닉스,77,15.2743,0.0106,0.0108,15.2743
SK하이닉스,69,14.0535,0.0196,0.0099,14.0535
SK하이닉스,71,12.5359,0.0198,0.0089,12.5359
SK하이닉스,40,12.0312,0.0049,0.0085,12.0312
SK하이닉스,52,9.0138,0.0255,0.0064,9.0138
SK하이닉스,11,7.1265,0.0076,0.0050,7.1265
SK하이닉스,54,5.9446,0.0063,0.0042,5.9446
SK하이닉스,100,5.7858,0.0173,0.0041,5.7858
SK하이닉스,43,5.4596,0.0117,0.0039,5.4596
SK하이닉스,50,2.7219,0.0040,0.0019,2.7219
SK하이닉스,99,2.2385,0.0051,0.0016,2.2385
SK하이닉스,88,1.9286,0.0067,0.0014,1.9286
SK하이닉스,17,0.9643,0.0008,0.0007,0.9643
Semiconductor,10,37.0065,0.0033,0.3370,37.0065
Semiconductor,26,35.8736,0.0039,0.3267,35.8736
Semiconductor,9,30.2464,0.0042,0.2755,30.2464
Semiconductor,0,29.1122,0.0017,0.2651,29.1122
Semiconductor,83,26.5330,0.0035,0.2417,26.5330
Semiconductor,92,22.1334,0.0025,0.2016,22.1334
Semiconductor,74,21.7469,0.0019,0.1981,21.7469
Semiconductor,84,21.5819,0.0019,0.1966,21.5819
Semiconductor,18,21.3488,0.0036,0.1944,21.3488
Semiconductor,34,19.6953,0.0036,0.1794,19.6953
Semiconductor,48,18.2621,0.0052,0.1663,18.2621
Semiconductor,28,18.1224,0.0040,0.1651,18.1224
Semiconductor,15,15.3402,0.0035,0.1397,15.3402
Semiconductor,3,15.2228,0.0016,0.1386,15.2228
Semiconductor,64,15.2228,0.0022,0.1386,15.2228
Semiconductor,27,13.6685,0.0031,0.1245,13.6685
Semiconductor,75,13.3549,0.0016,0.1216,13.3549
Semiconductor,36,13.2510,0.0017,0.1207,13.2510
Semiconductor,44,13.0221,0.0105,0.1186,13.0221
Semiconductor,79,12.3232,0.0037,0.1122,12.3232
Semiconductor,16,11.7786,0.0024,0.1073,11.7786
Semiconductor,20,11.5103,0.0025,0.1048,11.5103
Semiconductor,4,11.2171,0.0029,0.1022,11.2171
Semiconductor,95,11.2171,0.0024,0.1022,11.2171
Semiconductor,63,11.1291,0.0032,0.1014,11.1291
Semiconductor,42,11.0425,0.0016,0.1006,11.0425
Semiconductor,23,9.3521,0.0023,0.0852,9.3521
Semiconductor,41,8.7658,0.0022,0.0798,8.7658
Semiconductor,81,8.6500,0.0053,0.0788,8.6500
Semiconductor,61,8.3582,0.0030,0.0761,8.3582
Semiconductor,97,8.2259,0.0028,0.0749,8.2259
Semiconductor,93,8.1613,0.0021,0.0743,8.1613
Semiconductor,6,7.9133,0.0017,0.0721,7.9133
Semiconductor,66,7.7952,0.0020,0.0710,7.7952
Semiconductor,65,7.7867,0.0019,0.0709,7.7867
Semiconductor,8,7.6601,0.0025,0.0698,7.6601
Semiconductor,72,7.5984,0.0024,0.0692,7.5984
Semiconductor,33,7.5377,0.0014,0.0687,7.5377
Semiconductor,67,7.0865,0.0013,0.0645,7.0865
Semiconductor,46,6.9506,0.0019,0.0633,6.9506
Semiconductor,82,6.5241,0.0018,0.0594,6.5241
Semiconductor,70,6.4746,0.0012,0.0590,6.4746
Semiconductor,73,6.3881,0.0023,0.0582,6.3881
Semiconductor,58,6.0787,0.0020,0.0554,6.0787
Semiconductor,56,5.9824,0.0012,0.0545,5.9824
Semiconductor,31,5.7992,0.0016,0.0528,5.7992
Semiconductor,21,5.6692,0.0012,0.0516,5.6692
Semiconductor,37,5.3189,0.0009,0.0484,5.3189
Semiconductor,24,5.2764,0.0018,0.0481,5.2764
Semiconductor,13,5.1936,0.0009,0.0473,5.1936
Semiconductor,57,5.1936,0.0023,0.0473,5.1936
Semiconductor,94,5.1936,0.0008,0.0473,5.1936
Semiconductor,30,4.8740,0.0013,0.0444,4.8740
Semiconductor,25,4.7507,0.0009,0.0433,4.7507
Semiconductor,80,4.7507,0.0034,0.0433,4.7507
Semiconductor,60,4.5961,0.0007,0.0419,4.5961
Semiconductor,98,4.5590,0.0009,0.0415,4.5590
Semiconductor,22,4.4070,0.0057,0.0401,4.4070
Semiconductor,89,4.1703,0.0018,0.0380,4.1703
Semiconductor,52,4.0972,0.0116,0.0373,4.0972
Semiconductor,62,4.0972,0.0015,0.0373,4.0972
Semiconductor,12,3.9925,0.0011,0.0364,3.9925
Semiconductor,91,3.9258,0.0008,0.0358,3.9258
Semiconductor,71,3.8572,0.0061,0.0351,3.8572
Semiconductor,55,3.8300,0.0017,0.0349,3.8300
Semiconductor,68,3.6808,0.0015,0.0335,3.6808
Semiconductor,35,3.0640,0.0017,0.0279,3.0640
Semiconductor,96,3.0640,0.0004,0.0279,3.0640
Semiconductor,45,2.9219,0.0012,0.0266,2.9219
Semiconductor,88,2.8929,0.0101,0.0263,2.8929
Semiconductor,50,2.7219,0.0040,0.0248,2.7219
Semiconductor,38,2.6696,0.0020,0.0243,2.6696
Semiconductor,59,2.5950,0.0019,0.0236,2.5950
Semiconductor,2,2.5477,0.0011,0.0232,2.5477
Semiconductor,1,2.4370,0.0006,0.0222,2.4370
Semiconductor,51,2.4161,0.0010,0.0220,2.4161
Semiconductor,86,2.3360,0.0007,0.0213,2.3360
Semiconductor,90,2.3169,0.0008,0.0211,2.3169
Semiconductor,87,2.2613,0.0007,0.0206,2.2613
Semiconductor,69,1.6534,0.0023,0.0151,1.6534
Semiconductor,53,1.6389,0.0009,0.0149,1.6389
Semiconductor,78,1.6389,0.0005,0.0149,1.6389
Semiconductor,19,1.5573,0.0004,0.0142,1.5573
Semiconductor,7,1.4956,0.0004,0.0136,1.4956
Semiconductor,11,1.0181,0.0011,0.0093,1.0181
Semiconductor,17,0.9643,0.0008,0.0088,0.9643
Semiconductor,100,0.9643,0.0029,0.0088,0.9643
Semiconductor,77,0.8985,0.0006,0.0082,0.8985
Semiconductor,29,0.8814,0.0004,0.0080,0.8814
Semiconductor,14,0.8731,0.0003,0.0080,0.8731
Semiconductor,85,0.8650,0.0008,0.0079,0.8650
Semiconductor,32,0.8492,0.0007,0.0077,0.8492
Semiconductor,54,0.8492,0.0009,0.0077,0.8492
Semiconductor,5,0.8194,0.0004,0.0075,0.8194
Semiconductor,47,0.7852,0.0003,0.0072,0.7852
Semiconductor,49,0.7852,0.0003,0.0072,0.7852
TCL,3,532.0736,0.0554,0.3734,532.0736
TCL,0,506.6906,0.0292,0.3556,506.6906
TCL,84,464.0100,0.0412,0.3256,464.0100
TCL,74,458.1342,0.0404,0.3215,458.1342
TCL,91,319.5626,0.0684,0.2242,319.5626
TCL,96,268.8690,0.0347,0.1887,268.8690
TCL,1,259.9474,0.0646,0.1824,259.9474
TCL,87,257.7900,0.0787,0.1809,257.7900
TCL,92,245.6096,0.0273,0.1724,245.6096
TCL,67,231.0203,0.0431,0.1621,231.0203
TCL,10,197.6009,0.0175,0.1387,197.6009
TCL,64,196.4468,0.0278,0.1379,196.4468
TCL,75,195.8715,0.0231,0.1374,195.8715
TCL,94,181.0327,0.0285,0.1270,181.0327
TCL,36,179.6242,0.0225,0.1260,179.6242
TCL,42,179.6242,0.0265,0.1260,179.6242
TCL,26,176.5543,0.0192,0.1239,176.5543
TCL,37,162.6055,0.0267,0.1141,162.6055
TCL,6,152.5118,0.0324,0.1070,152.5118
TCL,93,149.8713,0.0391,0.1052,149.8713
TCL,21,149.5254,0.0312,0.1049,149.5254
TCL,60,149.3717,0.0221,0.1048,149.3717
TCL,98,117.7750,0.0234,0.0826,117.7750
TCL,34,116.0616,0.0213,0.0814,116.0616
TCL,55,114.9013,0.0503,0.0806,114.9013
TCL,50,112.5046,0.1636,0.0789,112.5046
TCL,83,111.0196,0.0146,0.0779,111.0196
TCL,33,107.7894,0.0196,0.0756,107.7894
TCL,9,100.5867,0.0139,0.0706,100.5867
TCL,58,93.4601,0.0304,0.0656,93.4601
TCL,4,90.4845,0.0238,0.0635,90.4845
TCL,7,88.9889,0.0247,0.0624,88.9889
TCL,13,86.0647,0.0156,0.0604,86.0647
TCL,27,84.1693,0.0192,0.0591,84.1693
TCL,20,83.4499,0.0180,0.0586,83.4499
TCL,46,82.6344,0.0221,0.0580,82.6344
TCL,70,79.1335,0.0141,0.0555,79.1335
TCL,23,78.4141,0.0196,0.0550,78.4141
TCL,31,78.2888,0.0212,0.0549,78.2888
TCL,24,77.6385,0.0264,0.0545,77.6385
TCL,19,77.0883,0.0188,0.0541,77.0883
TCL,65,76.3096,0.0185,0.0535,76.3096
TCL,28,75.3892,0.0166,0.0529,75.3892
TCL,18,75.0888,0.0127,0.0527,75.0888
TCL,61,74.4642,0.0264,0.0523,74.4642
TCL,66,73.6997,0.0185,0.0517,73.6997
TCL,15,73.0485,0.0165,0.0513,73.0485
TCL,95,68.7981,0.0145,0.0483,68.7981
TCL,39,65.4776,0.0235,0.0459,65.4776
TCL,97,64.3113,0.0217,0.0451,64.3113
TCL,89,62.5539,0.0268,0.0439,62.5539
TCL,35,58.9827,0.0329,0.0414,58.9827
TCL,16,57.4208,0.0117,0.0403,57.4208
TCL,56,56.8332,0.0112,0.0399,56.8332
TCL,63,56.3872,0.0160,0.0396,56.3872
TCL,82,55.0921,0.0149,0.0387,55.0921
TCL,45,54.0559,0.0221,0.0379,54.0559
TCL,79,53.6423,0.0159,0.0376,53.6423
TCL,8,53.6206,0.0173,0.0376,53.6206
TCL,59,51.8998,0.0377,0.0364,51.8998
TCL,12,51.1045,0.0137,0.0359,51.1045
TCL,68,47.8507,0.0200,0.0336,47.8507
TCL,41,47.4815,0.0120,0.0333,47.4815
TCL,86,45.9415,0.0128,0.0322,45.9415
TCL,25,43.5478,0.0079,0.0306,43.5478
TCL,62,43.4304,0.0161,0.0305,43.4304
TCL,78,43.4304,0.0121,0.0305,43.4304
TCL,40,41.6466,0.0169,0.0292,41.6466
TCL,51,40.2680,0.0164,0.0283,40.2680
TCL,49,38.4731,0.0167,0.0270,38.4731
TCL,73,33.5373,0.0123,0.0235,33.5373
TCL,57,32.6452,0.0145,0.0229,32.6452
TCL,90,32.4359,0.0108,0.0228,32.4359
TCL,48,29.9499,0.0086,0.0210,29.9499
TCL,2,29.7229,0.0125,0.0209,29.7229
TCL,54,28.0245,0.0298,0.0197,28.0245
TCL,17,27.0004,0.0223,0.0189,27.0004
TCL,14,26.1936,0.0099,0.0184,26.1936
TCL,80,26.1287,0.0186,0.0183,26.1287
TCL,77,26.0561,0.0181,0.0183,26.0561
TCL,30,25.9947,0.0068,0.0182,25.9947
TCL,72,25.8345,0.0083,0.0181,25.8345
TCL,47,25.1253,0.0111,0.0176,25.1253
TCL,5,21.3055,0.0109,0.0150,21.3055
TCL,85,20.7599,0.0187,0.0146,20.7599
TCL,29,18.5095,0.0086,0.0130,18.5095
TCL,11,18.3253,0.0196,0.0129,18.3253
TCL,81,17.2999,0.0106,0.0121,17.2999
TCL,44,16.8522,0.0136,0.0118,16.8522
TCL,32,15.2861,0.0129,0.0107,15.2861
TCL,53,13.9305,0.0077,0.0098,13.9305
TCL,69,12.4002,0.0173,0.0087,12.4002
TCL,22,7.0512,0.0092,0.0049,7.0512
TCL,100,6.7501,0.0202,0.0047,6.7501
TCL,76,6.3215,0.0135,0.0044,6.3215
TCL,99,5.5962,0.0126,0.0039,5.5962
TCL,38,5.3391,0.0040,0.0037,5.3391
TCL,88,4.8215,0.0168,0.0034,4.8215
TCL,43,2.1838,0.0047,0.0015,2.1838
TCL,71,1.9286,0.0030,0.0014,1.9286
TCL,52,1.6389,0.0046,0.0012,1.6389
TSMC,83,134.7596,0.0177,0.3664,134.7596
TSMC,0,101.8926,0.0059,0.2771,101.8926
TSMC,18,100.1184,0.0170,0.2722,100.1184
TSMC,10,99.8478,0.0088,0.2715,99.8478
TSMC,9,90.0357,0.0124,0.2448,90.0357
TSMC,26,85.1118,0.0093,0.2314,85.1118
TSMC,16,76.5611,0.0156,0.2082,76.5611
TSMC,92,70.6841,0.0079,0.1922,70.6841
TSMC,84,67.6232,0.0060,0.1839,67.6232
TSMC,95,59.8244,0.0126,0.1627,59.8244
TSMC,34,57.6791,0.0106,0.1568,57.6791
TSMC,74,54.3672,0.0048,0.1478,54.3672
TSMC,48,49.6730,0.0142,0.1351,49.6730
TSMC,27,48.9189,0.0112,0.1330,48.9189
TSMC,75,46.7421,0.0055,0.1271,46.7421
TSMC,70,43.8831,0.0078,0.1193,43.8831
TSMC,79,43.4938,0.0129,0.1183,43.4938
TSMC,36,43.4337,0.0054,0.1181,43.4337
TSMC,42,43.4337,0.0064,0.1181,43.4337
TSMC,82,42.0440,0.0113,0.1143,42.0440
TSMC,63,39.3227,0.0112,0.1069,39.3227
TSMC,20,38.8474,0.0084,0.1056,38.8474
TSMC,21,38.2672,0.0080,0.1041,38.2672
TSMC,64,36.2448,0.0051,0.0986,36.2448
TSMC,66,36.1412,0.0091,0.0983,36.1412
TSMC,67,35.4326,0.0066,0.0963,35.4326
TSMC,15,33.6023,0.0076,0.0914,33.6023
TSMC,6,32.3728,0.0069,0.0880,32.3728
TSMC,56,30.6600,0.0060,0.0834,30.6600
TSMC,31,30.4456,0.0082,0.0828,30.4456
TSMC,73,29.5448,0.0108,0.0803,29.5448
TSMC,25,29.2958,0.0053,0.0797,29.2958
TSMC,37,28.8739,0.0047,0.0785,28.8739
TSMC,57,27.4517,0.0122,0.0746,27.4517
TSMC,3,26.8211,0.0028,0.0729,26.8211
TSMC,13,26.7097,0.0048,0.0726,26.7097
TSMC,28,26.0963,0.0057,0.0710,26.0963
TSMC,65,24.9174,0.0060,0.0678,24.9174
TSMC,93,24.4839,0.0064,0.0666,24.4839
TSMC,8,23.7463,0.0077,0.0646,23.7463
TSMC,60,23.7463,0.0035,0.0646,23.7463
TSMC,30,23.5577,0.0062,0.0641,23.5577
TSMC,33,21.8594,0.0040,0.0594,21.8594
TSMC,81,21.6249,0.0132,0.0588,21.6249
TSMC,46,21.6240,0.0058,0.0588,21.6240
TSMC,41,20.4536,0.0052,0.0556,20.4536
TSMC,38,19.5769,0.0147,0.0532,19.5769
TSMC,23,19.4237,0.0049,0.0528,19.4237
TSMC,94,19.2904,0.0030,0.0525,19.2904
TSMC,12,19.1642,0.0051,0.0521,19.1642
TSMC,58,18.9960,0.0062,0.0517,18.9960
TSMC,98,18.9960,0.0038,0.0517,18.9960
TSMC,86,18.6881,0.0052,0.0508,18.6881
TSMC,24,18.0905,0.0061,0.0492,18.0905
TSMC,78,18.0277,0.0050,0.0490,18.0277
TSMC,45,16.8012,0.0069,0.0457,16.8012
TSMC,80,16.6273,0.0119,0.0452,16.6273
TSMC,4,15.7039,0.0041,0.0427,15.7039
TSMC,29,14.9839,0.0070,0.0407,14.9839
TSMC,62,14.7499,0.0055,0.0401,14.7499
TSMC,19,14.0160,0.0034,0.0381,14.0160
TSMC,61,13.6771,0.0049,0.0372,13.6771
TSMC,53,13.1111,0.0072,0.0357,13.1111
TSMC,96,13.0221,0.0017,0.0354,13.0221
TSMC,85,12.9750,0.0117,0.0353,12.9750
TSMC,89,12.5108,0.0054,0.0340,12.5108
TSMC,55,12.2561,0.0054,0.0333,12.2561
TSMC,91,11.7775,0.0025,0.0320,11.7775
TSMC,97,11.2171,0.0038,0.0305,11.2171
TSMC,68,11.0425,0.0046,0.0300,11.0425
TSMC,72,10.6377,0.0034,0.0289,10.6377
TSMC,90,10.0397,0.0033,0.0273,10.0397
TSMC,47,9.4220,0.0042,0.0256,9.4220
TSMC,40,9.2548,0.0038,0.0252,9.2548
TSMC,59,8.6500,0.0063,0.0235,8.6500
TSMC,87,8.2915,0.0025,0.0225,8.2915
TSMC,39,7.1866,0.0026,0.0195,7.1866
TSMC,14,6.9849,0.0026,0.0190,6.9849
TSMC,2,6.7938,0.0029,0.0185,6.7938
TSMC,7,6.7303,0.0019,0.0183,6.7303
TSMC,76,6.3215,0.0135,0.0172,6.3215
TSMC,49,6.2813,0.0027,0.0171,6.2813
TSMC,5,5.7361,0.0029,0.0156,5.7361
TSMC,35,5.3621,0.0030,0.0146,5.3621
TSMC,44,5.3621,0.0043,0.0146,5.3621
TSMC,52,4.9166,0.0139,0.0134,4.9166
TSMC,22,4.4070,0.0057,0.0120,4.4070
TSMC,69,4.1334,0.0058,0.0112,4.1334
TSMC,51,4.0268,0.0016,0.0109,4.0268
TSMC,11,3.0542,0.0033,0.0083,3.0542
TSMC,88,1.9286,0.0067,0.0052,1.9286
TSMC,77,1.7970,0.0013,0.0049,1.7970
TSMC,1,1.6247,0.0004,0.0044,1.6247
TSMC,99,1.1192,0.0025,0.0030,1.1192
TSMC,43,1.0919,0.0023,0.0030,1.0919
TSMC,71,0.9643,0.0015,0.0026,0.9643
TSMC,50,0.9073,0.0013,0.0025,0.9073
TSMC,32,0.8492,0.0007,0.0023,0.8492
Tianma,84,66.9038,0.0059,0.3642,66.9038
Tianma,74,64.5157,0.0057,0.3512,64.5157
Tianma,0,64.4627,0.0037,0.3509,64.4627
Tianma,96,40.5985,0.0052,0.2210,40.5985
Tianma,75,39.3227,0.0046,0.2140,39.3227
Tianma,42,39.0167,0.0058,0.2124,39.0167
Tianma,94,34.8711,0.0055,0.1898,34.8711
Tianma,64,34.0701,0.0048,0.1854,34.0701
Tianma,36,33.8636,0.0042,0.1843,33.8636
Tianma,37,33.4329,0.0055,0.1820,33.4329
Tianma,92,32.8431,0.0036,0.1788,32.8431
Tianma,3,32.6203,0.0034,0.1776,32.6203
Tianma,10,32.1189,0.0028,0.1748,32.1189
Tianma,26,30.9498,0.0034,0.1685,30.9498
Tianma,60,30.6403,0.0045,0.1668,30.6403
Tianma,98,28.1140,0.0056,0.1530,28.1140
Tianma,87,24.1207,0.0074,0.1313,24.1207
Tianma,13,23.0001,0.0042,0.1252,23.0001
Tianma,33,20.3518,0.0037,0.1108,20.3518
Tianma,19,19.4667,0.0047,0.1060,19.4667
Tianma,7,16.4517,0.0046,0.0895,16.4517
Tianma,50,15.4240,0.0224,0.0840,15.4240
Tianma,28,15.2228,0.0033,0.0829,15.2228
Tianma,97,14.2083,0.0048,0.0773,14.2083
Tianma,12,13.5746,0.0036,0.0739,13.5746
Tianma,57,13.3549,0.0059,0.0727,13.3549
Tianma,93,13.3549,0.0035,0.0727,13.3549
Tianma,15,13.1487,0.0030,0.0716,13.1487
Tianma,79,12.3232,0.0037,0.0671,12.3232
Tianma,27,12.2297,0.0028,0.0666,12.2297
Tianma,34,11.9579,0.0022,0.0651,11.9579
Tianma,58,11.3976,0.0037,0.0620,11.3976
Tianma,55,10.7241,0.0047,0.0584,10.7241
Tianma,66,9.9211,0.0025,0.0540,9.9211
Tianma,18,9.5701,0.0016,0.0521,9.5701
Tianma,35,9.1921,0.0051,0.0500,9.1921
Tianma,9,9.1442,0.0013,0.0498,9.1442
Tianma,83,9.0771,0.0012,0.0494,9.0771
Tianma,62,9.0138,0.0033,0.0491,9.0138
Tianma,95,8.9737,0.0019,0.0488,8.9737
Tianma,91,7.8517,0.0017,0.0427,7.8517
Tianma,63,7.4194,0.0021,0.0404,7.4194
Tianma,5,7.3750,0.0038,0.0401,7.3750
Tianma,16,7.3616,0.0015,0.0401,7.3616
Tianma,1,7.3110,0.0018,0.0398,7.3110
Tianma,6,7.1940,0.0015,0.0392,7.1940
Tianma,49,7.0665,0.0031,0.0385,7.0665
Tianma,61,6.8385,0.0024,0.0372,6.8385
Tianma,65,6.2294,0.0015,0.0339,6.2294
Tianma,8,6.1281,0.0020,0.0334,6.1281
Tianma,67,5.6692,0.0011,0.0309,5.6692
Tianma,25,5.5424,0.0010,0.0302,5.5424
Tianma,72,5.3189,0.0017,0.0290,5.3189
Tianma,70,5.0358,0.0009,0.0274,5.0358
Tianma,39,4.7910,0.0017,0.0261,4.7910
Tianma,73,4.7910,0.0018,0.0261,4.7910
Tianma,80,4.7507,0.0034,0.0259,4.7507
Tianma,48,4.3829,0.0013,0.0239,4.3829
Tianma,51,4.0268,0.0016,0.0219,4.0268
Tianma,4,3.7390,0.0010,0.0204,3.7390
Tianma,56,3.7390,0.0007,0.0204,3.7390
Tianma,20,3.5970,0.0008,0.0196,3.5970
Tianma,23,3.5970,0.0009,0.0196,3.5970
Tianma,30,3.2493,0.0009,0.0177,3.2493
Tianma,47,3.1407,0.0014,0.0171,3.1407
Tianma,46,3.0891,0.0008,0.0168,3.0891
Tianma,44,3.0640,0.0025,0.0167,3.0640
Tianma,68,2.9447,0.0012,0.0160,2.9447
Tianma,41,2.9219,0.0007,0.0159,2.9219
Tianma,2,2.5477,0.0011,0.0139,2.5477
Tianma,45,2.1915,0.0009,0.0119,2.1915
Tianma,31,2.1747,0.0006,0.0118,2.1747
Tianma,82,2.1747,0.0006,0.0118,2.1747
Tianma,21,2.1260,0.0004,0.0116,2.1260
Tianma,71,1.9286,0.0030,0.0105,1.9286
Tianma,29,1.7628,0.0008,0.0096,1.7628
Tianma,14,1.7462,0.0007,0.0095,1.7462
Tianma,59,1.7300,0.0013,0.0094,1.7300
Tianma,78,1.6389,0.0005,0.0089,1.6389
Tianma,90,1.5446,0.0005,0.0084,1.5446
Tianma,24,1.5075,0.0005,0.0082,1.5075
Tianma,43,1.0919,0.0023,0.0059,1.0919
Tianma,88,0.9643,0.0034,0.0052,0.9643
Tianma,77,0.8985,0.0006,0.0049,0.8985
Tianma,38,0.8899,0.0007,0.0048,0.8899
Tianma,81,0.8650,0.0005,0.0047,0.8650
Tianma,54,0.8492,0.0009,0.0046,0.8492
Tianma,69,0.8267,0.0012,0.0045,0.8267
Tianma,53,0.8194,0.0005,0.0045,0.8194
Tianma,86,0.7787,0.0002,0.0042,0.7787
Toray,84,9.3521,0.0008,0.2724,9.3521
Toray,26,9.1442,0.0010,0.2663,9.1442
Toray,74,8.6988,0.0008,0.2533,8.6988
Toray,9,8.4408,0.0012,0.2458,8.4408
Toray,10,8.3788,0.0007,0.2440,8.3788
Toray,0,8.3178,0.0005,0.2422,8.3178
Toray,92,7.8538,0.0009,0.2287,7.8538
Toray,37,6.8385,0.0011,0.1992,6.8385
Toray,36,6.6255,0.0008,0.1929,6.6255
Toray,60,6.1281,0.0009,0.1785,6.1281
Toray,42,5.8893,0.0009,0.1715,5.8893
Toray,15,5.8439,0.0013,0.1702,5.8439
Toray,28,5.7992,0.0013,0.1689,5.7992
Toray,64,5.7992,0.0008,0.1689,5.7992
Toray,27,5.7552,0.0013,0.1676,5.7552
Toray,75,5.1936,0.0006,0.1512,5.1936
Toray,34,4.9238,0.0009,0.1434,4.9238
Toray,33,4.5226,0.0008,0.1317,4.5226
Toray,18,4.4170,0.0007,0.1286,4.4170
Toray,12,3.9925,0.0011,0.1163,3.9925
Toray,56,3.7390,0.0007,0.1089,3.7390
Toray,63,3.7097,0.0011,0.1080,3.7097
Toray,94,3.7097,0.0006,0.1080,3.7097
Toray,50,3.6292,0.0053,0.1057,3.6292
Toray,83,3.4912,0.0005,0.1017,3.4912
Toray,65,3.1147,0.0008,0.0907,3.1147
Toray,8,3.0640,0.0010,0.0892,3.0640
Toray,58,3.0394,0.0010,0.0885,3.0394
Toray,61,3.0394,0.0011,0.0885,3.0394
Toray,98,3.0394,0.0006,0.0885,3.0394
Toray,16,2.9447,0.0006,0.0858,2.9447
Toray,3,2.8996,0.0003,0.0844,2.8996
Toray,23,2.8776,0.0007,0.0838,2.8776
Toray,2,2.5477,0.0011,0.0742,2.5477
Toray,78,2.4583,0.0007,0.0716,2.4583
Toray,73,2.3955,0.0009,0.0698,2.3955
Toray,25,2.3753,0.0004,0.0692,2.3753
Toray,19,2.3360,0.0006,0.0680,2.3360
Toray,90,2.3169,0.0008,0.0675,2.3169
Toray,96,2.2980,0.0003,0.0669,2.2980
Toray,24,2.2613,0.0008,0.0659,2.2613
Toray,87,2.2613,0.0007,0.0659,2.2613
Toray,13,2.2258,0.0004,0.0648,2.2258
Toray,93,2.2258,0.0006,0.0648,2.2258
Toray,48,2.1915,0.0006,0.0638,2.1915
Toray,70,2.1582,0.0004,0.0629,2.1582
Toray,52,1.6389,0.0046,0.0477,1.6389
Toray,62,1.6389,0.0006,0.0477,1.6389
Toray,39,1.5970,0.0006,0.0465,1.5970
Toray,91,1.5703,0.0003,0.0457,1.5703
Toray,86,1.5573,0.0004,0.0454,1.5573
Toray,55,1.5320,0.0007,0.0446,1.5320
Toray,4,1.4956,0.0004,0.0436,1.4956
Toray,7,1.4956,0.0004,0.0436,1.4956
Toray,95,1.4956,0.0003,0.0436,1.4956
Toray,57,1.4839,0.0007,0.0432,1.4839
Toray,68,1.4723,0.0006,0.0429,1.4723
Toray,41,1.4610,0.0004,0.0425,1.4610
Toray,79,1.4498,0.0004,0.0422,1.4498
Toray,6,1.4388,0.0003,0.0419,1.4388
Toray,71,0.9643,0.0015,0.0281,0.9643
Toray,88,0.9643,0.0034,0.0281,0.9643
Toray,38,0.8899,0.0007,0.0259,0.8899
Toray,29,0.8814,0.0004,0.0257,0.8814
Toray,14,0.8731,0.0003,0.0254,0.8731
Toray,81,0.8650,0.0005,0.0252,0.8650
Toray,89,0.8341,0.0004,0.0243,0.8341
Toray,53,0.8194,0.0005,0.0239,0.8194
Toray,30,0.8123,0.0002,0.0237,0.8123
Toray,51,0.8054,0.0003,0.0235,0.8054
Toray,80,0.7918,0.0006,0.0231,0.7918
Toray,49,0.7852,0.0003,0.0229,0.7852
Toray,46,0.7723,0.0002,0.0225,0.7723
Toray,35,0.7660,0.0004,0.0223,0.7660
Toray,44,0.7660,0.0006,0.0223,0.7660
Toray,72,0.7598,0.0002,0.0221,0.7598
Toray,97,0.7478,0.0003,0.0218,0.7478
Toray,45,0.7305,0.0003,0.0213,0.7305
Toray,20,0.7194,0.0002,0.0210,0.7194
Toray,21,0.7087,0.0001,0.0206,0.7087
Toray,66,0.7087,0.0002,0.0206,0.7087
Toray,67,0.7087,0.0001,0.0206,0.7087
UDC,0,22.1807,0.0013,0.3076,22.1807
UDC,74,19.5722,0.0017,0.2714,19.5722
UDC,10,17.4559,0.0015,0.2421,17.4559
UDC,84,17.2655,0.0015,0.2395,17.2655
UDC,42,16.1956,0.0024,0.2246,16.1956
UDC,60,15.3202,0.0023,0.2125,15.3202
UDC,64,15.2228,0.0022,0.2111,15.2228
UDC,26,14.7715,0.0016,0.2049,14.7715
UDC,94,13.3549,0.0021,0.1852,13.3549
UDC,36,13.2510,0.0017,0.1838,13.2510
UDC,96,13.0221,0.0017,0.1806,13.0221
UDC,92,12.8517,0.0014,0.1782,12.8517
UDC,78,12.2916,0.0034,0.1705,12.2916
UDC,75,11.8710,0.0014,0.1646,11.8710
UDC,37,11.3976,0.0019,0.1581,11.3976
UDC,98,10.6377,0.0021,0.1475,10.6377
UDC,25,10.2931,0.0019,0.1428,10.2931
UDC,19,10.1227,0.0025,0.1404,10.1227
UDC,86,10.1227,0.0028,0.1404,10.1227
UDC,72,9.8779,0.0032,0.1370,9.8779
UDC,13,8.9032,0.0016,0.1235,8.9032
UDC,28,8.6988,0.0019,0.1206,8.6988
UDC,33,8.2915,0.0015,0.1150,8.2915
UDC,7,7.4781,0.0021,0.1037,7.4781
UDC,56,7.4781,0.0015,0.1037,7.4781
UDC,97,7.4781,0.0025,0.1037,7.4781
UDC,15,7.3048,0.0016,0.1013,7.3048
UDC,41,7.3048,0.0018,0.1013,7.3048
UDC,3,7.2490,0.0008,0.1005,7.2490
UDC,12,7.1866,0.0019,0.0997,7.1866
UDC,9,7.0340,0.0010,0.0976,7.0340
UDC,90,6.9506,0.0023,0.0964,6.9506
UDC,87,6.7839,0.0021,0.0941,6.7839
UDC,34,6.3306,0.0012,0.0878,6.3306
UDC,62,5.7361,0.0021,0.0796,5.7361
UDC,58,5.3189,0.0017,0.0738,5.3189
UDC,48,5.1134,0.0015,0.0709,5.1134
UDC,79,5.0743,0.0015,0.0704,5.0743
UDC,30,4.8740,0.0013,0.0676,4.8740
UDC,63,4.4516,0.0013,0.0617,4.4516
UDC,27,4.3164,0.0010,0.0599,4.3164
UDC,83,4.1894,0.0006,0.0581,4.1894
UDC,35,3.8300,0.0021,0.0531,3.8300
UDC,4,3.7390,0.0010,0.0519,3.7390
UDC,95,3.7390,0.0008,0.0519,3.7390
UDC,23,3.5970,0.0009,0.0499,3.5970
UDC,93,2.9677,0.0008,0.0412,2.9677
UDC,68,2.9447,0.0012,0.0408,2.9447
UDC,21,2.8346,0.0006,0.0393,2.8346
UDC,59,2.5950,0.0019,0.0360,2.5950
UDC,5,2.4583,0.0013,0.0341,2.4583
UDC,49,2.3555,0.0010,0.0327,2.3555
UDC,91,2.3555,0.0005,0.0327,2.3555
UDC,65,2.3360,0.0006,0.0324,2.3360
UDC,61,2.2795,0.0008,0.0316,2.2795
UDC,88,1.9286,0.0067,0.0267,1.9286
UDC,100,1.9286,0.0058,0.0267,1.9286
UDC,50,1.8146,0.0026,0.0252,1.8146
UDC,89,1.6681,0.0007,0.0231,1.6681
UDC,1,1.6247,0.0004,0.0225,1.6247
UDC,51,1.6107,0.0007,0.0223,1.6107
UDC,39,1.5970,0.0006,0.0221,1.5970
UDC,46,1.5446,0.0004,0.0214,1.5446
UDC,44,1.5320,0.0012,0.0212,1.5320
UDC,24,1.5075,0.0005,0.0209,1.5075
UDC,57,1.4839,0.0007,0.0206,1.4839
UDC,16,1.4723,0.0003,0.0204,1.4723
UDC,18,1.4723,0.0002,0.0204,1.4723
UDC,45,1.4610,0.0006,0.0203,1.4610
UDC,66,1.4173,0.0004,0.0197,1.4173
UDC,71,0.9643,0.0015,0.0134,0.9643
UDC,40,0.9255,0.0004,0.0128,0.9255
UDC,77,0.8985,0.0006,0.0125,0.8985
UDC,81,0.8650,0.0005,0.0120,0.8650
UDC,2,0.8492,0.0004,0.0118,0.8492
UDC,69,0.8267,0.0012,0.0115,0.8267
UDC,53,0.8194,0.0005,0.0114,0.8194
UDC,47,0.7852,0.0003,0.0109,0.7852
UDC,8,0.7660,0.0002,0.0106,0.7660
UDC,31,0.7249,0.0002,0.0101,0.7249
UDC,6,0.7194,0.0002,0.0100,0.7194
UDC,67,0.7087,0.0001,0.0098,0.7087
UL,0,56.8381,0.0033,0.3493,56.8381
UL,3,52.9174,0.0055,0.3252,52.9174
UL,6,41.0055,0.0087,0.2520,41.0055
UL,84,35.9698,0.0032,0.2211,35.9698
UL,10,35.6100,0.0032,0.2188,35.6100
UL,74,34.7950,0.0031,0.2138,34.7950
UL,64,31.1705,0.0044,0.1916,31.1705
UL,83,30.0242,0.0039,0.1845,30.0242
UL,26,29.5430,0.0032,0.1816,29.5430
UL,92,28.5593,0.0032,0.1755,28.5593
UL,9,25.3225,0.0035,0.1556,25.3225
UL,96,25.2783,0.0033,0.1554,25.2783
UL,67,24.8028,0.0046,0.1524,24.8028
UL,97,22.4342,0.0076,0.1379,22.4342
UL,61,21.2755,0.0075,0.1308,21.2755
UL,36,20.6126,0.0026,0.1267,20.6126
UL,28,20.2971,0.0045,0.1247,20.2971
UL,34,19.6953,0.0036,0.1210,19.6953
UL,42,19.1403,0.0028,0.1176,19.1403
UL,91,18.8440,0.0040,0.1158,18.8440
UL,1,18.6837,0.0046,0.1148,18.6837
UL,75,18.5484,0.0022,0.1140,18.5484
UL,94,18.5484,0.0029,0.1140,18.5484
UL,20,17.2655,0.0037,0.1061,17.2655
UL,15,16.8012,0.0038,0.1033,16.8012
UL,23,16.5461,0.0041,0.1017,16.5461
UL,70,16.5461,0.0030,0.1017,16.5461
UL,41,16.0707,0.0041,0.0988,16.0707
UL,31,15.9477,0.0043,0.0980,15.9477
UL,37,15.1968,0.0025,0.0934,15.1968
UL,21,14.8817,0.0031,0.0915,14.8817
UL,90,14.6734,0.0049,0.0902,14.6734
UL,60,14.5542,0.0022,0.0894,14.5542
UL,50,14.5167,0.0211,0.0892,14.5167
UL,93,14.0968,0.0037,0.0866,14.0968
UL,98,13.6771,0.0027,0.0841,13.6771
UL,33,12.8141,0.0023,0.0788,12.8141
UL,66,12.7557,0.0032,0.0784,12.7557
UL,82,12.3232,0.0033,0.0757,12.3232
UL,24,12.0603,0.0041,0.0741,12.0603
UL,4,11.9649,0.0031,0.0735,11.9649
UL,13,11.1291,0.0020,0.0684,11.1291
UL,18,11.0425,0.0019,0.0679,11.0425
UL,19,10.9014,0.0027,0.0670,10.9014
UL,51,8.8590,0.0036,0.0544,8.8590
UL,27,8.6327,0.0020,0.0531,8.6327
UL,65,8.5654,0.0021,0.0526,8.5654
UL,87,8.2915,0.0025,0.0510,8.2915
UL,56,8.2259,0.0016,0.0506,8.2259
UL,7,7.4781,0.0021,0.0460,7.4781
UL,95,7.4781,0.0016,0.0460,7.4781
UL,8,6.8941,0.0022,0.0424,6.8941
UL,45,6.5744,0.0027,0.0404,6.5744
UL,79,6.5241,0.0019,0.0401,6.5241
UL,12,6.3881,0.0017,0.0393,6.3881
UL,25,6.3342,0.0012,0.0389,6.3342
UL,80,6.3342,0.0045,0.0389,6.3342
UL,22,6.1698,0.0080,0.0379,6.1698
UL,72,6.0787,0.0019,0.0374,6.0787
UL,16,5.8893,0.0012,0.0362,5.8893
UL,48,5.8439,0.0017,0.0359,5.8439
UL,62,5.7361,0.0021,0.0353,5.7361
UL,30,5.6863,0.0015,0.0349,5.6863
UL,86,5.4507,0.0015,0.0335,5.4507
UL,35,5.3621,0.0030,0.0330,5.3621
UL,58,5.3189,0.0017,0.0327,5.3189
UL,68,5.1532,0.0022,0.0317,5.1532
UL,54,5.0954,0.0054,0.0313,5.0954
UL,78,4.9166,0.0014,0.0302,4.9166
UL,55,4.5961,0.0020,0.0282,4.5961
UL,57,4.4516,0.0020,0.0274,4.4516
UL,63,4.4516,0.0013,0.0274,4.4516
UL,89,4.1703,0.0018,0.0256,4.1703
UL,53,4.0972,0.0023,0.0252,4.0972
UL,49,3.9258,0.0017,0.0241,3.9258
UL,46,3.8614,0.0010,0.0237,3.8614
UL,17,3.8572,0.0032,0.0237,3.8572
UL,29,3.5256,0.0016,0.0217,3.5256
UL,2,3.3969,0.0014,0.0209,3.3969
UL,52,3.2778,0.0093,0.0201,3.2778
UL,71,2.8929,0.0046,0.0178,2.8929
UL,14,2.6194,0.0010,0.0161,2.6194
UL,59,2.5950,0.0019,0.0159,2.5950
UL,39,2.3955,0.0009,0.0147,2.3955
UL,73,2.3955,0.0009,0.0147,2.3955
UL,44,2.2980,0.0019,0.0141,2.2980
UL,99,2.2385,0.0051,0.0138,2.2385
UL,88,1.9286,0.0067,0.0119,1.9286
UL,40,1.8510,0.0008,0.0114,1.8510
UL,81,1.7300,0.0011,0.0106,1.7300
UL,32,1.6985,0.0014,0.0104,1.6985
UL,69,1.6534,0.0023,0.0102,1.6534
UL,5,1.6389,0.0008,0.0101,1.6389
UL,47,1.5703,0.0007,0.0097,1.5703
UL,43,1.0919,0.0023,0.0067,1.0919
UL,76,1.0536,0.0023,0.0065,1.0536
UL,11,1.0181,0.0011,0.0063,1.0181
UL,100,0.9643,0.0029,0.0059,0.9643
UL,38,0.8899,0.0007,0.0055,0.8899
UL,85,0.8650,0.0008,0.0053,0.8650
V2X,0,63.7695,0.0037,0.3149,63.7695
V2X,10,53.7642,0.0048,0.2655,53.7642
V2X,26,52.7553,0.0057,0.2605,52.7553
V2X,9,46.4246,0.0064,0.2293,46.4246
V2X,84,44.6025,0.0040,0.2203,44.6025
V2X,74,44.2186,0.0039,0.2184,44.2186
V2X,75,40.8066,0.0048,0.2015,40.8066
V2X,83,40.4977,0.0053,0.2000,40.4977
V2X,42,37.5444,0.0055,0.1854,37.5444
V2X,18,36.8082,0.0062,0.1818,36.8082
V2X,28,36.2448,0.0080,0.1790,36.2448
V2X,36,36.0721,0.0045,0.1781,36.0721
V2X,92,33.5571,0.0037,0.1657,33.5571
V2X,15,32.8718,0.0074,0.1623,32.8718
V2X,96,31.4063,0.0040,0.1551,31.4063
V2X,34,28.8396,0.0053,0.1424,28.8396
V2X,95,27.6688,0.0058,0.1366,27.6688
V2X,60,27.5763,0.0041,0.1362,27.5763
V2X,33,25.6282,0.0047,0.1266,25.6282
V2X,91,24.3401,0.0052,0.1202,24.3401
V2X,3,23.9216,0.0025,0.1181,23.9216
V2X,64,23.9216,0.0034,0.1181,23.9216
V2X,46,23.1685,0.0062,0.1144,23.1685
V2X,48,21.1841,0.0061,0.1046,21.1841
V2X,93,20.0323,0.0052,0.0989,20.0323
V2X,37,19.7558,0.0032,0.0976,19.7558
V2X,65,19.4667,0.0047,0.0961,19.4667
V2X,63,19.2904,0.0055,0.0953,19.2904
V2X,16,19.1403,0.0039,0.0945,19.1403
V2X,79,18.8473,0.0056,0.0931,18.8473
V2X,94,18.5484,0.0029,0.0916,18.5484
V2X,98,18.2361,0.0036,0.0901,18.2361
V2X,87,17.3368,0.0053,0.0856,17.3368
V2X,56,17.1995,0.0034,0.0849,17.1995
V2X,27,16.5461,0.0038,0.0817,16.5461
V2X,53,16.3888,0.0090,0.0809,16.3888
V2X,67,14.8817,0.0028,0.0735,14.8817
V2X,13,14.0968,0.0026,0.0696,14.0968
V2X,70,12.9491,0.0023,0.0640,12.9491
V2X,21,12.7557,0.0027,0.0630,12.7557
V2X,4,12.7127,0.0033,0.0628,12.7127
V2X,41,12.4182,0.0031,0.0613,12.4182
V2X,57,11.8710,0.0053,0.0586,11.8710
V2X,82,11.5983,0.0031,0.0573,11.5983
V2X,6,11.5103,0.0024,0.0568,11.5103
V2X,31,10.8734,0.0029,0.0537,10.8734
V2X,58,10.6377,0.0035,0.0525,10.6377
V2X,66,10.6298,0.0027,0.0525,10.6298
V2X,97,10.4693,0.0035,0.0517,10.4693
V2X,25,10.2931,0.0019,0.0508,10.2931
V2X,19,10.1227,0.0025,0.0500,10.1227
V2X,20,10.0715,0.0022,0.0497,10.0715
V2X,23,10.0715,0.0025,0.0497,10.0715
V2X,89,10.0086,0.0043,0.0494,10.0086
V2X,44,9.9581,0.0080,0.0492,9.9581
V2X,59,8.6500,0.0063,0.0427,8.6500
V2X,72,8.3582,0.0027,0.0413,8.3582
V2X,7,8.2259,0.0023,0.0406,8.2259
V2X,1,8.1234,0.0020,0.0401,8.1234
V2X,49,7.8517,0.0034,0.0388,7.8517
V2X,55,6.8941,0.0030,0.0340,6.8941
V2X,45,6.5744,0.0027,0.0325,6.5744
V2X,78,6.5555,0.0018,0.0324,6.5555
V2X,30,6.4987,0.0017,0.0321,6.4987
V2X,86,6.2294,0.0017,0.0308,6.2294
V2X,8,6.1281,0.0020,0.0303,6.1281
V2X,12,5.5896,0.0015,0.0276,5.5896
V2X,90,5.4060,0.0018,0.0267,5.4060
V2X,22,5.2884,0.0069,0.0261,5.2884
V2X,24,5.2764,0.0018,0.0261,5.2764
V2X,68,5.1532,0.0022,0.0254,5.1532
V2X,51,4.8322,0.0020,0.0239,4.8322
V2X,47,4.7110,0.0021,0.0233,4.7110
V2X,35,3.8300,0.0021,0.0189,3.8300
V2X,2,3.3969,0.0014,0.0168,3.3969
V2X,32,3.3969,0.0029,0.0168,3.3969
V2X,5,3.2778,0.0017,0.0162,3.2778
V2X,62,3.2778,0.0012,0.0162,3.2778
V2X,73,3.1940,0.0012,0.0158,3.1940
V2X,61,3.0394,0.0011,0.0150,3.0394
V2X,71,2.8929,0.0046,0.0143,2.8929
V2X,50,2.7219,0.0040,0.0134,2.7219
V2X,29,2.6442,0.0012,0.0131,2.6442
V2X,14,2.6194,0.0010,0.0129,2.6194
V2X,54,2.5477,0.0027,0.0126,2.5477
V2X,69,2.4800,0.0035,0.0122,2.4800
V2X,52,2.4583,0.0069,0.0121,2.4583
V2X,80,2.3753,0.0017,0.0117,2.3753
V2X,40,1.8510,0.0008,0.0091,1.8510
V2X,77,1.7970,0.0013,0.0089,1.7970
V2X,39,1.5970,0.0006,0.0079,1.5970
V2X,76,1.0536,0.0023,0.0052,1.0536
V2X,11,1.0181,0.0011,0.0050,1.0181
V2X,88,0.9643,0.0034,0.0048,0.9643
Visionox,0,102.5858,0.0059,0.3610,102.5858
Visionox,74,82.6381,0.0073,0.2908,82.6381
Visionox,84,74.0977,0.0066,0.2607,74.0977
Visionox,37,66.1060,0.0108,0.2326,66.1060
Visionox,75,64.5485,0.0076,0.2271,64.5485
Visionox,60,62.0467,0.0092,0.2183,62.0467
Visionox,96,60.5147,0.0078,0.2129,60.5147
Visionox,36,58.1570,0.0073,0.2046,58.1570
Visionox,94,57.8711,0.0091,0.2036,57.8711
Visionox,10,56.5571,0.0050,0.1990,56.5571
Visionox,92,54.2626,0.0060,0.1909,54.2626
Visionox,98,53.9485,0.0107,0.1898,53.9485
Visionox,26,52.7553,0.0057,0.1856,52.7553
Visionox,64,52.1925,0.0074,0.1836,52.1925
Visionox,87,51.2565,0.0157,0.1804,51.2565
Visionox,42,43.4337,0.0064,0.1528,43.4337
Visionox,33,37.6886,0.0068,0.1326,37.6886
Visionox,15,34.3328,0.0077,0.1208,34.3328
Visionox,19,34.2615,0.0083,0.1206,34.2615
Visionox,3,34.0701,0.0035,0.1199,34.0701
Visionox,28,33.3452,0.0073,0.1173,33.3452
Visionox,13,30.4194,0.0055,0.1070,30.4194
Visionox,25,26.1287,0.0048,0.0919,26.1287
Visionox,7,23.9298,0.0066,0.0842,23.9298
Visionox,93,20.7742,0.0054,0.0731,20.7742
Visionox,18,20.6126,0.0035,0.0725,20.6126
Visionox,9,20.3987,0.0028,0.0718,20.3987
Visionox,12,19.9627,0.0053,0.0702,19.9627
Visionox,65,19.4667,0.0047,0.0685,19.4667
Visionox,97,19.4429,0.0066,0.0684,19.4429
Visionox,56,17.9473,0.0035,0.0632,17.9473
Visionox,72,17.4763,0.0056,0.0615,17.4763
Visionox,83,17.4559,0.0023,0.0614,17.4559
Visionox,79,17.3975,0.0052,0.0612,17.3975
Visionox,27,17.2655,0.0039,0.0608,17.2655
Visionox,70,16.5461,0.0030,0.0582,16.5461
Visionox,63,16.3226,0.0046,0.0574,16.3226
Visionox,86,15.5734,0.0043,0.0548,15.5734
Visionox,34,15.4749,0.0028,0.0545,15.4749
Visionox,58,15.1968,0.0049,0.0535,15.1968
Visionox,57,14.8387,0.0066,0.0522,14.8387
Visionox,78,14.7499,0.0041,0.0519,14.7499
Visionox,16,14.7233,0.0030,0.0518,14.7233
Visionox,30,13.8097,0.0036,0.0486,13.8097
Visionox,62,13.1111,0.0048,0.0461,13.1111
Visionox,41,10.9573,0.0028,0.0386,10.9573
Visionox,90,10.0397,0.0033,0.0353,10.0397
Visionox,55,9.9581,0.0044,0.0350,9.9581
Visionox,6,9.3521,0.0020,0.0329,9.3521
Visionox,5,9.0138,0.0046,0.0317,9.0138
Visionox,23,8.6327,0.0022,0.0304,8.6327
Visionox,66,8.5038,0.0021,0.0299,8.5038
Visionox,67,8.5038,0.0016,0.0299,8.5038
Visionox,46,8.4951,0.0023,0.0299,8.4951
Visionox,51,8.0536,0.0033,0.0283,8.0536
Visionox,48,8.0353,0.0023,0.0283,8.0353
Visionox,29,7.9326,0.0037,0.0279,7.9326
Visionox,8,7.6601,0.0025,0.0270,7.6601
Visionox,20,7.1940,0.0016,0.0253,7.1940
Visionox,49,7.0665,0.0031,0.0249,7.0665
Visionox,14,6.9849,0.0026,0.0246,6.9849
Visionox,24,6.7839,0.0023,0.0239,6.7839
Visionox,2,5.9446,0.0025,0.0209,5.9446
Visionox,45,5.8439,0.0024,0.0206,5.8439
Visionox,50,5.4438,0.0079,0.0192,5.4438
Visionox,21,4.9606,0.0010,0.0175,4.9606
Visionox,53,4.9166,0.0027,0.0173,4.9166
Visionox,1,4.8740,0.0012,0.0172,4.8740
Visionox,71,4.8215,0.0076,0.0170,4.8215
Visionox,47,4.7110,0.0021,0.0166,4.7110
Visionox,91,4.7110,0.0010,0.0166,4.7110
Visionox,61,4.5590,0.0016,0.0160,4.5590
Visionox,31,4.3494,0.0012,0.0153,4.3494
Visionox,82,4.3494,0.0012,0.0153,4.3494
Visionox,95,3.7390,0.0008,0.0132,3.7390
Visionox,80,3.1671,0.0023,0.0111,3.1671
Visionox,76,3.1608,0.0068,0.0111,3.1608
Visionox,17,2.8929,0.0024,0.0102,2.8929
Visionox,85,2.5950,0.0023,0.0091,2.5950
Visionox,54,2.5477,0.0027,0.0090,2.5477
Visionox,73,2.3955,0.0009,0.0084,2.3955
Visionox,35,2.2980,0.0013,0.0081,2.2980
Visionox,40,1.8510,0.0008,0.0065,1.8510
Visionox,22,1.7628,0.0023,0.0062,1.7628
Visionox,32,1.6985,0.0014,0.0060,1.6985
Visionox,39,1.5970,0.0006,0.0056,1.5970
Visionox,44,1.5320,0.0012,0.0054,1.5320
Visionox,4,1.4956,0.0004,0.0053,1.4956
Visionox,68,1.4723,0.0006,0.0052,1.4723
Visionox,77,0.8985,0.0006,0.0032,0.8985
Visionox,81,0.8650,0.0005,0.0030,0.8650
Visionox,89,0.8341,0.0004,0.0029,0.8341
Visionox,69,0.8267,0.0012,0.0029,0.8267
구글,14,494.1851,0.1870,0.3377,506.4409
구글,0,452.6251,0.0261,0.3093,463.8502
구글,47,412.9974,0.1825,0.2822,423.2397
구글,70,358.9783,0.0642,0.2453,367.8810
구글,56,319.3130,0.0630,0.2182,327.2320
구글,83,282.0874,0.0371,0.1927,289.0832
구글,25,278.7058,0.0508,0.1904,285.6177
구글,10,262.5368,0.0233,0.1794,269.0477
구글,82,235.5912,0.0635,0.1610,241.4338
구글,20,217.2574,0.0469,0.1484,222.6454
구글,21,212.5954,0.0444,0.1453,217.8678
구글,66,209.0522,0.0524,0.1428,214.2366
구글,26,199.7666,0.0217,0.1365,204.7209
구글,67,194.8791,0.0364,0.1332,199.7121
구글,6,194.2368,0.0412,0.1327,199.0538
구글,30,190.0866,0.0500,0.1299,194.8007
구글,84,173.3743,0.0154,0.1185,177.6740
구글,3,170.3505,0.0177,0.1164,174.5752
구글,31,168.9007,0.0457,0.1154,173.0895
구글,92,167.7856,0.0186,0.1146,171.9467
구글,74,166.0012,0.0146,0.1134,170.1180
구글,9,161.7828,0.0223,0.1105,165.7951
구글,78,149.1382,0.0414,0.1019,152.8369
구글,62,147.4994,0.0545,0.1008,151.1573
구글,86,147.1685,0.0410,0.1006,150.8183
구글,27,146.7567,0.0335,0.1003,150.3962
구글,12,138.9403,0.0371,0.0949,142.3861
구글,23,135.2463,0.0339,0.0924,138.6004
구글,95,133.8572,0.0283,0.0915,137.1769
구글,34,130.1297,0.0239,0.0889,133.3569
구글,29,121.6337,0.0568,0.0831,124.6502
구글,42,120.7310,0.0178,0.0825,123.7251
구글,68,120.7310,0.0505,0.0825,123.7251
구글,79,116.7082,0.0346,0.0797,119.6026
구글,18,114.8417,0.0195,0.0785,117.6897
구글,24,110.8045,0.0376,0.0757,113.5524
구글,60,109.5392,0.0162,0.0748,112.2558
구글,46,108.8921,0.0291,0.0744,111.5926
구글,16,107.4800,0.0219,0.0734,110.1455
구글,4,103.9450,0.0273,0.0710,106.5228
구글,2,103.6056,0.0437,0.0708,106.1751
구글,13,102.3874,0.0186,0.0700,104.9266
구글,64,100.7605,0.0142,0.0688,103.2594
구글,61,100.2987,0.0356,0.0685,102.7861
구글,39,98.2164,0.0352,0.0671,100.6522
구글,28,97.8609,0.0215,0.0669,100.2879
구글,73,97.4179,0.0357,0.0666,99.8339
구글,75,97.1938,0.0115,0.0664,99.6042
구글,43,96.0893,0.2051,0.0657,98.4723
구글,36,94.9652,0.0119,0.0649,97.3204
구글,45,91.3106,0.0372,0.0624,93.5751
구글,40,90.6970,0.0368,0.0620,92.9462
구글,77,86.2547,0.0601,0.0589,88.3938
구글,44,85.7930,0.0693,0.0586,87.9206
구글,38,84.5365,0.0636,0.0578,86.6330
구글,7,80.0152,0.0222,0.0547,81.9996
구글,8,78.8989,0.0255,0.0539,80.8556
구글,96,78.1329,0.0101,0.0534,80.0706
구글,91,76.1611,0.0163,0.0520,78.0499
구글,15,75.9704,0.0171,0.0519,77.8545
구글,48,75.2399,0.0216,0.0514,77.1059
구글,55,75.0688,0.0329,0.0513,76.9305
구글,41,73.7790,0.0187,0.0504,75.6087
구글,63,72.7099,0.0207,0.0497,74.5131
구글,51,70.8716,0.0288,0.0484,72.6292
구글,33,68.5932,0.0125,0.0469,70.2943
구글,37,68.3855,0.0112,0.0467,70.0814
구글,94,68.2582,0.0107,0.0466,69.9510
구글,93,62.3227,0.0162,0.0426,63.8683
구글,53,62.2775,0.0344,0.0426,63.8220
구글,90,61.7828,0.0206,0.0422,63.3150
구글,98,60.7871,0.0121,0.0415,62.2946
구글,59,57.9548,0.0421,0.0396,59.3921
구글,1,56.8635,0.0141,0.0389,58.2737
구글,65,56.8429,0.0138,0.0388,58.2526
구글,72,56.2281,0.0180,0.0384,57.6225
구글,19,52.9495,0.0129,0.0362,54.2627
구글,57,52.6776,0.0233,0.0360,53.9840
구글,32,52.6520,0.0446,0.0360,53.9578
구글,58,50.1493,0.0163,0.0343,51.3930
구글,35,48.2585,0.0269,0.0330,49.4553
구글,87,43.7188,0.0133,0.0299,44.8030
구글,97,43.3727,0.0146,0.0296,44.4484
구글,69,35.5472,0.0495,0.0243,36.4287
구글,50,35.3845,0.0515,0.0242,36.2620
구글,89,35.0302,0.0150,0.0239,35.8990
구글,54,33.9691,0.0361,0.0232,34.8115
구글,80,31.6711,0.0226,0.0216,32.4566
구글,49,28.2660,0.0122,0.0193,28.9670
구글,81,25.9499,0.0159,0.0177,26.5935
구글,85,23.3549,0.0210,0.0160,23.9341
구글,71,23.1432,0.0366,0.0158,23.7172
구글,11,20.3615,0.0218,0.0139,20.8664
구글,99,20.1462,0.0455,0.0138,20.6458
구글,100,19.2860,0.0576,0.0132,19.7643
구글,22,15.8653,0.0206,0.0108,16.2587
구글,52,15.5694,0.0440,0.0106,15.9555
구글,17,14.4645,0.0119,0.0099,14.8232
구글,5,13.1111,0.0067,0.0090,13.4362
구글,88,10.6073,0.0370,0.0072,10.8704
구글,76,7.3751,0.0158,0.0050,7.5580
기아,9,215.2415,0.0296,0.3142,215.2415
기아,10,199.6956,0.0177,0.2915,199.6956
기아,0,185.7634,0.0107,0.2712,185.7634
기아,26,145.6046,0.0158,0.2126,145.6046
기아,92,133.5145,0.0148,0.1949,133.5145
기아,84,133.0882,0.0118,0.1943,133.0882
기아,8,127.1574,0.0410,0.1856,127.1574
기아,83,127.0790,0.0167,0.1855,127.0790
기아,74,124.6821,0.0110,0.1820,124.6821
기아,48,116.8776,0.0335,0.1706,116.8776
기아,41,107.3813,0.0272,0.1568,107.3813
기아,34,106.2140,0.0195,0.1551,106.2140
기아,16,105.2715,0.0214,0.1537,105.2715
기아,36,100.1184,0.0125,0.1462,100.1184
기아,3,93.5116,0.0097,0.1365,93.5116
기아,64,93.5116,0.0132,0.1365,93.5116
기아,28,89.1622,0.0196,0.1302,89.1622
기아,18,84.6589,0.0143,0.1236,84.6589
기아,75,84.5809,0.0100,0.1235,84.5809
기아,72,77.5035,0.0248,0.1131,77.5035
기아,4,76.2762,0.0200,0.1114,76.2762
기아,15,75.9704,0.0171,0.1109,75.9704
기아,42,70.6718,0.0104,0.1032,70.6718
기아,90,69.5056,0.0231,0.1015,69.5056
기아,68,69.1995,0.0289,0.1010,69.1995
기아,93,66.7744,0.0174,0.0975,66.7744
기아,61,66.1060,0.0235,0.0965,66.1060
기아,63,64.5485,0.0184,0.0942,64.5485
기아,23,61.8680,0.0155,0.0903,61.8680
기아,67,61.6527,0.0115,0.0900,61.6527
기아,70,61.1486,0.0109,0.0893,61.1486
기아,96,59.7487,0.0077,0.0872,59.7487
기아,27,58.2710,0.0133,0.0851,58.2710
기아,39,57.4926,0.0206,0.0839,57.4926
기아,21,57.4008,0.0120,0.0838,57.4008
기아,91,57.3171,0.0123,0.0837,57.3171
기아,33,57.2867,0.0104,0.0836,57.2867
기아,95,56.8332,0.0120,0.0830,56.8332
기아,94,54.1614,0.0085,0.0791,54.1614
기아,12,51.9030,0.0139,0.0758,51.9030
기아,46,51.7431,0.0138,0.0755,51.7431
기아,37,51.6690,0.0085,0.0754,51.6690
기아,60,51.3226,0.0076,0.0749,51.3226
기아,24,51.2565,0.0174,0.0748,51.2565
기아,45,51.1339,0.0209,0.0746,51.1339
기아,13,50.4517,0.0092,0.0737,50.4517
기아,20,50.3577,0.0109,0.0735,50.3577
기아,31,44.9435,0.0121,0.0656,44.9435
기아,98,44.8305,0.0089,0.0654,44.8305
기아,56,44.1205,0.0087,0.0644,44.1205
기아,66,43.9364,0.0110,0.0641,43.9364
기아,58,43.3108,0.0141,0.0632,43.3108
기아,65,42.8268,0.0104,0.0625,42.8268
기아,86,42.8268,0.0119,0.0625,42.8268
기아,73,39.9254,0.0146,0.0583,39.9254
기아,6,39.5667,0.0084,0.0578,39.5667
기아,97,36.6425,0.0124,0.0535,36.6425
기아,25,36.4218,0.0066,0.0532,36.4218
기아,82,36.2448,0.0098,0.0529,36.2448
기아,1,34.9304,0.0087,0.0510,34.9304
기아,78,34.4165,0.0096,0.0502,34.4165
기아,57,34.1291,0.0151,0.0498,34.1291
기아,79,34.0701,0.0101,0.0497,34.0701
기아,35,32.9384,0.0184,0.0481,32.9384
기아,2,32.2706,0.0136,0.0471,32.2706
기아,62,31.9582,0.0118,0.0467,31.9582
기아,19,31.9254,0.0078,0.0466,31.9254
기아,7,30.6600,0.0085,0.0448,30.6600
기아,30,30.0564,0.0079,0.0439,30.0564
기아,80,29.2958,0.0209,0.0428,29.2958
기아,85,28.5449,0.0257,0.0417,28.5449
기아,51,28.1876,0.0115,0.0412,28.1876
기아,32,27.1752,0.0230,0.0397,27.1752
기아,55,26.8103,0.0117,0.0391,26.8103
기아,89,25.0216,0.0107,0.0365,25.0216
기아,38,23.1363,0.0174,0.0338,23.1363
기아,81,22.4899,0.0138,0.0328,22.4899
기아,71,21.2146,0.0335,0.0310,21.2146
기아,44,20.6822,0.0167,0.0302,20.6822
기아,47,20.4143,0.0090,0.0298,20.4143
기아,49,20.4143,0.0088,0.0298,20.4143
기아,87,20.3518,0.0062,0.0297,20.3518
기아,14,20.0817,0.0076,0.0293,20.0817
기아,40,19.4351,0.0079,0.0284,19.4351
기아,11,19.3434,0.0207,0.0282,19.3434
기아,77,18.8682,0.0131,0.0275,18.8682
기아,54,18.6830,0.0199,0.0273,18.6830
기아,22,16.7467,0.0218,0.0244,16.7467
기아,69,16.5336,0.0230,0.0241,16.5336
기아,59,16.4350,0.0119,0.0240,16.4350
기아,52,15.5694,0.0440,0.0227,15.5694
기아,76,12.6431,0.0270,0.0185,12.6431
기아,53,11.4722,0.0063,0.0167,11.4722
기아,99,11.1923,0.0253,0.0163,11.1923
기아,17,10.6073,0.0088,0.0155,10.6073
기아,29,7.9326,0.0037,0.0116,7.9326
기아,5,7.3750,0.0038,0.0108,7.3750
기아,43,5.4596,0.0117,0.0080,5.4596
기아,100,3.8572,0.0115,0.0056,3.8572
기아,50,3.6292,0.0053,0.0053,3.6292
기아,88,0.9643,0.0034,0.0014,0.9643
기아자동차,9,19.6953,0.0027,0.3538,19.6953
기아자동차,0,15.2492,0.0009,0.2739,15.2492
기아자동차,84,12.9491,0.0011,0.2326,12.9491
기아자동차,92,12.8517,0.0014,0.2308,12.8517
기아자동차,74,12.3232,0.0011,0.2214,12.3232
기아자동차,8,12.2561,0.0040,0.2202,12.2561
기아자동차,26,11.9579,0.0013,0.2148,11.9579
기아자동차,10,11.8700,0.0011,0.2132,11.8700
기아자동차,27,11.5103,0.0026,0.2068,11.5103
기아자동차,3,10.1485,0.0011,0.1823,10.1485
기아자동차,56,7.4781,0.0015,0.1343,7.4781
기아자동차,95,7.4781,0.0016,0.1343,7.4781
기아자동차,41,7.3048,0.0018,0.1312,7.3048
기아자동차,23,7.1940,0.0018,0.1292,7.1940
기아자동차,83,6.9824,0.0009,0.1254,6.9824
기아자동차,96,6.8941,0.0009,0.1238,6.8941
기아자동차,93,6.6774,0.0017,0.1199,6.6774
기아자동차,48,6.5744,0.0019,0.1181,6.5744
기아자동차,64,6.5241,0.0009,0.1172,6.5241
기아자동차,73,6.3881,0.0023,0.1147,6.3881
기아자동차,25,6.3342,0.0012,0.1138,6.3342
기아자동차,61,6.0787,0.0022,0.1092,6.0787
기아자동차,63,5.9355,0.0017,0.1066,5.9355
기아자동차,42,5.8893,0.0009,0.1058,5.8893
기아자동차,78,5.7361,0.0016,0.1030,5.7361
기아자동차,67,5.6692,0.0011,0.1018,5.6692
기아자동차,34,5.6272,0.0010,0.1011,5.6272
기아자동차,46,5.4060,0.0014,0.0971,5.4060
기아자동차,4,5.2346,0.0014,0.0940,5.2346
기아자동차,75,5.1936,0.0006,0.0933,5.1936
기아자동차,15,5.1134,0.0012,0.0918,5.1134
기아자동차,72,4.5590,0.0015,0.0819,4.5590
기아자동차,33,4.5226,0.0008,0.0812,4.5226
기아자동차,13,4.4516,0.0008,0.0800,4.4516
기아자동차,57,4.4516,0.0020,0.0800,4.4516
기아자동차,38,4.4493,0.0033,0.0799,4.4493
기아자동차,68,4.4170,0.0018,0.0793,4.4170
기아자동차,79,4.3494,0.0013,0.0781,4.3494
기아자동차,21,4.2519,0.0009,0.0764,4.2519
기아자동차,39,3.9925,0.0014,0.0717,3.9925
기아자동차,86,3.8933,0.0011,0.0699,3.8933
기아자동차,90,3.8614,0.0013,0.0694,3.8614
기아자동차,98,3.7992,0.0008,0.0682,3.7992
기아자동차,24,3.7689,0.0013,0.0677,3.7689
기아자동차,36,3.6808,0.0005,0.0661,3.6808
기아자동차,6,3.5970,0.0008,0.0646,3.5970
기아자동차,66,3.5433,0.0009,0.0636,3.5433
기아자동차,1,3.2493,0.0008,0.0584,3.2493
기아자동차,30,3.2493,0.0009,0.0584,3.2493
기아자동차,80,3.1671,0.0023,0.0569,3.1671
기아자동차,91,3.1407,0.0007,0.0564,3.1407
기아자동차,44,3.0640,0.0025,0.0550,3.0640
기아자동차,55,3.0640,0.0013,0.0550,3.0640
기아자동차,60,3.0640,0.0005,0.0550,3.0640
기아자동차,58,3.0394,0.0010,0.0546,3.0394
기아자동차,94,2.9677,0.0005,0.0533,2.9677
기아자동차,18,2.9447,0.0005,0.0529,2.9447
기아자동차,20,2.8776,0.0006,0.0517,2.8776
기아자동차,32,2.5477,0.0022,0.0458,2.5477
기아자동차,89,2.5022,0.0011,0.0449,2.5022
기아자동차,52,2.4583,0.0069,0.0442,2.4583
기아자동차,51,2.4161,0.0010,0.0434,2.4161
기아자동차,12,2.3955,0.0006,0.0430,2.3955
기아자동차,37,2.2795,0.0004,0.0409,2.2795
기아자동차,97,2.2434,0.0008,0.0403,2.2434
기아자동차,45,2.1915,0.0009,0.0394,2.1915
기아자동차,28,2.1747,0.0005,0.0391,2.1747
기아자동차,31,2.1747,0.0006,0.0391,2.1747
기아자동차,82,2.1747,0.0006,0.0391,2.1747
기아자동차,70,2.1582,0.0004,0.0388,2.1582
기아자동차,76,2.1072,0.0045,0.0379,2.1072
기아자동차,71,1.9286,0.0030,0.0346,1.9286
기아자동차,77,1.7970,0.0013,0.0323,1.7970
기아자동차,59,1.7300,0.0013,0.0311,1.7300
기아자동차,85,1.7300,0.0016,0.0311,1.7300
기아자동차,2,1.6985,0.0007,0.0305,1.6985
기아자동차,54,1.6985,0.0018,0.0305,1.6985
기아자동차,69,1.6534,0.0023,0.0297,1.6534
기아자동차,5,1.6389,0.0008,0.0294,1.6389
기아자동차,62,1.6389,0.0006,0.0294,1.6389
기아자동차,49,1.5703,0.0007,0.0282,1.5703
기아자동차,19,1.5573,0.0004,0.0280,1.5573
기아자동차,65,1.5573,0.0004,0.0280,1.5573
기아자동차,87,1.5075,0.0005,0.0271,1.5075
기아자동차,7,1.4956,0.0004,0.0269,1.4956
기아자동차,16,1.4723,0.0003,0.0264,1.4723
기아자동차,88,0.9643,0.0034,0.0173,0.9643
기아자동차,53,0.8194,0.0005,0.0147,0.8194
기아자동차,47,0.7852,0.0003,0.0141,0.7852
기아차,92,4.9979,0.0006,0.3314,4.9979
기아차,8,3.8300,0.0012,0.2540,3.8300
기아차,24,3.7689,0.0013,0.2499,3.7689
기아차,27,3.5970,0.0008,0.2385,3.5970
기아차,33,3.0151,0.0005,0.1999,3.0151
기아차,57,2.9677,0.0013,0.1968,2.9677
기아차,68,2.9447,0.0012,0.1953,2.9447
기아차,41,2.9219,0.0007,0.1938,2.9219
기아차,45,2.9219,0.0012,0.1938,2.9219
기아차,23,2.8776,0.0007,0.1908,2.8776
기아차,10,2.7929,0.0002,0.1852,2.7929
기아차,0,2.7726,0.0002,0.1839,2.7726
기아차,46,2.3169,0.0006,0.1536,2.3169
기아차,90,2.3169,0.0008,0.1536,2.3169
기아차,72,2.2795,0.0007,0.1512,2.2795
기아차,99,2.2385,0.0051,0.1484,2.2385
기아차,63,2.2258,0.0006,0.1476,2.2258
기아차,75,2.2258,0.0003,0.1476,2.2258
기아차,3,2.1747,0.0002,0.1442,2.1747
기아차,74,2.1747,0.0002,0.1442,2.1747
기아차,79,2.1747,0.0006,0.1442,2.1747
기아차,84,2.1582,0.0002,0.1431,2.1582
기아차,26,2.1102,0.0002,0.1399,2.1102
기아차,51,1.6107,0.0007,0.1068,1.6107
기아차,80,1.5836,0.0011,0.1050,1.5836
기아차,49,1.5703,0.0007,0.1041,1.5703
기아차,55,1.5320,0.0007,0.1016,1.5320
기아차,4,1.4956,0.0004,0.0992,1.4956
기아차,95,1.4956,0.0003,0.0992,1.4956
기아차,48,1.4610,0.0004,0.0969,1.4610
기아차,21,1.4173,0.0003,0.0940,1.4173
기아차,67,1.4173,0.0003,0.0940,1.4173
기아차,9,1.4068,0.0002,0.0933,1.4068
기아차,34,1.4068,0.0003,0.0933,1.4068
기아차,11,1.0181,0.0011,0.0675,1.0181
기아차,40,0.9255,0.0004,0.0614,0.9255
기아차,77,0.8985,0.0006,0.0596,0.8985
기아차,32,0.8492,0.0007,0.0563,0.8492
기아차,5,0.8194,0.0004,0.0543,0.8194
기아차,52,0.8194,0.0023,0.0543,0.8194
기아차,78,0.8194,0.0002,0.0543,0.8194
기아차,39,0.7985,0.0003,0.0529,0.7985
기아차,73,0.7985,0.0003,0.0529,0.7985
기아차,65,0.7787,0.0002,0.0516,0.7787
기아차,86,0.7787,0.0002,0.0516,0.7787
기아차,44,0.7660,0.0006,0.0508,0.7660
기아차,58,0.7598,0.0002,0.0504,0.7598
기아차,61,0.7598,0.0003,0.0504,0.7598
기아차,87,0.7538,0.0002,0.0500,0.7538
기아차,7,0.7478,0.0002,0.0496,0.7478
기아차,13,0.7419,0.0001,0.0492,0.7419
기아차,93,0.7419,0.0002,0.0492,0.7419
기아차,16,0.7362,0.0001,0.0488,0.7362
기아차,36,0.7362,0.0001,0.0488,0.7362
기아차,42,0.7362,0.0001,0.0488,0.7362
기아차,28,0.7249,0.0002,0.0481,0.7249
기아차,82,0.7249,0.0002,0.0481,0.7249
네이버,0,252.9987,0.0146,0.3120,252.9987
네이버,10,151.5173,0.0134,0.1868,151.5173
네이버,83,150.8190,0.0198,0.1860,150.8190
네이버,25,145.6871,0.0266,0.1796,145.6871
네이버,70,141.0015,0.0252,0.1739,141.0015
네이버,84,140.2821,0.0124,0.1730,140.2821
네이버,3,137.0053,0.0143,0.1689,137.0053
네이버,74,132.6559,0.0117,0.1636,132.6559
네이버,26,119.5786,0.0130,0.1474,119.5786
네이버,14,117.8710,0.0446,0.1453,117.8710
네이버,9,112.5446,0.0155,0.1388,112.5446
네이버,56,112.1708,0.0221,0.1383,112.1708
네이버,30,112.1023,0.0295,0.1382,112.1023
네이버,92,107.0972,0.0119,0.1321,107.0972
네이버,20,105.0317,0.0226,0.1295,105.0317
네이버,82,102.9352,0.0278,0.1269,102.9352
네이버,6,102.8735,0.0218,0.1268,102.8735
네이버,64,102.2103,0.0144,0.1260,102.2103
네이버,39,98.2164,0.0352,0.1211,98.2164
네이버,67,97.7939,0.0183,0.1206,97.7939
네이버,21,97.0852,0.0203,0.1197,97.0852
네이버,47,96.5754,0.0427,0.1191,96.5754
네이버,23,96.3990,0.0241,0.1189,96.3990
네이버,32,95.9626,0.0812,0.1183,95.9626
네이버,18,95.7014,0.0162,0.1180,95.7014
네이버,36,94.9652,0.0119,0.1171,94.9652
네이버,42,94.2291,0.0139,0.1162,94.2291
네이버,4,92.7279,0.0244,0.1143,92.7279
네이버,66,89.2901,0.0224,0.1101,89.2901
네이버,75,87.5486,0.0103,0.1080,87.5486
네이버,8,87.3250,0.0282,0.1077,87.3250
네이버,60,87.3250,0.0129,0.1077,87.3250
네이버,45,86.1972,0.0352,0.1063,86.1972
네이버,96,85.0269,0.0110,0.1048,85.0269
네이버,79,84.0879,0.0249,0.1037,84.0879
네이버,78,82.7635,0.0230,0.1021,82.7635
네이버,86,82.5390,0.0230,0.1018,82.5390
네이버,31,80.4634,0.0218,0.0992,80.4634
네이버,94,77.9034,0.0123,0.0961,77.9034
네이버,73,77.4552,0.0284,0.0955,77.4552
네이버,13,74.9357,0.0136,0.0924,74.9357
네이버,55,74.3028,0.0325,0.0916,74.3028
네이버,68,73.6165,0.0308,0.0908,73.6165
네이버,61,72.9445,0.0259,0.0899,72.9445
네이버,34,72.4506,0.0133,0.0893,72.4506
네이버,24,71.6083,0.0243,0.0883,71.6083
네이버,33,71.6083,0.0130,0.0883,71.6083
네이버,27,71.2201,0.0163,0.0878,71.2201
네이버,12,69.4702,0.0186,0.0857,69.4702
네이버,2,68.7873,0.0290,0.0848,68.7873
네이버,37,68.3855,0.0112,0.0843,68.3855
네이버,28,66.6904,0.0147,0.0822,66.6904
네이버,41,66.4741,0.0168,0.0820,66.4741
네이버,51,65.2341,0.0265,0.0804,65.2341
네이버,29,63.4611,0.0296,0.0783,63.4611
네이버,98,62.3068,0.0124,0.0768,62.3068
네이버,99,61.5577,0.1389,0.0759,61.5577
네이버,48,60.6302,0.0174,0.0748,60.6302
네이버,81,60.5498,0.0371,0.0747,60.5498
네이버,7,59.0766,0.0164,0.0728,59.0766
네이버,95,59.0766,0.0125,0.0728,59.0766
네이버,16,58.8932,0.0120,0.0726,58.8932
네이버,19,56.0642,0.0136,0.0691,56.0642
네이버,65,55.2855,0.0134,0.0682,55.2855
네이버,62,54.9025,0.0203,0.0677,54.9025
네이버,90,54.8322,0.0182,0.0676,54.8322
네이버,15,54.0559,0.0122,0.0667,54.0559
네이버,1,52.8018,0.0131,0.0651,52.8018
네이버,87,52.7640,0.0161,0.0651,52.7640
네이버,58,51.6690,0.0168,0.0637,51.6690
네이버,72,50.9092,0.0163,0.0628,50.9092
네이버,91,49.4655,0.0106,0.0610,49.4655
네이버,46,47.1094,0.0126,0.0581,47.1094
네이버,44,45.9605,0.0371,0.0567,45.9605
네이버,35,45.1945,0.0252,0.0557,45.1945
네이버,40,43.4975,0.0177,0.0536,43.4975
네이버,63,42.2904,0.0120,0.0521,42.2904
네이버,93,38.5807,0.0101,0.0476,38.5807
네이버,38,38.2639,0.0288,0.0472,38.2639
네이버,5,36.8748,0.0189,0.0455,36.8748
네이버,53,36.8748,0.0203,0.0455,36.8748
네이버,59,34.5999,0.0252,0.0427,34.5999
네이버,57,34.1291,0.0151,0.0421,34.1291
네이버,49,32.9770,0.0143,0.0407,32.9770
네이버,97,32.9034,0.0111,0.0406,32.9034
네이버,80,31.6711,0.0226,0.0391,31.6711
네이버,77,31.4470,0.0219,0.0388,31.4470
네이버,89,30.0259,0.0129,0.0370,30.0259
네이버,11,27.4880,0.0294,0.0339,27.4880
네이버,22,20.2723,0.0263,0.0250,20.2723
네이버,69,19.0136,0.0265,0.0234,19.0136
네이버,71,18.3217,0.0290,0.0226,18.3217
네이버,54,17.8338,0.0190,0.0220,17.8338
네이버,17,15.4288,0.0127,0.0190,15.4288
네이버,43,13.1031,0.0280,0.0162,13.1031
네이버,85,12.9750,0.0117,0.0160,12.9750
네이버,76,7.3751,0.0158,0.0091,7.3751
네이버,100,5.7858,0.0173,0.0071,5.7858
네이버,52,4.9166,0.0139,0.0061,4.9166
네이버,88,3.8572,0.0135,0.0048,3.8572
네이버,50,1.8146,0.0026,0.0022,1.8146
니오,74,4.3494,0.0004,0.2885,4.3494
니오,26,4.2204,0.0005,0.2800,4.2204
니오,8,3.8300,0.0012,0.2541,3.8300
니오,56,3.7390,0.0007,0.2481,3.7390
니오,27,3.5970,0.0008,0.2386,3.5970
니오,84,3.5970,0.0003,0.2386,3.5970
니오,92,3.5699,0.0004,0.2368,3.5699
니오,0,3.4657,0.0002,0.2299,3.4657
니오,4,2.9912,0.0008,0.1984,2.9912
니오,3,2.8996,0.0003,0.1924,2.8996
니오,78,2.4583,0.0007,0.1631,2.4583
니오,25,2.3753,0.0004,0.1576,2.3753
니오,93,2.2258,0.0006,0.1477,2.2258
니오,68,2.2085,0.0009,0.1465,2.2085
니오,48,2.1915,0.0006,0.1454,2.1915
니오,64,2.1747,0.0003,0.1443,2.1747
니오,23,2.1582,0.0005,0.1432,2.1582
니오,9,2.1102,0.0003,0.1400,2.1102
니오,10,2.0947,0.0002,0.1390,2.0947
니오,83,2.0947,0.0003,0.1390,2.0947
니오,59,1.7300,0.0013,0.1148,1.7300
니오,52,1.6389,0.0046,0.1087,1.6389
니오,39,1.5970,0.0006,0.1060,1.5970
니오,86,1.5573,0.0004,0.1033,1.5573
니오,90,1.5446,0.0005,0.1025,1.5446
니오,61,1.5197,0.0005,0.1008,1.5197
니오,24,1.5075,0.0005,0.1000,1.5075
니오,13,1.4839,0.0003,0.0984,1.4839
니오,42,1.4723,0.0002,0.0977,1.4723
니오,15,1.4610,0.0003,0.0969,1.4610
니오,41,1.4610,0.0004,0.0969,1.4610
니오,20,1.4388,0.0003,0.0955,1.4388
니오,34,1.4068,0.0003,0.0933,1.4068
니오,38,0.8899,0.0007,0.0590,0.8899
니오,89,0.8341,0.0004,0.0553,0.8341
니오,62,0.8194,0.0003,0.0544,0.8194
니오,30,0.8123,0.0002,0.0539,0.8123
니오,12,0.7985,0.0002,0.0530,0.7985
니오,73,0.7985,0.0003,0.0530,0.7985
니오,80,0.7918,0.0006,0.0525,0.7918
니오,47,0.7852,0.0003,0.0521,0.7852
니오,55,0.7660,0.0003,0.0508,0.7660
니오,58,0.7598,0.0002,0.0504,0.7598
니오,72,0.7598,0.0002,0.0504,0.7598
니오,33,0.7538,0.0001,0.0500,0.7538
니오,95,0.7478,0.0002,0.0496,0.7478
니오,97,0.7478,0.0003,0.0496,0.7478
니오,57,0.7419,0.0003,0.0492,0.7419
니오,63,0.7419,0.0002,0.0492,0.7419
니오,75,0.7419,0.0001,0.0492,0.7419
니오,16,0.7362,0.0001,0.0488,0.7362
니오,18,0.7362,0.0001,0.0488,0.7362
니오,45,0.7305,0.0003,0.0485,0.7305
니오,28,0.7249,0.0002,0.0481,0.7249
니오,79,0.7249,0.0002,0.0481,0.7249
니오,21,0.7087,0.0001,0.0470,0.7087
니오,66,0.7087,0.0002,0.0470,0.7087
니오,67,0.7087,0.0001,0.0470,0.7087
도우인시스,10,4.8877,0.0004,0.5826,4.8877
도우인시스,12,2.3955,0.0006,0.2856,2.3955
도우인시스,63,2.2258,0.0006,0.2653,2.2258
도우인시스,9,2.1102,0.0003,0.2516,2.1102
도우인시스,0,2.0794,0.0001,0.2479,2.0794
도우인시스,74,1.4498,0.0001,0.1728,1.4498
도우인시스,84,1.4388,0.0001,0.1715,1.4388
도우인시스,92,1.4280,0.0002,0.1702,1.4280
도우인시스,26,1.4068,0.0002,0.1677,1.4068
도우인시스,34,1.4068,0.0003,0.1677,1.4068
도우인시스,83,1.3965,0.0002,0.1665,1.3965
도우인시스,89,0.8341,0.0004,0.0994,0.8341
도우인시스,62,0.8194,0.0003,0.0977,0.8194
도우인시스,78,0.8194,0.0002,0.0977,0.8194
도우인시스,30,0.8123,0.0002,0.0968,0.8123
도우인시스,39,0.7985,0.0003,0.0952,0.7985
도우인시스,25,0.7918,0.0001,0.0944,0.7918
도우인시스,86,0.7787,0.0002,0.0928,0.7787
도우인시스,44,0.7660,0.0006,0.0913,0.7660
도우인시스,55,0.7660,0.0003,0.0913,0.7660
도우인시스,60,0.7660,0.0001,0.0913,0.7660
도우인시스,72,0.7598,0.0002,0.0906,0.7598
도우인시스,56,0.7478,0.0001,0.0891,0.7478
도우인시스,97,0.7478,0.0003,0.0891,0.7478
도우인시스,57,0.7419,0.0003,0.0884,0.7419
도우인시스,68,0.7362,0.0003,0.0878,0.7362
도우인시스,15,0.7305,0.0002,0.0871,0.7305
도우인시스,41,0.7305,0.0002,0.0871,0.7305
도우인시스,45,0.7305,0.0003,0.0871,0.7305
도우인시스,48,0.7305,0.0002,0.0871,0.7305
도우인시스,3,0.7249,0.0001,0.0864,0.7249
도우인시스,28,0.7249,0.0002,0.0864,0.7249
도우인시스,64,0.7249,0.0001,0.0864,0.7249
도우인시스,79,0.7249,0.0002,0.0864,0.7249
도우인시스,23,0.7194,0.0002,0.0858,0.7194
도우인시스,27,0.7194,0.0002,0.0858,0.7194
도우인시스,66,0.7087,0.0002,0.0845,0.7087
두산로보틱스,81,108.1247,0.0662,0.6249,108.1247
두산로보틱스,9,53.4587,0.0074,0.3090,53.4587
두산로보틱스,10,50.9712,0.0045,0.2946,50.9712
두산로보틱스,26,38.6872,0.0042,0.2236,38.6872
두산로보틱스,92,37.1270,0.0041,0.2146,37.1270
두산로보틱스,79,26.8211,0.0080,0.1550,26.8211
두산로보틱스,83,25.8347,0.0034,0.1493,25.8347
두산로보틱스,0,25.6464,0.0015,0.1482,25.6464
두산로보틱스,27,23.0207,0.0053,0.1331,23.0207
두산로보틱스,34,21.1021,0.0039,0.1220,21.1021
두산로보틱스,20,20.8625,0.0045,0.1206,20.8625
두산로보틱스,48,20.4536,0.0059,0.1182,20.4536
두산로보틱스,15,18.9926,0.0043,0.1098,18.9926
두산로보틱스,84,18.7043,0.0017,0.1081,18.7043
두산로보틱스,57,18.5484,0.0082,0.1072,18.5484
두산로보틱스,93,18.5484,0.0048,0.1072,18.5484
두산로보틱스,3,18.1224,0.0019,0.1047,18.1224
두산로보틱스,28,18.1224,0.0040,0.1047,18.1224
두산로보틱스,36,16.9318,0.0021,0.0979,16.9318
두산로보틱스,18,16.1956,0.0027,0.0936,16.1956
두산로보틱스,41,15.3402,0.0039,0.0887,15.3402
두산로보틱스,89,14.1789,0.0061,0.0820,14.1789
두산로보틱스,24,12.8141,0.0044,0.0741,12.8141
두산로보틱스,67,12.7557,0.0024,0.0737,12.7557
두산로보틱스,74,12.3232,0.0011,0.0712,12.3232
두산로보틱스,21,11.3384,0.0024,0.0655,11.3384
두산로보틱스,95,11.2171,0.0024,0.0648,11.2171
두산로보틱스,91,10.9923,0.0024,0.0635,10.9923
두산로보틱스,72,10.6377,0.0034,0.0615,10.6377
두산로보틱스,76,10.5359,0.0225,0.0609,10.5359
두산로보틱스,16,10.3063,0.0021,0.0596,10.3063
두산로보틱스,90,10.0397,0.0033,0.0580,10.0397
두산로보틱스,4,9.7215,0.0026,0.0562,9.7215
두산로보틱스,80,9.5013,0.0068,0.0549,9.5013
두산로보틱스,64,9.4236,0.0013,0.0545,9.4236
두산로보틱스,46,9.2674,0.0025,0.0536,9.2674
두산로보틱스,8,9.1921,0.0030,0.0531,9.1921
두산로보틱스,42,8.8340,0.0013,0.0511,8.8340
두산로보틱스,65,8.5654,0.0021,0.0495,8.5654
두산로보틱스,33,8.2915,0.0015,0.0479,8.2915
두산로보틱스,23,7.9133,0.0020,0.0457,7.9133
두산로보틱스,70,7.9133,0.0014,0.0457,7.9133
두산로보틱스,66,7.7952,0.0020,0.0451,7.7952
두산로보틱스,96,7.6601,0.0010,0.0443,7.6601
두산로보틱스,56,7.4781,0.0015,0.0432,7.4781
두산로보틱스,63,7.4194,0.0021,0.0429,7.4194
두산로보틱스,73,7.1866,0.0026,0.0415,7.1866
두산로보틱스,25,7.1260,0.0013,0.0412,7.1260
두산로보틱스,71,6.7501,0.0107,0.0390,6.7501
두산로보틱스,97,6.7303,0.0023,0.0389,6.7303
두산로보틱스,31,6.5241,0.0018,0.0377,6.5241
두산로보틱스,82,6.5241,0.0018,0.0377,6.5241
두산로보틱스,30,6.4987,0.0017,0.0376,6.4987
두산로보틱스,6,6.4746,0.0014,0.0374,6.4746
두산로보틱스,35,6.1281,0.0034,0.0354,6.1281
두산로보틱스,13,5.9355,0.0011,0.0343,5.9355
두산로보틱스,61,5.3189,0.0019,0.0307,5.3189
두산로보틱스,68,5.1532,0.0022,0.0298,5.1532
두산로보틱스,37,4.5590,0.0007,0.0264,4.5590
두산로보틱스,98,4.5590,0.0009,0.0264,4.5590
두산로보틱스,75,4.4516,0.0005,0.0257,4.4516
두산로보틱스,22,4.4070,0.0057,0.0255,4.4070
두산로보틱스,86,3.8933,0.0011,0.0225,3.8933
두산로보틱스,58,3.7992,0.0012,0.0220,3.7992
두산로보틱스,78,3.2778,0.0009,0.0189,3.2778
두산로보틱스,1,3.2493,0.0008,0.0188,3.2493
두산로보틱스,12,3.1940,0.0009,0.0185,3.1940
두산로보틱스,44,3.0640,0.0025,0.0177,3.0640
두산로보틱스,60,3.0640,0.0005,0.0177,3.0640
두산로보틱스,94,2.9677,0.0005,0.0172,2.9677
두산로보틱스,52,2.4583,0.0069,0.0142,2.4583
두산로보틱스,85,1.7300,0.0016,0.0100,1.7300
두산로보틱스,69,1.6534,0.0023,0.0096,1.6534
두산로보틱스,62,1.6389,0.0006,0.0095,1.6389
두산로보틱스,51,1.6107,0.0007,0.0093,1.6107
두산로보틱스,49,1.5703,0.0007,0.0091,1.5703
두산로보틱스,55,1.5320,0.0007,0.0089,1.5320
두산로보틱스,87,1.5075,0.0005,0.0087,1.5075
두산로보틱스,45,1.4610,0.0006,0.0084,1.4610
두산로보틱스,11,1.0181,0.0011,0.0059,1.0181
두산로보틱스,38,0.8899,0.0007,0.0051,0.8899
두산로보틱스,29,0.8814,0.0004,0.0051,0.8814
두산로보틱스,59,0.8650,0.0006,0.0050,0.8650
두산로보틱스,54,0.8492,0.0009,0.0049,0.8492
두산로보틱스,53,0.8194,0.0005,0.0047,0.8194
두산로보틱스,47,0.7852,0.0003,0.0045,0.7852
두산로보틱스,19,0.7787,0.0002,0.0045,0.7787
두산로보틱스,7,0.7478,0.0002,0.0043,0.7478
디지타임스,0,13.1698,0.0008,0.3610,13.1698
디지타임스,60,10.7241,0.0016,0.2939,10.7241
디지타임스,84,10.0715,0.0009,0.2760,10.0715
디지타임스,74,9.4236,0.0008,0.2583,9.4236
디지타임스,42,8.0978,0.0012,0.2219,8.0978
디지타임스,25,7.9178,0.0014,0.2170,7.9178
디지타임스,26,7.7374,0.0008,0.2121,7.7374
디지타임스,10,7.6806,0.0007,0.2105,7.6806
디지타임스,83,6.9824,0.0009,0.1914,6.9824
디지타임스,92,6.4258,0.0007,0.1761,6.4258
디지타임스,86,6.2294,0.0017,0.1707,6.2294
디지타임스,56,5.9824,0.0012,0.1640,5.9824
디지타임스,15,5.8439,0.0013,0.1602,5.8439
디지타임스,78,5.7361,0.0016,0.1572,5.7361
디지타임스,12,5.5896,0.0015,0.1532,5.5896
디지타임스,9,4.9238,0.0007,0.1350,4.9238
디지타임스,96,4.5961,0.0006,0.1260,4.5961
디지타임스,37,4.5590,0.0007,0.1250,4.5590
디지타임스,98,4.5590,0.0009,0.1250,4.5590
디지타임스,75,4.4516,0.0005,0.1220,4.4516
디지타임스,36,4.4170,0.0006,0.1211,4.4170
디지타임스,64,4.3494,0.0006,0.1192,4.3494
디지타임스,30,4.0617,0.0011,0.1113,4.0617
디지타임스,94,3.7097,0.0006,0.1017,3.7097
디지타임스,27,3.5970,0.0008,0.0986,3.5970
디지타임스,97,2.9912,0.0010,0.0820,2.9912
디지타임스,13,2.9677,0.0005,0.0813,2.9677
디지타임스,63,2.9677,0.0008,0.0813,2.9677
디지타임스,93,2.9677,0.0008,0.0813,2.9677
디지타임스,28,2.8996,0.0006,0.0795,2.8996
디지타임스,79,2.8996,0.0009,0.0795,2.8996
디지타임스,70,2.8776,0.0005,0.0789,2.8776
디지타임스,66,2.8346,0.0007,0.0777,2.8346
디지타임스,34,2.8136,0.0005,0.0771,2.8136
디지타임스,62,2.4583,0.0009,0.0674,2.4583
디지타임스,19,2.3360,0.0006,0.0640,2.3360
디지타임스,95,2.2434,0.0005,0.0615,2.2434
디지타임스,45,2.1915,0.0009,0.0601,2.1915
디지타임스,3,2.1747,0.0002,0.0596,2.1747
디지타임스,20,2.1582,0.0005,0.0592,2.1582
디지타임스,29,1.7628,0.0008,0.0483,1.7628
디지타임스,73,1.5970,0.0006,0.0438,1.5970
디지타임스,46,1.5446,0.0004,0.0423,1.5446
디지타임스,58,1.5197,0.0005,0.0417,1.5197
디지타임스,33,1.5075,0.0003,0.0413,1.5075
디지타임스,87,1.5075,0.0005,0.0413,1.5075
디지타임스,7,1.4956,0.0004,0.0410,1.4956
디지타임스,57,1.4839,0.0007,0.0407,1.4839
디지타임스,16,1.4723,0.0003,0.0404,1.4723
디지타임스,18,1.4723,0.0002,0.0404,1.4723
디지타임스,68,1.4723,0.0006,0.0404,1.4723
디지타임스,41,1.4610,0.0004,0.0400,1.4610
디지타임스,31,1.4498,0.0004,0.0397,1.4498
디지타임스,82,1.4498,0.0004,0.0397,1.4498
디지타임스,6,1.4388,0.0003,0.0394,1.4388
디지타임스,21,1.4173,0.0003,0.0388,1.4173
디지타임스,67,1.4173,0.0003,0.0388,1.4173
디지타임스,81,0.8650,0.0005,0.0237,0.8650
디지타임스,2,0.8492,0.0004,0.0233,0.8492
디지타임스,5,0.8194,0.0004,0.0225,0.8194
디지타임스,53,0.8194,0.0005,0.0225,0.8194
디지타임스,80,0.7918,0.0006,0.0217,0.7918
디지타임스,49,0.7852,0.0003,0.0215,0.7852
디지타임스,65,0.7787,0.0002,0.0213,0.7787
디지타임스,90,0.7723,0.0003,0.0212,0.7723
디지타임스,55,0.7660,0.0003,0.0210,0.7660
디지타임스,61,0.7598,0.0003,0.0208,0.7598
디지타임스,72,0.7598,0.0002,0.0208,0.7598
디지타임스,24,0.7538,0.0003,0.0207,0.7538
디지타임스,48,0.7305,0.0002,0.0200,0.7305
디지타임스,23,0.7194,0.0002,0.0197,0.7194
딥엑스,83,4.1894,0.0006,0.6976,4.1894
딥엑스,95,1.4956,0.0003,0.2490,1.4956
딥엑스,21,1.4173,0.0003,0.2360,1.4173
딥엑스,10,1.3965,0.0001,0.2325,1.3965
딥엑스,40,0.9255,0.0004,0.1541,0.9255
딥엑스,59,0.8650,0.0006,0.1440,0.8650
딥엑스,53,0.8194,0.0005,0.1364,0.8194
딥엑스,12,0.7985,0.0002,0.1330,0.7985
딥엑스,86,0.7787,0.0002,0.1297,0.7787
딥엑스,4,0.7478,0.0002,0.1245,0.7478
딥엑스,16,0.7362,0.0001,0.1226,0.7362
딥엑스,18,0.7362,0.0001,0.1226,0.7362
딥엑스,41,0.7305,0.0002,0.1216,0.7305
딥엑스,48,0.7305,0.0002,0.1216,0.7305
딥엑스,31,0.7249,0.0002,0.1207,0.7249
딥엑스,82,0.7249,0.0002,0.1207,0.7249
딥엑스,6,0.7194,0.0002,0.1198,0.7194
딥엑스,20,0.7194,0.0002,0.1198,0.7194
딥엑스,27,0.7194,0.0002,0.1198,0.7194
딥엑스,70,0.7194,0.0001,0.1198,0.7194
딥엑스,66,0.7087,0.0002,0.1180,0.7087
딥엑스,67,0.7087,0.0001,0.1180,0.7087
딥엑스,9,0.7034,0.0001,0.1171,0.7034
딥엑스,26,0.7034,0.0001,0.1171,0.7034
딥엑스,34,0.7034,0.0001,0.1171,0.7034
딥엑스,0,0.6931,0.0000,0.1154,0.6931
레노버,40,142.5238,0.0579,0.6929,142.5238
레노버,0,51.2929,0.0030,0.2494,51.2929
레노버,7,45.6161,0.0127,0.2218,45.6161
레노버,94,36.3549,0.0057,0.1767,36.3549
레노버,74,34.0701,0.0030,0.1656,34.0701
레노버,17,30.8576,0.0255,0.1500,30.8576
레노버,84,26.6176,0.0024,0.1294,26.6176
레노버,13,25.9678,0.0047,0.1262,25.9678
레노버,96,25.2783,0.0033,0.1229,25.2783
레노버,53,24.5832,0.0136,0.1195,24.5832
레노버,60,23.7463,0.0035,0.1154,23.7463
레노버,64,23.1967,0.0033,0.1128,23.1967
레노버,75,22.2581,0.0026,0.1082,22.2581
레노버,36,22.0849,0.0028,0.1074,22.0849
레노버,19,21.8027,0.0053,0.1060,21.8027
레노버,37,21.2755,0.0035,0.1034,21.2755
레노버,23,20.8625,0.0052,0.1014,20.8625
레노버,70,20.8625,0.0037,0.1014,20.8625
레노버,10,20.2489,0.0018,0.0984,20.2489
레노버,77,19.7667,0.0138,0.0961,19.7667
레노버,51,19.3286,0.0079,0.0940,19.3286
레노버,98,18.9960,0.0038,0.0924,18.9960
레노버,42,18.4041,0.0027,0.0895,18.4041
레노버,25,18.2109,0.0033,0.0885,18.2109
레노버,3,18.1224,0.0019,0.0881,18.1224
레노버,26,17.5851,0.0019,0.0855,17.5851
레노버,56,16.4517,0.0032,0.0800,16.4517
레노버,92,16.4216,0.0018,0.0798,16.4216
레노버,2,16.1353,0.0068,0.0784,16.1353
레노버,83,16.0594,0.0021,0.0781,16.0594
레노버,29,15.8653,0.0074,0.0771,15.8653
레노버,30,15.4344,0.0041,0.0750,15.4344
레노버,87,14.3217,0.0044,0.0696,14.3217
레노버,24,13.5679,0.0046,0.0660,13.5679
레노버,20,11.5103,0.0025,0.0560,11.5103
레노버,27,10.7909,0.0025,0.0525,10.7909
레노버,8,10.7241,0.0035,0.0521,10.7241
레노버,78,10.6527,0.0030,0.0518,10.6527
레노버,68,10.3063,0.0043,0.0501,10.3063
레노버,91,10.2072,0.0022,0.0496,10.2072
레노버,33,9.7990,0.0018,0.0476,9.7990
레노버,93,9.6452,0.0025,0.0469,9.6452
레노버,66,9.2125,0.0023,0.0448,9.2125
레노버,12,8.7836,0.0023,0.0427,8.7836
레노버,41,8.7658,0.0022,0.0426,8.7658
레노버,31,8.6988,0.0024,0.0423,8.6988
레노버,86,8.5654,0.0024,0.0416,8.5654
레노버,21,8.5038,0.0018,0.0413,8.5038
레노버,9,8.4408,0.0012,0.0410,8.4408
레노버,34,8.4408,0.0016,0.0410,8.4408
레노버,58,8.3582,0.0027,0.0406,8.3582
레노버,18,8.0978,0.0014,0.0394,8.0978
레노버,28,7.9739,0.0018,0.0388,7.9739
레노버,72,7.5984,0.0024,0.0369,7.5984
레노버,62,7.3750,0.0027,0.0359,7.3750
레노버,15,7.3048,0.0016,0.0355,7.3048
레노버,82,7.2490,0.0020,0.0352,7.2490
레노버,38,7.1189,0.0054,0.0346,7.1189
레노버,67,7.0865,0.0013,0.0345,7.0865
레노버,6,6.4746,0.0014,0.0315,6.4746
레노버,61,6.0787,0.0022,0.0296,6.0787
레노버,95,5.9824,0.0013,0.0291,5.9824
레노버,48,5.8439,0.0017,0.0284,5.8439
레노버,90,5.4060,0.0018,0.0263,5.4060
레노버,55,5.3621,0.0023,0.0261,5.3621
레노버,97,5.2346,0.0018,0.0254,5.2346
레노버,52,4.9166,0.0139,0.0239,4.9166
레노버,46,4.6337,0.0012,0.0225,4.6337
레노버,16,4.4170,0.0009,0.0215,4.4170
레노버,85,4.3250,0.0039,0.0210,4.3250
레노버,32,4.2461,0.0036,0.0206,4.2461
레노버,54,4.2461,0.0045,0.0206,4.2461
레노버,5,4.0972,0.0021,0.0199,4.0972
레노버,1,4.0617,0.0010,0.0197,4.0617
레노버,73,3.9925,0.0015,0.0194,3.9925
레노버,65,3.8933,0.0009,0.0189,3.8933
레노버,4,3.7390,0.0010,0.0182,3.7390
레노버,57,3.7097,0.0016,0.0180,3.7097
레노버,45,3.6524,0.0015,0.0178,3.6524
레노버,81,3.4600,0.0021,0.0168,3.4600
레노버,99,3.3577,0.0076,0.0163,3.3577
레노버,43,3.2758,0.0070,0.0159,3.2758
레노버,39,3.1940,0.0011,0.0155,3.1940
레노버,47,3.1407,0.0014,0.0153,3.1407
레노버,63,2.9677,0.0008,0.0144,2.9677
레노버,79,2.8996,0.0009,0.0141,2.8996
레노버,14,2.6194,0.0010,0.0127,2.6194
레노버,49,2.3555,0.0010,0.0115,2.3555
레노버,44,2.2980,0.0019,0.0112,2.2980
레노버,88,1.9286,0.0067,0.0094,1.9286
레노버,69,1.6534,0.0023,0.0080,1.6534
레노버,35,1.5320,0.0009,0.0074,1.5320
레노버,11,1.0181,0.0011,0.0049,1.0181
레노버,71,0.9643,0.0015,0.0047,0.9643
레노버,59,0.8650,0.0006,0.0042,0.8650
리벨리온,0,12.4766,0.0007,0.2982,12.4766
리벨리온,10,11.1718,0.0010,0.2670,11.1718
리벨리온,41,9.4963,0.0024,0.2270,9.4963
리벨리온,83,9.0771,0.0012,0.2170,9.0771
리벨리온,4,8.9737,0.0024,0.2145,8.9737
리벨리온,26,8.4408,0.0009,0.2018,8.4408
리벨리온,84,7.1940,0.0006,0.1720,7.1940
리벨리온,21,7.0865,0.0015,0.1694,7.0865
리벨리온,67,7.0865,0.0013,0.1694,7.0865
리벨리온,34,7.0340,0.0013,0.1681,7.0340
리벨리온,90,6.9506,0.0023,0.1661,6.9506
리벨리온,16,6.6255,0.0013,0.1584,6.6255
리벨리온,18,6.6255,0.0011,0.1584,6.6255
리벨리온,9,6.3306,0.0009,0.1513,6.3306
리벨리온,95,5.9824,0.0013,0.1430,5.9824
리벨리온,48,5.8439,0.0017,0.1397,5.8439
리벨리온,74,5.7992,0.0005,0.1386,5.7992
리벨리온,6,5.7552,0.0012,0.1376,5.7552
리벨리온,20,5.7552,0.0012,0.1376,5.7552
리벨리온,72,5.3189,0.0017,0.1271,5.3189
리벨리온,13,5.1936,0.0009,0.1241,5.1936
리벨리온,75,5.1936,0.0006,0.1241,5.1936
리벨리온,42,5.1532,0.0008,0.1232,5.1532
리벨리온,3,5.0743,0.0005,0.1213,5.0743
리벨리온,70,5.0358,0.0009,0.1204,5.0358
리벨리온,92,4.9979,0.0006,0.1195,4.9979
리벨리온,36,4.4170,0.0006,0.1056,4.4170
리벨리온,64,4.3494,0.0006,0.1040,4.3494
리벨리온,66,4.2519,0.0011,0.1016,4.2519
리벨리온,73,3.9925,0.0015,0.0954,3.9925
리벨리온,19,3.8933,0.0009,0.0931,3.8933
리벨리온,35,3.8300,0.0021,0.0915,3.8300
리벨리온,98,3.7992,0.0008,0.0908,3.7992
리벨리온,33,3.7689,0.0007,0.0901,3.7689
리벨리온,63,3.7097,0.0011,0.0887,3.7097
리벨리온,68,3.6808,0.0015,0.0880,3.6808
리벨리온,28,3.6245,0.0008,0.0866,3.6245
리벨리온,31,3.6245,0.0010,0.0866,3.6245
리벨리온,82,3.6245,0.0010,0.0866,3.6245
리벨리온,23,3.5970,0.0009,0.0860,3.5970
리벨리온,2,3.3969,0.0014,0.0812,3.3969
리벨리온,49,3.1407,0.0014,0.0751,3.1407
리벨리온,8,3.0640,0.0010,0.0732,3.0640
리벨리온,60,3.0640,0.0005,0.0732,3.0640
리벨리온,96,3.0640,0.0004,0.0732,3.0640
리벨리온,37,3.0394,0.0005,0.0726,3.0394
리벨리온,24,3.0151,0.0010,0.0721,3.0151
리벨리온,94,2.9677,0.0005,0.0709,2.9677
리벨리온,15,2.9219,0.0007,0.0698,2.9219
리벨리온,45,2.9219,0.0012,0.0698,2.9219
리벨리온,59,2.5950,0.0019,0.0620,2.5950
리벨리온,5,2.4583,0.0013,0.0588,2.4583
리벨리온,39,2.3955,0.0009,0.0573,2.3955
리벨리온,80,2.3753,0.0017,0.0568,2.3753
리벨리온,47,2.3555,0.0010,0.0563,2.3555
리벨리온,91,2.3555,0.0005,0.0563,2.3555
리벨리온,65,2.3360,0.0006,0.0558,2.3360
리벨리온,46,2.3169,0.0006,0.0554,2.3169
리벨리온,87,2.2613,0.0007,0.0541,2.2613
리벨리온,7,2.2434,0.0006,0.0536,2.2434
리벨리온,79,2.1747,0.0006,0.0520,2.1747
리벨리온,11,2.0361,0.0022,0.0487,2.0361
리벨리온,85,1.7300,0.0016,0.0414,1.7300
리벨리온,32,1.6985,0.0014,0.0406,1.6985
리벨리온,89,1.6681,0.0007,0.0399,1.6681
리벨리온,53,1.6389,0.0009,0.0392,1.6389
리벨리온,1,1.6247,0.0004,0.0388,1.6247
리벨리온,30,1.6247,0.0004,0.0388,1.6247
리벨리온,12,1.5970,0.0004,0.0382,1.5970
리벨리온,25,1.5836,0.0003,0.0379,1.5836
리벨리온,44,1.5320,0.0012,0.0366,1.5320
리벨리온,55,1.5320,0.0007,0.0366,1.5320
리벨리온,61,1.5197,0.0005,0.0363,1.5197
리벨리온,56,1.4956,0.0003,0.0357,1.4956
리벨리온,97,1.4956,0.0005,0.0357,1.4956
리벨리온,93,1.4839,0.0004,0.0355,1.4839
리벨리온,27,1.4388,0.0003,0.0344,1.4388
리벨리온,14,0.8731,0.0003,0.0209,0.8731
리벨리온,81,0.8650,0.0005,0.0207,0.8650
리벨리온,54,0.8492,0.0009,0.0203,0.8492
리벨리온,69,0.8267,0.0012,0.0198,0.8267
리벨리온,62,0.8194,0.0003,0.0196,0.8194
리벨리온,51,0.8054,0.0003,0.0193,0.8054
리벨리온,86,0.7787,0.0002,0.0186,0.7787
리벨리온,58,0.7598,0.0002,0.0182,0.7598
리벨리온,57,0.7419,0.0003,0.0177,0.7419
리오토,74,7.9739,0.0007,0.3577,7.9739
리오토,84,7.9133,0.0007,0.3550,7.9133
리오토,0,7.6246,0.0004,0.3420,7.6246
리오토,41,6.5744,0.0017,0.2949,6.5744
리오토,90,4.6337,0.0015,0.2079,4.6337
리오토,72,4.5590,0.0015,0.2045,4.5590
리오토,8,3.8300,0.0012,0.1718,3.8300
리오토,60,3.8300,0.0006,0.1718,3.8300
리오토,4,3.7390,0.0010,0.1677,3.7390
리오토,48,3.6524,0.0010,0.1638,3.6524
리오토,3,3.6245,0.0004,0.1626,3.6245
리오토,92,3.5699,0.0004,0.1601,3.5699
리오토,39,3.1940,0.0011,0.1433,3.1940
리오토,96,3.0640,0.0004,0.1375,3.0640
리오토,37,3.0394,0.0005,0.1363,3.0394
리오토,75,2.9677,0.0003,0.1331,2.9677
리오토,94,2.9677,0.0005,0.1331,2.9677
리오토,2,2.5477,0.0011,0.1143,2.5477
리오토,61,2.2795,0.0008,0.1023,2.2795
리오토,98,2.2795,0.0005,0.1023,2.2795
리오토,13,2.2258,0.0004,0.0999,2.2258
리오토,93,2.2258,0.0006,0.0999,2.2258
리오토,36,2.2085,0.0003,0.0991,2.2085
리오토,42,2.2085,0.0003,0.0991,2.2085
리오토,27,2.1582,0.0005,0.0968,2.1582
리오토,67,2.1260,0.0004,0.0954,2.1260
리오토,83,2.0947,0.0003,0.0940,2.0947
리오토,5,1.6389,0.0008,0.0735,1.6389
리오토,62,1.6389,0.0006,0.0735,1.6389
리오토,12,1.5970,0.0004,0.0716,1.5970
리오토,49,1.5703,0.0007,0.0704,1.5703
리오토,91,1.5703,0.0003,0.0704,1.5703
리오토,19,1.5573,0.0004,0.0699,1.5573
리오토,55,1.5320,0.0007,0.0687,1.5320
리오토,33,1.5075,0.0003,0.0676,1.5075
리오토,68,1.4723,0.0006,0.0660,1.4723
리오토,28,1.4498,0.0003,0.0650,1.4498
리오토,64,1.4498,0.0002,0.0650,1.4498
리오토,20,1.4388,0.0003,0.0645,1.4388
리오토,66,1.4173,0.0004,0.0636,1.4173
리오토,9,1.4068,0.0002,0.0631,1.4068
리오토,26,1.4068,0.0002,0.0631,1.4068
리오토,10,1.3965,0.0001,0.0626,1.3965
리오토,100,0.9643,0.0029,0.0433,0.9643
리오토,50,0.9073,0.0013,0.0407,0.9073
리오토,81,0.8650,0.0005,0.0388,0.8650
리오토,1,0.8123,0.0002,0.0364,0.8123
리오토,35,0.7660,0.0004,0.0344,0.7660
리오토,87,0.7538,0.0002,0.0338,0.7538
리오토,7,0.7478,0.0002,0.0335,0.7478
리오토,97,0.7478,0.0003,0.0335,0.7478
리오토,57,0.7419,0.0003,0.0333,0.7419
리오토,63,0.7419,0.0002,0.0333,0.7419
리오토,18,0.7362,0.0001,0.0330,0.7362
리오토,15,0.7305,0.0002,0.0328,0.7305
리오토,31,0.7249,0.0002,0.0325,0.7249
리오토,79,0.7249,0.0002,0.0325,0.7249
리오토,82,0.7249,0.0002,0.0325,0.7249
리오토,6,0.7194,0.0002,0.0323,0.7194
리오토,23,0.7194,0.0002,0.0323,0.7194
리오토,70,0.7194,0.0001,0.0323,0.7194
리오토,21,0.7087,0.0001,0.0318,0.7087
리오토,34,0.7034,0.0001,0.0316,0.7034
마이크로소프트,0,198.9332,0.0115,0.3252,198.9332
마이크로소프트,16,144.2883,0.0294,0.2358,144.2883
마이크로소프트,10,139.6473,0.0124,0.2283,139.6473
마이크로소프트,83,132.6649,0.0175,0.2168,132.6649
마이크로소프트,27,119.4196,0.0273,0.1952,119.4196
마이크로소프트,21,115.5102,0.0241,0.1888,115.5102
마이크로소프트,82,112.3589,0.0303,0.1836,112.3589
마이크로소프트,20,111.5063,0.0240,0.1823,111.5063
마이크로소프트,26,108.3242,0.0118,0.1771,108.3242
마이크로소프트,70,107.1899,0.0192,0.1752,107.1899
마이크로소프트,31,105.8348,0.0286,0.1730,105.8348
마이크로소프트,92,102.0993,0.0113,0.1669,102.0993
마이크로소프트,67,101.3371,0.0189,0.1656,101.3371
마이크로소프트,6,99.9960,0.0212,0.1634,99.9960
마이크로소프트,18,97.9099,0.0166,0.1600,97.9099
마이크로소프트,9,97.0697,0.0134,0.1587,97.0697
마이크로소프트,79,90.6120,0.0269,0.1481,90.6120
마이크로소프트,53,88.4996,0.0488,0.1447,88.4996
마이크로소프트,84,86.3274,0.0077,0.1411,86.3274
마이크로소프트,66,84.3295,0.0211,0.1378,84.3295
마이크로소프트,74,84.0879,0.0074,0.1374,84.0879
마이크로소프트,42,79.5058,0.0117,0.1300,79.5058
마이크로소프트,56,71.0415,0.0140,0.1161,71.0415
마이크로소프트,3,71.0398,0.0074,0.1161,71.0398
마이크로소프트,34,70.3404,0.0129,0.1150,70.3404
마이크로소프트,25,69.6764,0.0127,0.1139,69.6764
마이크로소프트,75,64.5485,0.0076,0.1055,64.5485
마이크로소프트,57,62.3227,0.0276,0.1019,62.3227
마이크로소프트,95,62.0679,0.0131,0.1014,62.0679
마이크로소프트,30,53.6142,0.0141,0.0876,53.6142
마이크로소프트,63,51.1937,0.0146,0.0837,51.1937
마이크로소프트,48,50.4035,0.0144,0.0824,50.4035
마이크로소프트,40,48.1249,0.0195,0.0787,48.1249
마이크로소프트,36,47.8507,0.0060,0.0782,47.8507
마이크로소프트,94,46.7421,0.0074,0.0764,46.7421
마이크로소프트,64,45.6684,0.0065,0.0746,45.6684
마이크로소프트,91,43.9693,0.0094,0.0719,43.9693
마이크로소프트,29,43.1888,0.0202,0.0706,43.1888
마이크로소프트,41,43.0986,0.0109,0.0704,43.0986
마이크로소프트,8,42.1305,0.0136,0.0689,42.1305
마이크로소프트,68,41.9614,0.0175,0.0686,41.9614
마이크로소프트,45,41.6376,0.0170,0.0681,41.6376
마이크로소프트,24,41.4574,0.0141,0.0678,41.4574
마이크로소프트,60,40.5985,0.0060,0.0664,40.5985
마이크로소프트,23,40.2861,0.0101,0.0658,40.2861
마이크로소프트,4,38.8859,0.0102,0.0636,38.8859
마이크로소프트,93,36.3549,0.0095,0.0594,36.3549
마이크로소프트,90,36.2974,0.0121,0.0593,36.2974
마이크로소프트,96,36.0024,0.0046,0.0588,36.0024
마이크로소프트,61,35.7124,0.0127,0.0584,35.7124
마이크로소프트,78,34.4165,0.0096,0.0563,34.4165
마이크로소프트,65,34.2615,0.0083,0.0560,34.2615
마이크로소프트,86,34.2615,0.0095,0.0560,34.2615
마이크로소프트,37,32.6731,0.0054,0.0534,32.6731
마이크로소프트,38,32.0349,0.0241,0.0524,32.0349
마이크로소프트,46,31.6637,0.0085,0.0518,31.6637
마이크로소프트,47,31.4066,0.0139,0.0513,31.4066
마이크로소프트,73,30.3433,0.0111,0.0496,30.3433
마이크로소프트,98,29.6337,0.0059,0.0484,29.6337
마이크로소프트,55,29.1083,0.0127,0.0476,29.1083
마이크로소프트,28,28.9958,0.0064,0.0474,28.9958
마이크로소프트,72,28.8739,0.0092,0.0472,28.8739
마이크로소프트,81,28.5449,0.0175,0.0467,28.5449
마이크로소프트,13,28.1936,0.0051,0.0461,28.1936
마이크로소프트,58,27.3542,0.0089,0.0447,27.3542
마이크로소프트,89,26.6897,0.0114,0.0436,26.6897
마이크로소프트,15,26.2975,0.0059,0.0430,26.2975
마이크로소프트,14,26.1936,0.0099,0.0428,26.1936
마이크로소프트,1,25.9947,0.0065,0.0425,25.9947
마이크로소프트,17,25.0718,0.0207,0.0410,25.0718
마이크로소프트,80,24.5451,0.0175,0.0401,24.5451
마이크로소프트,77,22.4622,0.0156,0.0367,22.4622
마이크로소프트,39,22.3582,0.0080,0.0365,22.3582
마이크로소프트,62,22.1249,0.0082,0.0362,22.1249
마이크로소프트,22,21.1537,0.0275,0.0346,21.1537
마이크로소프트,33,21.1056,0.0038,0.0345,21.1056
마이크로소프트,7,20.9386,0.0058,0.0342,20.9386
마이크로소프트,85,20.7599,0.0187,0.0339,20.7599
마이크로소프트,19,20.2454,0.0049,0.0331,20.2454
마이크로소프트,43,18.5627,0.0396,0.0303,18.5627
마이크로소프트,12,18.3657,0.0049,0.0300,18.3657
마이크로소프트,99,16.7885,0.0379,0.0274,16.7885
마이크로소프트,59,15.5700,0.0113,0.0254,15.5700
마이크로소프트,2,14.4369,0.0061,0.0236,14.4369
마이크로소프트,97,14.2083,0.0048,0.0232,14.2083
마이크로소프트,51,13.6911,0.0056,0.0224,13.6911
마이크로소프트,35,11.4901,0.0064,0.0188,11.4901
마이크로소프트,32,11.0399,0.0093,0.0180,11.0399
마이크로소프트,69,10.7468,0.0150,0.0176,10.7468
마이크로소프트,54,10.1907,0.0108,0.0167,10.1907
마이크로소프트,44,9.9581,0.0080,0.0163,9.9581
마이크로소프트,87,9.7990,0.0030,0.0160,9.7990
마이크로소프트,49,9.4220,0.0041,0.0154,9.4220
마이크로소프트,11,8.1446,0.0087,0.0133,8.1446
마이크로소프트,52,6.5555,0.0185,0.0107,6.5555
마이크로소프트,76,5.2679,0.0113,0.0086,5.2679
마이크로소프트,5,3.2778,0.0017,0.0054,3.2778
마이크로소프트,71,2.8929,0.0046,0.0047,2.8929
마이크로소프트,88,2.8929,0.0101,0.0047,2.8929
마이크로소프트,100,1.9286,0.0058,0.0032,1.9286
마이크로소프트,50,1.8146,0.0026,0.0030,1.8146
메타,0,273.1000,0.0157,0.3231,273.1000
메타,56,257.9929,0.0509,0.3053,257.9929
메타,10,203.8850,0.0181,0.2412,203.8850
메타,70,194.9562,0.0348,0.2307,194.9562
메타,83,180.8432,0.0238,0.2140,180.8432
메타,14,176.3699,0.0667,0.2087,176.3699
메타,26,165.2999,0.0180,0.1956,165.2999
메타,47,163.3145,0.0722,0.1932,163.3145
메타,25,156.7720,0.0286,0.1855,156.7720
메타,16,136.9266,0.0279,0.1620,136.9266
메타,92,136.3704,0.0152,0.1614,136.3704
메타,66,131.1005,0.0328,0.1551,131.1005
메타,20,119.4196,0.0258,0.1413,119.4196
메타,6,117.9808,0.0250,0.1396,117.9808
메타,21,117.6361,0.0246,0.1392,117.6361
메타,9,117.4684,0.0162,0.1390,117.4684
메타,84,112.2257,0.0100,0.1328,112.2257
메타,82,111.6340,0.0301,0.1321,111.6340
메타,27,106.4705,0.0243,0.1260,106.4705
메타,28,105.8348,0.0233,0.1252,105.8348
메타,18,105.2715,0.0178,0.1246,105.2715
메타,74,102.9352,0.0091,0.1218,102.9352
메타,67,95.6679,0.0179,0.1132,95.6679
메타,79,94.9614,0.0281,0.1124,94.9614
메타,34,94.2561,0.0173,0.1115,94.2561
메타,31,92.7867,0.0251,0.1098,92.7867
메타,30,89.3569,0.0235,0.1057,89.3569
메타,42,83.9228,0.0124,0.0993,83.9228
메타,75,83.0970,0.0098,0.0983,83.0970
메타,78,80.3052,0.0223,0.0950,80.3052
메타,3,76.1141,0.0079,0.0901,76.1141
메타,64,74.6643,0.0105,0.0883,74.6643
메타,86,71.6376,0.0200,0.0848,71.6376
메타,95,69.5459,0.0147,0.0823,69.5459
메타,44,67.4088,0.0544,0.0798,67.4088
메타,29,66.9867,0.0313,0.0793,66.9867
메타,15,61.3607,0.0138,0.0726,61.3607
메타,36,60.3655,0.0076,0.0714,60.3655
메타,63,60.0969,0.0171,0.0711,60.0969
메타,23,59.7098,0.0150,0.0707,59.7098
메타,60,58.9827,0.0087,0.0698,58.9827
메타,48,58.4388,0.0167,0.0691,58.4388
메타,62,57.3609,0.0212,0.0679,57.3609
메타,24,54.2716,0.0184,0.0642,54.2716
메타,61,53.9485,0.0191,0.0638,53.9485
메타,12,51.9030,0.0139,0.0614,51.9030
메타,57,51.1937,0.0227,0.0606,51.1937
메타,68,50.0592,0.0209,0.0592,50.0592
메타,33,48.2414,0.0088,0.0571,48.2414
메타,4,46.3639,0.0122,0.0549,46.3639
메타,37,46.3502,0.0076,0.0548,46.3502
메타,94,46.0001,0.0072,0.0544,46.0001
메타,58,42.5510,0.0138,0.0503,42.5510
메타,13,42.2904,0.0077,0.0500,42.2904
메타,65,42.0481,0.0102,0.0498,42.0481
메타,40,41.6466,0.0169,0.0493,41.6466
메타,98,38.7518,0.0077,0.0459,38.7518
메타,97,38.1381,0.0129,0.0451,38.1381
메타,93,37.8388,0.0099,0.0448,37.8388
메타,46,36.2974,0.0097,0.0429,36.2974
메타,45,34.3328,0.0140,0.0406,34.3328
메타,2,33.1198,0.0140,0.0392,33.1198
메타,96,32.9384,0.0042,0.0390,32.9384
메타,90,32.4359,0.0108,0.0384,32.4359
메타,38,32.0349,0.0241,0.0379,32.0349
메타,41,31.4108,0.0079,0.0372,31.4108
메타,8,29.8743,0.0096,0.0353,29.8743
메타,53,27.8610,0.0154,0.0330,27.8610
메타,55,27.5763,0.0121,0.0326,27.5763
메타,39,27.1493,0.0097,0.0321,27.1493
메타,7,25.4254,0.0071,0.0301,25.4254
메타,51,24.9661,0.0102,0.0295,24.9661
메타,87,24.8745,0.0076,0.0294,24.8745
메타,81,24.2199,0.0148,0.0287,24.2199
메타,89,24.1875,0.0104,0.0286,24.1875
메타,91,23.5550,0.0050,0.0279,23.5550
메타,19,23.3601,0.0057,0.0276,23.3601
메타,77,22.4622,0.0156,0.0266,22.4622
메타,73,22.3582,0.0082,0.0265,22.3582
메타,59,19.8949,0.0145,0.0235,19.8949
메타,72,18.2361,0.0058,0.0216,18.2361
메타,80,15.0438,0.0107,0.0178,15.0438
메타,49,14.9182,0.0065,0.0177,14.9182
메타,85,14.7050,0.0132,0.0174,14.7050
메타,32,13.5876,0.0115,0.0161,13.5876
메타,69,13.2269,0.0184,0.0157,13.2269
메타,54,11.8892,0.0126,0.0141,11.8892
메타,5,11.4722,0.0059,0.0136,11.4722
메타,35,10.7241,0.0060,0.0127,10.7241
메타,22,9.6954,0.0126,0.0115,9.6954
메타,71,6.7501,0.0107,0.0080,6.7501
메타,1,4.8740,0.0012,0.0058,4.8740
메타,43,4.3677,0.0093,0.0052,4.3677
메타,99,3.3577,0.0076,0.0040,3.3577
메타,52,3.2778,0.0093,0.0039,3.2778
메타,76,3.1608,0.0068,0.0037,3.1608
메타,17,2.8929,0.0024,0.0034,2.8929
메타,100,2.8929,0.0086,0.0034,2.8929
메타,50,2.7219,0.0040,0.0032,2.7219
메타,88,0.9643,0.0034,0.0011,0.9643
미디어텍,0,30.4985,0.0018,0.3332,30.4985
미디어텍,83,29.3259,0.0039,0.3204,29.3259
미디어텍,84,20.8625,0.0019,0.2279,20.8625
미디어텍,10,19.5506,0.0017,0.2136,19.5506
미디어텍,18,19.1403,0.0032,0.2091,19.1403
미디어텍,74,18.8473,0.0017,0.2059,18.8473
미디어텍,26,17.5851,0.0019,0.1921,17.5851
미디어텍,9,16.8817,0.0023,0.1844,16.8817
미디어텍,3,15.9477,0.0017,0.1742,15.9477
미디어텍,25,15.8356,0.0029,0.1730,15.8356
미디어텍,55,12.2561,0.0054,0.1339,12.2561
미디어텍,6,12.2297,0.0026,0.1336,12.2297
미디어텍,34,11.9579,0.0022,0.1306,11.9579
미디어텍,70,11.5103,0.0021,0.1258,11.5103
미디어텍,92,11.4237,0.0013,0.1248,11.4237
미디어텍,95,11.2171,0.0024,0.1226,11.2171
미디어텍,12,11.1791,0.0030,0.1221,11.1791
미디어텍,75,11.1291,0.0013,0.1216,11.1291
미디어텍,36,11.0425,0.0014,0.1206,11.0425
미디어텍,42,11.0425,0.0016,0.1206,11.0425
미디어텍,62,9.8333,0.0036,0.1074,9.8333
미디어텍,56,9.7215,0.0019,0.1062,9.7215
미디어텍,16,9.5701,0.0019,0.1046,9.5701
미디어텍,82,9.4236,0.0025,0.1030,9.4236
미디어텍,21,9.2125,0.0019,0.1007,9.2125
미디어텍,66,9.2125,0.0023,0.1007,9.2125
미디어텍,67,9.2125,0.0017,0.1007,9.2125
미디어텍,37,9.1181,0.0015,0.0996,9.1181
미디어텍,30,8.9357,0.0024,0.0976,8.9357
미디어텍,15,8.7658,0.0020,0.0958,8.7658
미디어텍,48,8.7658,0.0025,0.0958,8.7658
미디어텍,2,8.4923,0.0036,0.0928,8.4923
미디어텍,98,8.3582,0.0017,0.0913,8.3582
미디어텍,24,8.2915,0.0028,0.0906,8.2915
미디어텍,33,8.2915,0.0015,0.0906,8.2915
미디어텍,78,8.1944,0.0023,0.0895,8.1944
미디어텍,31,7.9739,0.0022,0.0871,7.9739
미디어텍,86,7.7867,0.0022,0.0851,7.7867
미디어텍,61,7.5984,0.0027,0.0830,7.5984
미디어텍,4,7.4781,0.0020,0.0817,7.4781
미디어텍,13,7.4194,0.0013,0.0811,7.4194
미디어텍,63,7.4194,0.0021,0.0811,7.4194
미디어텍,93,7.4194,0.0019,0.0811,7.4194
미디어텍,64,7.2490,0.0010,0.0792,7.2490
미디어텍,29,7.0512,0.0033,0.0770,7.0512
미디어텍,14,6.9849,0.0026,0.0763,6.9849
미디어텍,46,6.9506,0.0019,0.0759,6.9506
미디어텍,44,6.8941,0.0056,0.0753,6.8941
미디어텍,94,6.6774,0.0011,0.0730,6.6774
미디어텍,79,6.5241,0.0019,0.0713,6.5241
미디어텍,20,6.4746,0.0014,0.0707,6.4746
미디어텍,27,6.4746,0.0015,0.0707,6.4746
미디어텍,60,6.1281,0.0009,0.0670,6.1281
미디어텍,28,5.7992,0.0013,0.0634,5.7992
미디어텍,23,5.7552,0.0014,0.0629,5.7552
미디어텍,65,5.4507,0.0013,0.0596,5.4507
미디어텍,96,5.3621,0.0007,0.0586,5.3621
미디어텍,87,5.2764,0.0016,0.0576,5.2764
미디어텍,19,4.6720,0.0011,0.0510,4.6720
미디어텍,90,4.6337,0.0015,0.0506,4.6337
미디어텍,8,4.5961,0.0015,0.0502,4.5961
미디어텍,58,4.5590,0.0015,0.0498,4.5590
미디어텍,59,4.3250,0.0031,0.0473,4.3250
미디어텍,54,4.2461,0.0045,0.0464,4.2461
미디어텍,80,3.9589,0.0028,0.0433,3.9589
미디어텍,47,3.9258,0.0017,0.0429,3.9258
미디어텍,91,3.9258,0.0008,0.0429,3.9258
미디어텍,7,3.7390,0.0010,0.0409,3.7390
미디어텍,22,3.5256,0.0046,0.0385,3.5256
미디어텍,69,3.3067,0.0046,0.0361,3.3067
미디어텍,53,3.2778,0.0018,0.0358,3.2778
미디어텍,1,3.2493,0.0008,0.0355,3.2493
미디어텍,39,3.1940,0.0011,0.0349,3.1940
미디어텍,49,3.1407,0.0014,0.0343,3.1407
미디어텍,11,3.0542,0.0033,0.0334,3.0542
미디어텍,72,3.0394,0.0010,0.0332,3.0394
미디어텍,97,2.9912,0.0010,0.0327,2.9912
미디어텍,45,2.9219,0.0012,0.0319,2.9219
미디어텍,50,2.7219,0.0040,0.0297,2.7219
미디어텍,68,2.2085,0.0009,0.0241,2.2085
미디어텍,41,2.1915,0.0006,0.0239,2.1915
미디어텍,43,2.1838,0.0047,0.0239,2.1838
미디어텍,81,1.7300,0.0011,0.0189,1.7300
미디어텍,32,1.6985,0.0014,0.0186,1.6985
미디어텍,73,1.5970,0.0006,0.0174,1.5970
미디어텍,35,1.5320,0.0009,0.0167,1.5320
미디어텍,57,1.4839,0.0007,0.0162,1.4839
미디어텍,17,0.9643,0.0008,0.0105,0.9643
미디어텍,71,0.9643,0.0015,0.0105,0.9643
미디어텍,38,0.8899,0.0007,0.0097,0.8899
미디어텍,89,0.8341,0.0004,0.0091,0.8341
미디어텍,5,0.8194,0.0004,0.0090,0.8194
미디어텍,52,0.8194,0.0023,0.0090,0.8194
미디어텍,51,0.8054,0.0003,0.0088,0.8054
바이두,0,6.9315,0.0004,0.3002,6.9315
바이두,58,6.0787,0.0020,0.2632,6.0787
바이두,84,5.7552,0.0005,0.2492,5.7552
바이두,10,5.5859,0.0005,0.2419,5.5859
바이두,18,5.1532,0.0009,0.2231,5.1532
바이두,92,4.9979,0.0006,0.2164,4.9979
바이두,26,4.9238,0.0005,0.2132,4.9238
바이두,74,4.3494,0.0004,0.1883,4.3494
바이두,79,4.3494,0.0013,0.1883,4.3494
바이두,20,4.3164,0.0009,0.1869,4.3164
바이두,27,4.3164,0.0010,0.1869,4.3164
바이두,16,3.6808,0.0007,0.1594,3.6808
바이두,36,3.6808,0.0005,0.1594,3.6808
바이두,3,3.6245,0.0004,0.1570,3.6245
바이두,66,3.5433,0.0009,0.1534,3.5433
바이두,9,3.5170,0.0005,0.1523,3.5170
바이두,34,3.5170,0.0006,0.1523,3.5170
바이두,83,3.4912,0.0005,0.1512,3.4912
바이두,8,3.0640,0.0010,0.1327,3.0640
바이두,24,3.0151,0.0010,0.1306,3.0151
바이두,63,2.9677,0.0008,0.1285,2.9677
바이두,93,2.9677,0.0008,0.1285,2.9677
바이두,64,2.8996,0.0004,0.1256,2.8996
바이두,89,2.5022,0.0011,0.1084,2.5022
바이두,39,2.3955,0.0009,0.1037,2.3955
바이두,73,2.3955,0.0009,0.1037,2.3955
바이두,46,2.3169,0.0006,0.1003,2.3169
바이두,56,2.2434,0.0004,0.0971,2.2434
바이두,13,2.2258,0.0004,0.0964,2.2258
바이두,31,2.1747,0.0006,0.0942,2.1747
바이두,82,2.1747,0.0006,0.0942,2.1747
바이두,6,2.1582,0.0005,0.0935,2.1582
바이두,70,2.1582,0.0004,0.0935,2.1582
바이두,21,2.1260,0.0004,0.0921,2.1260
바이두,67,2.1260,0.0004,0.0921,2.1260
바이두,77,1.7970,0.0013,0.0778,1.7970
바이두,54,1.6985,0.0018,0.0735,1.6985
바이두,80,1.5836,0.0011,0.0686,1.5836
바이두,44,1.5320,0.0012,0.0663,1.5320
바이두,4,1.4956,0.0004,0.0648,1.4956
바이두,95,1.4956,0.0003,0.0648,1.4956
바이두,75,1.4839,0.0002,0.0643,1.4839
바이두,94,1.4839,0.0002,0.0643,1.4839
바이두,42,1.4723,0.0002,0.0638,1.4723
바이두,15,1.4610,0.0003,0.0633,1.4610
바이두,45,1.4610,0.0006,0.0633,1.4610
바이두,40,0.9255,0.0004,0.0401,0.9255
바이두,22,0.8814,0.0011,0.0382,0.8814
바이두,2,0.8492,0.0004,0.0368,0.8492
바이두,32,0.8492,0.0007,0.0368,0.8492
바이두,53,0.8194,0.0005,0.0355,0.8194
바이두,47,0.7852,0.0003,0.0340,0.7852
바이두,65,0.7787,0.0002,0.0337,0.7787
바이두,35,0.7660,0.0004,0.0332,0.7660
바이두,55,0.7660,0.0003,0.0332,0.7660
바이두,37,0.7598,0.0001,0.0329,0.7598
바이두,61,0.7598,0.0003,0.0329,0.7598
바이두,98,0.7598,0.0002,0.0329,0.7598
바이두,87,0.7538,0.0002,0.0326,0.7538
바이두,7,0.7478,0.0002,0.0324,0.7478
바이두,97,0.7478,0.0003,0.0324,0.7478
바이두,57,0.7419,0.0003,0.0321,0.7419
바이두,48,0.7305,0.0002,0.0316,0.7305
바이두,28,0.7249,0.0002,0.0314,0.7249
바이두,23,0.7194,0.0002,0.0312,0.7194
벤츠,0,38.1231,0.0022,0.3075,38.1231
벤츠,74,28.2709,0.0025,0.2280,28.2709
벤츠,84,28.0564,0.0025,0.2263,28.0564
벤츠,8,27.5763,0.0089,0.2224,27.5763
벤츠,26,25.3225,0.0028,0.2042,25.3225
벤츠,10,25.1365,0.0022,0.2027,25.1365
벤츠,39,22.3582,0.0080,0.1803,22.3582
벤츠,48,21.9145,0.0063,0.1768,21.9145
벤츠,3,21.0220,0.0022,0.1696,21.0220
벤츠,72,20.5156,0.0066,0.1655,20.5156
벤츠,41,20.4536,0.0052,0.1650,20.4536
벤츠,75,20.0323,0.0024,0.1616,20.0323
벤츠,36,18.4041,0.0023,0.1484,18.4041
벤츠,68,18.4041,0.0077,0.1484,18.4041
벤츠,83,18.1541,0.0024,0.1464,18.1541
벤츠,92,17.8495,0.0020,0.1440,17.8495
벤츠,42,17.6679,0.0026,0.1425,17.6679
벤츠,9,16.8817,0.0023,0.1362,16.8817
벤츠,33,16.5830,0.0030,0.1338,16.5830
벤츠,23,16.5461,0.0041,0.1335,16.5461
벤츠,13,16.3226,0.0030,0.1317,16.3226
벤츠,96,16.0862,0.0021,0.1297,16.0862
벤츠,64,15.9477,0.0023,0.1286,15.9477
벤츠,4,14.9561,0.0039,0.1206,14.9561
벤츠,37,14.4369,0.0024,0.1164,14.4369
벤츠,95,14.2083,0.0030,0.1146,14.2083
벤츠,60,13.7882,0.0020,0.1112,13.7882
벤츠,45,13.1487,0.0054,0.1061,13.1487
벤츠,90,13.1288,0.0044,0.1059,13.1288
벤츠,73,12.7761,0.0047,0.1031,12.7761
벤츠,2,12.7384,0.0054,0.1027,12.7384
벤츠,94,12.6129,0.0020,0.1017,12.6129
벤츠,34,11.9579,0.0022,0.0965,11.9579
벤츠,19,11.6800,0.0028,0.0942,11.6800
벤츠,56,10.4693,0.0021,0.0844,10.4693
벤츠,12,10.3806,0.0028,0.0837,10.3806
벤츠,86,10.1227,0.0028,0.0816,10.1227
벤츠,98,9.8779,0.0020,0.0797,9.8779
벤츠,24,9.7990,0.0033,0.0790,9.7990
벤츠,47,9.4220,0.0042,0.0760,9.4220
벤츠,91,9.4220,0.0020,0.0760,9.4220
벤츠,55,9.1921,0.0040,0.0741,9.1921
벤츠,61,9.1181,0.0032,0.0735,9.1181
벤츠,5,9.0138,0.0046,0.0727,9.0138
벤츠,7,8.9737,0.0025,0.0724,8.9737
벤츠,18,8.8340,0.0015,0.0713,8.8340
벤츠,87,8.2915,0.0025,0.0669,8.2915
벤츠,78,8.1944,0.0023,0.0661,8.1944
벤츠,30,8.1234,0.0021,0.0655,8.1234
벤츠,51,8.0536,0.0033,0.0650,8.0536
벤츠,25,7.9178,0.0014,0.0639,7.9178
벤츠,70,7.9133,0.0014,0.0638,7.9133
벤츠,14,7.8581,0.0030,0.0634,7.8581
벤츠,46,7.7228,0.0021,0.0623,7.7228
벤츠,58,7.5984,0.0025,0.0613,7.5984
벤츠,28,7.2490,0.0016,0.0585,7.2490
벤츠,67,7.0865,0.0013,0.0572,7.0865
벤츠,65,7.0080,0.0017,0.0565,7.0080
벤츠,32,6.7938,0.0058,0.0548,6.7938
벤츠,15,6.5744,0.0015,0.0530,6.5744
벤츠,49,6.2813,0.0027,0.0507,6.2813
벤츠,93,5.9355,0.0015,0.0479,5.9355
벤츠,27,5.7552,0.0013,0.0464,5.7552
벤츠,1,5.6863,0.0014,0.0459,5.6863
벤츠,21,5.6692,0.0012,0.0457,5.6692
벤츠,38,5.3391,0.0040,0.0431,5.3391
벤츠,97,5.2346,0.0018,0.0422,5.2346
벤츠,63,5.1936,0.0015,0.0419,5.1936
벤츠,79,5.0743,0.0015,0.0409,5.0743
벤츠,20,5.0358,0.0011,0.0406,5.0358
벤츠,62,4.9166,0.0018,0.0397,4.9166
벤츠,71,4.8215,0.0076,0.0389,4.8215
벤츠,16,4.4170,0.0009,0.0356,4.4170
벤츠,59,4.3250,0.0031,0.0349,4.3250
벤츠,54,4.2461,0.0045,0.0342,4.2461
벤츠,35,3.8300,0.0021,0.0309,3.8300
벤츠,40,3.7019,0.0015,0.0299,3.7019
벤츠,66,3.5433,0.0009,0.0286,3.5433
벤츠,99,3.3577,0.0076,0.0271,3.3577
벤츠,57,2.9677,0.0013,0.0239,2.9677
벤츠,31,2.8996,0.0008,0.0234,2.8996
벤츠,29,2.6442,0.0012,0.0213,2.6442
벤츠,81,2.5950,0.0016,0.0209,2.5950
벤츠,85,2.5950,0.0023,0.0209,2.5950
벤츠,53,2.4583,0.0014,0.0198,2.4583
벤츠,44,2.2980,0.0019,0.0185,2.2980
벤츠,6,2.1582,0.0005,0.0174,2.1582
벤츠,17,1.9286,0.0016,0.0156,1.9286
벤츠,88,1.9286,0.0067,0.0156,1.9286
벤츠,89,1.6681,0.0007,0.0135,1.6681
벤츠,69,1.6534,0.0023,0.0133,1.6534
벤츠,52,1.6389,0.0046,0.0132,1.6389
벤츠,80,1.5836,0.0011,0.0128,1.5836
벤츠,82,1.4498,0.0004,0.0117,1.4498
벤츠,11,1.0181,0.0011,0.0082,1.0181
벤츠,100,0.9643,0.0029,0.0078,0.9643
벤츠,77,0.8985,0.0006,0.0072,0.8985
벤츠,22,0.8814,0.0011,0.0071,0.8814
비보,37,77.5035,0.0127,0.3565,77.5035
비보,0,75.5530,0.0044,0.3476,75.5530
비보,25,58.5916,0.0107,0.2695,58.5916
비보,74,53.6423,0.0047,0.2468,53.6423
비보,75,48.9679,0.0058,0.2253,48.9679
비보,12,47.1120,0.0126,0.2167,47.1120
비보,84,46.0413,0.0041,0.2118,46.0413
비보,30,43.0538,0.0113,0.1981,43.0538
비보,60,42.1305,0.0062,0.1938,42.1305
비보,36,41.2252,0.0052,0.1896,41.2252
비보,94,40.8066,0.0064,0.1877,40.8066
비보,96,39.0664,0.0050,0.1797,39.0664
비보,86,32.7041,0.0091,0.1504,32.7041
비보,98,32.6731,0.0065,0.1503,32.6731
비보,56,30.6600,0.0060,0.1410,30.6600
비보,3,29.7207,0.0031,0.1367,29.7207
비보,92,29.2732,0.0033,0.1347,29.2732
비보,10,27.9295,0.0025,0.1285,27.9295
비보,78,26.2221,0.0073,0.1206,26.2221
비보,62,25.4027,0.0094,0.1169,25.4027
비보,64,24.6465,0.0035,0.1134,24.6465
비보,70,23.7400,0.0042,0.1092,23.7400
비보,42,19.1403,0.0028,0.0881,19.1403
비보,2,18.6830,0.0079,0.0859,18.6830
비보,18,17.6679,0.0030,0.0813,17.6679
비보,26,17.5851,0.0019,0.0809,17.5851
비보,24,17.3368,0.0059,0.0798,17.3368
비보,19,16.3521,0.0040,0.0752,16.3521
비보,29,15.8653,0.0074,0.0730,15.8653
비보,66,15.5903,0.0039,0.0717,15.5903
비보,58,15.1968,0.0049,0.0699,15.1968
비보,33,15.0754,0.0027,0.0694,15.0754
비보,13,14.8387,0.0027,0.0683,14.8387
비보,93,14.0968,0.0037,0.0648,14.0968
비보,90,13.9011,0.0046,0.0639,13.9011
비보,55,13.7882,0.0060,0.0634,13.7882
비보,41,13.1487,0.0033,0.0605,13.1487
비보,14,13.0968,0.0050,0.0602,13.0968
비보,87,12.8141,0.0039,0.0589,12.8141
비보,7,12.7127,0.0035,0.0585,12.7127
비보,15,12.4182,0.0028,0.0571,12.4182
비보,53,11.4722,0.0063,0.0528,11.4722
비보,72,11.3976,0.0036,0.0524,11.3976
비보,51,11.2750,0.0046,0.0519,11.2750
비보,9,11.2545,0.0016,0.0518,11.2545
비보,28,10.1485,0.0022,0.0467,10.1485
비보,97,9.7215,0.0033,0.0447,9.7215
비보,83,9.0771,0.0012,0.0418,9.0771
비보,34,7.0340,0.0013,0.0324,7.0340
비보,23,6.4746,0.0016,0.0298,6.4746
비보,47,6.2813,0.0028,0.0289,6.2813
비보,61,6.0787,0.0022,0.0280,6.0787
비보,95,5.9824,0.0013,0.0275,5.9824
비보,79,5.7992,0.0017,0.0267,5.7992
비보,27,5.7552,0.0013,0.0265,5.7552
비보,65,5.4507,0.0013,0.0251,5.4507
비보,46,5.4060,0.0014,0.0249,5.4060
비보,4,5.2346,0.0014,0.0241,5.2346
비보,44,4.5961,0.0037,0.0211,4.5961
비보,63,4.4516,0.0013,0.0205,4.4516
비보,8,3.8300,0.0012,0.0176,3.8300
비보,45,3.6524,0.0015,0.0168,3.6524
비보,48,3.6524,0.0010,0.0168,3.6524
비보,20,3.5970,0.0008,0.0165,3.5970
비보,73,3.1940,0.0012,0.0147,3.1940
비보,49,3.1407,0.0014,0.0144,3.1407
비보,91,3.1407,0.0007,0.0144,3.1407
비보,6,2.8776,0.0006,0.0132,2.8776
비보,67,2.8346,0.0005,0.0130,2.8346
비보,59,2.5950,0.0019,0.0119,2.5950
비보,54,2.5477,0.0027,0.0117,2.5477
비보,69,2.4800,0.0035,0.0114,2.4800
비보,5,2.4583,0.0013,0.0113,2.4583
비보,39,2.3955,0.0009,0.0110,2.3955
비보,57,2.2258,0.0010,0.0102,2.2258
비보,16,2.2085,0.0004,0.0102,2.2085
비보,68,2.2085,0.0009,0.0102,2.2085
비보,31,2.1747,0.0006,0.0100,2.1747
비보,82,2.1747,0.0006,0.0100,2.1747
비보,21,2.1260,0.0004,0.0098,2.1260
비보,11,2.0361,0.0022,0.0094,2.0361
비보,40,1.8510,0.0008,0.0085,1.8510
비보,77,1.7970,0.0013,0.0083,1.7970
비보,22,1.7628,0.0023,0.0081,1.7628
비보,89,1.6681,0.0007,0.0077,1.6681
비보,1,1.6247,0.0004,0.0075,1.6247
비보,80,1.5836,0.0011,0.0073,1.5836
비보,99,1.1192,0.0025,0.0051,1.1192
비보,43,1.0919,0.0023,0.0050,1.0919
비보,17,0.9643,0.0008,0.0044,0.9643
비보,71,0.9643,0.0015,0.0044,0.9643
비보,88,0.9643,0.0034,0.0044,0.9643
비보,100,0.9643,0.0029,0.0044,0.9643
비보,50,0.9073,0.0013,0.0042,0.9073
비보,38,0.8899,0.0007,0.0041,0.8899
비보,81,0.8650,0.0005,0.0040,0.8650
비보,85,0.8650,0.0008,0.0040,0.8650
비보,32,0.8492,0.0007,0.0039,0.8492
삼성디스플레이,0,1483.3350,0.0855,0.3413,1579.4551
삼성디스플레이,74,1133.0123,0.0999,0.2607,1206.4315
삼성디스플레이,84,1094.9198,0.0971,0.2519,1165.8706
삼성디스플레이,13,995.6799,0.1806,0.2291,1060.2000
삼성디스플레이,60,932.2324,0.1380,0.2145,992.6410
삼성디스플레이,75,863.6151,0.1018,0.1987,919.5773
삼성디스플레이,10,858.8306,0.0761,0.1976,914.4828
삼성디스플레이,96,821.1611,0.1058,0.1889,874.3724
삼성디스플레이,36,801.6832,0.1004,0.1845,853.6323
삼성디스플레이,92,800.3730,0.0889,0.1841,852.2372
삼성디스플레이,5,774.3717,0.3971,0.1782,824.5509
삼성디스플레이,94,753.8083,0.1186,0.1734,802.6551
삼성디스플레이,64,749.5423,0.1059,0.1725,798.1127
삼성디스플레이,26,738.5739,0.0803,0.1699,786.4335
삼성디스플레이,42,691.9947,0.1021,0.1592,736.8359
삼성디스플레이,33,687.4399,0.1248,0.1582,731.9860
삼성디스플레이,37,686.1342,0.1126,0.1579,730.5957
삼성디스플레이,19,641.6235,0.1561,0.1476,683.2008
삼성디스플레이,98,610.1504,0.1212,0.1404,649.6881
삼성디스플레이,49,587.3042,0.2544,0.1351,625.3615
삼성디스플레이,72,542.5247,0.1737,0.1248,577.6803
삼성디스플레이,7,524.9595,0.1459,0.1208,558.9769
삼성디스플레이,3,504.5275,0.0525,0.1161,537.2209
삼성디스플레이,41,490.8858,0.1241,0.1129,522.6952
삼성디스플레이,65,472.6523,0.1147,0.1087,503.2802
삼성디스플레이,28,461.0338,0.1014,0.1061,490.9088
삼성디스플레이,15,454.3616,0.1025,0.1045,483.8042
삼성디스플레이,90,432.4793,0.1439,0.0995,460.5040
삼성디스플레이,87,395.7302,0.1208,0.0910,421.3735
삼성디스플레이,34,368.5835,0.0677,0.0848,392.4677
삼성디스플레이,83,365.8758,0.0481,0.0842,389.5845
삼성디스플레이,97,340.9994,0.1151,0.0785,363.0961
삼성디스플레이,9,335.5236,0.0462,0.0772,357.2655
삼성디스플레이,25,330.1713,0.0602,0.0760,351.5664
삼성디스플레이,95,302.8613,0.0640,0.0697,322.4867
삼성디스플레이,18,290.7850,0.0493,0.0669,309.6279
삼성디스플레이,12,273.0896,0.0730,0.0628,290.7858
삼성디스플레이,63,269.3233,0.0766,0.0620,286.7754
삼성디스플레이,78,267.9572,0.0744,0.0617,285.3208
삼성디스플레이,86,264.7476,0.0738,0.0609,281.9032
삼성디스플레이,56,263.2276,0.0519,0.0606,280.2847
삼성디스플레이,93,252.2587,0.0658,0.0580,268.6051
삼성디스플레이,23,243.8750,0.0611,0.0561,259.6781
삼성디스플레이,27,226.6096,0.0518,0.0521,241.2939
삼성디스플레이,48,215.4930,0.0617,0.0496,229.4570
삼성디스플레이,58,215.0343,0.0699,0.0495,228.9685
삼성디스플레이,46,210.0614,0.0562,0.0483,223.6734
삼성디스플레이,30,202.2716,0.0533,0.0465,215.3788
삼성디스플레이,70,194.2368,0.0347,0.0447,206.8233
삼성디스플레이,16,189.1943,0.0385,0.0435,201.4541
삼성디스플레이,79,166.0012,0.0492,0.0382,176.7580
삼성디스플레이,4,164.5172,0.0432,0.0379,175.1779
삼성디스플레이,62,163.0687,0.0603,0.0375,173.6356
삼성디스플레이,8,155.4997,0.0502,0.0358,165.5761
삼성디스플레이,17,150.4308,0.1242,0.0346,160.1787
삼성디스플레이,67,147.3995,0.0275,0.0339,156.9510
삼성디스플레이,68,146.4967,0.0612,0.0337,155.9897
삼성디스플레이,91,145.2557,0.0311,0.0334,154.6683
삼성디스플레이,20,139.5627,0.0301,0.0321,148.6064
삼성디스플레이,66,138.1870,0.0346,0.0318,147.1415
삼성디스플레이,6,138.1239,0.0293,0.0318,147.0743
삼성디스플레이,40,136.0454,0.0552,0.0313,144.8612
삼성디스플레이,73,131.7538,0.0483,0.0303,140.2914
삼성디스플레이,21,120.4707,0.0252,0.0277,128.2772
삼성디스플레이,24,117.5884,0.0399,0.0271,125.2081
삼성디스플레이,51,115.9717,0.0472,0.0267,123.4867
삼성디스플레이,57,114.2584,0.0506,0.0263,121.6623
삼성디스플레이,61,110.1766,0.0391,0.0253,117.3160
삼성디스플레이,45,108.1118,0.0441,0.0249,115.1174
삼성디스플레이,1,106.4160,0.0264,0.0245,113.3117
삼성디스플레이,31,97.1360,0.0263,0.0223,103.4305
삼성디스플레이,39,95.8209,0.0344,0.0220,102.0301
삼성디스플레이,82,94.2365,0.0254,0.0217,100.3430
삼성디스플레이,29,88.1403,0.0412,0.0203,93.8518
삼성디스플레이,55,83.4949,0.0366,0.0192,88.9054
삼성디스플레이,2,78.1288,0.0330,0.0180,83.1916
삼성디스플레이,53,68.0136,0.0375,0.0156,72.4209
삼성디스플레이,77,67.3865,0.0469,0.0155,71.7531
삼성디스플레이,35,62.8127,0.0350,0.0145,66.8830
삼성디스플레이,59,58.8198,0.0428,0.0135,62.6314
삼성디스플레이,38,53.3914,0.0402,0.0123,56.8512
삼성디스플레이,80,49.0902,0.0350,0.0113,52.2713
삼성디스플레이,14,48.0215,0.0182,0.0110,51.1333
삼성디스플레이,89,44.2048,0.0190,0.0102,47.0693
삼성디스플레이,44,43.6625,0.0353,0.0100,46.4918
삼성디스플레이,85,38.9249,0.0350,0.0090,41.4472
삼성디스플레이,71,37.6077,0.0595,0.0087,40.0447
삼성디스플레이,32,35.6675,0.0302,0.0082,37.9788
삼성디스플레이,81,35.4649,0.0217,0.0082,37.7630
삼성디스플레이,47,32.9770,0.0146,0.0076,35.1139
삼성디스플레이,54,19.5322,0.0208,0.0045,20.7979
삼성디스플레이,22,16.7467,0.0218,0.0039,17.8318
삼성디스플레이,69,16.5336,0.0230,0.0038,17.6049
삼성디스플레이,76,15.8038,0.0338,0.0036,16.8279
삼성디스플레이,88,15.4288,0.0539,0.0035,16.4286
삼성디스플레이,100,11.5716,0.0346,0.0027,12.3214
삼성디스플레이,52,9.8333,0.0278,0.0023,10.4705
삼성디스플레이,43,8.7354,0.0186,0.0020,9.3014
삼성디스플레이,50,7.2584,0.0106,0.0017,7.7287
삼성디스플레이,11,7.1265,0.0076,0.0016,7.5883
삼성디스플레이,99,5.5962,0.0126,0.0013,5.9588
삼성전자,0,2165.3918,0.1248,0.3225,4661.6554
삼성전자,10,1541.7056,0.1366,0.2296,3318.9839
삼성전자,3,1527.3556,0.1590,0.2275,3288.0912
삼성전자,26,1264.0164,0.1374,0.1883,2721.1745
삼성전자,4,1246.5919,0.3275,0.1857,2683.6631
삼성전자,74,1245.3711,0.1098,0.1855,2681.0349
삼성전자,83,1243.5588,0.1636,0.1852,2677.1333
삼성전자,84,1224.4110,0.1086,0.1824,2635.9120
삼성전자,92,1102.3871,0.1225,0.1642,2373.2189
삼성전자,95,1031.9717,0.2180,0.1537,2221.6287
삼성전자,6,1026.5772,0.2179,0.1529,2210.0155
삼성전자,18,1020.3241,0.1729,0.1520,2196.5537
삼성전자,67,952.4274,0.1778,0.1419,2050.3858
삼성전자,9,932.7133,0.1285,0.1389,2007.9452
삼성전자,36,915.0526,0.1146,0.1363,1969.9251
삼성전자,21,909.1997,0.1899,0.1354,1957.3251
삼성전자,64,880.7485,0.1244,0.1312,1896.0754
삼성전자,75,867.3248,0.1022,0.1292,1867.1767
삼성전자,70,865.4327,0.1547,0.1289,1863.1035
삼성전자,13,849.5183,0.1541,0.1265,1828.8429
삼성전자,96,817.3311,0.1054,0.1217,1759.5504
삼성전자,42,799.4747,0.1179,0.1191,1721.1092
삼성전자,34,799.0666,0.1468,0.1190,1720.2305
삼성전자,20,764.7173,0.1649,0.1139,1646.2834
삼성전자,2,764.3039,0.3225,0.1138,1645.3933
삼성전자,16,754.5687,0.1537,0.1124,1624.4355
삼성전자,12,723.4480,0.1933,0.1077,1557.4388
삼성전자,94,718.1953,0.1130,0.1070,1546.1309
삼성전자,31,714.0224,0.1930,0.1063,1537.1475
삼성전자,60,707.7919,0.1048,0.1054,1523.7344
삼성전자,66,691.6437,0.1733,0.1030,1488.9706
삼성전자,91,677.5983,0.1451,0.1009,1458.7337
삼성전자,37,644.3431,0.1057,0.0960,1387.1418
삼성전자,82,640.0831,0.1726,0.0953,1377.9708
삼성전자,39,601.2763,0.2156,0.0896,1294.4276
삼성전자,1,595.4421,0.1480,0.0887,1281.8677
삼성전자,98,585.0757,0.1162,0.0871,1259.5509
삼성전자,28,575.5673,0.1266,0.0857,1239.0813
삼성전자,15,574.8916,0.1297,0.0856,1237.6266
삼성전자,56,568.3323,0.1121,0.0846,1223.5057
삼성전자,24,555.5298,0.1886,0.0827,1195.9446
삼성전자,62,553.9421,0.2048,0.0825,1192.5265
삼성전자,27,553.9345,0.1266,0.0825,1192.5101
삼성전자,46,552.9557,0.1480,0.0824,1190.4030
삼성전자,33,541.2082,0.0983,0.0806,1165.1129
삼성전자,41,535.4454,0.1354,0.0797,1152.7068
삼성전자,61,518.2099,0.1839,0.0772,1115.6023
삼성전자,25,511.4884,0.0932,0.0762,1101.1323
삼성전자,48,510.6089,0.1463,0.0760,1099.2389
삼성전자,63,495.6141,0.1410,0.0738,1066.9581
삼성전자,23,487.7501,0.1222,0.0726,1050.0284
삼성전자,90,484.9947,0.1614,0.0722,1044.0965
삼성전자,19,474.2096,0.1154,0.0706,1020.8785
삼성전자,7,466.6307,0.1296,0.0695,1004.5625
삼성전자,65,466.4229,0.1132,0.0695,1004.1153
삼성전자,14,460.1335,0.1741,0.0685,990.5754
삼성전자,86,453.9642,0.1265,0.0676,977.2942
삼성전자,93,445.9043,0.1162,0.0664,959.9429
삼성전자,58,444.5056,0.1446,0.0662,956.9316
삼성전자,78,444.1370,0.1234,0.0661,956.1381
삼성전자,73,414.4255,0.1518,0.0617,892.1752
삼성전자,97,414.2843,0.1399,0.0617,891.8712
삼성전자,59,412.6038,0.3000,0.0615,888.2534
삼성전자,8,412.1126,0.1329,0.0614,887.1960
삼성전자,11,393.9944,0.4220,0.0587,848.1912
삼성전자,79,393.6185,0.1167,0.0586,847.3818
삼성전자,40,373.8936,0.1518,0.0557,804.9181
삼성전자,30,346.8673,0.0913,0.0517,746.7360
삼성전자,72,341.9273,0.1095,0.0509,736.1012
삼성전자,45,325.7962,0.1329,0.0485,701.3742
삼성전자,47,306.9999,0.1357,0.0457,660.9095
삼성전자,87,296.9861,0.0907,0.0442,639.3517
삼성전자,5,285.1654,0.1462,0.0425,613.9041
삼성전자,49,267.7416,0.1160,0.0399,576.3942
삼성전자,35,253.5488,0.1413,0.0378,545.8399
삼성전자,57,251.5168,0.1115,0.0375,541.4653
삼성전자,89,250.2158,0.1073,0.0373,538.6646
삼성전자,81,249.9843,0.1532,0.0372,538.1661
삼성전자,80,243.8676,0.1738,0.0363,524.9981
삼성전자,32,234.3865,0.1984,0.0349,504.5873
삼성전자,68,232.6280,0.0973,0.0346,500.8016
삼성전자,51,230.3327,0.0937,0.0343,495.8603
삼성전자,55,225.2065,0.0986,0.0335,484.8246
삼성전자,54,196.1713,0.2087,0.0292,422.3176
삼성전자,29,184.2133,0.0860,0.0274,396.5744
삼성전자,17,177.4312,0.1465,0.0264,381.9739
삼성전자,22,163.9410,0.2131,0.0244,352.9323
삼성전자,38,153.0555,0.1151,0.0228,329.4978
삼성전자,53,152.4160,0.0841,0.0227,328.1212
삼성전자,85,136.6696,0.1229,0.0204,294.2223
삼성전자,77,132.9759,0.0926,0.0198,286.2706
삼성전자,44,114.1353,0.0921,0.0170,245.7104
삼성전자,71,98.3586,0.1555,0.0146,211.7464
삼성전자,50,80.7493,0.1174,0.0120,173.8370
삼성전자,69,75.2278,0.1047,0.0112,161.9503
삼성전자,76,42.1435,0.0901,0.0063,90.7266
삼성전자,43,39.3092,0.0839,0.0059,84.6249
삼성전자,88,28.9290,0.1010,0.0043,62.2783
삼성전자,100,26.0361,0.0778,0.0039,56.0505
삼성전자,52,25.4027,0.0718,0.0038,54.6869
삼성전자,99,24.6231,0.0556,0.0037,53.0086
샤오미,0,276.5657,0.0159,0.3718,276.5657
샤오미,74,224.7177,0.0198,0.3021,224.7177
샤오미,84,202.8695,0.0180,0.2727,202.8695
샤오미,3,199.3464,0.0208,0.2680,199.3464
샤오미,55,166.2239,0.0728,0.2235,166.2239
샤오미,37,145.8890,0.0239,0.1961,145.8890
샤오미,25,133.0187,0.0242,0.1788,133.0187
샤오미,75,117.2261,0.0138,0.1576,117.2261
샤오미,92,117.0929,0.0130,0.1574,117.0929
샤오미,96,114.9013,0.0148,0.1545,114.9013
샤오미,12,113.3881,0.0303,0.1524,113.3881
샤오미,36,108.9524,0.0136,0.1465,108.9524
샤오미,10,108.9249,0.0097,0.1464,108.9249
샤오미,94,107.5809,0.0169,0.1446,107.5809
샤오미,60,99.5811,0.0147,0.1339,99.5811
샤오미,64,93.5116,0.0132,0.1257,93.5116
샤오미,26,92.8493,0.0101,0.1248,92.8493
샤오미,56,91.9801,0.0181,0.1237,91.9801
샤오미,91,91.0793,0.0195,0.1225,91.0793
샤오미,30,86.1076,0.0227,0.1158,86.1076
샤오미,98,82.0626,0.0163,0.1103,82.0626
샤오미,66,81.4949,0.0204,0.1096,81.4949
샤오미,78,79.4858,0.0221,0.1069,79.4858
샤오미,86,79.4243,0.0221,0.1068,79.4243
샤오미,67,77.9517,0.0146,0.1048,77.9517
샤오미,62,76.2080,0.0282,0.1025,76.2080
샤오미,1,73.9225,0.0184,0.0994,73.9225
샤오미,70,72.6589,0.0130,0.0977,72.6589
샤오미,83,70.5219,0.0093,0.0948,70.5219
샤오미,93,70.4840,0.0184,0.0948,70.4840
샤오미,42,65.5186,0.0097,0.0881,65.5186
샤오미,58,59.2674,0.0193,0.0797,59.2674
샤오미,18,58.8932,0.0100,0.0792,58.8932
샤오미,13,58.6131,0.0106,0.0788,58.6131
샤오미,21,56.6921,0.0118,0.0762,56.6921
샤오미,33,55.7791,0.0101,0.0750,55.7791
샤오미,20,54.6741,0.0118,0.0735,54.6741
샤오미,24,54.2716,0.0184,0.0730,54.2716
샤오미,9,52.7553,0.0073,0.0709,52.7553
샤오미,27,50.3577,0.0115,0.0677,50.3577
샤오미,34,49.9417,0.0092,0.0671,49.9417
샤오미,6,49.6383,0.0105,0.0667,49.6383
샤오미,8,47.4925,0.0153,0.0639,47.4925
샤오미,2,44.1598,0.0186,0.0594,44.1598
샤오미,19,43.6055,0.0106,0.0586,43.6055
샤오미,63,42.2904,0.0120,0.0569,42.2904
샤오미,14,41.9097,0.0159,0.0563,41.9097
샤오미,4,41.8771,0.0110,0.0563,41.8771
샤오미,61,41.0313,0.0146,0.0552,41.0313
샤오미,28,40.5942,0.0089,0.0546,40.5942
샤오미,15,40.1767,0.0091,0.0540,40.1767
샤오미,31,39.8693,0.0108,0.0536,39.8693
샤오미,65,38.9335,0.0095,0.0523,38.9335
샤오미,46,37.8419,0.0101,0.0509,37.8419
샤오미,82,36.9697,0.0100,0.0497,36.9697
샤오미,39,36.7314,0.0132,0.0494,36.7314
샤오미,87,36.1810,0.0110,0.0486,36.1810
샤오미,7,35.8947,0.0100,0.0483,35.8947
샤오미,79,35.5199,0.0105,0.0478,35.5199
샤오미,16,35.3359,0.0072,0.0475,35.3359
샤오미,95,35.1469,0.0074,0.0473,35.1469
샤오미,29,33.4933,0.0156,0.0450,33.4933
샤오미,41,30.6804,0.0078,0.0412,30.6804
샤오미,97,30.6600,0.0104,0.0412,30.6600
샤오미,47,30.6215,0.0135,0.0412,30.6215
샤오미,90,29.3468,0.0098,0.0395,29.3468
샤오미,23,27.3370,0.0068,0.0368,27.3370
샤오미,72,26.5943,0.0085,0.0358,26.5943
샤오미,53,26.2221,0.0145,0.0353,26.2221
샤오미,49,25.1253,0.0109,0.0338,25.1253
샤오미,44,24.5123,0.0198,0.0330,24.5123
샤오미,54,22.9291,0.0244,0.0308,22.9291
샤오미,68,22.8211,0.0095,0.0307,22.8211
샤오미,89,20.8513,0.0089,0.0280,20.8513
샤오미,48,20.4536,0.0059,0.0275,20.4536
샤오미,51,20.1340,0.0082,0.0271,20.1340
샤오미,45,18.9926,0.0077,0.0255,18.9926
샤오미,11,16.2892,0.0174,0.0219,16.2892
샤오미,57,15.5807,0.0069,0.0209,15.5807
샤오미,73,14.3731,0.0053,0.0193,14.3731
샤오미,35,13.7882,0.0077,0.0185,13.7882
샤오미,81,12.1100,0.0074,0.0163,12.1100
샤오미,69,11.5735,0.0161,0.0156,11.5735
샤오미,22,10.5768,0.0137,0.0142,10.5768
샤오미,80,10.2931,0.0073,0.0138,10.2931
샤오미,5,9.8333,0.0050,0.0132,9.8333
샤오미,77,8.9849,0.0063,0.0121,8.9849
샤오미,59,8.6500,0.0063,0.0116,8.6500
샤오미,32,6.7938,0.0058,0.0091,6.7938
샤오미,40,6.4784,0.0026,0.0087,6.4784
샤오미,85,6.0550,0.0054,0.0081,6.0550
샤오미,43,5.4596,0.0117,0.0073,5.4596
샤오미,38,3.5594,0.0027,0.0048,3.5594
샤오미,52,3.2778,0.0093,0.0044,3.2778
샤오미,17,2.8929,0.0024,0.0039,2.8929
샤오미,88,2.8929,0.0101,0.0039,2.8929
샤오미,100,2.8929,0.0086,0.0039,2.8929
샤오미,76,2.1072,0.0045,0.0028,2.1072
샤오미,50,1.8146,0.0026,0.0024,1.8146
샤오미,71,0.9643,0.0015,0.0013,0.9643
샤오펑,0,27.0327,0.0016,0.3442,27.0327
샤오펑,3,21.7469,0.0023,0.2769,21.7469
샤오펑,84,21.5819,0.0019,0.2748,21.5819
샤오펑,74,21.0220,0.0019,0.2676,21.0220
샤오펑,8,19.9162,0.0064,0.2536,19.9162
샤오펑,55,19.1502,0.0084,0.2438,19.1502
샤오펑,20,17.2655,0.0037,0.2198,17.2655
샤오펑,83,15.3612,0.0020,0.1956,15.3612
샤오펑,34,14.7715,0.0027,0.1881,14.7715
샤오펑,92,14.2796,0.0016,0.1818,14.2796
샤오펑,93,14.0968,0.0037,0.1795,14.0968
샤오펑,27,13.6685,0.0031,0.1740,13.6685
샤오펑,67,12.7557,0.0024,0.1624,12.7557
샤오펑,41,10.9573,0.0028,0.1395,10.9573
샤오펑,9,10.5511,0.0015,0.1343,10.5511
샤오펑,26,10.5511,0.0011,0.1343,10.5511
샤오펑,4,10.4693,0.0028,0.1333,10.4693
샤오펑,23,9.3521,0.0023,0.1191,9.3521
샤오펑,82,8.6988,0.0023,0.1107,8.6988
샤오펑,21,8.5038,0.0018,0.1083,8.5038
샤오펑,66,8.5038,0.0021,0.1083,8.5038
샤오펑,13,8.1613,0.0015,0.1039,8.1613
샤오펑,31,7.9739,0.0022,0.1015,7.9739
샤오펑,90,7.7228,0.0026,0.0983,7.7228
샤오펑,68,7.3616,0.0031,0.0937,7.3616
샤오펑,6,7.1940,0.0015,0.0916,7.1940
샤오펑,10,6.9824,0.0006,0.0889,6.9824
샤오펑,72,6.8385,0.0022,0.0871,6.8385
샤오펑,48,6.5744,0.0019,0.0837,6.5744
샤오펑,70,6.4746,0.0012,0.0824,6.4746
샤오펑,89,5.8384,0.0025,0.0743,5.8384
샤오펑,64,5.7992,0.0008,0.0738,5.7992
샤오펑,39,5.5896,0.0020,0.0712,5.5896
샤오펑,96,5.3621,0.0007,0.0683,5.3621
샤오펑,33,5.2764,0.0010,0.0672,5.2764
샤오펑,78,4.9166,0.0014,0.0626,4.9166
샤오펑,37,4.5590,0.0007,0.0580,4.5590
샤오펑,61,4.5590,0.0016,0.0580,4.5590
샤오펑,56,4.4868,0.0009,0.0571,4.4868
샤오펑,75,4.4516,0.0005,0.0567,4.4516
샤오펑,25,3.9589,0.0007,0.0504,3.9589
샤오펑,86,3.8933,0.0011,0.0496,3.8933
샤오펑,46,3.8614,0.0010,0.0492,3.8614
샤오펑,88,3.8572,0.0135,0.0491,3.8572
샤오펑,98,3.7992,0.0008,0.0484,3.7992
샤오펑,45,3.6524,0.0015,0.0465,3.6524
샤오펑,32,3.3969,0.0029,0.0432,3.3969
샤오펑,1,3.2493,0.0008,0.0414,3.2493
샤오펑,12,3.1940,0.0009,0.0407,3.1940
샤오펑,49,3.1407,0.0014,0.0400,3.1407
샤오펑,91,3.1407,0.0007,0.0400,3.1407
샤오펑,60,3.0640,0.0005,0.0390,3.0640
샤오펑,95,2.9912,0.0006,0.0381,2.9912
샤오펑,94,2.9677,0.0005,0.0378,2.9677
샤오펑,36,2.9447,0.0004,0.0375,2.9447
샤오펑,42,2.9447,0.0004,0.0375,2.9447
샤오펑,15,2.9219,0.0007,0.0372,2.9219
샤오펑,2,2.5477,0.0011,0.0324,2.5477
샤오펑,62,2.4583,0.0009,0.0313,2.4583
샤오펑,30,2.4370,0.0006,0.0310,2.4370
샤오펑,73,2.3955,0.0009,0.0305,2.3955
샤오펑,19,2.3360,0.0006,0.0297,2.3360
샤오펑,35,2.2980,0.0013,0.0293,2.2980
샤오펑,24,2.2613,0.0008,0.0288,2.2613
샤오펑,87,2.2613,0.0007,0.0288,2.2613
샤오펑,7,2.2434,0.0006,0.0286,2.2434
샤오펑,97,2.2434,0.0008,0.0286,2.2434
샤오펑,57,2.2258,0.0010,0.0283,2.2258
샤오펑,18,2.2085,0.0004,0.0281,2.2085
샤오펑,28,2.1747,0.0005,0.0277,2.1747
샤오펑,79,2.1747,0.0006,0.0277,2.1747
샤오펑,77,1.7970,0.0013,0.0229,1.7970
샤오펑,54,1.6985,0.0018,0.0216,1.6985
샤오펑,5,1.6389,0.0008,0.0209,1.6389
샤오펑,52,1.6389,0.0046,0.0209,1.6389
샤오펑,65,1.5573,0.0004,0.0198,1.5573
샤오펑,58,1.5197,0.0005,0.0193,1.5197
샤오펑,99,1.1192,0.0025,0.0142,1.1192
샤오펑,100,0.9643,0.0029,0.0123,0.9643
샤오펑,38,0.8899,0.0007,0.0113,0.8899
샤오펑,22,0.8814,0.0011,0.0112,0.8814
샤오펑,81,0.8650,0.0005,0.0110,0.8650
샤오펑,85,0.8650,0.0008,0.0110,0.8650
샤오펑,69,0.8267,0.0012,0.0105,0.8267
샤오펑,80,0.7918,0.0006,0.0101,0.7918
샤오펑,47,0.7852,0.0003,0.0100,0.7852
샤오펑,63,0.7419,0.0002,0.0094,0.7419
샤오펑,16,0.7362,0.0001,0.0094,0.7362
샤프,0,47.8272,0.0028,0.3468,47.8272
샤프,74,46.3933,0.0041,0.3364,46.3933
샤프,84,44.6025,0.0040,0.3234,44.6025
샤프,3,41.3191,0.0043,0.2996,41.3191
샤프,96,36.7684,0.0047,0.2666,36.7684
샤프,94,30.4194,0.0048,0.2206,30.4194
샤프,75,27.4517,0.0032,0.1991,27.4517
샤프,64,26.8211,0.0038,0.1945,26.8211
샤프,42,25.0296,0.0037,0.1815,25.0296
샤프,92,23.5614,0.0026,0.1708,23.5614
샤프,37,22.0353,0.0036,0.1598,22.0353
샤프,36,21.3488,0.0027,0.1548,21.3488
샤프,60,20.6822,0.0031,0.1500,20.6822
샤프,26,19.6953,0.0021,0.1428,19.6953
샤프,10,18.8524,0.0017,0.1367,18.8524
샤프,91,15.7033,0.0034,0.1139,15.7033
샤프,98,14.4369,0.0029,0.1047,14.4369
샤프,87,13.5679,0.0041,0.0984,13.5679
샤프,33,12.8141,0.0023,0.0929,12.8141
샤프,93,12.6129,0.0033,0.0915,12.6129
샤프,1,12.1850,0.0030,0.0884,12.1850
샤프,19,11.6800,0.0028,0.0847,11.6800
샤프,28,11.5983,0.0026,0.0841,11.5983
샤프,72,11.3976,0.0036,0.0826,11.3976
샤프,4,10.4693,0.0028,0.0759,10.4693
샤프,63,10.3871,0.0030,0.0753,10.3871
샤프,41,10.2268,0.0026,0.0742,10.2268
샤프,58,9.8779,0.0032,0.0716,9.8779
샤프,9,9.8477,0.0014,0.0714,9.8477
샤프,34,9.8477,0.0018,0.0714,9.8477
샤프,15,9.4963,0.0021,0.0689,9.4963
샤프,79,9.4236,0.0028,0.0683,9.4236
샤프,65,9.3440,0.0023,0.0678,9.3440
샤프,8,9.1921,0.0030,0.0667,9.1921
샤프,90,8.4951,0.0028,0.0616,8.4951
샤프,55,8.4261,0.0037,0.0611,8.4261
샤프,13,8.1613,0.0015,0.0592,8.1613
샤프,67,7.7952,0.0015,0.0565,7.7952
샤프,46,7.7228,0.0021,0.0560,7.7228
샤프,56,7.4781,0.0015,0.0542,7.4781
샤프,97,7.4781,0.0025,0.0542,7.4781
샤프,48,7.3048,0.0021,0.0530,7.3048
샤프,27,7.1940,0.0016,0.0522,7.1940
샤프,83,6.9824,0.0009,0.0506,6.9824
샤프,24,6.7839,0.0023,0.0492,6.7839
샤프,31,6.5241,0.0018,0.0473,6.5241
샤프,6,6.4746,0.0014,0.0469,6.4746
샤프,23,6.4746,0.0016,0.0469,6.4746
샤프,25,6.3342,0.0012,0.0459,6.3342
샤프,7,5.9824,0.0017,0.0434,5.9824
샤프,18,5.8893,0.0010,0.0427,5.8893
샤프,62,5.7361,0.0021,0.0416,5.7361
샤프,12,5.5896,0.0015,0.0405,5.5896
샤프,95,5.2346,0.0011,0.0380,5.2346
샤프,57,5.1936,0.0023,0.0377,5.1936
샤프,81,5.1900,0.0032,0.0376,5.1900
샤프,39,4.7910,0.0017,0.0347,4.7910
샤프,35,4.5961,0.0026,0.0333,4.5961
샤프,61,4.5590,0.0016,0.0331,4.5590
샤프,16,4.4170,0.0009,0.0320,4.4170
샤프,45,4.3829,0.0018,0.0318,4.3829
샤프,21,4.2519,0.0009,0.0308,4.2519
샤프,66,4.2519,0.0011,0.0308,4.2519
샤프,30,4.0617,0.0011,0.0295,4.0617
샤프,80,3.9589,0.0028,0.0287,3.9589
샤프,86,3.8933,0.0011,0.0282,3.8933
샤프,20,3.5970,0.0008,0.0261,3.5970
샤프,70,3.5970,0.0006,0.0261,3.5970
샤프,59,3.4600,0.0025,0.0251,3.4600
샤프,89,3.3362,0.0014,0.0242,3.3362
샤프,69,3.3067,0.0046,0.0240,3.3067
샤프,78,3.2778,0.0009,0.0238,3.2778
샤프,51,3.2214,0.0013,0.0234,3.2214
샤프,68,2.9447,0.0012,0.0214,2.9447
샤프,17,2.8929,0.0024,0.0210,2.8929
샤프,50,2.7219,0.0040,0.0197,2.7219
샤프,22,2.6442,0.0034,0.0192,2.6442
샤프,53,2.4583,0.0014,0.0178,2.4583
샤프,73,2.3955,0.0009,0.0174,2.3955
샤프,44,2.2980,0.0019,0.0167,2.2980
샤프,29,1.7628,0.0008,0.0128,1.7628
샤프,14,1.7462,0.0007,0.0127,1.7462
샤프,85,1.7300,0.0016,0.0125,1.7300
샤프,2,1.6985,0.0007,0.0123,1.6985
샤프,32,1.6985,0.0014,0.0123,1.6985
샤프,82,1.4498,0.0004,0.0105,1.4498
샤프,77,0.8985,0.0006,0.0065,0.8985
샤프,38,0.8899,0.0007,0.0065,0.8899
샤프,54,0.8492,0.0009,0.0062,0.8492
샤프,5,0.8194,0.0004,0.0059,0.8194
샤프,52,0.8194,0.0023,0.0059,0.8194
샤프,47,0.7852,0.0003,0.0057,0.7852
샤프,49,0.7852,0.0003,0.0057,0.7852
선익시스템,10,53.7642,0.0048,0.3587,53.7642
선익시스템,0,51.2929,0.0030,0.3422,51.2929
선익시스템,74,34.7950,0.0031,0.2322,34.7950
선익시스템,36,33.8636,0.0042,0.2259,33.8636
선익시스템,26,33.7634,0.0037,0.2253,33.7634
선익시스템,75,31.9033,0.0038,0.2129,31.9033
선익시스템,84,31.6534,0.0028,0.2112,31.6534
선익시스템,92,31.4152,0.0035,0.2096,31.4152
선익시스템,64,28.9958,0.0041,0.1935,28.9958
선익시스템,94,28.1936,0.0044,0.1881,28.1936
선익시스템,60,27.5763,0.0041,0.1840,27.5763
선익시스템,28,27.5460,0.0061,0.1838,27.5460
선익시스템,96,26.0443,0.0034,0.1738,26.0443
선익시스템,98,25.0747,0.0050,0.1673,25.0747
선익시스템,15,24.8365,0.0056,0.1657,24.8365
선익시스템,9,23.9157,0.0033,0.1596,23.9157
선익시스템,37,23.5550,0.0039,0.1572,23.5550
선익시스템,42,19.8764,0.0029,0.1326,19.8764
선익시스템,33,17.3368,0.0031,0.1157,17.3368
선익시스템,3,16.6726,0.0017,0.1112,16.6726
선익시스템,87,16.5830,0.0051,0.1106,16.5830
선익시스템,79,15.9477,0.0047,0.1064,15.9477
선익시스템,13,14.8387,0.0027,0.0990,14.8387
선익시스템,63,14.8387,0.0042,0.0990,14.8387
선익시스템,34,14.7715,0.0027,0.0986,14.7715
선익시스템,19,14.0160,0.0034,0.0935,14.0160
선익시스템,83,13.2665,0.0017,0.0885,13.2665
선익시스템,18,12.5148,0.0021,0.0835,12.5148
선익시스템,7,11.9649,0.0033,0.0798,11.9649
선익시스템,97,11.2171,0.0038,0.0748,11.2171
선익시스템,76,10.5359,0.0225,0.0703,10.5359
선익시스템,16,10.3063,0.0021,0.0688,10.3063
선익시스템,27,9.3521,0.0021,0.0624,9.3521
선익시스템,65,9.3440,0.0023,0.0623,9.3440
선익시스템,89,9.1746,0.0039,0.0612,9.1746
선익시스템,46,8.4951,0.0023,0.0567,8.4951
선익시스템,57,8.1613,0.0036,0.0545,8.1613
선익시스템,93,8.1613,0.0021,0.0545,8.1613
선익시스템,6,7.9133,0.0017,0.0528,7.9133
선익시스템,23,7.1940,0.0018,0.0480,7.1940
선익시스템,58,6.8385,0.0022,0.0456,6.8385
선익시스템,56,6.7303,0.0013,0.0449,6.7303
선익시스템,67,6.3779,0.0012,0.0426,6.3779
선익시스템,48,5.8439,0.0017,0.0390,5.8439
선익시스템,41,5.1134,0.0013,0.0341,5.1134
선익시스템,45,5.1134,0.0021,0.0341,5.1134
선익시스템,8,4.5961,0.0015,0.0307,4.5961
선익시스템,72,4.5590,0.0015,0.0304,4.5590
선익시스템,70,4.3164,0.0008,0.0288,4.3164
선익시스템,21,4.2519,0.0009,0.0284,4.2519
선익시스템,25,3.9589,0.0007,0.0264,3.9589
선익시스템,49,3.9258,0.0017,0.0262,3.9258
선익시스템,61,3.7992,0.0013,0.0253,3.7992
선익시스템,31,3.6245,0.0010,0.0242,3.6245
선익시스템,66,3.5433,0.0009,0.0236,3.5433
선익시스템,85,3.4600,0.0031,0.0231,3.4600
선익시스템,78,3.2778,0.0009,0.0219,3.2778
선익시스템,86,3.1147,0.0009,0.0208,3.1147
선익시스템,95,2.9912,0.0006,0.0200,2.9912
선익시스템,82,2.8996,0.0008,0.0193,2.8996
선익시스템,20,2.8776,0.0006,0.0192,2.8776
선익시스템,53,2.4583,0.0014,0.0164,2.4583
선익시스템,51,2.4161,0.0010,0.0161,2.4161
선익시스템,90,2.3169,0.0008,0.0155,2.3169
선익시스템,22,1.7628,0.0023,0.0118,1.7628
선익시스템,29,1.7628,0.0008,0.0118,1.7628
선익시스템,69,1.6534,0.0023,0.0110,1.6534
선익시스템,5,1.6389,0.0008,0.0109,1.6389
선익시스템,1,1.6247,0.0004,0.0108,1.6247
선익시스템,30,1.6247,0.0004,0.0108,1.6247
선익시스템,35,1.5320,0.0009,0.0102,1.5320
선익시스템,24,1.5075,0.0005,0.0101,1.5075
선익시스템,4,1.4956,0.0004,0.0100,1.4956
선익시스템,68,1.4723,0.0006,0.0098,1.4723
선익시스템,17,0.9643,0.0008,0.0064,0.9643
선익시스템,71,0.9643,0.0015,0.0064,0.9643
선익시스템,100,0.9643,0.0029,0.0064,0.9643
선익시스템,32,0.8492,0.0007,0.0057,0.8492
선익시스템,12,0.7985,0.0002,0.0053,0.7985
선익시스템,73,0.7985,0.0003,0.0053,0.7985
선익시스템,47,0.7852,0.0003,0.0052,0.7852
선익시스템,91,0.7852,0.0002,0.0052,0.7852
선익시스템,44,0.7660,0.0006,0.0051,0.7660
선익시스템,55,0.7660,0.0003,0.0051,0.7660
세미파이브,83,9.0771,0.0012,0.3374,9.0771
세미파이브,18,7.3616,0.0012,0.2737,7.3616
세미파이브,75,6.6774,0.0008,0.2482,6.6774
세미파이브,0,6.2383,0.0004,0.2319,6.2383
세미파이브,33,6.0302,0.0011,0.2242,6.0302
세미파이브,65,5.4507,0.0013,0.2026,5.4507
세미파이브,42,5.1532,0.0008,0.1916,5.1532
세미파이브,56,4.4868,0.0009,0.1668,4.4868
세미파이브,36,4.4170,0.0006,0.1642,4.4170
세미파이브,9,4.2204,0.0006,0.1569,4.2204
세미파이브,26,4.2204,0.0005,0.1569,4.2204
세미파이브,49,3.9258,0.0017,0.1459,3.9258
세미파이브,95,3.7390,0.0008,0.1390,3.7390
세미파이브,48,3.6524,0.0010,0.1358,3.6524
세미파이브,28,3.6245,0.0008,0.1347,3.6245
세미파이브,84,3.5970,0.0003,0.1337,3.5970
세미파이브,92,3.5699,0.0004,0.1327,3.5699
세미파이브,21,3.5433,0.0007,0.1317,3.5433
세미파이브,66,3.5433,0.0009,0.1317,3.5433
세미파이브,67,3.5433,0.0007,0.1317,3.5433
세미파이브,10,3.4912,0.0003,0.1298,3.4912
세미파이브,96,3.0640,0.0004,0.1139,3.0640
세미파이브,63,2.9677,0.0008,0.1103,2.9677
세미파이브,15,2.9219,0.0007,0.1086,2.9219
세미파이브,41,2.9219,0.0007,0.1086,2.9219
세미파이브,45,2.9219,0.0012,0.1086,2.9219
세미파이브,31,2.8996,0.0008,0.1078,2.8996
세미파이브,74,2.8996,0.0003,0.1078,2.8996
세미파이브,82,2.8996,0.0008,0.1078,2.8996
세미파이브,6,2.8776,0.0006,0.1070,2.8776
세미파이브,20,2.8776,0.0006,0.1070,2.8776
세미파이브,70,2.8776,0.0005,0.1070,2.8776
세미파이브,34,2.8136,0.0005,0.1046,2.8136
세미파이브,73,2.3955,0.0009,0.0891,2.3955
세미파이브,90,2.3169,0.0008,0.0861,2.3169
세미파이브,44,2.2980,0.0019,0.0854,2.2980
세미파이브,60,2.2980,0.0003,0.0854,2.2980
세미파이브,72,2.2795,0.0007,0.0847,2.2795
세미파이브,4,2.2434,0.0006,0.0834,2.2434
세미파이브,13,2.2258,0.0004,0.0827,2.2258
세미파이브,93,2.2258,0.0006,0.0827,2.2258
세미파이브,16,2.2085,0.0004,0.0821,2.2085
세미파이브,64,2.1747,0.0003,0.0808,2.1747
세미파이브,79,2.1747,0.0006,0.0808,2.1747
세미파이브,23,2.1582,0.0005,0.0802,2.1582
세미파이브,27,2.1582,0.0005,0.0802,2.1582
세미파이브,59,1.7300,0.0013,0.0643,1.7300
세미파이브,89,1.6681,0.0007,0.0620,1.6681
세미파이브,78,1.6389,0.0005,0.0609,1.6389
세미파이브,12,1.5970,0.0004,0.0594,1.5970
세미파이브,47,1.5703,0.0007,0.0584,1.5703
세미파이브,19,1.5573,0.0004,0.0579,1.5573
세미파이브,86,1.5573,0.0004,0.0579,1.5573
세미파이브,37,1.5197,0.0002,0.0565,1.5197
세미파이브,98,1.5197,0.0003,0.0565,1.5197
세미파이브,94,1.4839,0.0002,0.0552,1.4839
세미파이브,3,1.4498,0.0002,0.0539,1.4498
세미파이브,32,0.8492,0.0007,0.0316,0.8492
세미파이브,5,0.8194,0.0004,0.0305,0.8194
세미파이브,52,0.8194,0.0023,0.0305,0.8194
세미파이브,53,0.8194,0.0005,0.0305,0.8194
세미파이브,51,0.8054,0.0003,0.0299,0.8054
세미파이브,25,0.7918,0.0001,0.0294,0.7918
세미파이브,46,0.7723,0.0002,0.0287,0.7723
세미파이브,35,0.7660,0.0004,0.0285,0.7660
세미파이브,55,0.7660,0.0003,0.0285,0.7660
세미파이브,58,0.7598,0.0002,0.0282,0.7598
세미파이브,24,0.7538,0.0003,0.0280,0.7538
세미파이브,87,0.7538,0.0002,0.0280,0.7538
세미파이브,7,0.7478,0.0002,0.0278,0.7478
세미파이브,97,0.7478,0.0003,0.0278,0.7478
세미파이브,57,0.7419,0.0003,0.0276,0.7419
세미파이브,68,0.7362,0.0003,0.0274,0.7362
소니,0,88.7228,0.0051,0.3548,88.7228
소니,74,76.1141,0.0067,0.3044,76.1141
소니,84,71.2201,0.0063,0.2848,71.2201
소니,3,67.4153,0.0070,0.2696,67.4153
소니,92,47.8367,0.0053,0.1913,47.8367
소니,96,41.3645,0.0053,0.1654,41.3645
소니,25,41.1724,0.0075,0.1646,41.1724
소니,10,40.4977,0.0036,0.1619,40.4977
소니,26,37.2804,0.0041,0.1491,37.2804
소니,75,36.3549,0.0043,0.1454,36.3549
소니,60,35.2364,0.0052,0.1409,35.2364
소니,64,34.0701,0.0048,0.1362,34.0701
소니,56,33.6513,0.0066,0.1346,33.6513
소니,36,32.3912,0.0041,0.1295,32.3912
소니,14,30.5591,0.0116,0.1222,30.5591
소니,12,30.3433,0.0081,0.1213,30.3433
소니,91,27.4808,0.0059,0.1099,27.4808
소니,67,26.9288,0.0050,0.1077,26.9288
소니,1,26.8071,0.0067,0.1072,26.8071
소니,30,26.8071,0.0071,0.1072,26.8071
소니,9,26.7293,0.0037,0.1069,26.7293
소니,13,26.7097,0.0048,0.1068,26.7097
소니,42,26.5019,0.0039,0.1060,26.5019
소니,78,26.2221,0.0073,0.1049,26.2221
소니,94,25.9678,0.0041,0.1038,25.9678
소니,6,25.8982,0.0055,0.1036,25.8982
소니,37,25.0747,0.0041,0.1003,25.0747
소니,86,24.1387,0.0067,0.0965,24.1387
소니,95,23.9298,0.0051,0.0957,23.9298
소니,62,23.7638,0.0088,0.0950,23.7638
소니,83,23.7400,0.0031,0.0949,23.7400
소니,23,23.0207,0.0058,0.0921,23.0207
소니,70,23.0207,0.0041,0.0921,23.0207
소니,33,22.6132,0.0041,0.0904,22.6132
소니,61,22.0353,0.0078,0.0881,22.0353
소니,47,21.9847,0.0097,0.0879,21.9847
소니,41,21.9145,0.0055,0.0876,21.9145
소니,21,21.2595,0.0044,0.0850,21.2595
소니,98,20.5156,0.0041,0.0820,20.5156
소니,27,20.1431,0.0046,0.0805,20.1431
소니,28,19.5722,0.0043,0.0783,19.5722
소니,4,19.4429,0.0051,0.0777,19.4429
소니,34,18.9919,0.0035,0.0759,18.9919
소니,2,18.6830,0.0079,0.0747,18.6830
소니,93,18.5484,0.0048,0.0742,18.5484
소니,90,18.5348,0.0062,0.0741,18.5348
소니,24,18.0905,0.0061,0.0723,18.0905
소니,7,17.9473,0.0050,0.0718,17.9473
소니,66,17.0076,0.0043,0.0680,17.0076
소니,55,16.8522,0.0074,0.0674,16.8522
소니,15,16.8012,0.0038,0.0672,16.8012
소니,87,16.5830,0.0051,0.0663,16.5830
소니,19,16.3521,0.0040,0.0654,16.3521
소니,46,16.2180,0.0043,0.0649,16.2180
소니,73,15.9702,0.0059,0.0639,15.9702
소니,48,15.3402,0.0044,0.0613,15.3402
소니,72,14.4369,0.0046,0.0577,14.4369
소니,31,13.7730,0.0037,0.0551,13.7730
소니,20,13.6685,0.0029,0.0547,13.6685
소니,77,13.4773,0.0094,0.0539,13.4773
소니,97,13.4605,0.0045,0.0538,13.4605
소니,68,13.2510,0.0055,0.0530,13.2510
소니,79,13.0481,0.0039,0.0522,13.0481
소니,51,12.8857,0.0052,0.0515,12.8857
소니,39,12.7761,0.0046,0.0511,12.7761
소니,63,12.6129,0.0036,0.0504,12.6129
소니,18,12.5148,0.0021,0.0500,12.5148
소니,45,11.6878,0.0048,0.0467,11.6878
소니,8,11.4901,0.0037,0.0459,11.4901
소니,65,10.9014,0.0026,0.0436,10.9014
소니,53,9.8333,0.0054,0.0393,9.8333
소니,29,9.6954,0.0045,0.0388,9.6954
소니,82,9.4236,0.0025,0.0377,9.4236
소니,44,9.1921,0.0074,0.0368,9.1921
소니,58,9.1181,0.0030,0.0365,9.1181
소니,59,8.6500,0.0063,0.0346,8.6500
소니,40,8.3293,0.0034,0.0333,8.3293
소니,69,8.2668,0.0115,0.0331,8.2668
소니,49,7.8517,0.0034,0.0314,7.8517
소니,35,7.6601,0.0043,0.0306,7.6601
소니,57,7.4194,0.0033,0.0297,7.4194
소니,16,7.3616,0.0015,0.0294,7.3616
소니,80,7.1260,0.0051,0.0285,7.1260
소니,43,6.5515,0.0140,0.0262,6.5515
소니,11,6.1084,0.0065,0.0244,6.1084
소니,81,6.0550,0.0037,0.0242,6.0550
소니,89,5.8384,0.0025,0.0233,5.8384
소니,38,4.4493,0.0033,0.0178,4.4493
소니,5,4.0972,0.0021,0.0164,4.0972
소니,22,3.5256,0.0046,0.0141,3.5256
소니,32,3.3969,0.0029,0.0136,3.3969
소니,54,3.3969,0.0036,0.0136,3.3969
소니,17,2.8929,0.0024,0.0116,2.8929
소니,71,2.8929,0.0046,0.0116,2.8929
소니,85,2.5950,0.0023,0.0104,2.5950
소니,52,1.6389,0.0046,0.0066,1.6389
소니,99,1.1192,0.0025,0.0045,1.1192
소니,76,1.0536,0.0023,0.0042,1.0536
소니,50,0.9073,0.0013,0.0036,0.9073
아마존,16,97.1737,0.0198,0.3063,132.2340
아마존,0,97.0406,0.0056,0.3059,132.0529
아마존,10,80.9954,0.0072,0.2553,110.2185
아마존,18,69.9356,0.0118,0.2205,95.1684
아마존,27,69.7814,0.0159,0.2200,94.9585
아마존,26,66.1199,0.0072,0.2084,89.9760
아마존,83,60.7466,0.0080,0.1915,82.6639
아마존,92,59.9744,0.0067,0.1891,81.6132
아마존,20,55.3934,0.0119,0.1746,75.3794
아마존,9,53.4587,0.0074,0.1685,72.7466
아마존,84,52.5159,0.0047,0.1656,71.4636
아마존,75,48.9679,0.0058,0.1544,66.6355
아마존,42,48.5869,0.0072,0.1532,66.1170
아마존,79,48.5680,0.0144,0.1531,66.0914
아마존,56,45.6161,0.0090,0.1438,62.0744
아마존,70,45.3219,0.0081,0.1429,61.6741
아마존,74,44.9435,0.0040,0.1417,61.1592
아마존,82,44.9435,0.0121,0.1417,61.1592
아마존,21,43.9364,0.0092,0.1385,59.7886
아마존,67,42.5191,0.0079,0.1340,57.8600
아마존,66,38.9758,0.0098,0.1229,53.0383
아마존,6,38.8474,0.0082,0.1225,52.8635
아마존,57,37.8388,0.0168,0.1193,51.4910
아마존,34,36.5770,0.0067,0.1153,49.7740
아마존,63,36.3549,0.0103,0.1146,49.4718
아마존,36,35.3359,0.0044,0.1114,48.0851
아마존,31,34.7950,0.0094,0.1097,47.3490
아마존,25,34.0464,0.0062,0.1073,46.3304
아마존,3,31.8954,0.0033,0.1005,43.4033
아마존,24,30.9046,0.0105,0.0974,42.0550
아마존,95,29.9122,0.0063,0.0943,40.7046
아마존,65,24.1387,0.0059,0.0761,32.8480
아마존,64,23.9216,0.0034,0.0754,32.5525
아마존,78,22.9443,0.0064,0.0723,31.2227
아마존,37,22.7952,0.0037,0.0719,31.0196
아마존,48,22.6450,0.0065,0.0714,30.8154
아마존,98,22.0353,0.0044,0.0695,29.9857
아마존,28,21.7469,0.0048,0.0686,29.5931
아마존,93,21.5162,0.0056,0.0678,29.2792
아마존,15,20.4536,0.0046,0.0645,27.8332
아마존,45,20.4536,0.0083,0.0645,27.8332
아마존,55,19.9162,0.0087,0.0628,27.1020
아마존,81,19.8949,0.0122,0.0627,27.0730
아마존,94,19.2904,0.0030,0.0608,26.2503
아마존,33,18.8443,0.0034,0.0594,25.6433
아마존,47,18.8440,0.0083,0.0594,25.6429
아마존,8,18.3842,0.0059,0.0580,25.0172
아마존,60,17.6182,0.0026,0.0555,23.9748
아마존,58,17.4763,0.0057,0.0551,23.7817
아마존,80,17.4191,0.0124,0.0549,23.7039
아마존,91,17.2737,0.0037,0.0545,23.5060
아마존,46,16.9903,0.0045,0.0536,23.1203
아마존,73,16.7687,0.0061,0.0529,22.8188
아마존,23,16.5461,0.0041,0.0522,22.5159
아마존,86,16.3521,0.0046,0.0515,22.2519
아마존,68,15.4595,0.0065,0.0487,21.0372
아마존,29,14.9839,0.0070,0.0472,20.3900
아마존,30,14.6220,0.0038,0.0461,19.8977
아마존,39,14.3731,0.0052,0.0453,19.5590
아마존,14,13.9699,0.0053,0.0440,19.0102
아마존,96,13.0221,0.0017,0.0411,17.7205
아마존,40,12.9567,0.0053,0.0408,17.6315
아마존,89,12.5108,0.0054,0.0394,17.0247
아마존,4,11.2171,0.0029,0.0354,15.2642
아마존,12,10.3806,0.0028,0.0327,14.1259
아마존,61,9.8779,0.0035,0.0311,13.4418
아마존,13,9.6452,0.0017,0.0304,13.1252
아마존,53,9.0138,0.0050,0.0284,12.2660
아마존,77,8.9849,0.0063,0.0283,12.2266
아마존,38,8.0087,0.0060,0.0252,10.8983
아마존,85,7.7850,0.0070,0.0245,10.5938
아마존,41,7.3048,0.0018,0.0230,9.9404
아마존,59,6.9200,0.0050,0.0218,9.4167
아마존,2,6.7938,0.0029,0.0214,9.2450
아마존,87,6.7839,0.0021,0.0214,9.2316
아마존,69,6.6134,0.0092,0.0208,8.9996
아마존,62,6.5555,0.0024,0.0207,8.9208
아마존,7,5.9824,0.0017,0.0189,8.1409
아마존,97,5.9824,0.0020,0.0189,8.1409
아마존,54,5.9446,0.0063,0.0187,8.0894
아마존,1,5.6863,0.0014,0.0179,7.7380
아마존,44,5.3621,0.0043,0.0169,7.2967
아마존,35,4.5961,0.0026,0.0145,6.2543
아마존,72,4.5590,0.0015,0.0144,6.2039
아마존,50,4.5365,0.0066,0.0143,6.1732
아마존,22,4.4070,0.0057,0.0139,5.9971
아마존,49,3.9258,0.0017,0.0124,5.3423
아마존,19,3.8933,0.0009,0.0123,5.2981
아마존,90,3.8614,0.0013,0.0122,5.2546
아마존,17,3.8572,0.0032,0.0122,5.2489
아마존,5,3.2778,0.0017,0.0103,4.4604
아마존,52,3.2778,0.0093,0.0103,4.4604
아마존,43,3.2758,0.0070,0.0103,4.4577
아마존,51,3.2214,0.0013,0.0102,4.3837
아마존,71,2.8929,0.0046,0.0091,3.9367
아마존,100,2.8929,0.0086,0.0091,3.9367
아마존,32,2.5477,0.0022,0.0080,3.4669
아마존,76,2.1072,0.0045,0.0066,2.8674
아마존,11,2.0361,0.0022,0.0064,2.7708
아마존,88,0.9643,0.0034,0.0030,1.3122
아이씨디,10,46.7818,0.0041,0.5163,46.7818
아이씨디,9,29.5430,0.0041,0.3261,29.5430
아이씨디,0,29.1122,0.0017,0.3213,29.1122
아이씨디,26,23.9157,0.0026,0.2639,23.9157
아이씨디,28,19.5722,0.0043,0.2160,19.5722
아이씨디,15,16.8012,0.0038,0.1854,16.8012
아이씨디,92,16.4216,0.0018,0.1812,16.4216
아이씨디,74,15.9477,0.0014,0.1760,15.9477
아이씨디,84,15.8267,0.0014,0.1747,15.8267
아이씨디,83,14.6630,0.0019,0.1618,14.6630
아이씨디,34,13.3647,0.0025,0.1475,13.3647
아이씨디,36,13.2510,0.0017,0.1462,13.2510
아이씨디,76,12.6431,0.0270,0.1395,12.6431
아이씨디,60,12.2561,0.0018,0.1353,12.2561
아이씨디,64,10.8734,0.0015,0.1200,10.8734
아이씨디,75,10.3871,0.0012,0.1146,10.3871
아이씨디,37,9.8779,0.0016,0.1090,9.8779
아이씨디,98,9.8779,0.0020,0.1090,9.8779
아이씨디,94,9.6452,0.0015,0.1064,9.6452
아이씨디,3,9.4236,0.0010,0.1040,9.4236
아이씨디,96,9.1921,0.0012,0.1014,9.1921
아이씨디,89,9.1746,0.0039,0.1013,9.1746
아이씨디,97,7.4781,0.0025,0.0825,7.4781
아이씨디,79,7.2490,0.0021,0.0800,7.2490
아이씨디,18,6.6255,0.0011,0.0731,6.6255
아이씨디,56,5.9824,0.0012,0.0660,5.9824
아이씨디,63,5.9355,0.0017,0.0655,5.9355
아이씨디,42,5.8893,0.0009,0.0650,5.8893
아이씨디,48,5.8439,0.0017,0.0645,5.8439
아이씨디,93,5.1936,0.0014,0.0573,5.1936
아이씨디,16,5.1532,0.0010,0.0569,5.1532
아이씨디,23,5.0358,0.0013,0.0556,5.0358
아이씨디,19,4.6720,0.0011,0.0516,4.6720
아이씨디,46,4.6337,0.0012,0.0511,4.6337
아이씨디,33,4.5226,0.0008,0.0499,4.5226
아이씨디,13,4.4516,0.0008,0.0491,4.4516
아이씨디,27,4.3164,0.0010,0.0476,4.3164
아이씨디,25,3.9589,0.0007,0.0437,3.9589
아이씨디,8,3.8300,0.0012,0.0423,3.8300
아이씨디,61,3.7992,0.0013,0.0419,3.7992
아이씨디,87,3.7689,0.0012,0.0416,3.7689
아이씨디,7,3.7390,0.0010,0.0413,3.7390
아이씨디,95,3.7390,0.0008,0.0413,3.7390
아이씨디,31,2.8996,0.0008,0.0320,2.8996
아이씨디,66,2.8346,0.0007,0.0313,2.8346
아이씨디,35,2.2980,0.0013,0.0254,2.2980
아이씨디,57,2.2258,0.0010,0.0246,2.2258
아이씨디,41,2.1915,0.0006,0.0242,2.1915
아이씨디,70,2.1582,0.0004,0.0238,2.1582
아이씨디,21,2.1260,0.0004,0.0235,2.1260
아이씨디,71,1.9286,0.0030,0.0213,1.9286
아이씨디,50,1.8146,0.0026,0.0200,1.8146
아이씨디,69,1.6534,0.0023,0.0182,1.6534
아이씨디,62,1.6389,0.0006,0.0181,1.6389
아이씨디,78,1.6389,0.0005,0.0181,1.6389
아이씨디,12,1.5970,0.0004,0.0176,1.5970
아이씨디,4,1.4956,0.0004,0.0165,1.4956
아이씨디,82,1.4498,0.0004,0.0160,1.4498
아이씨디,6,1.4388,0.0003,0.0159,1.4388
아이씨디,20,1.4388,0.0003,0.0159,1.4388
아이씨디,67,1.4173,0.0003,0.0156,1.4173
아이씨디,17,0.9643,0.0008,0.0106,0.9643
아이씨디,100,0.9643,0.0029,0.0106,0.9643
아이씨디,22,0.8814,0.0011,0.0097,0.8814
아이씨디,29,0.8814,0.0004,0.0097,0.8814
아이씨디,85,0.8650,0.0008,0.0095,0.8650
아이씨디,5,0.8194,0.0004,0.0090,0.8194
아이씨디,30,0.8123,0.0002,0.0090,0.8123
아이씨디,49,0.7852,0.0003,0.0087,0.7852
아이씨디,65,0.7787,0.0002,0.0086,0.7787
아이씨디,86,0.7787,0.0002,0.0086,0.7787
아이씨디,90,0.7723,0.0003,0.0085,0.7723
아이씨디,72,0.7598,0.0002,0.0084,0.7598
아이씨디,45,0.7305,0.0003,0.0081,0.7305
알파벳,16,102.3269,0.0208,0.4265,102.3269
알파벳,0,65.1558,0.0038,0.2716,65.1558
알파벳,10,62.1430,0.0055,0.2590,62.1430
알파벳,18,52.2677,0.0089,0.2179,52.2677
알파벳,79,50.7427,0.0150,0.2115,50.7427
알파벳,27,49.6383,0.0113,0.2069,49.6383
알파벳,83,48.1783,0.0063,0.2008,48.1783
알파벳,26,45.0178,0.0049,0.1876,45.0178
알파벳,70,43.8831,0.0078,0.1829,43.8831
알파벳,75,43.0324,0.0051,0.1794,43.0324
알파벳,92,39.2690,0.0044,0.1637,39.2690
알파벳,56,38.1381,0.0075,0.1590,38.1381
알파벳,82,37.6946,0.0102,0.1571,37.6946
알파벳,57,36.3549,0.0161,0.1515,36.3549
알파벳,20,35.2504,0.0076,0.1469,35.2504
알파벳,42,34.5997,0.0051,0.1442,34.5997
알파벳,9,32.3566,0.0045,0.1349,32.3566
알파벳,63,30.4194,0.0087,0.1268,30.4194
알파벳,34,30.2464,0.0056,0.1261,30.2464
알파벳,25,30.0876,0.0055,0.1254,30.0876
알파벳,6,27.3370,0.0058,0.1139,27.3370
알파벳,21,26.9288,0.0056,0.1122,26.9288
알파벳,67,26.9288,0.0050,0.1122,26.9288
알파벳,31,26.8211,0.0073,0.1118,26.8211
알파벳,84,26.6176,0.0024,0.1110,26.6176
알파벳,66,25.5114,0.0064,0.1063,25.5114
알파벳,48,24.1060,0.0069,0.1005,24.1060
알파벳,30,23.5577,0.0062,0.0982,23.5577
알파벳,95,23.1820,0.0049,0.0966,23.1820
알파벳,29,22.0351,0.0103,0.0918,22.0351
알파벳,65,21.0241,0.0051,0.0876,21.0241
알파벳,74,18.8473,0.0017,0.0786,18.8473
알파벳,40,17.5841,0.0071,0.0733,17.5841
알파벳,36,16.1956,0.0020,0.0675,16.1956
알파벳,64,15.9477,0.0023,0.0665,15.9477
알파벳,81,15.5700,0.0095,0.0649,15.5700
알파벳,85,15.5700,0.0140,0.0649,15.5700
알파벳,89,15.0129,0.0064,0.0626,15.0129
알파벳,24,14.3217,0.0049,0.0597,14.3217
알파벳,37,12.9173,0.0021,0.0538,12.9173
알파벳,96,12.2561,0.0016,0.0511,12.2561
알파벳,33,12.0603,0.0022,0.0503,12.0603
알파벳,91,11.7775,0.0025,0.0491,11.7775
알파벳,3,11.5983,0.0012,0.0483,11.5983
알파벳,68,11.0425,0.0046,0.0460,11.0425
알파벳,8,10.7241,0.0035,0.0447,10.7241
알파벳,60,10.7241,0.0016,0.0447,10.7241
알파벳,78,10.6527,0.0030,0.0444,10.6527
알파벳,98,10.6377,0.0021,0.0443,10.6377
알파벳,94,10.3871,0.0016,0.0433,10.3871
알파벳,43,9.8273,0.0210,0.0410,9.8273
알파벳,45,9.4963,0.0039,0.0396,9.4963
알파벳,80,7.1260,0.0051,0.0297,7.1260
알파벳,58,6.8385,0.0022,0.0285,6.8385
알파벳,55,6.1281,0.0027,0.0255,6.1281
알파벳,93,5.9355,0.0015,0.0247,5.9355
알파벳,28,5.7992,0.0013,0.0242,5.7992
알파벳,39,5.5896,0.0020,0.0233,5.5896
알파벳,46,5.4060,0.0014,0.0225,5.4060
알파벳,73,4.7910,0.0018,0.0200,4.7910
알파벳,77,4.4924,0.0031,0.0187,4.4924
알파벳,15,4.3829,0.0010,0.0183,4.3829
알파벳,23,4.3164,0.0011,0.0180,4.3164
알파벳,54,4.2461,0.0045,0.0177,4.2461
알파벳,13,3.7097,0.0007,0.0155,3.7097
알파벳,38,3.5594,0.0027,0.0148,3.5594
알파벳,14,3.4925,0.0013,0.0146,3.4925
알파벳,76,3.1608,0.0068,0.0132,3.1608
알파벳,47,3.1407,0.0014,0.0131,3.1407
알파벳,19,3.1147,0.0008,0.0130,3.1147
알파벳,35,3.0640,0.0017,0.0128,3.0640
알파벳,44,3.0640,0.0025,0.0128,3.0640
알파벳,61,3.0394,0.0011,0.0127,3.0394
알파벳,87,3.0151,0.0009,0.0126,3.0151
알파벳,7,2.9912,0.0008,0.0125,2.9912
알파벳,52,2.4583,0.0069,0.0102,2.4583
알파벳,62,2.4583,0.0009,0.0102,2.4583
알파벳,1,2.4370,0.0006,0.0102,2.4370
알파벳,51,2.4161,0.0010,0.0101,2.4161
알파벳,86,2.3360,0.0007,0.0097,2.3360
알파벳,90,2.3169,0.0008,0.0097,2.3169
알파벳,4,1.4956,0.0004,0.0062,1.4956
알파벳,97,1.4956,0.0005,0.0062,1.4956
알파벳,41,1.4610,0.0004,0.0061,1.4610
알파벳,99,1.1192,0.0025,0.0047,1.1192
알파벳,71,0.9643,0.0015,0.0040,0.9643
알파벳,100,0.9643,0.0029,0.0040,0.9643
알파벳,50,0.9073,0.0013,0.0038,0.9073
알파벳,22,0.8814,0.0011,0.0037,0.8814
알파벳,59,0.8650,0.0006,0.0036,0.8650
알파벳,2,0.8492,0.0004,0.0035,0.8492
알파벳,12,0.7985,0.0002,0.0033,0.7985
알파벳,49,0.7852,0.0003,0.0033,0.7852
애플,0,1705.1421,0.0982,0.3686,1790.3992
애플,25,1479.8327,0.2698,0.3199,1553.8243
애플,56,1126.1952,0.2221,0.2435,1182.5050
애플,30,1059.2857,0.2789,0.2290,1112.2500
애플,74,914.0937,0.0806,0.1976,959.7984
애플,84,866.8715,0.0769,0.1874,910.2150
애플,75,825.0343,0.0972,0.1784,866.2860
애플,70,816.5138,0.1459,0.1765,857.3395
애플,60,800.4789,0.1185,0.1730,840.5029
애플,78,756.3440,0.2101,0.1635,794.1612
애플,37,708.9294,0.1163,0.1533,744.3758
애플,36,702.3010,0.0880,0.1518,737.4160
애플,29,694.5459,0.3244,0.1501,729.2732
애플,10,691.2539,0.0613,0.1494,725.8166
애플,86,685.2290,0.1909,0.1481,719.4905
애플,96,634.2551,0.0818,0.1371,665.9678
애플,42,631.6292,0.0932,0.1365,663.2107
애플,92,625.4476,0.0695,0.1352,656.7200
애플,64,608.1876,0.0859,0.1315,638.5970
애플,12,598.0823,0.1598,0.1293,627.9864
애플,94,566.0982,0.0891,0.1224,594.4031
애플,26,562.7229,0.0612,0.1217,590.8591
애플,98,505.2926,0.1004,0.1092,530.5573
애플,83,503.4283,0.0662,0.1088,528.5998
애플,3,493.6541,0.0514,0.1067,518.3368
애플,13,452.5818,0.0821,0.0978,475.2109
애플,33,451.5093,0.0820,0.0976,474.0848
애플,18,432.1286,0.0732,0.0934,453.7350
애플,16,403.4182,0.0821,0.0872,423.5891
애플,14,387.6646,0.1467,0.0838,407.0479
애플,58,382.9586,0.1245,0.0828,402.1066
애플,9,374.2108,0.0515,0.0809,392.9213
애플,66,373.4593,0.0936,0.0807,392.1322
애플,65,343.3932,0.0834,0.0742,360.5628
애플,19,335.6065,0.0817,0.0726,352.3868
애플,82,329.8276,0.0890,0.0713,346.3190
애플,47,325.0588,0.1437,0.0703,341.3117
애플,20,324.4473,0.0700,0.0701,340.6697
애플,95,317.8174,0.0671,0.0687,333.7082
애플,62,317.1236,0.1173,0.0686,332.9798
애플,63,310.1298,0.0882,0.0670,325.6363
애플,21,309.6806,0.0647,0.0669,325.1647
애플,27,298.5491,0.0682,0.0645,313.4765
애플,79,293.5828,0.0870,0.0635,308.2620
애플,7,287.9052,0.0800,0.0622,302.3004
애플,34,286.2853,0.0526,0.0619,300.5996
애플,28,285.6090,0.0628,0.0617,299.8894
애플,67,284.8778,0.0532,0.0616,299.1217
애플,6,278.4060,0.0591,0.0602,292.3263
애플,93,268.5813,0.0700,0.0581,282.0104
애플,15,252.0173,0.0569,0.0545,264.6181
애플,2,246.2757,0.1039,0.0532,258.5895
애플,87,245.7296,0.0750,0.0531,258.0161
애플,31,235.5912,0.0637,0.0509,247.3707
애플,24,225.3778,0.0765,0.0487,236.6467
애플,40,221.1895,0.0898,0.0478,232.2490
애플,8,220.6105,0.0712,0.0477,231.6410
애플,46,217.0119,0.0581,0.0469,227.8625
애플,97,204.1509,0.0689,0.0441,214.3585
애플,73,196.4329,0.0720,0.0425,206.2545
애플,23,191.3592,0.0479,0.0414,200.9271
애플,61,185.4006,0.0658,0.0401,194.6706
애플,91,179.0179,0.0383,0.0387,187.9688
애플,45,173.1249,0.0706,0.0374,181.7812
애플,4,171.9953,0.0452,0.0372,180.5951
애플,53,171.2631,0.0945,0.0370,179.8263
애플,68,170.0540,0.0711,0.0368,178.5567
애플,41,169.4725,0.0429,0.0366,177.9461
애플,72,167.9243,0.0538,0.0363,176.3205
애플,90,167.5857,0.0558,0.0362,175.9650
애플,51,165.9040,0.0675,0.0359,174.1992
애플,55,163.1598,0.0715,0.0353,171.3178
애플,48,158.5152,0.0454,0.0343,166.4410
애플,57,155.0649,0.0687,0.0335,162.8182
애플,39,146.1269,0.0524,0.0316,153.4333
애플,49,142.1151,0.0616,0.0307,149.2208
애플,80,117.9749,0.0841,0.0255,123.8736
애플,44,117.1993,0.0946,0.0253,123.0593
애플,77,111.4123,0.0776,0.0241,116.9829
애플,1,110.4777,0.0275,0.0239,116.0015
애플,5,108.9856,0.0559,0.0236,114.4349
애플,89,100.0863,0.0429,0.0216,105.0906
애플,59,83.0398,0.0604,0.0180,87.1917
애플,38,80.0872,0.0602,0.0173,84.0915
애플,35,78.1329,0.0435,0.0169,82.0395
애플,81,74.3898,0.0456,0.0161,78.1093
애플,71,68.4653,0.1082,0.0148,71.8886
애플,54,59.4459,0.0632,0.0129,62.4181
애플,85,58.8198,0.0529,0.0127,61.7608
애플,22,54.6470,0.0710,0.0118,57.3794
애플,17,53.0365,0.0438,0.0115,55.6883
애플,69,52.0808,0.0725,0.0113,54.6848
애플,50,49.9012,0.0726,0.0108,52.3963
애플,11,48.8675,0.0523,0.0106,51.3109
애플,99,48.1270,0.1086,0.0104,50.5333
애플,32,39.9136,0.0338,0.0086,41.9093
애플,43,22.9304,0.0490,0.0050,24.0769
애플,52,18.8471,0.0532,0.0041,19.7895
애플,76,15.8038,0.0338,0.0034,16.5940
애플,100,15.4288,0.0461,0.0033,16.2002
애플,88,14.4645,0.0505,0.0031,15.1877
엔비디아,0,342.4147,0.0197,0.2992,391.3800
엔비디아,83,319.0940,0.0420,0.2788,364.7244
엔비디아,18,306.9806,0.0520,0.2682,350.8789
엔비디아,10,299.5434,0.0265,0.2617,342.3781
엔비디아,16,273.1171,0.0556,0.2387,312.1728
엔비디아,26,223.6824,0.0243,0.1955,255.6689
엔비디아,95,206.3943,0.0436,0.1804,235.9087
엔비디아,82,200.0713,0.0540,0.1748,228.6815
엔비디아,92,198.4868,0.0221,0.1734,226.8704
엔비디아,9,193.4360,0.0266,0.1690,221.0974
엔비디아,20,190.6398,0.0411,0.1666,217.9013
엔비디아,70,184.8846,0.0330,0.1616,211.3231
엔비디아,27,174.8131,0.0399,0.1528,199.8114
엔비디아,84,174.0937,0.0154,0.1521,198.9891
엔비디아,34,163.8931,0.0301,0.1432,187.3298
엔비디아,21,160.8639,0.0336,0.1406,183.8674
엔비디아,67,160.1552,0.0299,0.1399,183.0574
엔비디아,79,158.7522,0.0471,0.1387,181.4538
엔비디아,74,149.3286,0.0132,0.1305,170.6825
엔비디아,6,148.9148,0.0316,0.1301,170.2097
엔비디아,66,148.8168,0.0373,0.1300,170.0976
엔비디아,42,141.3436,0.0208,0.1235,161.5557
엔비디아,31,139.9049,0.0378,0.1223,159.9113
엔비디아,75,129.8390,0.0153,0.1135,148.4060
엔비디아,48,128.5653,0.0368,0.1123,146.9502
엔비디아,36,125.8841,0.0158,0.1100,143.8856
엔비디아,73,123.7687,0.0453,0.1082,141.4676
엔비디아,13,107.5809,0.0195,0.0940,122.9650
엔비디아,57,106.8390,0.0474,0.0934,122.1170
엔비디아,63,104.6132,0.0298,0.0914,119.5728
엔비디아,38,103.2235,0.0776,0.0902,117.9844
엔비디아,56,96.4669,0.0190,0.0843,110.2617
엔비디아,64,95.6863,0.0135,0.0836,109.3694
엔비디아,46,94.9910,0.0254,0.0830,108.5747
엔비디아,3,92.7867,0.0097,0.0811,106.0552
엔비디아,40,88.8460,0.0361,0.0776,101.5510
엔비디아,37,80.5429,0.0132,0.0704,92.0605
엔비디아,25,76.0107,0.0139,0.0664,86.8802
엔비디아,45,74.5095,0.0304,0.0651,85.1643
엔비디아,98,71.4248,0.0142,0.0624,81.6386
엔비디아,94,71.2260,0.0112,0.0622,81.4113
엔비디아,65,69.3016,0.0168,0.0606,79.2117
엔비디아,60,64.3447,0.0095,0.0562,73.5460
엔비디아,8,63.5787,0.0205,0.0556,72.6705
엔비디아,24,63.3168,0.0215,0.0553,72.3711
엔비디아,62,63.0969,0.0233,0.0551,72.1198
엔비디아,23,62.5874,0.0157,0.0547,71.5374
엔비디아,91,60.4578,0.0129,0.0528,69.1033
엔비디아,68,59.6293,0.0249,0.0521,68.1563
엔비디아,93,57.1292,0.0149,0.0499,65.2986
엔비디아,15,56.9778,0.0129,0.0498,65.1256
엔비디아,7,56.0854,0.0156,0.0490,64.1056
엔비디아,30,54.4265,0.0143,0.0476,62.2095
엔비디아,33,54.2716,0.0099,0.0474,62.0324
엔비디아,19,53.7282,0.0131,0.0469,61.4113
엔비디아,96,53.6206,0.0069,0.0469,61.2883
엔비디아,80,53.0491,0.0378,0.0464,60.6351
엔비디아,28,52.9174,0.0116,0.0462,60.4846
엔비디아,29,52.0028,0.0243,0.0454,59.4392
엔비디아,41,51.1339,0.0129,0.0447,58.4461
엔비디아,12,51.1045,0.0137,0.0447,58.4124
엔비디아,58,50.1493,0.0163,0.0438,57.3207
엔비디아,4,49.3552,0.0130,0.0431,56.4130
엔비디아,78,48.3470,0.0134,0.0422,55.2606
엔비디아,86,45.9415,0.0128,0.0401,52.5111
엔비디아,85,43.2499,0.0389,0.0378,49.4346
엔비디아,81,42.3849,0.0260,0.0370,48.4459
엔비디아,55,42.1305,0.0185,0.0368,48.1551
엔비디아,53,40.1526,0.0222,0.0351,45.8944
엔비디아,47,39.2583,0.0173,0.0343,44.8722
엔비디아,39,37.5299,0.0135,0.0328,42.8966
엔비디아,17,36.6434,0.0303,0.0320,41.8834
엔비디아,2,34.8183,0.0147,0.0304,39.7973
엔비디아,89,34.1962,0.0147,0.0299,39.0862
엔비디아,14,34.0516,0.0129,0.0298,38.9210
엔비디아,61,32.6731,0.0116,0.0286,37.3453
엔비디아,97,30.6600,0.0104,0.0268,35.0444
엔비디아,72,29.6337,0.0095,0.0259,33.8713
엔비디아,87,29.3971,0.0090,0.0257,33.6009
엔비디아,59,26.8149,0.0195,0.0234,30.6495
엔비디아,1,26.8071,0.0067,0.0234,30.6405
엔비디아,90,25.4854,0.0085,0.0223,29.1298
엔비디아,77,22.4622,0.0156,0.0196,25.6742
엔비디아,35,22.2142,0.0124,0.0194,25.3909
엔비디아,51,17.7179,0.0072,0.0155,20.2516
엔비디아,49,16.4885,0.0071,0.0144,18.8463
엔비디아,43,14.1950,0.0303,0.0124,16.2249
엔비디아,69,14.0535,0.0196,0.0123,16.0632
엔비디아,44,13.7882,0.0111,0.0120,15.7599
엔비디아,32,11.8892,0.0101,0.0104,13.5893
엔비디아,71,11.5716,0.0183,0.0101,13.2263
엔비디아,22,11.4582,0.0149,0.0100,13.0968
엔비디아,54,11.0399,0.0117,0.0096,12.6187
엔비디아,5,10.6527,0.0055,0.0093,12.1761
엔비디아,52,10.6527,0.0301,0.0093,12.1761
엔비디아,88,9.6430,0.0337,0.0084,11.0219
엔비디아,99,8.9539,0.0202,0.0078,10.2343
엔비디아,11,7.1265,0.0076,0.0062,8.1456
엔비디아,76,4.2144,0.0090,0.0037,4.8170
엔비디아,100,3.8572,0.0115,0.0034,4.4088
엔비디아,50,2.7219,0.0040,0.0024,3.1111
오포,0,94.2680,0.0054,0.3537,94.2680
오포,74,72.4896,0.0064,0.2720,72.4896
오포,37,67.6256,0.0111,0.2537,67.6256
오포,25,66.5093,0.0121,0.2495,66.5093
오포,84,62.5874,0.0056,0.2348,62.5874
오포,12,56.6940,0.0151,0.2127,56.6940
오포,60,55.1526,0.0082,0.2069,55.1526
오포,75,50.4517,0.0059,0.1893,50.4517
오포,56,45.6161,0.0090,0.1711,45.6161
오포,36,44.9060,0.0056,0.1685,44.9060
오포,86,44.3842,0.0124,0.1665,44.3842
오포,30,43.8661,0.0115,0.1646,43.8661
오포,96,42.8965,0.0055,0.1609,42.8965
오포,78,41.7915,0.0116,0.1568,41.7915
오포,94,41.5485,0.0065,0.1559,41.5485
오포,92,41.4109,0.0046,0.1554,41.4109
오포,10,39.7995,0.0035,0.1493,39.7995
오포,64,37.6946,0.0053,0.1414,37.6946
오포,3,34.0701,0.0035,0.1278,34.0701
오포,26,33.7634,0.0037,0.1267,33.7634
오포,98,33.4329,0.0066,0.1254,33.4329
오포,62,31.9582,0.0118,0.1199,31.9582
오포,70,28.0564,0.0050,0.1053,28.0564
오포,42,27.9743,0.0041,0.1050,27.9743
오포,14,23.5742,0.0089,0.0884,23.5742
오포,66,23.3855,0.0059,0.0877,23.3855
오포,9,23.2123,0.0032,0.0871,23.2123
오포,33,22.6132,0.0041,0.0848,22.6132
오포,18,22.0849,0.0037,0.0829,22.0849
오포,58,22.0353,0.0072,0.0827,22.0353
오포,83,21.6453,0.0028,0.0812,21.6453
오포,19,21.0241,0.0051,0.0789,21.0241
오포,15,19.7231,0.0045,0.0740,19.7231
오포,24,19.5981,0.0067,0.0735,19.5981
오포,13,18.5484,0.0034,0.0696,18.5484
오포,63,18.5484,0.0053,0.0696,18.5484
오포,93,18.5484,0.0048,0.0696,18.5484
오포,28,18.1224,0.0040,0.0680,18.1224
오포,97,16.4517,0.0056,0.0617,16.4517
오포,2,16.1353,0.0068,0.0605,16.1353
오포,55,16.0862,0.0070,0.0604,16.0862
오포,87,15.8292,0.0048,0.0594,15.8292
오포,7,15.7039,0.0044,0.0589,15.7039
오포,90,15.4457,0.0051,0.0580,15.4457
오포,29,14.9839,0.0070,0.0562,14.9839
오포,4,14.9561,0.0039,0.0561,14.9561
오포,47,14.9182,0.0066,0.0560,14.9182
오포,34,14.0681,0.0026,0.0528,14.0681
오포,65,14.0160,0.0034,0.0526,14.0160
오포,72,13.6771,0.0044,0.0513,13.6771
오포,41,13.1487,0.0033,0.0493,13.1487
오포,27,12.2297,0.0028,0.0459,12.2297
오포,23,10.7909,0.0027,0.0405,10.7909
오포,51,10.4697,0.0043,0.0393,10.4697
오포,79,10.1485,0.0030,0.0381,10.1485
오포,6,10.0715,0.0021,0.0378,10.0715
오포,31,9.4236,0.0025,0.0354,9.4236
오포,20,9.3521,0.0020,0.0351,9.3521
오포,67,9.2125,0.0017,0.0346,9.2125
오포,8,9.1921,0.0030,0.0345,9.1921
오포,61,9.1181,0.0032,0.0342,9.1181
오포,54,8.4923,0.0090,0.0319,8.4923
오포,53,8.1944,0.0045,0.0307,8.1944
오포,16,8.0978,0.0016,0.0304,8.0978
오포,45,8.0353,0.0033,0.0301,8.0353
오포,48,8.0353,0.0023,0.0301,8.0353
오포,46,7.7228,0.0021,0.0290,7.7228
오포,95,7.4781,0.0016,0.0281,7.4781
오포,69,7.4401,0.0104,0.0279,7.4401
오포,21,7.0865,0.0015,0.0266,7.0865
오포,49,7.0665,0.0031,0.0265,7.0665
오포,44,6.8941,0.0056,0.0259,6.8941
오포,68,6.6255,0.0028,0.0249,6.6255
오포,82,6.5241,0.0018,0.0245,6.5241
오포,57,5.9355,0.0026,0.0223,5.9355
오포,39,5.5896,0.0020,0.0210,5.5896
오포,91,5.4962,0.0012,0.0206,5.4962
오포,22,5.2884,0.0069,0.0198,5.2884
오포,81,5.1900,0.0032,0.0195,5.1900
오포,73,3.9925,0.0015,0.0150,3.9925
오포,80,3.9589,0.0028,0.0149,3.9589
오포,77,3.5939,0.0025,0.0135,3.5939
오포,59,3.4600,0.0025,0.0130,3.4600
오포,1,3.2493,0.0008,0.0122,3.2493
오포,35,3.0640,0.0017,0.0115,3.0640
오포,11,3.0542,0.0033,0.0115,3.0542
오포,17,2.8929,0.0024,0.0109,2.8929
오포,40,2.7764,0.0011,0.0104,2.7764
오포,89,2.5022,0.0011,0.0094,2.5022
오포,5,2.4583,0.0013,0.0092,2.4583
오포,71,1.9286,0.0030,0.0072,1.9286
오포,38,1.7797,0.0013,0.0067,1.7797
오포,99,1.1192,0.0025,0.0042,1.1192
오포,43,1.0919,0.0023,0.0041,1.0919
오포,88,0.9643,0.0034,0.0036,0.9643
오포,100,0.9643,0.0029,0.0036,0.9643
오포,85,0.8650,0.0008,0.0032,0.8650
오포,32,0.8492,0.0007,0.0032,0.8492
오포,52,0.8194,0.0023,0.0031,0.8194
원익IPS,10,80.2972,0.0071,0.4280,80.2972
원익IPS,9,75.9676,0.0105,0.4049,75.9676
원익IPS,26,56.9757,0.0062,0.3037,56.9757
원익IPS,0,48.5203,0.0028,0.2586,48.5203
원익IPS,83,41.8942,0.0055,0.2233,41.8942
원익IPS,18,40.4891,0.0069,0.2158,40.4891
원익IPS,15,37.9852,0.0086,0.2025,37.9852
원익IPS,28,36.2448,0.0080,0.1932,36.2448
원익IPS,16,36.0721,0.0073,0.1923,36.0721
원익IPS,92,35.6991,0.0040,0.1903,35.6991
원익IPS,84,30.9340,0.0027,0.1649,30.9340
원익IPS,34,28.8396,0.0053,0.1537,28.8396
원익IPS,74,26.8211,0.0024,0.1430,26.8211
원익IPS,93,20.7742,0.0054,0.1107,20.7742
원익IPS,36,20.6126,0.0026,0.1099,20.6126
원익IPS,63,20.0323,0.0057,0.1068,20.0323
원익IPS,3,19.5722,0.0020,0.1043,19.5722
원익IPS,75,18.5484,0.0022,0.0989,18.5484
원익IPS,64,18.1224,0.0026,0.0966,18.1224
원익IPS,95,17.1995,0.0036,0.0917,17.1995
원익IPS,76,14.7502,0.0315,0.0786,14.7502
원익IPS,42,13.9871,0.0021,0.0746,13.9871
원익IPS,48,13.8792,0.0040,0.0740,13.8792
원익IPS,60,13.7882,0.0020,0.0735,13.7882
원익IPS,37,12.9173,0.0021,0.0689,12.9173
원익IPS,21,12.7557,0.0027,0.0680,12.7557
원익IPS,13,12.6129,0.0023,0.0672,12.6129
원익IPS,79,12.3232,0.0037,0.0657,12.3232
원익IPS,96,12.2561,0.0016,0.0653,12.2561
원익IPS,94,11.1291,0.0018,0.0593,11.1291
원익IPS,46,10.8120,0.0029,0.0576,10.8120
원익IPS,27,10.7909,0.0025,0.0575,10.7909
원익IPS,61,10.6377,0.0038,0.0567,10.6377
원익IPS,98,10.6377,0.0021,0.0567,10.6377
원익IPS,97,10.4693,0.0035,0.0558,10.4693
원익IPS,65,10.1227,0.0025,0.0540,10.1227
원익IPS,6,9.3521,0.0020,0.0499,9.3521
원익IPS,41,8.7658,0.0022,0.0467,8.7658
원익IPS,82,8.6988,0.0023,0.0464,8.6988
원익IPS,20,8.6327,0.0019,0.0460,8.6327
원익IPS,33,8.2915,0.0015,0.0442,8.2915
원익IPS,23,7.9133,0.0020,0.0422,7.9133
원익IPS,70,7.9133,0.0014,0.0422,7.9133
원익IPS,66,7.7952,0.0020,0.0416,7.7952
원익IPS,67,7.7952,0.0015,0.0416,7.7952
원익IPS,89,7.5065,0.0032,0.0400,7.5065
원익IPS,57,7.4194,0.0033,0.0395,7.4194
원익IPS,31,7.2490,0.0020,0.0386,7.2490
원익IPS,8,6.1281,0.0020,0.0327,6.1281
원익IPS,56,5.9824,0.0012,0.0319,5.9824
원익IPS,19,5.4507,0.0013,0.0291,5.4507
원익IPS,87,5.2764,0.0016,0.0281,5.2764
원익IPS,7,5.2346,0.0015,0.0279,5.2346
원익IPS,81,5.1900,0.0032,0.0277,5.1900
원익IPS,69,4.9601,0.0069,0.0264,4.9601
원익IPS,73,4.7910,0.0018,0.0255,4.7910
원익IPS,80,4.7507,0.0034,0.0253,4.7507
원익IPS,85,4.3250,0.0039,0.0231,4.3250
원익IPS,90,3.0891,0.0010,0.0165,3.0891
원익IPS,58,3.0394,0.0010,0.0162,3.0394
원익IPS,4,2.9912,0.0008,0.0159,2.9912
원익IPS,30,2.4370,0.0006,0.0130,2.4370
원익IPS,25,2.3753,0.0004,0.0127,2.3753
원익IPS,47,2.3555,0.0010,0.0126,2.3555
원익IPS,45,2.1915,0.0009,0.0117,2.1915
원익IPS,100,1.9286,0.0058,0.0103,1.9286
원익IPS,22,1.7628,0.0023,0.0094,1.7628
원익IPS,49,1.5703,0.0007,0.0084,1.5703
원익IPS,91,1.5703,0.0003,0.0084,1.5703
원익IPS,35,1.5320,0.0009,0.0082,1.5320
원익IPS,44,1.5320,0.0012,0.0082,1.5320
원익IPS,72,1.5197,0.0005,0.0081,1.5197
원익IPS,68,1.4723,0.0006,0.0078,1.4723
원익IPS,99,1.1192,0.0025,0.0060,1.1192
원익IPS,11,1.0181,0.0011,0.0054,1.0181
원익IPS,40,0.9255,0.0004,0.0049,0.9255
원익IPS,77,0.8985,0.0006,0.0048,0.8985
원익IPS,38,0.8899,0.0007,0.0047,0.8899
원익IPS,59,0.8650,0.0006,0.0046,0.8650
원익IPS,2,0.8492,0.0004,0.0045,0.8492
원익IPS,54,0.8492,0.0009,0.0045,0.8492
원익IPS,5,0.8194,0.0004,0.0044,0.8194
원익IPS,1,0.8123,0.0002,0.0043,0.8123
원익IPS,51,0.8054,0.0003,0.0043,0.8054
원익IPS,86,0.7787,0.0002,0.0042,0.7787
원익IPS,55,0.7660,0.0003,0.0041,0.7660
원익IPS,24,0.7538,0.0003,0.0040,0.7538
인텔,0,246.0672,0.0142,0.3399,246.0672
인텔,53,176.9992,0.0976,0.2445,176.9992
인텔,10,168.2749,0.0149,0.2325,168.2749
인텔,94,162.4843,0.0256,0.2245,162.4843
인텔,74,149.3286,0.0132,0.2063,149.3286
인텔,84,145.3179,0.0129,0.2008,145.3179
인텔,26,144.9012,0.0158,0.2002,144.9012
인텔,83,142.4402,0.0187,0.1968,142.4402
인텔,9,135.7569,0.0187,0.1876,135.7569
인텔,92,132.8005,0.0148,0.1835,132.8005
인텔,19,132.3738,0.0322,0.1829,132.3738
인텔,60,119.4973,0.0177,0.1651,119.4973
인텔,36,108.2162,0.0136,0.1495,108.2162
인텔,75,103.1293,0.0122,0.1425,103.1293
인텔,42,100.1184,0.0148,0.1383,100.1184
인텔,64,100.0356,0.0141,0.1382,100.0356
인텔,37,94.9798,0.0156,0.1312,94.9798
인텔,96,90.3890,0.0117,0.1249,90.3890
인텔,98,85.1019,0.0169,0.1176,85.1019
인텔,3,82.6381,0.0086,0.1142,82.6381
인텔,18,80.2419,0.0136,0.1109,80.2419
인텔,41,77.4314,0.0196,0.1070,77.4314
인텔,34,77.3744,0.0142,0.1069,77.3744
인텔,40,75.8893,0.0308,0.1048,75.8893
인텔,7,75.5284,0.0210,0.1043,75.5284
인텔,21,73.6997,0.0154,0.1018,73.6997
인텔,17,71.3582,0.0589,0.0986,71.3582
인텔,20,69.0620,0.0149,0.0954,69.0620
인텔,72,67.6256,0.0217,0.0934,67.6256
인텔,13,67.5163,0.0122,0.0933,67.5163
인텔,27,64.0262,0.0146,0.0885,64.0262
인텔,15,63.5522,0.0143,0.0878,63.5522
인텔,16,63.3102,0.0129,0.0875,63.3102
인텔,28,62.3410,0.0137,0.0861,62.3410
인텔,70,61.1486,0.0109,0.0845,61.1486
인텔,90,58.6936,0.0195,0.0811,58.6936
인텔,95,58.3288,0.0123,0.0806,58.3288
인텔,66,58.1094,0.0146,0.0803,58.1094
인텔,67,57.4008,0.0107,0.0793,57.4008
인텔,6,55.3934,0.0118,0.0765,55.3934
인텔,61,54.7084,0.0194,0.0756,54.7084
인텔,31,54.3672,0.0147,0.0751,54.3672
인텔,82,54.3672,0.0147,0.0751,54.3672
인텔,8,52.0886,0.0168,0.0720,52.0886
인텔,58,51.6690,0.0168,0.0714,51.6690
인텔,25,49.8820,0.0091,0.0689,49.8820
인텔,33,49.7489,0.0090,0.0687,49.7489
인텔,93,48.9679,0.0128,0.0676,48.9679
인텔,45,48.9425,0.0200,0.0676,48.9425
인텔,48,48.2120,0.0138,0.0666,48.2120
인텔,46,47.1094,0.0126,0.0651,47.1094
인텔,68,44.9060,0.0188,0.0620,44.9060
인텔,23,44.6025,0.0112,0.0616,44.6025
인텔,87,43.7188,0.0133,0.0604,43.7188
인텔,91,41.6138,0.0089,0.0575,41.6138
인텔,56,39.6337,0.0078,0.0548,39.6337
인텔,97,39.6337,0.0134,0.0548,39.6337
인텔,86,38.9335,0.0108,0.0538,38.9335
인텔,79,38.4195,0.0114,0.0531,38.4195
인텔,30,38.1798,0.0101,0.0527,38.1798
인텔,38,34.7044,0.0261,0.0479,34.7044
인텔,63,31.9033,0.0091,0.0441,31.9033
인텔,43,31.6658,0.0676,0.0437,31.6658
인텔,24,31.6584,0.0107,0.0437,31.6584
인텔,29,30.8491,0.0144,0.0426,30.8491
인텔,99,29.1000,0.0657,0.0402,29.1000
인텔,85,27.6799,0.0249,0.0382,27.6799
인텔,65,27.2534,0.0066,0.0377,27.2534
인텔,77,26.0561,0.0181,0.0360,26.0561
인텔,78,24.5832,0.0068,0.0340,24.5832
인텔,55,24.5123,0.0107,0.0339,24.5123
인텔,57,24.4839,0.0109,0.0338,24.4839
인텔,73,23.9552,0.0088,0.0331,23.9552
인텔,4,23.9298,0.0063,0.0331,23.9298
인텔,2,23.7783,0.0100,0.0329,23.7783
인텔,12,23.1567,0.0062,0.0320,23.1567
인텔,39,21.5597,0.0077,0.0298,21.5597
인텔,5,18.0277,0.0092,0.0249,18.0277
인텔,69,17.3603,0.0242,0.0240,17.3603
인텔,59,17.2999,0.0126,0.0239,17.2999
인텔,89,16.6811,0.0072,0.0230,16.6811
인텔,47,15.7033,0.0069,0.0217,15.7033
인텔,49,15.7033,0.0068,0.0217,15.7033
인텔,81,15.5700,0.0095,0.0215,15.5700
인텔,62,15.5694,0.0058,0.0215,15.5694
인텔,22,14.9839,0.0195,0.0207,14.9839
인텔,1,14.6220,0.0036,0.0202,14.6220
인텔,32,12.7384,0.0108,0.0176,12.7384
인텔,35,12.2561,0.0068,0.0169,12.2561
인텔,44,11.4901,0.0093,0.0159,11.4901
인텔,52,11.4722,0.0324,0.0158,11.4722
인텔,80,11.0849,0.0079,0.0153,11.0849
인텔,51,10.4697,0.0043,0.0145,10.4697
인텔,71,9.6430,0.0152,0.0133,9.6430
인텔,54,9.3415,0.0099,0.0129,9.3415
인텔,14,8.7312,0.0033,0.0121,8.7312
인텔,76,8.4287,0.0180,0.0116,8.4287
인텔,11,8.1446,0.0087,0.0113,8.1446
인텔,50,7.2584,0.0106,0.0100,7.2584
인텔,88,4.8215,0.0168,0.0067,4.8215
인텔,100,3.8572,0.0115,0.0053,3.8572
카카오,0,102.5858,0.0059,0.3045,114.7935
카카오,10,90.0725,0.0080,0.2673,100.7911
카카오,9,77.3744,0.0107,0.2296,86.5820
카카오,26,68.9336,0.0075,0.2046,77.1367
카카오,83,64.9360,0.0085,0.1927,72.6634
카카오,39,58.2911,0.0209,0.1730,65.2277
카카오,18,57.4208,0.0097,0.1704,64.2539
카카오,70,56.8322,0.0102,0.1687,63.5953
카카오,82,53.6423,0.0145,0.1592,60.0257
카카오,34,52.0519,0.0096,0.1545,58.2460
카카오,92,49.9787,0.0056,0.1483,55.9262
카카오,16,49.3230,0.0100,0.1464,55.1925
카카오,67,47.4796,0.0089,0.1409,53.1297
카카오,1,45.4908,0.0113,0.1350,50.9042
카카오,20,45.3219,0.0098,0.1345,50.7152
카카오,84,44.6025,0.0040,0.1324,49.9102
카카오,21,43.9364,0.0092,0.1304,49.1648
카카오,75,42.2904,0.0050,0.1255,47.3230
카카오,3,42.0440,0.0044,0.1248,47.0472
카카오,74,42.0440,0.0037,0.1248,47.0472
카카오,31,40.5942,0.0110,0.1205,45.4249
카카오,28,39.1444,0.0086,0.1162,43.8026
카카오,36,39.0167,0.0049,0.1158,43.6597
카카오,45,38.7157,0.0158,0.1149,43.3229
카카오,64,36.9697,0.0052,0.1097,41.3691
카카오,66,36.8499,0.0092,0.1094,41.2350
카카오,6,36.6892,0.0078,0.1089,41.0552
카카오,27,35.9698,0.0082,0.1068,40.2502
카카오,95,35.8947,0.0076,0.1065,40.1661
카카오,48,35.0633,0.0100,0.1041,39.2358
카카오,73,34.3358,0.0126,0.1019,38.4218
카카오,46,33.9805,0.0091,0.1008,38.0242
카카오,23,32.3728,0.0081,0.0961,36.2252
카카오,56,31.4078,0.0062,0.0932,35.1454
카카오,91,30.6215,0.0066,0.0909,34.2654
카카오,79,30.4456,0.0090,0.0904,34.0687
카카오,41,29.9499,0.0076,0.0889,33.5139
카카오,8,29.1083,0.0094,0.0864,32.5722
카카오,2,28.8737,0.0122,0.0857,32.3097
카카오,25,27.7122,0.0051,0.0822,31.0100
카카오,4,27.6688,0.0073,0.0821,30.9614
카카오,58,27.3542,0.0089,0.0812,30.6093
카카오,65,27.2534,0.0066,0.0809,30.4966
카카오,40,26.8389,0.0109,0.0797,30.0327
카카오,96,26.8103,0.0035,0.0796,30.0007
카카오,63,26.7097,0.0076,0.0793,29.8882
카카오,89,26.6897,0.0114,0.0792,29.8658
카카오,24,26.3820,0.0090,0.0783,29.5215
카카오,15,26.2975,0.0059,0.0780,29.4269
카카오,86,25.6961,0.0072,0.0763,28.7539
카카오,33,25.6282,0.0047,0.0761,28.6780
카카오,78,25.4027,0.0071,0.0754,28.4256
카카오,94,24.4839,0.0039,0.0727,27.3975
카카오,30,24.3701,0.0064,0.0723,27.2701
카카오,37,24.3148,0.0040,0.0722,27.2083
카카오,13,23.0001,0.0042,0.0683,25.7371
카카오,68,22.8211,0.0095,0.0677,25.5368
카카오,72,22.7952,0.0073,0.0677,25.5078
카카오,85,22.4899,0.0202,0.0667,25.1662
카카오,42,22.0849,0.0033,0.0655,24.7130
카카오,51,21.7447,0.0088,0.0645,24.3323
카카오,55,21.4482,0.0094,0.0637,24.0006
카카오,98,20.5156,0.0041,0.0609,22.9570
카카오,47,20.4143,0.0090,0.0606,22.8436
카카오,32,20.3814,0.0173,0.0605,22.8068
카카오,57,20.0323,0.0089,0.0595,22.4162
카카오,93,20.0323,0.0052,0.0595,22.4162
카카오,60,19.9162,0.0029,0.0591,22.2863
카카오,44,18.3842,0.0148,0.0546,20.5719
카카오,90,17.7625,0.0059,0.0527,19.8763
카카오,38,16.9073,0.0127,0.0502,18.9193
카카오,14,16.5893,0.0063,0.0492,18.5634
카카오,77,16.1727,0.0113,0.0480,18.0973
카카오,7,15.7039,0.0044,0.0466,17.5727
카카오,35,15.3202,0.0085,0.0455,17.1433
카카오,29,14.1025,0.0066,0.0419,15.7806
카카오,12,13.5746,0.0036,0.0403,15.1900
카카오,22,13.2211,0.0172,0.0392,14.7944
카카오,61,12.9173,0.0046,0.0383,14.4544
카카오,97,12.7127,0.0043,0.0377,14.2255
카카오,62,12.2916,0.0045,0.0365,13.7543
카카오,87,12.0603,0.0037,0.0358,13.4955
카카오,80,11.0849,0.0079,0.0329,12.4040
카카오,19,10.9014,0.0027,0.0324,12.1986
카카오,69,10.7468,0.0150,0.0319,12.0257
카카오,53,9.0138,0.0050,0.0268,10.0865
카카오,49,8.6368,0.0037,0.0256,9.6646
카카오,54,8.4923,0.0090,0.0252,9.5028
카카오,5,8.1944,0.0042,0.0243,9.1695
카카오,99,6.7154,0.0152,0.0199,7.5145
카카오,76,6.3215,0.0135,0.0188,7.0738
카카오,59,5.1900,0.0038,0.0154,5.8076
카카오,81,5.1900,0.0032,0.0154,5.8076
카카오,71,4.8215,0.0076,0.0143,5.3953
카카오,100,4.8215,0.0144,0.0143,5.3953
카카오,17,3.8572,0.0032,0.0114,4.3162
카카오,11,3.0542,0.0033,0.0091,3.4177
카카오,43,2.1838,0.0047,0.0065,2.4437
카카오,88,1.9286,0.0067,0.0057,2.1581
카카오,52,1.6389,0.0046,0.0049,1.8339
퀄컴,14,252.3313,0.0955,0.3308,252.3313
퀄컴,0,208.6373,0.0120,0.2735,208.6373
퀄컴,47,208.0690,0.0920,0.2728,208.0690
퀄컴,83,171.7661,0.0226,0.2252,171.7661
퀄컴,70,168.3385,0.0301,0.2207,168.3385
퀄컴,56,146.5699,0.0289,0.1922,146.5699
퀄컴,10,144.5349,0.0128,0.1895,144.5349
퀄컴,25,144.1036,0.0263,0.1889,144.1036
퀄컴,9,125.2059,0.0172,0.1641,125.2059
퀄컴,26,125.2059,0.0136,0.1641,125.2059
퀄컴,12,114.9851,0.0307,0.1507,114.9851
퀄컴,62,109.8051,0.0406,0.1440,109.8051
퀄컴,74,99.3107,0.0088,0.1302,99.3107
퀄컴,84,98.5572,0.0087,0.1292,98.5572
퀄컴,92,97.8154,0.0109,0.1282,97.8154
퀄컴,18,97.1737,0.0165,0.1274,97.1737
퀄컴,6,94.2408,0.0200,0.1236,94.2408
퀄컴,86,93.4403,0.0260,0.1225,93.4403
퀄컴,66,91.4160,0.0229,0.1198,91.4160
퀄컴,20,91.3632,0.0197,0.1198,91.3632
퀄컴,3,91.3369,0.0095,0.1197,91.3369
퀄컴,30,90.9816,0.0240,0.1193,90.9816
퀄컴,21,89.9987,0.0188,0.1180,89.9987
퀄컴,78,81.9441,0.0228,0.1074,81.9441
퀄컴,4,77.7718,0.0204,0.1020,77.7718
퀄컴,60,76.6009,0.0113,0.1004,76.6009
퀄컴,67,75.1170,0.0140,0.0985,75.1170
퀄컴,23,74.8171,0.0187,0.0981,74.8171
퀄컴,82,74.6643,0.0201,0.0979,74.6643
퀄컴,15,72.3180,0.0163,0.0948,72.3180
퀄컴,42,69.9356,0.0103,0.0917,69.9356
퀄컴,2,69.6366,0.0294,0.0913,69.6366
퀄컴,64,69.5900,0.0098,0.0912,69.5900
퀄컴,36,69.1995,0.0087,0.0907,69.1995
퀄컴,34,68.9336,0.0127,0.0904,68.9336
퀄컴,31,68.1402,0.0184,0.0893,68.1402
퀄컴,61,67.6256,0.0240,0.0887,67.6256
퀄컴,75,67.5163,0.0080,0.0885,67.5163
퀄컴,95,59.0766,0.0125,0.0775,59.0766
퀄컴,41,57.7083,0.0146,0.0757,57.7083
퀄컴,33,57.2867,0.0104,0.0751,57.2867
퀄컴,28,57.2668,0.0126,0.0751,57.2668
퀄컴,37,56.9879,0.0094,0.0747,56.9879
퀄컴,16,54.4762,0.0111,0.0714,54.4762
퀄컴,48,54.0559,0.0155,0.0709,54.0559
퀄컴,90,52.5153,0.0175,0.0688,52.5153
퀄컴,68,50.7954,0.0212,0.0666,50.7954
퀄컴,94,50.4517,0.0079,0.0661,50.4517
퀄컴,63,49.7098,0.0141,0.0652,49.7098
퀄컴,13,48.9679,0.0089,0.0642,48.9679
퀄컴,44,47.4925,0.0383,0.0623,47.4925
퀄컴,24,47.4876,0.0161,0.0623,47.4876
퀄컴,98,47.1100,0.0094,0.0618,47.1100
퀄컴,27,45.3219,0.0104,0.0594,45.3219
퀄컴,65,45.1628,0.0110,0.0592,45.1628
퀄컴,79,44.2186,0.0131,0.0580,44.2186
퀄컴,39,43.9179,0.0157,0.0576,43.9179
퀄컴,93,42.2904,0.0110,0.0554,42.2904
퀄컴,8,42.1305,0.0136,0.0552,42.1305
퀄컴,96,42.1305,0.0054,0.0552,42.1305
퀄컴,53,40.9720,0.0226,0.0537,40.9720
퀄컴,45,37.9852,0.0155,0.0498,37.9852
퀄컴,51,37.0465,0.0151,0.0486,37.0465
퀄컴,29,37.0189,0.0173,0.0485,37.0189
퀄컴,19,36.5975,0.0089,0.0480,36.5975
퀄컴,72,36.4723,0.0117,0.0478,36.4723
퀄컴,97,32.9034,0.0111,0.0431,32.9034
퀄컴,7,32.1556,0.0089,0.0422,32.1556
퀄컴,99,30.2193,0.0682,0.0396,30.2193
퀄컴,46,30.1191,0.0081,0.0395,30.1191
퀄컴,87,27.8896,0.0085,0.0366,27.8896
퀄컴,59,27.6799,0.0201,0.0363,27.6799
퀄컴,58,26.5943,0.0086,0.0349,26.5943
퀄컴,40,24.0625,0.0098,0.0315,24.0625
퀄컴,91,23.5550,0.0050,0.0309,23.5550
퀄컴,73,23.1567,0.0085,0.0304,23.1567
퀄컴,54,22.9291,0.0244,0.0301,22.9291
퀄컴,49,21.9847,0.0095,0.0288,21.9847
퀄컴,1,21.9331,0.0055,0.0288,21.9331
퀄컴,55,20.6822,0.0091,0.0271,20.6822
퀄컴,32,20.3814,0.0173,0.0267,20.3814
퀄컴,57,20.0323,0.0089,0.0263,20.0323
퀄컴,69,19.0136,0.0265,0.0249,19.0136
퀄컴,77,18.8682,0.0131,0.0247,18.8682
퀄컴,35,18.3842,0.0102,0.0241,18.3842
퀄컴,11,18.3253,0.0196,0.0240,18.3253
퀄컴,38,16.9073,0.0127,0.0222,16.9073
퀄컴,89,16.6811,0.0072,0.0219,16.6811
퀄컴,22,15.8653,0.0206,0.0208,15.8653
퀄컴,81,14.7050,0.0090,0.0193,14.7050
퀄컴,80,12.6684,0.0090,0.0166,12.6684
퀄컴,43,12.0112,0.0256,0.0157,12.0112
퀄컴,5,9.8333,0.0050,0.0129,9.8333
퀄컴,85,9.5150,0.0086,0.0125,9.5150
퀄컴,76,8.4287,0.0180,0.0111,8.4287
퀄컴,17,6.7501,0.0056,0.0088,6.7501
퀄컴,71,2.8929,0.0046,0.0038,2.8929
퀄컴,50,2.7219,0.0040,0.0036,2.7219
퀄컴,52,2.4583,0.0069,0.0032,2.4583
퀄컴,88,1.9286,0.0067,0.0025,1.9286
퀄컴,100,0.9643,0.0029,0.0013,0.9643
텐센트,0,18.0218,0.0010,0.3961,18.0218
텐센트,84,14.3879,0.0013,0.3162,14.3879
텐센트,74,12.3232,0.0011,0.2708,12.3232
텐센트,92,12.1377,0.0013,0.2668,12.1377
텐센트,27,11.5103,0.0026,0.2530,11.5103
텐센트,10,9.0771,0.0008,0.1995,9.0771
텐센트,93,8.9032,0.0023,0.1957,8.9032
텐센트,3,7.9739,0.0008,0.1753,7.9739
텐센트,20,7.9133,0.0017,0.1739,7.9133
텐센트,83,7.6806,0.0010,0.1688,7.6806
텐센트,58,7.5984,0.0025,0.1670,7.5984
텐센트,79,7.2490,0.0021,0.1593,7.2490
텐센트,26,7.0340,0.0008,0.1546,7.0340
텐센트,34,7.0340,0.0013,0.1546,7.0340
텐센트,24,6.0302,0.0020,0.1325,6.0302
텐센트,66,5.6692,0.0014,0.1246,5.6692
텐센트,18,5.1532,0.0009,0.1133,5.1532
텐센트,82,5.0743,0.0014,0.1115,5.0743
텐센트,9,4.9238,0.0007,0.1082,4.9238
텐센트,80,4.7507,0.0034,0.1044,4.7507
텐센트,8,4.5961,0.0015,0.1010,4.5961
텐센트,55,4.5961,0.0020,0.1010,4.5961
텐센트,63,4.4516,0.0013,0.0978,4.4516
텐센트,16,4.4170,0.0009,0.0971,4.4170
텐센트,36,4.4170,0.0006,0.0971,4.4170
텐센트,42,4.4170,0.0007,0.0971,4.4170
텐센트,31,4.3494,0.0012,0.0956,4.3494
텐센트,64,4.3494,0.0006,0.0956,4.3494
텐센트,6,4.3164,0.0009,0.0949,4.3164
텐센트,70,4.3164,0.0008,0.0949,4.3164
텐센트,21,4.2519,0.0009,0.0934,4.2519
텐센트,67,4.2519,0.0008,0.0934,4.2519
텐센트,39,3.9925,0.0014,0.0877,3.9925
텐센트,13,3.7097,0.0007,0.0815,3.7097
텐센트,73,3.1940,0.0012,0.0702,3.1940
텐센트,46,3.0891,0.0008,0.0679,3.0891
텐센트,56,2.9912,0.0006,0.0657,2.9912
텐센트,40,2.7764,0.0011,0.0610,2.7764
텐센트,77,2.6955,0.0019,0.0592,2.6955
텐센트,54,2.5477,0.0027,0.0560,2.5477
텐센트,89,2.5022,0.0011,0.0550,2.5022
텐센트,44,2.2980,0.0019,0.0505,2.2980
텐센트,7,2.2434,0.0006,0.0493,2.2434
텐센트,95,2.2434,0.0005,0.0493,2.2434
텐센트,94,2.2258,0.0004,0.0489,2.2258
텐센트,68,2.2085,0.0009,0.0485,2.2085
텐센트,48,2.1915,0.0006,0.0482,2.1915
텐센트,23,2.1582,0.0005,0.0474,2.1582
텐센트,53,1.6389,0.0009,0.0360,1.6389
텐센트,47,1.5703,0.0007,0.0345,1.5703
텐센트,87,1.5075,0.0005,0.0331,1.5075
텐센트,4,1.4956,0.0004,0.0329,1.4956
텐센트,57,1.4839,0.0007,0.0326,1.4839
텐센트,75,1.4839,0.0002,0.0326,1.4839
텐센트,15,1.4610,0.0003,0.0321,1.4610
텐센트,41,1.4610,0.0004,0.0321,1.4610
텐센트,45,1.4610,0.0006,0.0321,1.4610
텐센트,17,0.9643,0.0008,0.0212,0.9643
텐센트,22,0.8814,0.0011,0.0194,0.8814
텐센트,29,0.8814,0.0004,0.0194,0.8814
텐센트,14,0.8731,0.0003,0.0192,0.8731
텐센트,2,0.8492,0.0004,0.0187,0.8492
텐센트,32,0.8492,0.0007,0.0187,0.8492
텐센트,51,0.8054,0.0003,0.0177,0.8054
텐센트,91,0.7852,0.0002,0.0173,0.7852
텐센트,65,0.7787,0.0002,0.0171,0.7787
텐센트,35,0.7660,0.0004,0.0168,0.7660
텐센트,37,0.7598,0.0001,0.0167,0.7598
텐센트,61,0.7598,0.0003,0.0167,0.7598
텐센트,98,0.7598,0.0002,0.0167,0.7598
텐센트,97,0.7478,0.0003,0.0164,0.7478
텐센트,28,0.7249,0.0002,0.0159,0.7249
폭스바겐,9,104.1037,0.0143,0.3682,104.1037
폭스바겐,10,74.0130,0.0066,0.2618,74.0130
폭스바겐,0,70.7010,0.0041,0.2501,70.7010
폭스바겐,41,66.4741,0.0168,0.2351,66.4741
폭스바겐,48,59.1693,0.0169,0.2093,59.1693
폭스바겐,26,59.0859,0.0064,0.2090,59.0859
폭스바겐,83,53.7642,0.0071,0.1902,53.7642
폭스바겐,72,53.1887,0.0170,0.1881,53.1887
폭스바겐,84,52.5159,0.0047,0.1858,52.5159
폭스바겐,74,47.8431,0.0042,0.1692,47.8431
폭스바겐,92,47.8367,0.0053,0.1692,47.8367
폭스바겐,8,47.4925,0.0153,0.1680,47.4925
폭스바겐,34,45.0178,0.0083,0.1592,45.0178
폭스바겐,3,44.9435,0.0047,0.1590,44.9435
폭스바겐,4,40.3815,0.0106,0.1428,40.3815
폭스바겐,90,40.1588,0.0134,0.1420,40.1588
폭스바겐,93,37.8388,0.0099,0.1338,37.8388
폭스바겐,15,33.6023,0.0076,0.1189,33.6023
폭스바겐,18,33.1274,0.0056,0.1172,33.1274
폭스바겐,64,32.6203,0.0046,0.1154,32.6203
폭스바겐,23,32.3728,0.0081,0.1145,32.3728
폭스바겐,67,30.4720,0.0057,0.1078,30.4720
폭스바겐,75,30.4194,0.0036,0.1076,30.4194
폭스바겐,42,29.4466,0.0043,0.1042,29.4466
폭스바겐,28,28.9958,0.0064,0.1026,28.9958
폭스바겐,91,28.2660,0.0061,0.1000,28.2660
폭스바겐,36,27.9743,0.0035,0.0989,27.9743
폭스바겐,61,26.5943,0.0094,0.0941,26.5943
폭스바겐,33,25.6282,0.0047,0.0906,25.6282
폭스바겐,21,25.5114,0.0053,0.0902,25.5114
폭스바겐,27,25.1788,0.0058,0.0891,25.1788
폭스바겐,68,24.2934,0.0102,0.0859,24.2934
폭스바겐,96,23.7463,0.0031,0.0840,23.7463
폭스바겐,56,23.1820,0.0046,0.0820,23.1820
폭스바겐,39,21.5597,0.0077,0.0763,21.5597
폭스바겐,1,21.1207,0.0052,0.0747,21.1207
폭스바겐,94,20.7742,0.0033,0.0735,20.7742
폭스바겐,37,18.9960,0.0031,0.0672,18.9960
폭스바겐,24,18.8443,0.0064,0.0667,18.8443
폭스바겐,20,18.7043,0.0040,0.0662,18.7043
폭스바겐,79,18.1224,0.0054,0.0641,18.1224
폭스바겐,63,17.8065,0.0051,0.0630,17.8065
폭스바겐,46,17.7625,0.0048,0.0628,17.7625
폭스바겐,95,17.1995,0.0036,0.0608,17.1995
폭스바겐,66,17.0076,0.0043,0.0602,17.0076
폭스바겐,58,16.7164,0.0054,0.0591,16.7164
폭스바겐,71,16.3931,0.0259,0.0580,16.3931
폭스바겐,13,16.3226,0.0030,0.0577,16.3226
폭스바겐,16,16.1956,0.0033,0.0573,16.1956
폭스바겐,98,15.9566,0.0032,0.0564,15.9566
폭스바겐,70,15.1073,0.0027,0.0534,15.1073
폭스바겐,7,14.9561,0.0042,0.0529,14.9561
폭스바겐,35,14.5542,0.0081,0.0515,14.5542
폭스바겐,31,14.4979,0.0039,0.0513,14.4979
폭스바겐,6,14.3879,0.0031,0.0509,14.3879
폭스바겐,45,13.8792,0.0057,0.0491,13.8792
폭스바겐,60,13.7882,0.0020,0.0488,13.7882
폭스바겐,77,13.4773,0.0094,0.0477,13.4773
폭스바겐,82,13.0481,0.0035,0.0462,13.0481
폭스바겐,25,12.6684,0.0023,0.0448,12.6684
폭스바겐,54,11.8892,0.0126,0.0421,11.8892
폭스바겐,55,11.4901,0.0050,0.0406,11.4901
폭스바겐,51,11.2750,0.0046,0.0399,11.2750
폭스바겐,44,10.7241,0.0087,0.0379,10.7241
폭스바겐,30,10.5604,0.0028,0.0374,10.5604
폭스바겐,19,10.1227,0.0025,0.0358,10.1227
폭스바겐,87,9.7990,0.0030,0.0347,9.7990
폭스바겐,12,9.5821,0.0026,0.0339,9.5821
폭스바겐,73,9.5821,0.0035,0.0339,9.5821
폭스바겐,80,9.5013,0.0068,0.0336,9.5013
폭스바겐,40,9.2548,0.0038,0.0327,9.2548
폭스바겐,65,8.5654,0.0021,0.0303,8.5654
폭스바겐,86,8.5654,0.0024,0.0303,8.5654
폭스바겐,89,8.3405,0.0036,0.0295,8.3405
폭스바겐,52,8.1944,0.0231,0.0290,8.1944
폭스바겐,57,8.1613,0.0036,0.0289,8.1613
폭스바겐,32,7.6430,0.0065,0.0270,7.6430
폭스바겐,69,7.4401,0.0104,0.0263,7.4401
폭스바겐,62,7.3750,0.0027,0.0261,7.3750
폭스바겐,78,7.3750,0.0020,0.0261,7.3750
폭스바겐,76,6.3215,0.0135,0.0224,6.3215
폭스바겐,49,6.2813,0.0027,0.0222,6.2813
폭스바겐,22,6.1698,0.0080,0.0218,6.1698
폭스바겐,97,5.9824,0.0020,0.0212,5.9824
폭스바겐,11,5.0904,0.0055,0.0180,5.0904
폭스바겐,47,4.7110,0.0021,0.0167,4.7110
폭스바겐,99,4.4769,0.0101,0.0158,4.4769
폭스바겐,38,4.4493,0.0033,0.0157,4.4493
폭스바겐,2,4.2461,0.0018,0.0150,4.2461
폭스바겐,29,3.5256,0.0016,0.0125,3.5256
폭스바겐,59,3.4600,0.0025,0.0122,3.4600
폭스바겐,81,3.4600,0.0021,0.0122,3.4600
폭스바겐,85,3.4600,0.0031,0.0122,3.4600
폭스바겐,50,2.7219,0.0040,0.0096,2.7219
폭스바겐,43,2.1838,0.0047,0.0077,2.1838
폭스바겐,88,1.9286,0.0067,0.0068,1.9286
폭스바겐,5,1.6389,0.0008,0.0058,1.6389
폭스바겐,53,1.6389,0.0009,0.0058,1.6389
폭스바겐,100,0.9643,0.0029,0.0034,0.9643
폭스바겐,14,0.8731,0.0003,0.0031,0.8731
퓨리오사AI,83,3.4912,0.0005,0.3836,3.4912
퓨리오사AI,95,2.2434,0.0005,0.2465,2.2434
퓨리오사AI,18,2.2085,0.0004,0.2427,2.2085
퓨리오사AI,48,2.1915,0.0006,0.2408,2.1915
퓨리오사AI,9,2.1102,0.0003,0.2319,2.1102
퓨리오사AI,26,2.1102,0.0002,0.2319,2.1102
퓨리오사AI,34,2.1102,0.0004,0.2319,2.1102
퓨리오사AI,10,2.0947,0.0002,0.2302,2.0947
퓨리오사AI,0,2.0794,0.0001,0.2285,2.0794
퓨리오사AI,4,1.4956,0.0004,0.1643,1.4956
퓨리오사AI,56,1.4956,0.0003,0.1643,1.4956
퓨리오사AI,36,1.4723,0.0002,0.1618,1.4723
퓨리오사AI,23,1.4388,0.0004,0.1581,1.4388
퓨리오사AI,84,1.4388,0.0001,0.1581,1.4388
퓨리오사AI,21,1.4173,0.0003,0.1557,1.4173
퓨리오사AI,67,1.4173,0.0003,0.1557,1.4173
퓨리오사AI,59,0.8650,0.0006,0.0950,0.8650
퓨리오사AI,32,0.8492,0.0007,0.0933,0.8492
퓨리오사AI,73,0.7985,0.0003,0.0877,0.7985
퓨리오사AI,47,0.7852,0.0003,0.0863,0.7852
퓨리오사AI,49,0.7852,0.0003,0.0863,0.7852
퓨리오사AI,35,0.7660,0.0004,0.0842,0.7660
퓨리오사AI,44,0.7660,0.0006,0.0842,0.7660
퓨리오사AI,55,0.7660,0.0003,0.0842,0.7660
퓨리오사AI,58,0.7598,0.0002,0.0835,0.7598
퓨리오사AI,72,0.7598,0.0002,0.0835,0.7598
퓨리오사AI,24,0.7538,0.0003,0.0828,0.7538
퓨리오사AI,33,0.7538,0.0001,0.0828,0.7538
퓨리오사AI,63,0.7419,0.0002,0.0815,0.7419
퓨리오사AI,75,0.7419,0.0001,0.0815,0.7419
퓨리오사AI,93,0.7419,0.0002,0.0815,0.7419
퓨리오사AI,94,0.7419,0.0001,0.0815,0.7419
퓨리오사AI,16,0.7362,0.0001,0.0809,0.7362
퓨리오사AI,42,0.7362,0.0001,0.0809,0.7362
퓨리오사AI,68,0.7362,0.0003,0.0809,0.7362
퓨리오사AI,15,0.7305,0.0002,0.0803,0.7305
퓨리오사AI,41,0.7305,0.0002,0.0803,0.7305
퓨리오사AI,45,0.7305,0.0003,0.0803,0.7305
퓨리오사AI,28,0.7249,0.0002,0.0797,0.7249
퓨리오사AI,31,0.7249,0.0002,0.0797,0.7249
퓨리오사AI,64,0.7249,0.0001,0.0797,0.7249
퓨리오사AI,74,0.7249,0.0001,0.0797,0.7249
퓨리오사AI,79,0.7249,0.0002,0.0797,0.7249
퓨리오사AI,82,0.7249,0.0002,0.0797,0.7249
퓨리오사AI,6,0.7194,0.0002,0.0790,0.7194
퓨리오사AI,20,0.7194,0.0002,0.0790,0.7194
퓨리오사AI,27,0.7194,0.0002,0.0790,0.7194
퓨리오사AI,70,0.7194,0.0001,0.0790,0.7194
퓨리오사AI,92,0.7140,0.0001,0.0785,0.7140
퓨리오사AI,66,0.7087,0.0002,0.0779,0.7087
하이센스,3,394.3434,0.0411,0.4437,394.3434
하이센스,0,298.7464,0.0172,0.3361,298.7464
하이센스,74,271.1111,0.0239,0.3050,271.1111
하이센스,84,259.7017,0.0230,0.2922,259.7017
하이센스,91,251.2531,0.0538,0.2827,251.2531
하이센스,1,211.2073,0.0525,0.2376,211.2073
하이센스,67,178.5801,0.0333,0.2009,178.5801
하이센스,96,152.4357,0.0196,0.1715,152.4357
하이센스,92,148.5081,0.0165,0.1671,148.5081
하이센스,6,124.4554,0.0264,0.1400,124.4554
하이센스,10,113.1143,0.0100,0.1273,113.1143
하이센스,21,111.2583,0.0232,0.1252,111.2583
하이센스,64,108.7344,0.0154,0.1223,108.7344
하이센스,26,102.6969,0.0112,0.1156,102.6969
하이센스,75,100.9035,0.0119,0.1135,100.9035
하이센스,94,100.1615,0.0158,0.1127,100.1615
하이센스,93,99.4196,0.0259,0.1119,99.4196
하이센스,36,87.6036,0.0110,0.0986,87.6036
하이센스,37,86.6216,0.0142,0.0975,86.6216
하이센스,42,78.7696,0.0116,0.0886,78.7696
하이센스,34,75.9676,0.0140,0.0855,75.9676
하이센스,55,70.4728,0.0309,0.0793,70.4728
하이센스,4,68.7981,0.0181,0.0774,68.7981
하이센스,60,66.6427,0.0099,0.0750,66.6427
하이센스,83,64.9360,0.0085,0.0731,64.9360
하이센스,31,61.6161,0.0167,0.0693,61.6161
하이센스,20,61.1486,0.0132,0.0688,61.1486
하이센스,9,60.4927,0.0083,0.0681,60.4927
하이센스,98,56.9879,0.0113,0.0641,56.9879
하이센스,58,56.2281,0.0183,0.0633,56.2281
하이센스,33,55.0253,0.0100,0.0619,55.0253
하이센스,46,54.8322,0.0147,0.0617,54.8322
하이센스,61,54.7084,0.0194,0.0616,54.7084
하이센스,39,54.2985,0.0195,0.0611,54.2985
하이센스,24,54.2716,0.0184,0.0611,54.2716
하이센스,87,53.5178,0.0163,0.0602,53.5178
하이센스,23,53.2353,0.0133,0.0599,53.2353
하이센스,95,53.0942,0.0112,0.0597,53.0942
하이센스,89,50.8772,0.0218,0.0572,50.8772
하이센스,27,47.4801,0.0108,0.0534,47.4801
하이센스,70,47.4801,0.0085,0.0534,47.4801
하이센스,66,46.7710,0.0117,0.0526,46.7710
하이센스,65,45.9415,0.0112,0.0517,45.9415
하이센스,18,44.9060,0.0076,0.0505,44.9060
하이센스,8,39.8324,0.0128,0.0448,39.8324
하이센스,82,39.1444,0.0106,0.0440,39.1444
하이센스,13,36.3549,0.0066,0.0409,36.3549
하이센스,16,33.8636,0.0069,0.0381,33.8636
하이센스,35,33.7044,0.0188,0.0379,33.7044
하이센스,97,33.6513,0.0114,0.0379,33.6513
하이센스,45,33.6023,0.0137,0.0378,33.6023
하이센스,19,32.7041,0.0080,0.0368,32.7041
하이센스,7,32.1556,0.0089,0.0362,32.1556
하이센스,15,32.1413,0.0073,0.0362,32.1413
하이센스,28,31.8954,0.0070,0.0359,31.8954
하이센스,63,31.1614,0.0089,0.0351,31.1614
하이센스,59,30.2749,0.0220,0.0341,30.2749
하이센스,68,30.1827,0.0126,0.0340,30.1827
하이센스,79,28.2709,0.0084,0.0318,28.2709
하이센스,62,27.8610,0.0103,0.0313,27.8610
하이센스,56,25.4254,0.0050,0.0286,25.4254
하이센스,41,24.8365,0.0063,0.0279,24.8365
하이센스,12,24.7537,0.0066,0.0279,24.7537
하이센스,86,22.5814,0.0063,0.0254,22.5814
하이센스,51,22.5501,0.0092,0.0254,22.5501
하이센스,11,22.3976,0.0240,0.0252,22.3976
하이센스,73,22.3582,0.0082,0.0252,22.3582
하이센스,54,22.0799,0.0235,0.0248,22.0799
하이센스,72,21.2755,0.0068,0.0239,21.2755
하이센스,25,19.7944,0.0036,0.0223,19.7944
하이센스,48,19.7231,0.0056,0.0222,19.7231
하이센스,78,19.6666,0.0055,0.0221,19.6666
하이센스,49,18.8440,0.0082,0.0212,18.8440
하이센스,90,16.9903,0.0057,0.0191,16.9903
하이센스,80,15.8356,0.0113,0.0178,15.8356
하이센스,2,14.4369,0.0061,0.0162,14.4369
하이센스,32,13.5876,0.0115,0.0153,13.5876
하이센스,57,12.6129,0.0056,0.0142,12.6129
하이센스,14,12.2237,0.0046,0.0138,12.2237
하이센스,30,12.1850,0.0032,0.0137,12.1850
하이센스,85,11.2450,0.0101,0.0127,11.2450
하이센스,77,10.7818,0.0075,0.0121,10.7818
하이센스,81,9.5150,0.0058,0.0107,9.5150
하이센스,40,9.2548,0.0038,0.0104,9.2548
하이센스,69,9.0935,0.0127,0.0102,9.0935
하이센스,50,8.1657,0.0119,0.0092,8.1657
하이센스,29,7.9326,0.0037,0.0089,7.9326
하이센스,47,7.8517,0.0035,0.0088,7.8517
하이센스,5,7.3750,0.0038,0.0083,7.3750
하이센스,53,6.5555,0.0036,0.0074,6.5555
하이센스,44,6.1281,0.0049,0.0069,6.1281
하이센스,22,5.2884,0.0069,0.0060,5.2884
하이센스,17,4.8215,0.0040,0.0054,4.8215
하이센스,38,3.5594,0.0027,0.0040,3.5594
하이센스,88,2.8929,0.0101,0.0033,2.8929
하이센스,43,2.1838,0.0047,0.0025,2.1838
하이센스,76,2.1072,0.0045,0.0024,2.1072
하이센스,71,1.9286,0.0030,0.0022,1.9286
하이센스,100,1.9286,0.0058,0.0022,1.9286
하이센스,52,0.8194,0.0023,0.0009,0.8194
하이얼,3,86.2626,0.0090,0.4503,86.2626
하이얼,0,65.1558,0.0038,0.3401,65.1558
하이얼,84,59.7098,0.0053,0.3117,59.7098
하이얼,67,53.8575,0.0101,0.2811,53.8575
하이얼,74,53.6423,0.0047,0.2800,53.6423
하이얼,91,51.8210,0.0111,0.2705,51.8210
하이얼,92,37.8410,0.0042,0.1975,37.8410
하이얼,21,36.1412,0.0075,0.1887,36.1412
하이얼,1,32.4934,0.0081,0.1696,32.4934
하이얼,10,27.2312,0.0024,0.1421,27.2312
하이얼,93,25.9678,0.0068,0.1356,25.9678
하이얼,6,23.0207,0.0049,0.1202,23.0207
하이얼,26,22.5089,0.0024,0.1175,22.5089
하이얼,20,20.8625,0.0045,0.1089,20.8625
하이얼,46,20.0794,0.0054,0.1048,20.0794
하이얼,34,18.9919,0.0035,0.0991,18.9919
하이얼,96,18.3842,0.0024,0.0960,18.3842
하이얼,24,17.3368,0.0059,0.0905,17.3368
하이얼,55,16.8522,0.0074,0.0880,16.8522
하이얼,83,16.0594,0.0021,0.0838,16.0594
하이얼,39,15.9702,0.0057,0.0834,15.9702
하이얼,42,15.4595,0.0023,0.0807,15.4595
하이얼,4,14.9561,0.0039,0.0781,14.9561
하이얼,9,14.7715,0.0020,0.0771,14.7715
하이얼,64,14.4979,0.0020,0.0757,14.4979
하이얼,95,14.2083,0.0030,0.0742,14.2083
하이얼,89,13.3448,0.0057,0.0697,13.3448
하이얼,31,13.0481,0.0035,0.0681,13.0481
하이얼,75,12.6129,0.0015,0.0658,12.6129
하이얼,27,12.2297,0.0028,0.0638,12.2297
하이얼,70,12.2297,0.0022,0.0638,12.2297
하이얼,58,12.1574,0.0040,0.0635,12.1574
하이얼,66,12.0471,0.0030,0.0629,12.0471
하이얼,36,11.7786,0.0015,0.0615,11.7786
하이얼,61,11.3976,0.0040,0.0595,11.3976
하이얼,82,10.8734,0.0029,0.0568,10.8734
하이얼,37,10.6377,0.0017,0.0555,10.6377
하이얼,23,10.0715,0.0025,0.0526,10.0715
하이얼,33,9.7990,0.0018,0.0512,9.7990
하이얼,35,9.1921,0.0051,0.0480,9.1921
하이얼,54,8.4923,0.0090,0.0443,8.4923
하이얼,87,8.2915,0.0025,0.0433,8.2915
하이얼,94,8.1613,0.0013,0.0426,8.1613
하이얼,18,8.0978,0.0014,0.0423,8.0978
하이얼,65,7.7867,0.0019,0.0406,7.7867
하이얼,11,7.1265,0.0076,0.0372,7.1265
하이얼,8,6.8941,0.0022,0.0360,6.8941
하이얼,13,6.6774,0.0012,0.0349,6.6774
하이얼,41,6.5744,0.0017,0.0343,6.5744
하이얼,28,6.5241,0.0014,0.0341,6.5241
하이얼,60,6.1281,0.0009,0.0320,6.1281
하이얼,59,6.0550,0.0044,0.0316,6.0550
하이얼,15,5.8439,0.0013,0.0305,5.8439
하이얼,49,5.4962,0.0024,0.0287,5.4962
하이얼,98,5.3189,0.0011,0.0278,5.3189
하이얼,63,5.1936,0.0015,0.0271,5.1936
하이얼,68,5.1532,0.0022,0.0269,5.1532
하이얼,62,4.9166,0.0018,0.0257,4.9166
하이얼,12,4.7910,0.0013,0.0250,4.7910
하이얼,73,4.7910,0.0018,0.0250,4.7910
하이얼,7,4.4868,0.0012,0.0234,4.4868
하이얼,97,4.4868,0.0015,0.0234,4.4868
하이얼,16,4.4170,0.0009,0.0231,4.4170
하이얼,45,4.3829,0.0018,0.0229,4.3829
하이얼,32,4.2461,0.0036,0.0222,4.2461
하이얼,56,3.7390,0.0007,0.0195,3.7390
하이얼,79,3.6245,0.0011,0.0189,3.6245
하이얼,81,3.4600,0.0021,0.0181,3.4600
하이얼,69,3.3067,0.0046,0.0173,3.3067
하이얼,25,3.1671,0.0006,0.0165,3.1671
하이얼,19,3.1147,0.0008,0.0163,3.1147
하이얼,57,2.9677,0.0013,0.0155,2.9677
하이얼,48,2.9219,0.0008,0.0153,2.9219
하이얼,38,2.6696,0.0020,0.0139,2.6696
하이얼,14,2.6194,0.0010,0.0137,2.6194
하이얼,2,2.5477,0.0011,0.0133,2.5477
하이얼,53,2.4583,0.0014,0.0128,2.4583
하이얼,78,2.4583,0.0007,0.0128,2.4583
하이얼,30,2.4370,0.0006,0.0127,2.4370
하이얼,51,2.4161,0.0010,0.0126,2.4161
하이얼,80,2.3753,0.0017,0.0124,2.3753
하이얼,86,2.3360,0.0007,0.0122,2.3360
하이얼,90,2.3169,0.0008,0.0121,2.3169
하이얼,44,2.2980,0.0019,0.0120,2.2980
하이얼,50,1.8146,0.0026,0.0095,1.8146
하이얼,77,1.7970,0.0013,0.0094,1.7970
하이얼,22,1.7628,0.0023,0.0092,1.7628
하이얼,29,1.7628,0.0008,0.0092,1.7628
하이얼,85,1.7300,0.0016,0.0090,1.7300
하이얼,47,1.5703,0.0007,0.0082,1.5703
하이얼,72,1.5197,0.0005,0.0079,1.5197
하이얼,76,1.0536,0.0023,0.0055,1.0536
하이얼,17,0.9643,0.0008,0.0050,0.9643
하이얼,88,0.9643,0.0034,0.0050,0.9643
하이얼,100,0.9643,0.0029,0.0050,0.9643
하이얼,40,0.9255,0.0004,0.0048,0.9255
하이얼,5,0.8194,0.0004,0.0043,0.8194
하이얼,52,0.8194,0.0023,0.0043,0.8194
한미반도체,10,90.0725,0.0080,0.4110,90.0725
한미반도체,9,73.8574,0.0102,0.3370,73.8574
한미반도체,18,64.7825,0.0110,0.2956,64.7825
한미반도체,26,60.4927,0.0066,0.2760,60.4927
한미반도체,83,57.2554,0.0075,0.2613,57.2554
한미반도체,0,52.6792,0.0030,0.2404,52.6792
한미반도체,16,40.4891,0.0082,0.1848,40.4891
한미반도체,15,37.9852,0.0086,0.1733,37.9852
한미반도체,34,37.2804,0.0068,0.1701,37.2804
한미반도체,28,35.5199,0.0078,0.1621,35.5199
한미반도체,92,32.1292,0.0036,0.1466,32.1292
한미반도체,95,28.4166,0.0060,0.1297,28.4166
한미반도체,75,27.4517,0.0032,0.1253,27.4517
한미반도체,63,26.7097,0.0076,0.1219,26.7097
한미반도체,36,26.5019,0.0033,0.1209,26.5019
한미반도체,31,26.0963,0.0071,0.1191,26.0963
한미반도체,84,25.8982,0.0023,0.1182,25.8982
한미반도체,48,24.8365,0.0071,0.1133,24.8365
한미반도체,65,22.5814,0.0055,0.1030,22.5814
한미반도체,74,21.0220,0.0019,0.0959,21.0220
한미반도체,21,20.5509,0.0043,0.0938,20.5509
한미반도체,3,20.2971,0.0021,0.0926,20.2971
한미반도체,6,20.1431,0.0043,0.0919,20.1431
한미반도체,67,19.8422,0.0037,0.0905,19.8422
한미반도체,89,19.1832,0.0082,0.0875,19.1832
한미반도체,82,18.8473,0.0051,0.0860,18.8473
한미반도체,42,17.6679,0.0026,0.0806,17.6679
한미반도체,64,17.3975,0.0025,0.0794,17.3975
한미반도체,66,17.0076,0.0043,0.0776,17.0076
한미반도체,20,16.5461,0.0036,0.0755,16.5461
한미반도체,27,16.5461,0.0038,0.0755,16.5461
한미반도체,70,16.5461,0.0030,0.0755,16.5461
한미반도체,93,15.5807,0.0041,0.0711,15.5807
한미반도체,33,15.0754,0.0027,0.0688,15.0754
한미반도체,96,14.5542,0.0019,0.0664,14.5542
한미반도체,13,14.0968,0.0026,0.0643,14.0968
한미반도체,46,13.9011,0.0037,0.0634,13.9011
한미반도체,41,13.8792,0.0035,0.0633,13.8792
한미반도체,79,13.7730,0.0041,0.0629,13.7730
한미반도체,98,13.6771,0.0027,0.0624,13.6771
한미반도체,37,12.9173,0.0021,0.0589,12.9173
한미반도체,85,12.1100,0.0109,0.0553,12.1100
한미반도체,76,11.5895,0.0248,0.0529,11.5895
한미반도체,94,11.1291,0.0018,0.0508,11.1291
한미반도체,23,10.7909,0.0027,0.0492,10.7909
한미반도체,56,10.4693,0.0021,0.0478,10.4693
한미반도체,97,10.4693,0.0035,0.0478,10.4693
한미반도체,60,9.9581,0.0015,0.0454,9.9581
한미반도체,61,9.8779,0.0035,0.0451,9.8779
한미반도체,57,9.6452,0.0043,0.0440,9.6452
한미반도체,4,8.9737,0.0024,0.0409,8.9737
한미반도체,91,8.6368,0.0018,0.0394,8.6368
한미반도체,1,8.1234,0.0020,0.0371,8.1234
한미반도체,49,7.8517,0.0034,0.0358,7.8517
한미반도체,78,7.3750,0.0020,0.0337,7.3750
한미반도체,73,7.1866,0.0026,0.0328,7.1866
한미반도체,8,6.8941,0.0022,0.0315,6.8941
한미반도체,44,6.8941,0.0056,0.0315,6.8941
한미반도체,72,6.8385,0.0022,0.0312,6.8385
한미반도체,24,6.7839,0.0023,0.0310,6.7839
한미반도체,19,6.2294,0.0015,0.0284,6.2294
한미반도체,86,6.2294,0.0017,0.0284,6.2294
한미반도체,87,6.0302,0.0018,0.0275,6.0302
한미반도체,90,4.6337,0.0015,0.0211,4.6337
한미반도체,58,4.5590,0.0015,0.0208,4.5590
한미반도체,38,4.4493,0.0033,0.0203,4.4493
한미반도체,68,4.4170,0.0018,0.0202,4.4170
한미반도체,25,3.9589,0.0007,0.0181,3.9589
한미반도체,80,3.9589,0.0028,0.0181,3.9589
한미반도체,35,3.8300,0.0021,0.0175,3.8300
한미반도체,45,3.6524,0.0015,0.0167,3.6524
한미반도체,69,3.3067,0.0046,0.0151,3.3067
한미반도체,62,3.2778,0.0012,0.0150,3.2778
한미반도체,30,3.2493,0.0009,0.0148,3.2493
한미반도체,39,3.1940,0.0011,0.0146,3.1940
한미반도체,47,3.1407,0.0014,0.0143,3.1407
한미반도체,55,3.0640,0.0013,0.0140,3.0640
한미반도체,7,2.9912,0.0008,0.0136,2.9912
한미반도체,17,2.8929,0.0024,0.0132,2.8929
한미반도체,59,2.5950,0.0019,0.0118,2.5950
한미반도체,53,2.4583,0.0014,0.0112,2.4583
한미반도체,51,2.4161,0.0010,0.0110,2.4161
한미반도체,40,1.8510,0.0008,0.0084,1.8510
한미반도체,22,1.7628,0.0023,0.0080,1.7628
한미반도체,29,1.7628,0.0008,0.0080,1.7628
한미반도체,14,1.7462,0.0007,0.0080,1.7462
한미반도체,2,1.6985,0.0007,0.0078,1.6985
한미반도체,32,1.6985,0.0014,0.0078,1.6985
한미반도체,54,1.6985,0.0018,0.0078,1.6985
한미반도체,52,1.6389,0.0046,0.0075,1.6389
한미반도체,12,1.5970,0.0004,0.0073,1.5970
한미반도체,100,0.9643,0.0029,0.0044,0.9643
한미반도체,50,0.9073,0.0013,0.0041,0.9073
한미반도체,81,0.8650,0.0005,0.0039,0.8650
한미반도체,5,0.8194,0.0004,0.0037,0.8194
한화,77,206.6518,0.1439,0.3159,206.6518
한화,0,202.3990,0.0117,0.3094,202.3990
한화,84,144.5985,0.0128,0.2210,144.5985
한화,73,143.7314,0.0527,0.2197,143.7314
한화,40,139.7474,0.0567,0.2136,139.7474
한화,74,134.8306,0.0119,0.2061,134.8306
한화,42,117.0502,0.0173,0.1789,117.0502
한화,10,116.6055,0.0103,0.1783,116.6055
한화,3,111.6340,0.0116,0.1707,111.6340
한화,70,109.3481,0.0195,0.1672,109.3481
한화,95,107.6840,0.0227,0.1646,107.6840
한화,26,105.5106,0.0115,0.1613,105.5106
한화,39,104.6045,0.0375,0.1599,104.6045
한화,41,95.6935,0.0242,0.1463,95.6935
한화,45,94.9630,0.0387,0.1452,94.9630
한화,46,88.8127,0.0238,0.1358,88.8127
한화,86,86.4323,0.0241,0.1321,86.4323
한화,78,84.4024,0.0234,0.1290,84.4024
한화,92,79.9659,0.0089,0.1222,79.9659
한화,83,78.9007,0.0104,0.1206,78.9007
한화,57,78.6454,0.0349,0.1202,78.6454
한화,55,75.0688,0.0329,0.1148,75.0688
한화,90,74.9116,0.0249,0.1145,74.9116
한화,7,74.7806,0.0208,0.1143,74.7806
한화,34,70.3404,0.0129,0.1075,70.3404
한화,53,67.1942,0.0371,0.1027,67.1942
한화,67,66.6132,0.0124,0.1018,66.6132
한화,89,65.8902,0.0283,0.1007,65.8902
한화,9,63.3063,0.0087,0.0968,63.3063
한화,13,60.8389,0.0110,0.0930,60.8389
한화,21,55.2748,0.0115,0.0845,55.2748
한화,72,53.1887,0.0170,0.0813,53.1887
한화,75,51.9356,0.0061,0.0794,51.9356
한화,20,51.7965,0.0112,0.0792,51.7965
한화,38,50.7219,0.0382,0.0775,50.7219
한화,96,50.5566,0.0065,0.0773,50.5566
한화,23,50.3577,0.0126,0.0770,50.3577
한화,27,49.6383,0.0113,0.0759,49.6383
한화,16,49.3230,0.0100,0.0754,49.3230
한화,68,49.3230,0.0206,0.0754,49.3230
한화,64,49.2929,0.0070,0.0754,49.2929
한화,82,47.8431,0.0129,0.0731,47.8431
한화,1,47.1155,0.0117,0.0720,47.1155
한화,60,45.9605,0.0068,0.0703,45.9605
한화,18,45.6422,0.0077,0.0698,45.6422
한화,24,44.4725,0.0151,0.0680,44.4725
한화,6,43.8831,0.0093,0.0671,43.8831
한화,48,43.8291,0.0126,0.0670,43.8291
한화,56,43.3727,0.0086,0.0663,43.3727
한화,66,42.5191,0.0107,0.0650,42.5191
한화,59,42.3849,0.0308,0.0648,42.3849
한화,36,41.2252,0.0052,0.0630,41.2252
한화,91,40.0435,0.0086,0.0612,40.0435
한화,28,39.8693,0.0088,0.0609,39.8693
한화,19,39.7121,0.0097,0.0607,39.7121
한화,33,38.4424,0.0070,0.0588,38.4424
한화,31,36.9697,0.0100,0.0565,36.9697
한화,79,36.9697,0.0110,0.0565,36.9697
한화,35,36.7684,0.0205,0.0562,36.7684
한화,25,34.8382,0.0064,0.0533,34.8382
한화,62,34.4165,0.0127,0.0526,34.4165
한화,37,32.6731,0.0054,0.0499,32.6731
한화,94,32.6452,0.0051,0.0499,32.6452
한화,98,31.1534,0.0062,0.0476,31.1534
한화,93,29.6775,0.0077,0.0454,29.6775
한화,15,28.4889,0.0064,0.0436,28.4889
한화,80,27.7122,0.0198,0.0424,27.7122
한화,8,27.5763,0.0089,0.0422,27.5763
한화,4,26.9210,0.0071,0.0412,26.9210
한화,51,26.5769,0.0108,0.0406,26.5769
한화,87,24.8745,0.0076,0.0380,24.8745
한화,63,24.4839,0.0070,0.0374,24.4839
한화,85,24.2199,0.0218,0.0370,24.2199
한화,49,21.9847,0.0095,0.0336,21.9847
한화,65,21.0241,0.0051,0.0321,21.0241
한화,61,19.7558,0.0070,0.0302,19.7558
한화,30,19.4961,0.0051,0.0298,19.4961
한화,97,19.4429,0.0066,0.0297,19.4429
한화,32,18.6830,0.0158,0.0286,18.6830
한화,2,16.9845,0.0072,0.0260,16.9845
한화,58,16.7164,0.0054,0.0256,16.7164
한화,14,16.5893,0.0063,0.0254,16.5893
한화,47,15.7033,0.0069,0.0240,15.7033
한화,12,15.1716,0.0041,0.0232,15.1716
한화,29,14.1025,0.0066,0.0216,14.1025
한화,5,13.9305,0.0071,0.0213,13.9305
한화,81,11.2450,0.0069,0.0172,11.2450
한화,44,9.9581,0.0080,0.0152,9.9581
한화,22,9.6954,0.0126,0.0148,9.6954
한화,54,5.9446,0.0063,0.0091,5.9446
한화,69,4.9601,0.0069,0.0076,4.9601
한화,88,4.8215,0.0168,0.0074,4.8215
한화,43,4.3677,0.0093,0.0067,4.3677
한화,76,4.2144,0.0090,0.0064,4.2144
한화,100,3.8572,0.0115,0.0059,3.8572
한화,50,3.6292,0.0053,0.0055,3.6292
한화,17,2.8929,0.0024,0.0044,2.8929
한화,71,2.8929,0.0046,0.0044,2.8929
한화,52,2.4583,0.0069,0.0038,2.4583
한화솔루션,9,26.7293,0.0037,0.3456,34.0371
한화솔루션,10,23.7400,0.0021,0.3069,30.2306
한화솔루션,84,20.8625,0.0019,0.2697,26.5663
한화솔루션,0,20.7944,0.0012,0.2688,26.4796
한화솔루션,26,18.9919,0.0021,0.2455,24.1843
한화솔루션,74,18.8473,0.0017,0.2437,24.0001
한화솔루션,92,17.8495,0.0020,0.2308,22.7296
한화솔루션,16,16.1956,0.0033,0.2094,20.6235
한화솔루션,18,13.9871,0.0024,0.1808,17.8112
한화솔루션,64,12.3232,0.0017,0.1593,15.6924
한화솔루션,27,12.2297,0.0028,0.1581,15.5733
한화솔루션,83,11.8700,0.0016,0.1535,15.1153
한화솔루션,28,11.5983,0.0026,0.1499,14.7693
한화솔루션,34,11.2545,0.0021,0.1455,14.3314
한화솔루션,75,11.1291,0.0013,0.1439,14.1717
한화솔루션,36,11.0425,0.0014,0.1428,14.0615
한화솔루션,57,10.3871,0.0046,0.1343,13.2270
한화솔루션,15,10.2268,0.0023,0.1322,13.0228
한화솔루션,3,9.4236,0.0010,0.1218,12.0001
한화솔루션,63,8.9032,0.0025,0.1151,11.3374
한화솔루션,42,8.8340,0.0013,0.1142,11.2492
한화솔루션,93,8.1613,0.0021,0.1055,10.3926
한화솔루션,94,8.1613,0.0013,0.1055,10.3926
한화솔루션,60,7.6601,0.0011,0.0990,9.7544
한화솔루션,80,7.1260,0.0051,0.0921,9.0742
한화솔루션,41,6.5744,0.0017,0.0850,8.3718
한화솔루션,79,6.5241,0.0019,0.0843,8.3077
한화솔루션,46,6.1783,0.0017,0.0799,7.8674
한화솔루션,37,6.0787,0.0010,0.0786,7.7406
한화솔루션,58,6.0787,0.0020,0.0786,7.7406
한화솔루션,95,5.9824,0.0013,0.0773,7.6180
한화솔루션,48,5.8439,0.0017,0.0755,7.4416
한화솔루션,21,5.6692,0.0012,0.0733,7.2192
한화솔루션,96,5.3621,0.0007,0.0693,6.8280
한화솔루션,98,5.3189,0.0011,0.0688,6.7730
한화솔루션,85,5.1900,0.0047,0.0671,6.6089
한화솔루션,23,5.0358,0.0013,0.0651,6.4125
한화솔루션,65,4.6720,0.0011,0.0604,5.9493
한화솔루션,33,4.5226,0.0008,0.0585,5.7591
한화솔루션,87,4.5226,0.0014,0.0585,5.7591
한화솔루션,97,4.4868,0.0015,0.0580,5.7135
한화솔루션,13,4.4516,0.0008,0.0575,5.6687
한화솔루션,51,4.0268,0.0016,0.0521,5.1277
한화솔루션,19,3.8933,0.0009,0.0503,4.9578
한화솔루션,61,3.7992,0.0013,0.0491,4.8379
한화솔루션,7,3.7390,0.0010,0.0483,4.7613
한화솔루션,90,3.0891,0.0010,0.0399,3.9337
한화솔루션,8,3.0640,0.0010,0.0396,3.9017
한화솔루션,4,2.9912,0.0008,0.0387,3.8090
한화솔루션,67,2.8346,0.0005,0.0366,3.6096
한화솔루션,81,2.5950,0.0016,0.0335,3.3045
한화솔루션,47,2.3555,0.0010,0.0305,2.9995
한화솔루션,91,2.3555,0.0005,0.0305,2.9995
한화솔루션,86,2.3360,0.0007,0.0302,2.9747
한화솔루션,35,2.2980,0.0013,0.0297,2.9263
한화솔루션,55,2.2980,0.0010,0.0297,2.9263
한화솔루션,72,2.2795,0.0007,0.0295,2.9027
한화솔루션,56,2.2434,0.0004,0.0290,2.8568
한화솔루션,68,2.2085,0.0009,0.0286,2.8123
한화솔루션,43,2.1838,0.0047,0.0282,2.7809
한화솔루션,20,2.1582,0.0005,0.0279,2.7482
한화솔루션,66,2.1260,0.0005,0.0275,2.7072
한화솔루션,89,1.6681,0.0007,0.0216,2.1242
한화솔루션,39,1.5970,0.0006,0.0206,2.0336
한화솔루션,73,1.5970,0.0006,0.0206,2.0336
한화솔루션,24,1.5075,0.0005,0.0195,1.9197
한화솔루션,31,1.4498,0.0004,0.0187,1.8462
한화솔루션,82,1.4498,0.0004,0.0187,1.8462
한화솔루션,6,1.4388,0.0003,0.0186,1.8322
한화솔루션,70,1.4388,0.0003,0.0186,1.8322
한화솔루션,40,0.9255,0.0004,0.0120,1.1785
한화솔루션,38,0.8899,0.0007,0.0115,1.1331
한화솔루션,22,0.8814,0.0011,0.0114,1.1224
한화솔루션,32,0.8492,0.0007,0.0110,1.0814
한화솔루션,69,0.8267,0.0012,0.0107,1.0527
한화솔루션,52,0.8194,0.0023,0.0106,1.0435
한화솔루션,49,0.7852,0.0003,0.0102,0.9998
한화솔루션,44,0.7660,0.0006,0.0099,0.9754
한화시스템,20,98.5572,0.0213,0.3972,98.5572
한화시스템,9,83.7050,0.0115,0.3373,83.7050
한화시스템,10,82.3919,0.0073,0.3320,82.3919
한화시스템,0,69.3147,0.0040,0.2793,69.3147
한화시스템,83,54.4624,0.0072,0.2195,54.4624
한화시스템,26,52.7553,0.0057,0.2126,52.7553
한화시스템,38,47.1624,0.0355,0.1901,47.1624
한화시스템,34,41.5008,0.0076,0.1672,41.5008
한화시스템,15,40.1767,0.0091,0.1619,40.1767
한화시스템,21,39.6845,0.0083,0.1599,39.6845
한화시스템,92,39.2690,0.0044,0.1582,39.2690
한화시스템,41,35.0633,0.0089,0.1413,35.0633
한화시스템,84,32.3728,0.0029,0.1305,32.3728
한화시스템,67,29.7634,0.0056,0.1199,29.7634
한화시스템,6,29.4952,0.0063,0.1189,29.4952
한화시스템,18,28.7104,0.0049,0.1157,28.7104
한화시스템,31,28.2709,0.0076,0.1139,28.2709
한화시스템,93,28.1936,0.0073,0.1136,28.1936
한화시스템,70,27.3370,0.0049,0.1102,27.3370
한화시스템,66,26.9288,0.0067,0.1085,26.9288
한화시스템,82,26.8211,0.0072,0.1081,26.8211
한화시스템,48,26.2975,0.0075,0.1060,26.2975
한화시스템,23,24.4594,0.0061,0.0986,24.4594
한화시스템,74,23.9216,0.0021,0.0964,23.9216
한화시스템,27,23.7400,0.0054,0.0957,23.7400
한화시스템,16,23.5573,0.0048,0.0949,23.5573
한화시스템,3,22.4718,0.0023,0.0906,22.4718
한화시스템,28,21.7469,0.0048,0.0876,21.7469
한화시스템,4,21.6864,0.0057,0.0874,21.6864
한화시스템,73,21.5597,0.0079,0.0869,21.5597
한화시스템,46,19.3071,0.0052,0.0778,19.3071
한화시스템,8,19.1502,0.0062,0.0772,19.1502
한화시스템,90,18.5348,0.0062,0.0747,18.5348
한화시스템,95,17.9473,0.0038,0.0723,17.9473
한화시스템,61,17.4763,0.0062,0.0704,17.4763
한화시스템,64,17.3975,0.0025,0.0701,17.3975
한화시스템,56,15.7039,0.0031,0.0633,15.7039
한화시스템,13,15.5807,0.0028,0.0628,15.5807
한화시스템,72,14.4369,0.0046,0.0582,14.4369
한화시스템,97,13.4605,0.0045,0.0542,13.4605
한화시스템,91,13.3478,0.0029,0.0538,13.3478
한화시스템,19,12.4587,0.0030,0.0502,12.4587
한화시스템,80,11.8767,0.0085,0.0479,11.8767
한화시스템,62,11.4722,0.0042,0.0462,11.4722
한화시스템,63,11.1291,0.0032,0.0448,11.1291
한화시스템,68,11.0425,0.0046,0.0445,11.0425
한화시스템,44,10.7241,0.0087,0.0432,10.7241
한화시스템,96,10.7241,0.0014,0.0432,10.7241
한화시스템,39,10.3806,0.0037,0.0418,10.3806
한화시스템,36,10.3063,0.0013,0.0415,10.3063
한화시스템,42,10.3063,0.0015,0.0415,10.3063
한화시스템,75,9.6452,0.0011,0.0389,9.6452
한화시스템,79,8.6988,0.0026,0.0351,8.6988
한화시스템,24,8.2915,0.0028,0.0334,8.2915
한화시스템,59,7.7850,0.0057,0.0314,7.7850
한화시스템,71,7.7144,0.0122,0.0311,7.7144
한화시스템,33,7.5377,0.0014,0.0304,7.5377
한화시스템,76,7.3751,0.0158,0.0297,7.3751
한화시스템,88,6.7501,0.0236,0.0272,6.7501
한화시스템,57,6.6774,0.0030,0.0269,6.6774
한화시스템,45,6.5744,0.0027,0.0265,6.5744
한화시스템,1,6.4987,0.0016,0.0262,6.4987
한화시스템,77,6.2894,0.0044,0.0253,6.2894
한화시스템,54,5.9446,0.0063,0.0240,5.9446
한화시스템,98,5.3189,0.0011,0.0214,5.3189
한화시스템,100,4.8215,0.0144,0.0194,4.8215
한화시스템,81,4.3250,0.0026,0.0174,4.3250
한화시스템,89,4.1703,0.0018,0.0168,4.1703
한화시스템,30,4.0617,0.0011,0.0164,4.0617
한화시스템,51,4.0268,0.0016,0.0162,4.0268
한화시스템,25,3.9589,0.0007,0.0160,3.9589
한화시스템,35,3.8300,0.0021,0.0154,3.8300
한화시스템,55,3.8300,0.0017,0.0154,3.8300
한화시스템,37,3.7992,0.0006,0.0153,3.7992
한화시스템,94,3.7097,0.0006,0.0149,3.7097
한화시스템,69,3.3067,0.0046,0.0133,3.3067
한화시스템,60,3.0640,0.0005,0.0123,3.0640
한화시스템,87,3.0151,0.0009,0.0122,3.0151
한화시스템,7,2.9912,0.0008,0.0121,2.9912
한화시스템,22,2.6442,0.0034,0.0107,2.6442
한화시스템,85,2.5950,0.0023,0.0105,2.5950
한화시스템,32,2.5477,0.0022,0.0103,2.5477
한화시스템,47,2.3555,0.0010,0.0095,2.3555
한화시스템,65,2.3360,0.0006,0.0094,2.3360
한화시스템,58,2.2795,0.0007,0.0092,2.2795
한화시스템,14,1.7462,0.0007,0.0070,1.7462
한화시스템,2,1.6985,0.0007,0.0068,1.6985
한화시스템,5,1.6389,0.0008,0.0066,1.6389
한화시스템,52,1.6389,0.0046,0.0066,1.6389
한화시스템,53,1.6389,0.0009,0.0066,1.6389
한화시스템,49,1.5703,0.0007,0.0063,1.5703
한화시스템,43,1.0919,0.0023,0.0044,1.0919
한화시스템,12,0.7985,0.0002,0.0032,0.7985
현대모비스,9,180.0713,0.0248,0.3866,180.0713
현대모비스,10,168.2749,0.0149,0.3613,168.2749
현대모비스,48,151.2104,0.0433,0.3246,151.2104
현대모비스,26,122.3922,0.0133,0.2628,122.3922
현대모비스,0,97.0406,0.0056,0.2083,97.0406
현대모비스,92,96.3875,0.0107,0.2069,96.3875
현대모비스,83,90.7707,0.0119,0.1949,90.7707
현대모비스,81,88.2297,0.0541,0.1894,88.2297
현대모비스,34,82.2982,0.0151,0.1767,82.2982
현대모비스,41,67.2046,0.0170,0.1443,67.2046
현대모비스,28,63.7908,0.0140,0.1370,63.7908
현대모비스,84,62.5874,0.0056,0.1344,62.5874
현대모비스,18,60.3655,0.0102,0.1296,60.3655
현대모비스,15,59.8998,0.0135,0.1286,59.8998
현대모비스,3,57.2668,0.0060,0.1229,57.2668
현대모비스,74,57.2668,0.0051,0.1229,57.2668
현대모비스,72,52.4289,0.0168,0.1126,52.4289
현대모비스,27,51.7965,0.0118,0.1112,51.7965
현대모비스,16,50.7954,0.0103,0.1091,50.7954
현대모비스,36,48.5869,0.0061,0.1043,48.5869
현대모비스,93,46.0001,0.0120,0.0988,46.0001
현대모비스,64,43.4938,0.0061,0.0934,43.4938
현대모비스,79,43.4938,0.0129,0.0934,43.4938
현대모비스,95,41.8771,0.0088,0.0899,41.8771
현대모비스,4,39.6337,0.0104,0.0851,39.6337
현대모비스,46,37.8419,0.0101,0.0812,37.8419
현대모비스,89,37.5324,0.0161,0.0806,37.5324
현대모비스,33,36.9348,0.0067,0.0793,36.9348
현대모비스,8,36.7684,0.0119,0.0789,36.7684
현대모비스,90,36.2974,0.0121,0.0779,36.2974
현대모비스,67,35.4326,0.0066,0.0761,35.4326
현대모비스,23,33.8116,0.0085,0.0726,33.8116
현대모비스,70,33.8116,0.0060,0.0726,33.8116
현대모비스,42,33.1274,0.0049,0.0711,33.1274
현대모비스,63,32.6452,0.0093,0.0701,32.6452
현대모비스,20,32.3728,0.0070,0.0695,32.3728
현대모비스,75,31.9033,0.0038,0.0685,31.9033
현대모비스,57,28.9356,0.0128,0.0621,28.9356
현대모비스,97,28.4166,0.0096,0.0610,28.4166
현대모비스,44,28.3423,0.0229,0.0608,28.3423
현대모비스,24,27.1358,0.0092,0.0583,27.1358
현대모비스,21,26.9288,0.0056,0.0578,26.9288
현대모비스,65,26.4748,0.0064,0.0568,26.4748
현대모비스,68,25.0296,0.0105,0.0537,25.0296
현대모비스,96,24.5123,0.0032,0.0526,24.5123
현대모비스,61,24.3148,0.0086,0.0522,24.3148
현대모비스,71,24.1075,0.0381,0.0518,24.1075
현대모비스,56,23.9298,0.0047,0.0514,23.9298
현대모비스,31,23.1967,0.0063,0.0498,23.1967
현대모비스,73,21.5597,0.0079,0.0463,21.5597
현대모비스,35,21.4482,0.0120,0.0460,21.4482
현대모비스,80,21.3780,0.0152,0.0459,21.3780
현대모비스,45,21.1841,0.0086,0.0455,21.1841
현대모비스,30,21.1207,0.0056,0.0453,21.1207
현대모비스,25,20.5862,0.0038,0.0442,20.5862
현대모비스,66,20.5509,0.0051,0.0441,20.5509
현대모비스,91,18.8440,0.0040,0.0405,18.8440
현대모비스,13,18.5484,0.0034,0.0398,18.5484
현대모비스,49,17.2737,0.0075,0.0371,17.2737
현대모비스,6,17.2655,0.0037,0.0371,17.2655
현대모비스,12,16.7687,0.0045,0.0360,16.7687
현대모비스,1,16.2467,0.0040,0.0349,16.2467
현대모비스,39,15.9702,0.0057,0.0343,15.9702
현대모비스,82,15.9477,0.0043,0.0342,15.9477
현대모비스,22,15.8653,0.0206,0.0341,15.8653
현대모비스,76,15.8038,0.0338,0.0339,15.8038
현대모비스,86,14.7947,0.0041,0.0318,14.7947
현대모비스,37,14.4369,0.0024,0.0310,14.4369
현대모비스,58,14.4369,0.0047,0.0310,14.4369
현대모비스,94,13.3549,0.0021,0.0287,13.3549
현대모비스,69,13.2269,0.0184,0.0284,13.2269
현대모비스,98,12.9173,0.0026,0.0277,12.9173
현대모비스,55,10.7241,0.0047,0.0230,10.7241
현대모비스,60,10.7241,0.0016,0.0230,10.7241
현대모비스,77,8.9849,0.0063,0.0193,8.9849
현대모비스,2,8.4923,0.0036,0.0182,8.4923
현대모비스,54,8.4923,0.0090,0.0182,8.4923
현대모비스,62,8.1944,0.0030,0.0176,8.1944
현대모비스,38,8.0087,0.0060,0.0172,8.0087
현대모비스,19,7.7867,0.0019,0.0167,7.7867
현대모비스,78,7.3750,0.0020,0.0158,7.3750
현대모비스,51,7.2482,0.0029,0.0156,7.2482
현대모비스,47,7.0665,0.0031,0.0152,7.0665
현대모비스,85,6.9200,0.0062,0.0149,6.9200
현대모비스,52,6.5555,0.0185,0.0141,6.5555
현대모비스,14,6.1118,0.0023,0.0131,6.1118
현대모비스,53,5.7361,0.0032,0.0123,5.7361
현대모비스,29,5.2884,0.0025,0.0114,5.2884
현대모비스,87,5.2764,0.0016,0.0113,5.2764
현대모비스,7,5.2346,0.0015,0.0112,5.2346
현대모비스,40,2.7764,0.0011,0.0060,2.7764
현대모비스,59,2.5950,0.0019,0.0056,2.5950
현대모비스,5,2.4583,0.0013,0.0053,2.4583
현대모비스,43,2.1838,0.0047,0.0047,2.1838
현대모비스,11,2.0361,0.0022,0.0044,2.0361
현대모비스,17,1.9286,0.0016,0.0041,1.9286
현대모비스,32,1.6985,0.0014,0.0036,1.6985
현대모비스,99,1.1192,0.0025,0.0024,1.1192
현대모비스,100,0.9643,0.0029,0.0021,0.9643
현대모비스,50,0.9073,0.0013,0.0019,0.9073
현대자동차,9,151.9352,0.0209,0.3090,151.9352
현대자동차,10,128.4755,0.0114,0.2613,128.4755
현대자동차,0,125.4596,0.0072,0.2551,125.4596
현대자동차,20,115.8227,0.0250,0.2355,115.8227
현대자동차,26,106.2140,0.0115,0.2160,106.2140
현대자동차,83,104.0372,0.0137,0.2116,104.0372
현대자동차,92,99.2434,0.0110,0.2018,99.2434
현대자동차,8,87.3250,0.0282,0.1776,87.3250
현대자동차,84,84.8887,0.0075,0.1726,84.8887
현대자동차,74,79.0137,0.0070,0.1607,79.0137
현대자동차,15,75.2399,0.0170,0.1530,75.2399
현대자동차,27,74.8171,0.0171,0.1522,74.8171
현대자동차,34,68.9336,0.0127,0.1402,68.9336
현대자동차,28,68.1402,0.0150,0.1386,68.1402
현대자동차,41,67.2046,0.0170,0.1367,67.2046
현대자동차,64,65.2406,0.0092,0.1327,65.2406
현대자동차,48,64.2827,0.0184,0.1307,64.2827
현대자동차,3,63.0659,0.0066,0.1283,63.0659
현대자동차,18,61.8378,0.0105,0.1258,61.8378
현대자동차,95,60.5723,0.0128,0.1232,60.5723
현대자동차,23,59.7098,0.0150,0.1214,59.7098
현대자동차,4,58.3288,0.0153,0.1186,58.3288
현대자동차,46,57.1491,0.0153,0.1162,57.1491
현대자동차,67,55.9835,0.0105,0.1139,55.9835
현대자동차,13,53.4195,0.0097,0.1086,53.4195
현대자동차,21,53.1489,0.0111,0.1081,53.1489
현대자동차,42,47.8507,0.0071,0.0973,47.8507
현대자동차,72,47.1100,0.0151,0.0958,47.1100
현대자동차,90,47.1094,0.0157,0.0958,47.1094
현대자동차,93,46.7421,0.0122,0.0951,46.7421
현대자동차,91,45.5396,0.0097,0.0926,45.5396
현대자동차,68,44.9060,0.0188,0.0913,44.9060
현대자동차,75,43.0324,0.0051,0.0875,43.0324
현대자동차,31,42.7689,0.0116,0.0870,42.7689
현대자동차,70,41.7249,0.0075,0.0849,41.7249
현대자동차,24,41.4574,0.0141,0.0843,41.4574
현대자동차,6,41.0055,0.0087,0.0834,41.0055
현대자동차,82,40.5942,0.0109,0.0826,40.5942
현대자동차,73,39.9254,0.0146,0.0812,39.9254
현대자동차,16,39.7529,0.0081,0.0808,39.7529
현대자동차,36,39.7529,0.0050,0.0808,39.7529
현대자동차,66,39.6845,0.0099,0.0807,39.6845
현대자동차,61,38.7518,0.0138,0.0788,38.7518
현대자동차,33,37.6886,0.0068,0.0766,37.6886
현대자동차,39,35.9328,0.0129,0.0731,35.9328
현대자동차,96,34.4704,0.0044,0.0701,34.4704
현대자동차,63,33.3872,0.0095,0.0679,33.3872
현대자동차,94,32.6452,0.0051,0.0664,32.6452
현대자동차,38,32.0349,0.0241,0.0651,32.0349
현대자동차,1,31.6811,0.0079,0.0644,31.6811
현대자동차,56,31.4078,0.0062,0.0639,31.4078
현대자동차,97,31.4078,0.0106,0.0639,31.4078
현대자동차,19,31.1468,0.0076,0.0633,31.1468
현대자동차,79,30.4456,0.0090,0.0619,30.4456
현대자동차,60,28.3423,0.0042,0.0576,28.3423
현대자동차,45,27.7584,0.0113,0.0565,27.7584
현대자동차,35,27.5763,0.0154,0.0561,27.5763
현대자동차,51,26.5769,0.0108,0.0540,26.5769
현대자동차,7,25.4254,0.0071,0.0517,25.4254
현대자동차,62,25.4027,0.0094,0.0517,25.4027
현대자동차,37,25.0747,0.0041,0.0510,25.0747
현대자동차,57,24.4839,0.0109,0.0498,24.4839
현대자동차,98,24.3148,0.0048,0.0494,24.3148
현대자동차,58,23.5550,0.0077,0.0479,23.5550
현대자동차,12,23.1567,0.0062,0.0471,23.1567
현대자동차,80,20.5862,0.0147,0.0419,20.5862
현대자동차,65,19.4667,0.0047,0.0396,19.4667
현대자동차,86,17.9094,0.0050,0.0364,17.9094
현대자동차,32,17.8338,0.0151,0.0363,17.8338
현대자동차,2,16.1353,0.0068,0.0328,16.1353
현대자동차,44,16.0862,0.0130,0.0327,16.0862
현대자동차,55,16.0862,0.0070,0.0327,16.0862
현대자동차,87,15.8292,0.0048,0.0322,15.8292
현대자동차,49,15.7033,0.0068,0.0319,15.7033
현대자동차,25,15.0438,0.0027,0.0306,15.0438
현대자동차,78,14.7499,0.0041,0.0300,14.7499
현대자동차,88,14.4645,0.0505,0.0294,14.4645
현대자동차,54,14.4369,0.0154,0.0294,14.4369
현대자동차,89,14.1789,0.0061,0.0288,14.1789
현대자동차,30,12.9974,0.0034,0.0264,12.9974
현대자동차,71,12.5359,0.0198,0.0255,12.5359
현대자동차,47,11.7775,0.0052,0.0240,11.7775
현대자동차,77,11.6803,0.0081,0.0238,11.6803
현대자동차,81,10.3800,0.0064,0.0211,10.3800
현대자동차,85,10.3800,0.0093,0.0211,10.3800
현대자동차,40,10.1803,0.0041,0.0207,10.1803
현대자동차,69,9.9201,0.0138,0.0202,9.9201
현대자동차,22,8.8140,0.0115,0.0179,8.8140
현대자동차,76,8.4287,0.0180,0.0171,8.4287
현대자동차,52,8.1944,0.0231,0.0167,8.1944
현대자동차,59,7.7850,0.0057,0.0158,7.7850
현대자동차,43,7.6435,0.0163,0.0155,7.6435
현대자동차,11,7.1265,0.0076,0.0145,7.1265
현대자동차,100,6.7501,0.0202,0.0137,6.7501
현대자동차,5,6.5555,0.0034,0.0133,6.5555
현대자동차,14,6.1118,0.0023,0.0124,6.1118
현대자동차,53,5.7361,0.0032,0.0117,5.7361
현대자동차,50,5.4438,0.0079,0.0111,5.4438
현대자동차,17,3.8572,0.0032,0.0078,3.8572
현대자동차,99,3.3577,0.0076,0.0068,3.3577
현대자동차,29,2.6442,0.0012,0.0054,2.6442
현대차,10,346.3252,0.0307,0.3008,363.6414
현대차,9,346.0746,0.0477,0.3006,363.3783
현대차,0,309.8368,0.0179,0.2691,325.3286
현대차,26,241.9709,0.0263,0.2102,254.0694
현대차,92,229.1880,0.0255,0.1991,240.6474
현대차,83,222.0391,0.0292,0.1929,233.1411
현대차,84,201.4307,0.0179,0.1750,211.5022
현대차,34,201.1735,0.0370,0.1747,211.2321
현대차,74,189.1978,0.0167,0.1643,198.6577
현대차,48,181.8907,0.0521,0.1580,190.9853
현대차,8,176.1820,0.0568,0.1530,184.9911
현대차,3,176.1497,0.0183,0.1530,184.9572
현대차,95,166.7606,0.0352,0.1449,175.0987
현대차,41,161.4372,0.0408,0.1402,169.5090
현대차,46,159.0906,0.0426,0.1382,167.0451
현대차,4,154.7958,0.0407,0.1345,162.5355
현대차,27,153.9506,0.0352,0.1337,161.6481
현대차,18,147.2329,0.0249,0.1279,154.5946
현대차,16,145.7606,0.0297,0.1266,153.0486
현대차,73,142.9329,0.0524,0.1242,150.0795
현대차,68,134.7181,0.0563,0.1170,141.4540
현대차,36,133.9820,0.0168,0.1164,140.6810
현대차,64,131.2062,0.0185,0.1140,137.7665
현대차,20,128.7718,0.0278,0.1119,135.2104
현대차,28,128.3066,0.0282,0.1115,134.7219
현대차,61,125.3734,0.0445,0.1089,131.6420
현대차,42,122.2033,0.0180,0.1061,128.3135
현대차,15,121.9910,0.0275,0.1060,128.0905
현대차,75,120.1938,0.0142,0.1044,126.2035
현대차,67,119.7621,0.0224,0.1040,125.7502
현대차,72,113.2159,0.0363,0.0983,118.8767
현대차,13,112.7745,0.0205,0.0980,118.4132
현대차,91,111.4936,0.0239,0.0968,117.0683
현대차,93,108.3229,0.0282,0.0941,113.7390
현대차,45,108.1118,0.0441,0.0939,113.5173
현대차,90,105.8030,0.0352,0.0919,111.0931
현대차,70,105.7511,0.0189,0.0919,111.0387
현대차,21,104.8804,0.0219,0.0911,110.1244
현대차,23,97.1184,0.0243,0.0844,101.9743
현대차,33,94.2215,0.0171,0.0818,98.9325
현대차,63,86.0647,0.0245,0.0748,90.3680
현대차,39,83.0448,0.0298,0.0721,87.1970
현대차,96,81.1969,0.0105,0.0705,85.2567
현대차,24,80.6536,0.0274,0.0701,84.6863
현대차,31,79.7385,0.0216,0.0693,83.7255
현대차,6,77.6947,0.0165,0.0675,81.5794
현대차,82,76.1141,0.0205,0.0661,79.9198
현대차,66,75.8257,0.0190,0.0659,79.6170
현대차,38,74.7480,0.0562,0.0649,78.4854
현대차,65,72.4162,0.0176,0.0629,76.0371
현대차,79,69.5900,0.0206,0.0604,73.0695
현대차,94,69.0002,0.0109,0.0599,72.4502
현대차,56,68.0503,0.0134,0.0591,71.4528
현대차,37,66.1060,0.0108,0.0574,69.4113
현대차,35,62.8127,0.0350,0.0546,65.9533
현대차,57,61.5808,0.0273,0.0535,64.6598
현대차,60,61.2807,0.0091,0.0532,64.3447
현대차,58,60.7871,0.0198,0.0528,63.8264
현대차,98,57.7477,0.0115,0.0502,60.6351
현대차,97,56.8332,0.0192,0.0494,59.6749
현대차,25,56.2162,0.0102,0.0488,59.0270
현대차,12,55.8955,0.0149,0.0486,58.6903
현대차,1,55.2388,0.0137,0.0480,58.0008
현대차,59,53.6298,0.0390,0.0466,56.3113
현대차,32,53.5013,0.0453,0.0465,56.1763
현대차,89,53.3794,0.0229,0.0464,56.0483
현대차,86,52.1708,0.0145,0.0453,54.7794
현대차,55,48.2585,0.0211,0.0419,50.6715
현대차,30,47.9278,0.0126,0.0416,50.3242
현대차,80,47.5067,0.0339,0.0413,49.8820
현대차,19,47.4988,0.0116,0.0413,49.8738
현대차,62,45.8887,0.0170,0.0399,48.1831
현대차,2,45.8582,0.0193,0.0398,48.1511
현대차,78,41.7915,0.0116,0.0363,43.8811
현대차,51,40.2680,0.0164,0.0350,42.2814
현대차,44,39.0664,0.0315,0.0339,41.0198
현대차,85,37.1949,0.0334,0.0323,39.0546
현대차,49,36.1176,0.0156,0.0314,37.9235
현대차,71,34.7148,0.0549,0.0302,36.4505
현대차,7,33.6513,0.0093,0.0292,35.3338
현대차,87,28.6433,0.0087,0.0249,30.0755
현대차,81,28.5449,0.0175,0.0248,29.9722
현대차,47,26.6956,0.0118,0.0232,28.0304
현대차,54,23.7783,0.0253,0.0207,24.9673
현대차,22,22.9165,0.0298,0.0199,24.0623
현대차,14,21.8280,0.0083,0.0190,22.9194
현대차,40,21.2860,0.0086,0.0185,22.3503
현대차,76,18.9646,0.0405,0.0165,19.9128
현대차,77,18.8682,0.0131,0.0164,19.8116
현대차,69,18.1869,0.0253,0.0158,19.0963
현대차,11,16.2892,0.0174,0.0141,17.1036
현대차,5,15.5694,0.0080,0.0135,16.3478
현대차,29,14.9839,0.0070,0.0130,15.7331
현대차,52,13.9305,0.0394,0.0121,14.6270
현대차,53,13.1111,0.0072,0.0114,13.7666
현대차,99,12.3115,0.0278,0.0107,12.9271
현대차,17,7.7144,0.0064,0.0067,8.1001
현대차,100,6.7501,0.0202,0.0059,7.0876
현대차,43,6.5515,0.0140,0.0057,6.8791
현대차,88,5.7858,0.0202,0.0050,6.0751
현대차,50,4.5365,0.0066,0.0039,4.7633
화웨이,0,157.3444,0.0091,0.3421,157.3444
화웨이,74,123.2323,0.0109,0.2679,123.2323
화웨이,84,115.1033,0.0102,0.2503,115.1033
화웨이,12,103.8060,0.0277,0.2257,103.8060
화웨이,62,102.4301,0.0379,0.2227,102.4301
화웨이,78,98.3329,0.0273,0.2138,98.3329
화웨이,25,92.6380,0.0169,0.2014,92.6380
화웨이,10,87.2795,0.0077,0.1898,87.2795
화웨이,92,82.1078,0.0091,0.1785,82.1078
화웨이,26,81.5948,0.0089,0.1774,81.5948
화웨이,54,79.8273,0.0849,0.1736,79.8273
화웨이,60,78.1329,0.0116,0.1699,78.1329
화웨이,86,75.5309,0.0210,0.1642,75.5309
화웨이,64,67.4153,0.0095,0.1466,67.4153
화웨이,56,65.8069,0.0130,0.1431,65.8069
화웨이,3,61.6161,0.0064,0.1340,61.6161
화웨이,42,59.6293,0.0088,0.1297,59.6293
화웨이,94,59.3550,0.0093,0.1291,59.3550
화웨이,9,57.6791,0.0079,0.1254,57.6791
화웨이,36,56.6847,0.0071,0.1233,56.6847
화웨이,30,56.0512,0.0148,0.1219,56.0512
화웨이,75,55.6453,0.0066,0.1210,55.6453
화웨이,37,53.1887,0.0087,0.1157,53.1887
화웨이,70,48.9189,0.0087,0.1064,48.9189
화웨이,83,48.8765,0.0064,0.1063,48.8765
화웨이,98,47.8698,0.0095,0.1041,47.8698
화웨이,58,44.8305,0.0146,0.0975,44.8305
화웨이,96,44.4285,0.0057,0.0966,44.4285
화웨이,18,43.4337,0.0074,0.0944,43.4337
화웨이,63,43.0324,0.0122,0.0936,43.0324
화웨이,34,42.2042,0.0078,0.0918,42.2042
화웨이,66,41.1018,0.0103,0.0894,41.1018
화웨이,15,40.1767,0.0091,0.0874,40.1767
화웨이,93,40.0646,0.0104,0.0871,40.0646
화웨이,27,36.6892,0.0084,0.0798,36.6892
화웨이,28,36.2448,0.0080,0.0788,36.2448
화웨이,24,33.9197,0.0115,0.0738,33.9197
화웨이,2,30.5722,0.0129,0.0665,30.5722
화웨이,67,30.4720,0.0057,0.0663,30.4720
화웨이,33,29.3971,0.0053,0.0639,29.3971
화웨이,4,28.4166,0.0075,0.0618,28.4166
화웨이,13,28.1936,0.0051,0.0613,28.1936
화웨이,95,27.6688,0.0058,0.0602,27.6688
화웨이,8,27.5763,0.0089,0.0600,27.5763
화웨이,19,27.2534,0.0066,0.0593,27.2534
화웨이,14,26.1936,0.0099,0.0570,26.1936
화웨이,20,25.8982,0.0056,0.0563,25.8982
화웨이,97,25.4254,0.0086,0.0553,25.4254
화웨이,72,25.0747,0.0080,0.0545,25.0747
화웨이,16,25.0296,0.0051,0.0544,25.0296
화웨이,61,24.3148,0.0086,0.0529,24.3148
화웨이,65,24.1387,0.0059,0.0525,24.1387
화웨이,55,22.9803,0.0101,0.0500,22.9803
화웨이,79,22.4718,0.0067,0.0489,22.4718
화웨이,29,22.0351,0.0103,0.0479,22.0351
화웨이,21,21.2595,0.0044,0.0462,21.2595
화웨이,46,20.8517,0.0056,0.0453,20.8517
화웨이,23,19.4237,0.0049,0.0422,19.4237
화웨이,48,18.9926,0.0054,0.0413,18.9926
화웨이,82,18.8473,0.0051,0.0410,18.8473
화웨이,39,18.3657,0.0066,0.0399,18.3657
화웨이,7,17.1995,0.0048,0.0374,17.1995
화웨이,45,16.8012,0.0069,0.0365,16.8012
화웨이,31,16.6726,0.0045,0.0363,16.6726
화웨이,6,16.5461,0.0035,0.0360,16.5461
화웨이,91,16.4885,0.0035,0.0359,16.4885
화웨이,41,16.0707,0.0041,0.0349,16.0707
화웨이,57,15.5807,0.0069,0.0339,15.5807
화웨이,87,15.0754,0.0046,0.0328,15.0754
화웨이,53,13.9305,0.0077,0.0303,13.9305
화웨이,90,13.9011,0.0046,0.0302,13.9011
화웨이,80,13.4602,0.0096,0.0293,13.4602
화웨이,32,12.7384,0.0108,0.0277,12.7384
화웨이,59,12.1100,0.0088,0.0263,12.1100
화웨이,73,11.9776,0.0044,0.0260,11.9776
화웨이,68,11.7786,0.0049,0.0256,11.7786
화웨이,47,10.2072,0.0045,0.0222,10.2072
화웨이,38,8.8986,0.0067,0.0193,8.8986
화웨이,49,7.8517,0.0034,0.0171,7.8517
화웨이,81,7.7850,0.0048,0.0169,7.7850
화웨이,44,7.6601,0.0062,0.0167,7.6601
화웨이,5,7.3750,0.0038,0.0160,7.3750
화웨이,51,7.2482,0.0029,0.0158,7.2482
화웨이,77,7.1879,0.0050,0.0156,7.1879
화웨이,17,6.7501,0.0056,0.0147,6.7501
화웨이,89,6.6724,0.0029,0.0145,6.6724
화웨이,1,6.4987,0.0016,0.0141,6.4987
화웨이,69,5.7868,0.0081,0.0126,5.7868
화웨이,40,5.5529,0.0023,0.0121,5.5529
화웨이,22,5.2884,0.0069,0.0115,5.2884
화웨이,52,4.0972,0.0116,0.0089,4.0972
화웨이,76,3.1608,0.0068,0.0069,3.1608
화웨이,11,3.0542,0.0033,0.0066,3.0542
화웨이,85,2.5950,0.0023,0.0056,2.5950
화웨이,35,2.2980,0.0013,0.0050,2.2980
화웨이,43,1.0919,0.0023,0.0024,1.0919
화웨이,88,0.9643,0.0034,0.0021,0.9643
